stock_code,market,source,title,summary,url,raw_text,fetched_at
00700,HK,tavily_search,query=00700 00700 主营业务 年报 收入分部; rank=1; title=騰訊(00700.HK)光子工作室群品牌升級 成立兩個子品牌,"rank=1; score=0.98892784; request_id=5eb67c72-d549-4ec5-9b3e-80da1333bc73; url=https://hk.finance.yahoo.com/finance/騰訊-00700-hk-光子工作室群品牌升級-成立兩個子品牌-032442524.html; hash=847368cc2c96cc59; snippet=June 13, 2022 - 騰訊(00700.HK)有份投資的東南亞電商平台Shopee母企新加坡冬海集團(SE.US)披露9月底止第三季業績，總收入按年升38.3%至59.86億美元，勝市場預期的56.9億美元。毛利升39.7%至25.99億美元。經調整EBITDA升67.7%至8.74億美元。純利升144.6%至3.75億美元。每股攤薄盈利59美仙，遠低於市場預期每股1.02美元。 冬海集團旗下Shopee創季度紀錄，電商總商品交易額(GMV)達到322億美元，按年增長28.4%。數字金融服務業務收入按年激增60.8%至9.899億美元。數字娛樂分支Garena的收入按年",https://hk.finance.yahoo.com/finance/騰訊-00700-hk-光子工作室群品牌升級-成立兩個子品牌-032442524.html,"June 13, 2022 - 騰訊(00700.HK)有份投資的東南亞電商平台Shopee母企新加坡冬海集團(SE.US)披露9月底止第三季業績，總收入按年升38.3%至59.86億美元，勝市場預期的56.9億美元。毛利升39.7%至25.99億美元。經調整EBITDA升67.7%至8.74億美元。純利升144.6%至3.75億美元。每股攤薄盈利59美仙，遠低於市場預期每股1.02美元。 冬海集團旗下Shopee創季度紀錄，電商總商品交易額(GMV)達到322億美元，按年增長28.4%。數字金融服務業務收入按年激增60.8%至9.899億美元。數字娛樂分支Garena的收入按年",2026-06-03T10:37:52.939877
00700,HK,tavily_search,query=00700 00700 主营业务 年报 收入分部; rank=2; title=富邦恒生國企 (00700.TW) 股價、新聞、報價和記錄 - Yahoo 財經,rank=2; score=0.9804314; request_id=5eb67c72-d549-4ec5-9b3e-80da1333bc73; url=https://hk.finance.yahoo.com/quote/00700.TW; hash=3d6e53634b4b2b68; snippet=查看最新的富邦恒生國企 (00700.TW) 股票報價、記錄、新聞及其他重要資訊，助你賣買股票及投資。,https://hk.finance.yahoo.com/quote/00700.TW,查看最新的富邦恒生國企 (00700.TW) 股票報價、記錄、新聞及其他重要資訊，助你賣買股票及投資。,2026-06-03T10:37:52.939916
00700,HK,tavily_search,"query=00700 00700 主营业务 年报 收入分部; rank=3; title=《藍籌》騰訊(00700.HK)去年純利1,940.73億人幣升68.4% 末期息增至4.5港元","rank=3; score=0.9744348; request_id=5eb67c72-d549-4ec5-9b3e-80da1333bc73; url=https://hk.finance.yahoo.com/news/藍籌-騰訊-00700-hk-去年純利1-084732870.html; hash=5415abbb2cda261b; snippet=March 19, 2025 - 騰訊控股(00700.HK)公布截至去年12月底止全年業績，純利1,940.73億元人民幣(下同)，按年升68.4%；每股基本盈利20.938元。非國際財務報告準則下年度純利為2,227.03億元，按年增長41.2%，非國際財報每股基本盈利24.027元。",https://hk.finance.yahoo.com/news/藍籌-騰訊-00700-hk-去年純利1-084732870.html,"March 19, 2025 - 騰訊控股(00700.HK)公布截至去年12月底止全年業績，純利1,940.73億元人民幣(下同)，按年升68.4%；每股基本盈利20.938元。非國際財務報告準則下年度純利為2,227.03億元，按年增長41.2%，非國際財報每股基本盈利24.027元。",2026-06-03T10:37:52.939932
00700,HK,tavily_search,query=00700 00700 主营业务 年报 收入分部; rank=4; title=Fubon Hang Seng China Enterprises ETF (00700.TW) Holdings - Yahoo Finance,rank=4; score=0.9549844; request_id=5eb67c72-d549-4ec5-9b3e-80da1333bc73; url=https://finance.yahoo.com/quote/00700.TW/holdings; hash=813edfcf93ba0a90; snippet=View Top Holdings and Key Holding Information for Fubon Hang Seng China Enterprises ETF (00700.TW).,https://finance.yahoo.com/quote/00700.TW/holdings,View Top Holdings and Key Holding Information for Fubon Hang Seng China Enterprises ETF (00700.TW).,2026-06-03T10:37:52.939942
00700,HK,tavily_search,query=00700 00700 主营业务 年报 收入分部; rank=5; title=《大行》交銀國際升騰訊(00700.HK)目標價至513元 維持利潤增速快於收入增速預期,"rank=5; score=0.95257413; request_id=5eb67c72-d549-4ec5-9b3e-80da1333bc73; url=https://hk.finance.yahoo.com/news/大行-交銀國際升騰訊-00700-hk-目標價至513元-060752458.html; hash=322de530189bde3d; snippet=October 16, 2024 - 抱歉，發生錯誤 · 交銀國際發表報告，預計騰訊(00700.HK)第三季國內遊戲流水增29%，對比第二季32%，主要受惠於新遊《地下城與勇士：起源》增量貢獻。第三季海外遊戲流水按年料增27%，仍受Supercell《荒野亂鬥》驅動，單月",https://hk.finance.yahoo.com/news/大行-交銀國際升騰訊-00700-hk-目標價至513元-060752458.html,"October 16, 2024 - 抱歉，發生錯誤 · 交銀國際發表報告，預計騰訊(00700.HK)第三季國內遊戲流水增29%，對比第二季32%，主要受惠於新遊《地下城與勇士：起源》增量貢獻。第三季海外遊戲流水按年料增27%，仍受Supercell《荒野亂鬥》驅動，單月",2026-06-03T10:37:52.939952
00700,HK,tavily_search,query=00700 00700 company profile business segments annual report; rank=1; title=Cathay Pacific Airways Limited (0293.HK) Company Profile & Facts - Yahoo Finance,"rank=1; score=0.90227455; request_id=bec77b1a-b783-446a-add9-ee04692f4ae3; url=https://finance.yahoo.com/quote/0293.HK/profile; hash=d6d7f0a89da39e93; snippet=- Best gifts for sister-in-law. - Best birthday gifts for her. - Best get well soon gifts. - Best gifts for mother-in-law. - Best anniversary gifts for wife. - Best streaming device of 2026. # Cathay Pacific Airways Limited (0293.HK). Amounts are as of December 31, 2025 and compensation values are for the last fiscal year ending on that date. Exercised is th",https://finance.yahoo.com/quote/0293.HK/profile,"- Best gifts for sister-in-law. - Best birthday gifts for her. - Best get well soon gifts. - Best gifts for mother-in-law. - Best anniversary gifts for wife. - Best streaming device of 2026. # Cathay Pacific Airways Limited (0293.HK). Amounts are as of December 31, 2025 and compensation values are for the last fiscal year ending on that date. Exercised is the value of options exercised during the fiscal year. | Ms. Hoi Zee Lau | Chief Customer & Commercial Officer and Executive Director | 8.45M | -- | 1971 |. | Mr. Keith Fung | General Manager of Corporate Finance | -- | -- | -- |. Cathay Pacific Airways Limited, together with its subsidiaries, offers international passenger and air cargo transportation services. Cathay Pacific Airways Limited was founded in 1946 and is headquartered in Lantau Island, Hong Kong. Cathay Pacific Airways Limited’s ISS Governance QualityScore as of May 1, 2026 is 6. Cathay Pacific Airways Limited Earnings Date. 1055.HK  China Southern Airlines Company Limited.",2026-06-03T10:37:55.621150
00700,HK,tavily_search,query=00700 00700 company profile business segments annual report; rank=2; title=Cathay Pacific Airways Limited (CTY.F) - Yahoo Finance,"rank=2; score=0.8805613; request_id=bec77b1a-b783-446a-add9-ee04692f4ae3; url=https://finance.yahoo.com/quote/CTY.F; hash=172dc0a0b5cf0bf1; snippet=As of 31st December 2025, it operates 237 aircraft and 103 new passenger and freighter aircraft. Cathay Pacific Airways Limited was founded in 1946 and is",https://finance.yahoo.com/quote/CTY.F,"As of 31st December 2025, it operates 237 aircraft and 103 new passenger and freighter aircraft. Cathay Pacific Airways Limited was founded in 1946 and is",2026-06-03T10:37:55.621164
00700,HK,tavily_search,query=00700 00700 company profile business segments annual report; rank=3; title=Cathay Pacific Airways Limited (CPCAY) - Yahoo Finance,"rank=3; score=0.8437023; request_id=bec77b1a-b783-446a-add9-ee04692f4ae3; url=https://finance.yahoo.com/quote/CPCAY/key-statistics; hash=2cca189906b05eb1; snippet=Fiscal Year. Fiscal Year Ends, 12/31/2025 ; Profitability. Profit Margin, 9.27% ; Management Effectiveness. Return on Assets (ttm), 5.05% ; Cash Flow Statement",https://finance.yahoo.com/quote/CPCAY/key-statistics,"Fiscal Year. Fiscal Year Ends, 12/31/2025 ; Profitability. Profit Margin, 9.27% ; Management Effectiveness. Return on Assets (ttm), 5.05% ; Cash Flow Statement",2026-06-03T10:37:55.621170
00700,HK,tavily_search,query=00700 00700 company profile business segments annual report; rank=4; title=Cathay Expects First Consecutive Annual Profit Growth in Decade,"rank=4; score=0.7880784; request_id=bec77b1a-b783-446a-add9-ee04692f4ae3; url=https://www.bloomberg.com/news/articles/2025-12-22/cathay-expects-first-consecutive-annual-profit-growth-in-decade; hash=42bb42d0da385d19; snippet=Cathay Pacific Airways Ltd. expects its 2025 net income to outpace the previous year's, the company said in a filing Monday, putting it on",https://www.bloomberg.com/news/articles/2025-12-22/cathay-expects-first-consecutive-annual-profit-growth-in-decade,"Cathay Pacific Airways Ltd. expects its 2025 net income to outpace the previous year's, the company said in a filing Monday, putting it on",2026-06-03T10:37:55.621175
00700,HK,tavily_search,query=00700 00700 company profile business segments annual report; rank=5; title=Cathay Pacific Airways Limited (0293.HK) Valuation Measures ...,"rank=5; score=0.7795405; request_id=bec77b1a-b783-446a-add9-ee04692f4ae3; url=https://finance.yahoo.com/quote/0293.HK/key-statistics; hash=79fe2baae87ccb95; snippet=Fiscal Year. Fiscal Year Ends, 12/31/2025 ; Profitability. Profit Margin, 9.27% ; Management Effectiveness. Return on Assets (ttm), 5.05% ; Cash Flow Statement",https://finance.yahoo.com/quote/0293.HK/key-statistics,"Fiscal Year. Fiscal Year Ends, 12/31/2025 ; Profitability. Profit Margin, 9.27% ; Management Effectiveness. Return on Assets (ttm), 5.05% ; Cash Flow Statement",2026-06-03T10:37:55.621180
00700,HK,tavily_search,query=00700 00700 AI 云服务 游戏 铜矿 铁矿 稳定币 业务; rank=1; title=【券商聚焦】广发证券：腾讯(00700.HK)云出海与AI驱动新增长_港闻资讯_港股_证券之星,"rank=1; score=0.99361163; request_id=a66d3410-9dfc-49ef-ac28-4f0fa8c816c5; url=https://4g.stockstar.com/detail/IG2025121900018185; hash=5f270f5454c5bbe5; snippet=Title: 【券商聚焦】广发证券：腾讯(00700.HK)云出海与AI驱动新增长_港闻资讯_港股_证券之星
# 【券商聚焦】广发证券：腾讯(00700.HK)云出海与AI驱动新增长. （原标题：【券商聚焦】广发证券：腾讯(00700.HK)云出海与AI驱动新增长）. 金吾财讯|广发证券发布研报指，腾讯控股(00700.HK)云业务出海渐入佳境，AI技术深度融入商业基因，维持“买入”评级，目标价754.73港元。 核心业务进展： 1. 云服务方面，腾讯云已覆盖全球22个物理地区及64个可用区，拥有超3200个加速节点。东南亚为重点布局区域（泰国、印尼为核心），中东为潜力市场。差异化优势体现在： - 依托国内媒体、游戏行业服务经验 - 金融科技等垂直领域解决方案 客户获取策略包括服务本地龙头企业和中国出海企业，典",https://4g.stockstar.com/detail/IG2025121900018185,"Title: 【券商聚焦】广发证券：腾讯(00700.HK)云出海与AI驱动新增长_港闻资讯_港股_证券之星
# 【券商聚焦】广发证券：腾讯(00700.HK)云出海与AI驱动新增长. （原标题：【券商聚焦】广发证券：腾讯(00700.HK)云出海与AI驱动新增长）. 金吾财讯|广发证券发布研报指，腾讯控股(00700.HK)云业务出海渐入佳境，AI技术深度融入商业基因，维持“买入”评级，目标价754.73港元。 核心业务进展： 1. 云服务方面，腾讯云已覆盖全球22个物理地区及64个可用区，拥有超3200个加速节点。东南亚为重点布局区域（泰国、印尼为核心），中东为潜力市场。差异化优势体现在： - 依托国内媒体、游戏行业服务经验 - 金融科技等垂直领域解决方案 客户获取策略包括服务本地龙头企业和中国出海企业，典型案例为印尼GoTo集团系统迁移。 2. AI战略形成完整矩阵： - 基础设施层：混元大模型持续迭代 - 应用层：覆盖营销（AIM+系统）、游戏（AI Bot）、编程（CodeBuddy）等场景 研发效能提升显著：AI生成代码占比达50%，问题发现率28%，微信支付交付周期缩短31%。 财务预测： 预计2025-26年收入达7524/8278亿元人民币，同比增长14%/10%；经调整归母净利润2586/2953亿元，增速16.1%/14.2%。主要业务预测： - 游戏：2025年收入2397亿元（+21%） - 广告：2025年收入1460亿元（+20%） - 金融及企业服务：2025年收入2288亿元（+8%） 风险提示：监管政策变化、游戏版号审核、新兴技术冲击。当前股价605港元较目标价存在24.7%上行空间。. ## 相关个股. ## 相关阅读. 港股异动 | 新疆新鑫矿业(03833)午后涨近8% 全年电解镍销量增超25% …. 港股异动 | 大新系绩后拉升 大新银行集团(02356)涨超5% 大新金融(00…. 港股异动 | 申洲国际(02313)午后跌超6% 去年纯利同比减少6.66% 末…. 港股异动 | 中国心连心化肥(01866)午后涨近7% 公司维持高分红并加大回购…. 【券商聚焦】国金证券维持毛戈平(01318)“买入”评级 指其护肤第二增长曲线成…. 【券商聚焦】国金证券维持上美股份(02145)“买入”评级 指公司多品牌战略成效…. ## 特别推荐. 靠非经常性损益“撑门面”，国城矿业扣非净利两连亏，钛白粉持续“失血”. 首页 股票 财经 基金 导航.",2026-06-03T10:37:58.800531
00700,HK,tavily_search,query=00700 00700 AI 云服务 游戏 铜矿 铁矿 稳定币 业务; rank=2; title=腾讯控股(00700.HK)：游戏业务稳中有升 AI带动广告强劲增长,"rank=2; score=0.9928786; request_id=a66d3410-9dfc-49ef-ac28-4f0fa8c816c5; url=https://gmg.9fzt.com/report/HKSE/00700/817488092632.html; hash=5179a058710ecfff; snippet=Title: 腾讯控股(00700.HK)：游戏业务稳中有升 AI带动广告强劲增长
看点 行情 量化 下载 产品 学习机 基金 关于 九方灵犀. 行情中心  沪深京A股 上证指数 板块行情 股市异动 股圈  专题  涨跌情报站 盯盘 港股 研究所 直播 股票开户 智能选股. 数据中心   资金流向 龙虎榜 融资融券 沪深港通 比价数据 研报数据 公告掘金 新股申购 大宗交易 业绩速递 科技龙头指数. 腾讯控股(00700.HK)：游戏业务稳中有升 AI带动广告强劲增长. 腾讯Q3 营收1928.7 亿元（yoy+15%，qoq+5%），高于一致预期1888 亿（beat 2.2%）；实现毛利1088.0 亿元（yoy+22%，qoq+4%），高于一致预期1063.9 亿（beat 2.3%）；实现经调整净利润7",https://gmg.9fzt.com/report/HKSE/00700/817488092632.html,"Title: 腾讯控股(00700.HK)：游戏业务稳中有升 AI带动广告强劲增长
看点 行情 量化 下载 产品 学习机 基金 关于 九方灵犀. 行情中心  沪深京A股 上证指数 板块行情 股市异动 股圈  专题  涨跌情报站 盯盘 港股 研究所 直播 股票开户 智能选股. 数据中心   资金流向 龙虎榜 融资融券 沪深港通 比价数据 研报数据 公告掘金 新股申购 大宗交易 业绩速递 科技龙头指数. 腾讯控股(00700.HK)：游戏业务稳中有升 AI带动广告强劲增长. 腾讯Q3 营收1928.7 亿元（yoy+15%，qoq+5%），高于一致预期1888 亿（beat 2.2%）；实现毛利1088.0 亿元（yoy+22%，qoq+4%），高于一致预期1063.9 亿（beat 2.3%）；实现经调整净利润705.5 亿元（yoy+18%，qoq+12%），超一致预期的659.7 亿（beat6.9%）。毛利方面，VAS 业务毛利率同比提升4pct 至61%，主要由于二季度《三角洲行动》和《无畏契约》等高毛利自研游戏收入增长所致；营销业务毛利率同比提升4pct 至57%，主要受视频号及搜一搜营销服务等高毛利收入增长所驱动；金融科技业务毛利率同比增加2pct至50%，主要得益于金融科技服务收入结构改善和云成本效益增长。. 增值服务：本土游戏长线运营，海外游戏增长强劲25Q3，国内游戏部分收入428 亿元（yoy+15%），高于预期的423 亿元，《三角洲行动》稳定提供流水贡献，稳居行业流水前三，《王者荣耀》、《和平精英》、《无畏契约》等长线运营游戏稳健运营，《无畏契约》手游为国内游戏业务提供增量；国际游戏收入表现亮眼达208 亿元（yoy+43%），高于一致预期181 亿元，高增长主要由于Supercell 旗下游戏收入增长，以及新游《消逝的光芒：困兽》在PC及主机销量亮眼。《皇室战争》延续上季度亮眼表现，在9 月日活创新高。. 营销业务：AI 工具及用户量双向推动广告增长25Q3，营销业务收入362 亿（yoy+21%），超一致预期的356亿。增长主要由于AI 驱动广告平台得分发精准度，推出腾讯广告AIM+，支持广告主进行自主配置定向、出价及版位，带动eCPM 增长，同时用户参与度的提升带动了广告曝光率，进一步拉动广告主投放意愿。. 截至25 年三季度末，微信及WeChat 的合并MAU 达14.14 亿，yoy+2%；QQ 移动端MAU5.17 亿，yoy-8%；增值服务付费会员数2.65 亿，同比稳定不变。. 25Q3，金融科技业务收入582 亿元（yoy+10%），金融科技服务受商业支付活动及消费贷款服务收入增长，另外企业服务收入受益于AI 相应的服务等云服务需求和微信小店高交易额带动的技术服务费增长。. 25Q3，腾讯资本开支为129.8 亿元，yoy-24%。AI 功能持续完善，包括完善微信小店的交易生态，通过模型去针对用户推送商品。. 模型方面，混元大模型在编程和数学等方面推理能力持续提升，据LMArena 排名，混元图像生成模型在全球文生图模型排名第一。混元能力的不断提升持续带动元宝及微信内AI 功能的完善，有望推出比公众号和视频号评论区互动更深度的交互功能。. 我们预计公司25/26/27 净利润(Non-IFRS)为2570.2/ 2905.1/3190.1 亿元，前值为2523.1/ 2861.0/ 3246.3 亿元。公司重点新游海内外表现稳健，游戏流水稳定增长，同时广告、云服务等业务受益于AI，维持“买入”评级。. 免责声明：以上内容仅供您参考和学习使用，任何投资建议均不作为您的投资依据；您需自主做出决策，自行承担风险和损失。九方智投提醒您，市场有风险，投资需谨慎。. 九方智投-合作伙伴 九方智投-合作伙伴 九方智投-合作伙伴 九方智投-合作伙伴. 新华网 上海证券交易所 深圳证券交易所 上海证券报 中国证券报 证券时报 第一财经 湖北卫视. 联系电话：400-719-8899 投诉电话：021-20289058 转3. 上海网警110   不良信息举报   违法违规举报中心   市场有风险 投资需谨慎.",2026-06-03T10:37:58.800560
00700,HK,tavily_search,query=00700 00700 AI 云服务 游戏 铜矿 铁矿 稳定币 业务; rank=3; title=腾讯控股（00700）：2025Q4业绩点评：游戏稳健增长，AI商业化落地加速-洞见研报-行业报告,"rank=3; score=0.9912209; request_id=a66d3410-9dfc-49ef-ac28-4f0fa8c816c5; url=https://www.djyanbao.com/preview/4499797; hash=9e9d8f11da9b46dc; snippet=Title: 腾讯控股（00700）：2025Q4业绩点评：游戏稳健增长，AI商业化落地加速-洞见研报-行业报告
# 腾讯控股（00700）：2025Q4业绩点评：游戏稳健增长，AI商业化落地加速-洞见研报-行业报告. # 洞见研报-洞见趋势研判未来 | 最新行业研究报告下载，行业分析报告，咨询报告，行业智库. 高级搜索AI搜索Image 4: beta洞见数据Image 5: hot创投信息VIP权益咨询研究付费研报. # 腾讯控股（00700）：2025Q4业绩点评：游戏稳健增长，AI商业化落地加速-洞见研报-免费行业研究报告阅读. 腾讯控股（00700）：2025Q4业绩点评：游戏稳健增长，AI商业化落地加速. 腾讯控股(00700)投资要点事件：公司发布2025年第四季度业绩。4Q25公司实现营业收入1",https://www.djyanbao.com/preview/4499797,"Title: 腾讯控股（00700）：2025Q4业绩点评：游戏稳健增长，AI商业化落地加速-洞见研报-行业报告
# 腾讯控股（00700）：2025Q4业绩点评：游戏稳健增长，AI商业化落地加速-洞见研报-行业报告. # 洞见研报-洞见趋势研判未来 | 最新行业研究报告下载，行业分析报告，咨询报告，行业智库. 高级搜索AI搜索Image 4: beta洞见数据Image 5: hot创投信息VIP权益咨询研究付费研报. # 腾讯控股（00700）：2025Q4业绩点评：游戏稳健增长，AI商业化落地加速-洞见研报-免费行业研究报告阅读. 腾讯控股（00700）：2025Q4业绩点评：游戏稳健增长，AI商业化落地加速. 腾讯控股(00700)投资要点事件：公司发布2025年第四季度业绩。4Q25公司实现营业收入1944亿元（yoy+13%)，高于彭博一致预期的1941亿元；Non-IFRS归母净利润647亿元（yoy+17%），略低于彭博一致预期的649亿元。同期毛利率同比提升3pct至56%，主要受高毛利业务占比提升，以及金融科技与云服务成本效率改善带动，盈利能力持续优化。游戏表现亮眼，内外增长共振。4Q25本土游戏收入382亿元，同比+15%，高于彭博一致预期375亿元；主要受《三角洲行动》、《无畏契约》系列（包括PC和移动端产品）以及《鸣潮》新增收入贡献带动。国际游戏收入211亿元，同比+32%，高于彭博一致预期的200亿元；主要由Supercell旗下游戏、《PUBG Mobile》以及《鸣潮》海外新增贡献驱动。AI持续赋能广告业务，金融科技及企业服务稳健。4Q25广告收入411亿元，同比+17%，低于彭博一致预期的416亿元；增长主要由AI广告定向优化及微信生态内闭环营销能力增强带动。4Q25金融科技及企业服务收入608亿元，同比+8%，略低于彭博一致预期的612亿元。其中，金融科技服务增长主要来自理财服务与商业支付收入提升；企业服务收入增长主要源于国内外云服务收入增长、AI相关服务需求增加，以及小店GMV增长带来的电商技术服务费提升驱动。AI加速落地，新产品投入持续扩大。AI正持续赋能广告、游戏、云等核心业务，同时加快向新产品和新场景落地。公司持续推进混元大模型、元宝、微信AI及Agent等布局，2025年全年AI新产品投入达180亿元，4Q单季投入70亿元，主要用于人才、数据、训练及推广。管理层预计2026年相关投入仍将显著增加，但现有主业利润增长有望覆盖新增投入，AI商业化潜力正逐步释放。盈利预测与投资评级：考虑公司核心业务增长韧性与盈利能力持续验证，我们将2026-2027年归母净利润（Non-IFRS）由2858/3182亿元调整为2918/3392亿元，我们预计2028年的归母净利润（Non-IFRS）为3712亿元，对应2026-2028年PE（Non-IFRS）为14/12/11倍（港币/人民币=0.88，2026年3月20日）。基于公司业绩表现稳健、核心业务壁垒深厚、AI赋能逻辑持续兑现，维持“买入”评级。风险提示：政策监管风险；运营数据低于预期；变现节奏低于预期。. Image 12: 2022年ESG发展白皮书——全球ESG发展持续升温，中国进入ESG发展快车道. Image 13: 中国制造业行业研究报告——我国制造业将不断转型升级，朝着世界制造强国的前列迈进. Image 14: 预览版-汽车行业知识报告系列：汽车制动技术（线控制动、One-Box、IPB）. 预览版-汽车行业知识报告系列：汽车制动技术（线控制动、One-Box、IPB）. 洞见研报隶属于上海顺铭信息科技有限公司，洞见研报全面覆盖各投资领域，依托海量的宏观策略、行业发展、上市公司等研究报告，采用智能搜索引擎、专业OCR识别、文档结构化解析、自然语言处理等技术，致力于为金融投资人员、企业高管、咨询顾问、行业研究员、市场分析师、市场运营人员等提供便捷、全面、实时、专业的信息检索服务。【上海顺铭信息科技有限公司】. 商务合作、企业采购、机构入驻、报告发布：collaboration@djyanbao.com. 地址：上海市杨浦区黄兴路2077号蓝天大厦1607室《网站服务协议》《隐私政策协议》《侵权举报》. 洞见研报 V1.1.0 开发者：上海顺铭信息科技有限公司 用户权限 | 隐私协议. Copyright© 2021 上海顺铭信息科技有限公司 沪ICP备2021005678号-1.",2026-06-03T10:37:58.800583
00700,HK,tavily_search,query=00700 00700 AI 云服务 游戏 铜矿 铁矿 稳定币 业务; rank=4; title=《大行》花旗微降腾讯(00700.HK)目标价至783元 料首季游戏及广告业务稳健,"rank=4; score=0.98667485; request_id=a66d3410-9dfc-49ef-ac28-4f0fa8c816c5; url=https://news.futunn.com/post/71710430/citi-slightly-lowered-tencent-s-00700-hk-target-price-to; hash=6420f485c56f27c8; snippet=Title: 《大行》花旗微降腾讯(00700.HK)目标价至783元 料首季游戏及广告业务稳健
* 《大行》花旗微降腾讯(00700.HK)目标价至783元 料首季游戏及广告业务稳健. # 《大行》花旗微降腾讯(00700.HK)目标价至783元 料首季游戏及广告业务稳健. 腾讯控股 +2.35% 腾讯控股-R +2.39%. 花旗发表研究报告，腾讯(00700.HK)预计5月13日发布2026财年首季业绩。该行料腾讯首季游戏及广告业务稳健，预测期内总收入按年增长9.9%至1,979亿元人民币(下同)；非通用会计准则(non-GAAP)纯利料按年增长9.7%至672亿元，与市场预期大致相若。受农历新年季节性因素及常青游戏表现稳定带动，预期整体网络游戏收入按年增长11.7%至664亿元；其中，国内及国际市场游戏",https://news.futunn.com/post/71710430/citi-slightly-lowered-tencent-s-00700-hk-target-price-to,"Title: 《大行》花旗微降腾讯(00700.HK)目标价至783元 料首季游戏及广告业务稳健
* 《大行》花旗微降腾讯(00700.HK)目标价至783元 料首季游戏及广告业务稳健. # 《大行》花旗微降腾讯(00700.HK)目标价至783元 料首季游戏及广告业务稳健. 腾讯控股 +2.35% 腾讯控股-R +2.39%. 花旗发表研究报告，腾讯(00700.HK)预计5月13日发布2026财年首季业绩。该行料腾讯首季游戏及广告业务稳健，预测期内总收入按年增长9.9%至1,979亿元人民币(下同)；非通用会计准则(non-GAAP)纯利料按年增长9.7%至672亿元，与市场预期大致相若。受农历新年季节性因素及常青游戏表现稳定带动，预期整体网络游戏收入按年增长11.7%至664亿元；其中，国内及国际市场游戏收入分别按年增长10%及16%。. 对于腾讯2026至2028年的预测，花旗对其总收入预测分别上调0.7%、0.6%及0.5%，non-GAAP净利润预测分别降1.3%、2.2%及1.6%。由于游戏收入增加，花旗2026年第一季的收入和non-GAAP净利润预测分别上调0.5%及降0.5%。该行展望今年次季腾讯收入及non-GAAP净利润分别按年升9.5%及9.4%。. 花旗将腾讯目标价由787港元微降至783港元；又认为目前估值吸引，重申「买入」评级，并相信混元3.0及微信AI智能体将有助巩固腾讯的AI定位。. *赞**大爱**笑哭**社会社会**Emm**心碎**怒*. 近24小时内最多人关注的港股，紧贴市场情绪热点，洞察资金流向先机与情绪。  近24小时内最多人关注的港股，紧贴市场情绪热点，洞察资金流向先机与情绪。. **前瞻布局正当时！2026年，“股债金汇币”等各大类资产将如何风云变幻？下一个投资风口会在哪？**AI狂潮之后，还有哪些机会、产业值得深挖？面对市场波动，如何稳抓机遇避开陷阱？**欢迎分享你的2026年投资蓝图！**一起脑暴展望，为新年投资铺好盈利之路～👉查看详细规则>>. 2026年展望 | 建议收藏！2026年投资机会在哪里？一文锁定4大核心赛道、13个黄金行业.",2026-06-03T10:37:58.800599
00700,HK,tavily_search,query=00700 00700 AI 云服务 游戏 铜矿 铁矿 稳定币 业务; rank=5; title=《大行》野村降腾讯(00700.HK)目标价至727元  因AI投资加大下调净利润预测,"rank=5; score=0.9843364; request_id=a66d3410-9dfc-49ef-ac28-4f0fa8c816c5; url=http://www.aastocks.com/sc/stocks/news/aafn-news/NOW.1511316/3; hash=11787d8307557bb9; snippet=Title: 《大行》野村降腾讯(00700.HK)目标价至727元  因AI投资加大下调净利润预测
野村发表研究报告指，腾讯(00700.HK) -9.600 (-1.890%)) 沽空 $16.22亿; 比率 9.973%) 计划今年进一步加大对新AI产品的投资，预算将增加超过一倍至逾360亿元人民币，相当於市场对其2026年收入预测的逾4%。另外，公司的云业务策略出现转变，该行预期云端收入增长将由去年的16%，加快至今年的20%。. 核心业务方面，该行认为网上游戏及广告业务将继续健康增长，但2026年海外游戏业务将面临高基数影响；料网上游戏收入增长将由去年的22%降至今年的13%，广告业务增长则大致稳定於18%。. 相关内容《大行》大和：腾讯(00700.HK)季绩稳固 AI投资加速 重申「买入」评级).",http://www.aastocks.com/sc/stocks/news/aafn-news/NOW.1511316/3,"Title: 《大行》野村降腾讯(00700.HK)目标价至727元  因AI投资加大下调净利润预测
野村发表研究报告指，腾讯(00700.HK) -9.600 (-1.890%)) 沽空 $16.22亿; 比率 9.973%) 计划今年进一步加大对新AI产品的投资，预算将增加超过一倍至逾360亿元人民币，相当於市场对其2026年收入预测的逾4%。另外，公司的云业务策略出现转变，该行预期云端收入增长将由去年的16%，加快至今年的20%。. 核心业务方面，该行认为网上游戏及广告业务将继续健康增长，但2026年海外游戏业务将面临高基数影响；料网上游戏收入增长将由去年的22%降至今年的13%，广告业务增长则大致稳定於18%。. 相关内容《大行》大和：腾讯(00700.HK)季绩稳固 AI投资加速 重申「买入」评级).",2026-06-03T10:37:58.800609
00883,HK,tavily_search,query=00883 00883 主营业务 年报 收入分部; rank=1; title=中海油(00883)料今年資本開支1000-1100億人民幣最多增9.6%,rank=1; score=0.61307496; request_id=013907c4-0f7f-4619-a7c7-ab7aee4ee5bb; url=https://hk.finance.yahoo.com/news/%E4%B8%AD%E6%B5%B7%E6%B2%B9-00883-%E6%96%99%E4%BB%8A%E5%B9%B4%E8%B3%87%E6%9C%AC%E9%96%8B%E6%94%AF1000-1100%E5%84%84%E4%BA%BA%E6%B0%91%E5%B9%A3%E6%9C%80%E5%A4%9A%E5%A2%9E9-6-101113742.html; hash=4fae13cf33ff98ce; snippet=桶油主要成本30.39美元，有效抵禦大宗商品價格上漲的壓力，全年實現總收入4222億元人民幣，同比增長71.6%，淨利潤1417億元人民幣，同比增長101.5%。 公司保持了,https://hk.finance.yahoo.com/news/%E4%B8%AD%E6%B5%B7%E6%B2%B9-00883-%E6%96%99%E4%BB%8A%E5%B9%B4%E8%B3%87%E6%9C%AC%E9%96%8B%E6%94%AF1000-1100%E5%84%84%E4%BA%BA%E6%B0%91%E5%B9%A3%E6%9C%80%E5%A4%9A%E5%A2%9E9-6-101113742.html,桶油主要成本30.39美元，有效抵禦大宗商品價格上漲的壓力，全年實現總收入4222億元人民幣，同比增長71.6%，淨利潤1417億元人民幣，同比增長101.5%。 公司保持了,2026-06-03T10:38:00.433574
00883,HK,tavily_search,query=00883 00883 主营业务 年报 收入分部; rank=2; title=中海油(00883)第一季油價下跌純利減7.9% - Yahoo 財經,rank=2; score=0.599087; request_id=013907c4-0f7f-4619-a7c7-ab7aee4ee5bb; url=https://hk.finance.yahoo.com/news/%E4%B8%AD%E6%B5%B7%E6%B2%B9-00883-%E7%AC%AC-%E5%AD%A3%E6%B2%B9%E5%83%B9%E4%B8%8B%E8%B7%8C-%E7%B4%94%E5%88%A9%E6%B8%9B7-090421102.html; hash=24074ecb4fbeb6ef; snippet=桶油主要成本為27.03美元，年減2%。首季油氣銷售收入882.68億元人民幣，同比減1.9%。總營業收入1068億元人民幣，同比減4.1%。 公司資本支出約277.1億,https://hk.finance.yahoo.com/news/%E4%B8%AD%E6%B5%B7%E6%B2%B9-00883-%E7%AC%AC-%E5%AD%A3%E6%B2%B9%E5%83%B9%E4%B8%8B%E8%B7%8C-%E7%B4%94%E5%88%A9%E6%B8%9B7-090421102.html,桶油主要成本為27.03美元，年減2%。首季油氣銷售收入882.68億元人民幣，同比減1.9%。總營業收入1068億元人民幣，同比減4.1%。 公司資本支出約277.1億,2026-06-03T10:38:00.433602
00883,HK,tavily_search,"query=00883 00883 主营业务 年报 收入分部; rank=3; title=郭家耀：港股料上試18,400 中海油(00883.HK)季績理想 - Yahoo 財經",rank=3; score=0.5820878; request_id=013907c4-0f7f-4619-a7c7-ab7aee4ee5bb; url=https://hk.finance.yahoo.com/news/%E9%83%AD%E5%AE%B6%E8%80%80-%E6%B8%AF%E8%82%A1%E6%96%99%E4%B8%8A%E8%A9%A618-400-%E4%B8%AD%E6%B5%B7%E6%B2%B9-00883-012739904.html; hash=06fd306c400e8639; snippet=... 年增加23.7%。期內營業收入1114.68億元，按年增長14.1%。第一季油氣銷售收入899.77億元，按年上升21.3%，主要原因是油氣銷量上升及實現油價上升。公司,https://hk.finance.yahoo.com/news/%E9%83%AD%E5%AE%B6%E8%80%80-%E6%B8%AF%E8%82%A1%E6%96%99%E4%B8%8A%E8%A9%A618-400-%E4%B8%AD%E6%B5%B7%E6%B2%B9-00883-012739904.html,... 年增加23.7%。期內營業收入1114.68億元，按年增長14.1%。第一季油氣銷售收入899.77億元，按年上升21.3%，主要原因是油氣銷量上升及實現油價上升。公司,2026-06-03T10:38:00.433619
00883,HK,tavily_search,query=00883 00883 主营业务 年报 收入分部; rank=4; title=中海油(00883)全年純利增11.4% 油氣淨產量增7.2% - Yahoo 財經,rank=4; score=0.56489134; request_id=013907c4-0f7f-4619-a7c7-ab7aee4ee5bb; url=https://hk.finance.yahoo.com/news/%E4%B8%AD%E6%B5%B7%E6%B2%B9-00883-%E5%85%A8%E5%B9%B4%E7%B4%94%E5%88%A9%E5%A2%9E11-4-%E6%B2%B9%E6%B0%A3%E6%B7%A8%E7%94%A2%E9%87%8F%E5%A2%9E7-091706452.html; hash=d00856057ab1ab78; snippet=中國海洋石油(00883)2024年全年業績，實現油氣淨產量726.8 百萬桶油當量，同比增長7.2%。在中國，得益於渤中19-6 等油氣田的貢獻，淨產量同比上升5.6%；,https://hk.finance.yahoo.com/news/%E4%B8%AD%E6%B5%B7%E6%B2%B9-00883-%E5%85%A8%E5%B9%B4%E7%B4%94%E5%88%A9%E5%A2%9E11-4-%E6%B2%B9%E6%B0%A3%E6%B7%A8%E7%94%A2%E9%87%8F%E5%A2%9E7-091706452.html,中國海洋石油(00883)2024年全年業績，實現油氣淨產量726.8 百萬桶油當量，同比增長7.2%。在中國，得益於渤中19-6 等油氣田的貢獻，淨產量同比上升5.6%；,2026-06-03T10:38:00.433634
00883,HK,tavily_search,query=00883 00883 主营业务 年报 收入分部; rank=5; title=郭家耀：地緣局勢牽引港股中海油(00883.HK)成本控制理想,"rank=5; score=0.54594; request_id=013907c4-0f7f-4619-a7c7-ab7aee4ee5bb; url=https://hk.finance.yahoo.com/news/%E9%83%AD%E5%AE%B6%E8%80%80-%E5%9C%B0%E7%B7%A3%E5%B1%80%E5%8B%A2%E7%89%BD%E5%BC%95%E6%B8%AF%E8%82%A1-%E4%B8%AD%E6%B5%B7%E6%B2%B9-00883-hk-063734419.html; hash=2ecefd2e5b784009; snippet=公司營業收入3,982億元，較上年同期減少5.3%，主要是油氣銷量上升 ... 2026年，中海油專注油氣主業，持續追求有效益的產量，全年產量目標為7.8",https://hk.finance.yahoo.com/news/%E9%83%AD%E5%AE%B6%E8%80%80-%E5%9C%B0%E7%B7%A3%E5%B1%80%E5%8B%A2%E7%89%BD%E5%BC%95%E6%B8%AF%E8%82%A1-%E4%B8%AD%E6%B5%B7%E6%B2%B9-00883-hk-063734419.html,"公司營業收入3,982億元，較上年同期減少5.3%，主要是油氣銷量上升 ... 2026年，中海油專注油氣主業，持續追求有效益的產量，全年產量目標為7.8",2026-06-03T10:38:00.433646
00883,HK,tavily_search,query=00883 00883 company profile business segments annual report; rank=1; title=CNOOC Limited Announces Mero4 Project Commences Production,"rank=1; score=0.99635005; request_id=e5c32a3d-d94a-4e2f-ab2b-596a5e4be82e; url=https://finance.yahoo.com/news/cnooc-limited-announces-mero4-project-110400820.html; hash=1f988c0f7f6f6702; snippet=CNOOC Limited (the ""Company"", SEHK: 00883 (HKD Counter) and 80883 (RMB Counter), SSE: 600938) announces that Mero4 Project has commenced",https://finance.yahoo.com/news/cnooc-limited-announces-mero4-project-110400820.html,"CNOOC Limited (the ""Company"", SEHK: 00883 (HKD Counter) and 80883 (RMB Counter), SSE: 600938) announces that Mero4 Project has commenced",2026-06-03T10:38:03.352113
00883,HK,tavily_search,query=00883 00883 company profile business segments annual report; rank=2; title=CNOOC Limited Announces Zhang Chuanjiang as Chairman,"rank=2; score=0.99620515; request_id=e5c32a3d-d94a-4e2f-ab2b-596a5e4be82e; url=https://finance.yahoo.com/news/cnooc-limited-announces-zhang-chuanjiang-091700923.html; hash=2b01eac4e183da4f; snippet=CNOOC Limited (the ""Company"", SEHK: 00883 (HKD Counter) and 80883 (RMB Counter), SSE: 600938) announces today that Mr. Zhang Chuanjiang has",https://finance.yahoo.com/news/cnooc-limited-announces-zhang-chuanjiang-091700923.html,"CNOOC Limited (the ""Company"", SEHK: 00883 (HKD Counter) and 80883 (RMB Counter), SSE: 600938) announces today that Mr. Zhang Chuanjiang has",2026-06-03T10:38:03.352129
00883,HK,tavily_search,query=00883 00883 company profile business segments annual report; rank=3; title=CNOOC Limited Achieves Major Exploration Breakthrough in the ...,"rank=3; score=0.99605453; request_id=e5c32a3d-d94a-4e2f-ab2b-596a5e4be82e; url=https://finance.yahoo.com/news/cnooc-limited-achieves-major-exploration-002400724.html; hash=91aef0990f250059; snippet=CNOOC Limited (the ""Company"", SEHK: 00883 (HKD Counter) and 80883 (RMB Counter), SSE: 600938) today announces that it has achieved a major",https://finance.yahoo.com/news/cnooc-limited-achieves-major-exploration-002400724.html,"CNOOC Limited (the ""Company"", SEHK: 00883 (HKD Counter) and 80883 (RMB Counter), SSE: 600938) today announces that it has achieved a major",2026-06-03T10:38:03.352136
00883,HK,tavily_search,query=00883 00883 company profile business segments annual report; rank=4; title=CNOOC Limited Announces Huang Yongzhang as Chief Executive ...,"rank=4; score=0.99193794; request_id=e5c32a3d-d94a-4e2f-ab2b-596a5e4be82e; url=https://finance.yahoo.com/sectors/energy/articles/cnooc-limited-announces-huang-yongzhang-115700225.html; hash=c2fabd3d3d13ddf5; snippet=CNOOC Limited (the ""Company"", SEHK: 00883 (HKD Counter) and 80883 (RMB Counter), SSE: 600938) announces today that Mr. Huang Yongzhang has",https://finance.yahoo.com/sectors/energy/articles/cnooc-limited-announces-huang-yongzhang-115700225.html,"CNOOC Limited (the ""Company"", SEHK: 00883 (HKD Counter) and 80883 (RMB Counter), SSE: 600938) announces today that Mr. Huang Yongzhang has",2026-06-03T10:38:03.352143
00883,HK,tavily_search,"query=00883 00883 company profile business segments annual report; rank=5; title=CNOOC Limited (80883.HK) Stock Price, News, Quote & History","rank=5; score=0.9912209; request_id=e5c32a3d-d94a-4e2f-ab2b-596a5e4be82e; url=https://finance.yahoo.com/quote/80883.HK; hash=bbd65282b75e0945; snippet=CNOOC Limited, an investment holding company, engages in the exploration, development, production, and sale of crude oil and natural gas in worldwide. The",https://finance.yahoo.com/quote/80883.HK,"CNOOC Limited, an investment holding company, engages in the exploration, development, production, and sale of crude oil and natural gas in worldwide. The",2026-06-03T10:38:03.352149
00883,HK,tavily_search,query=00883 00883 AI 云服务 游戏 铜矿 铁矿 稳定币 业务; rank=1; title=台新全球AI (00851.TW) 持股 - Yahoo 財經,rank=1; score=0.110155076; request_id=afc26305-6ec9-4d7f-bc87-201b33389c06; url=https://hk.finance.yahoo.com/quote/00851.TW/holdings; hash=5b1aa85a8e7d7d55; snippet=查看台新全球AI (00851.TW) 的最大股東和主要持股資料。,https://hk.finance.yahoo.com/quote/00851.TW/holdings,查看台新全球AI (00851.TW) 的最大股東和主要持股資料。,2026-06-03T10:38:05.823424
00883,HK,tavily_search,"query=00883 00883 AI 云服务 游戏 铜矿 铁矿 稳定币 业务; rank=2; title=C3.ai, Inc. (AI) Stock Price, News, Quote & History - Yahoo Finance",rank=2; score=0.089240246; request_id=afc26305-6ec9-4d7f-bc87-201b33389c06; url=https://finance.yahoo.com/quote/AI; hash=a3f0609db39c27dc; snippet=1. [My Portfolio](https://finance.yahoo.com/portfolios/). [Latest](https://finance.yahoo.com/topic/latest-news/). 4. [Stock market](https://finance.yahoo.com/topic/stock-market-news/). 6. [Crypto](https://finance.yahoo.com/markets/crypto/). 1. [Economies](https://finance.yahoo.com/topic/economic-news/). 2. [Earnings](https://finance.yahoo.com/topic/earnings/,https://finance.yahoo.com/quote/AI,1. [My Portfolio](https://finance.yahoo.com/portfolios/). [Latest](https://finance.yahoo.com/topic/latest-news/). 4. [Stock market](https://finance.yahoo.com/topic/stock-market-news/). 6. [Crypto](https://finance.yahoo.com/markets/crypto/). 1. [Economies](https://finance.yahoo.com/topic/economic-news/). 2. [Earnings](https://finance.yahoo.com/topic/earnings/). 3. [Housing](https://finance.yahoo.com/topic/housing-market/). [Stocks](https://finance.yahoo.com/markets/stocks/). 1. [Most active](https://finance.yahoo.com/markets/stocks/most-active/). 2. [Day gainers](https://finance.yahoo.com/markets/stocks/gainers/). 3. [Day losers](https://finance.yahoo.com/markets/stocks/losers/). 4. [Trending](https://finance.yahoo.com/markets/stocks/trending/). 5. [Highest dividend](https://finance.yahoo.com/markets/stocks/highest-dividend/). 8. [Most expensive](https://finance.yahoo.com/markets/stocks/most-expensive-stocks/). 9. [Highest beta](https://finance.yahoo.com/markets/stocks/highest-beta-stocks/). [Pink sheet](https://finance.yahoo.com/markets/stocks/pink-sheet-stocks/). [Unusual volume](https://finance.yahoo.com/markets/stocks/unusual-volume-stocks/). 2. [Crypto](https://finance.yahoo.com/markets/crypto/all/). 1. [Most active](https://finance.yahoo.com/markets/crypto/most-active/). 2. [Day gainers](https://finance.yahoo.com/markets/crypto/gainers/). 3. [Day losers](https://finance.yahoo.com/markets/crypto/losers/). 3. [Private companies](https://finance.yahoo.com/markets/private-companies/highest-valuation/). 1. [52 week gainers](https://finance.yahoo.com/markets/private-companies/52-week-gainers/). 2. [Recently funded](https://finance.yahoo.com/markets/private-companies/recently-funded/). 3. [Most funded](https://finance.yahoo.com/markets/private-companies/most-funded/). 4. [Options](https://finance.yahoo.com/markets/options/most-active/). 1. [Day gainers](https://finance.yahoo.com/markets/options/gainers/). 2. [Day losers](https://finance.yahoo.com/markets/options/losers/). 5. [Sectors](https://finance.yahoo.com/sectors/). 1. [Technology](https://finance.yahoo.com/sectors/technology/). 2. [Financial services](https://finance.yahoo.com/sectors/financial-services/). 5. [Healthcare](https://finance.yahoo.com/sectors/healthcare/). 6. [Industrials](https://finance.yahoo.com/sectors/industrials/). 8. [Energy](https://finance.yahoo.com/sectors/energy/). [Utilities](https://finance.yahoo.com/sectors/utilities/). 6. [Treasury bonds](https://finance.yahoo.com/markets/bonds/). 7. [Futures](https://finance.yahoo.com/markets/commodities/). 8. [Currencies](https://finance.yahoo.com/markets/currencies/ ). [ETFs](https://finance.yahoo.com/markets/etfs/). 1. [Stocks](https://finance.yahoo.com/research-hub/screener/equity/). 4. [Analyst strong buy](https://finance.yahoo.com/research-hub/screener/analyst_strong_buy_stocks/). 3. [Calendar](https://finance.yahoo.com/calendar/). 1. [Earnings](https://finance.yahoo.com/calendar/earnings/). 4. [Stock comparison](https://finance.yahoo.com/compare/). 1. [My Money   BETA](https://finance.yahoo.com/my-money/). 3. [Banking](https://finance.yahoo.com/personal-finance/banking/). 3. [Best money market accounts](https://finance.yahoo.com/personal-finance/banking/article/4-percent-interest-money-market-accounts-160154289.html). 4. [Best free checking accounts](https://finance.yahoo.com/personal-finance/banking/article/best-free-checking-accounts-195709452.html). 4. [Mortgage](https://finance.yahoo.com/personal-finance/mortgages/). 4. [First time homebuyer](https://finance.yahoo.com/personal-finance/mortgages/article/first-time-home-buyer-195246478.html). 6. [Taxes](https://finance.yahoo.com/personal-finance/taxes/). 3. [FAFSA 2026-27](https://finance.yahoo.com/personal-finance/student-loans/article/what-is-fafsa-173422253.html). [Latest](https://finance.yahoo.com/videos/latest/). 3. [Trending stocks](https://finance.yahoo.com/videos/trending-stocks/). 4. [Investing insights](https://finance.yahoo.com/videos/investing-insights/). 3. [Market Catalysts](https://finance.yahoo.com/videos/series/market-catalysts/). 4. [Market Domination](https://finance.yahoo.com/videos/series/market-domination/). 6. [Asking for a Trend](https://finance.yahoo.com/videos/series/asking-for-a-trend/). 6. [Weekly shows](https://finance.yahoo.com/videos/series/). 8. [Watch Now](https://finance.yahoo.com/live/).,2026-06-03T10:38:05.823449
00883,HK,tavily_search,query=00883 00883 AI 云服务 游戏 铜矿 铁矿 稳定币 业务; rank=3; title=NFINITY AI NFNT (NFNT-USD) 的即時價格、新聞、圖表及價格記錄 - Yahoo 財經,rank=3; score=0.07504766; request_id=afc26305-6ec9-4d7f-bc87-201b33389c06; url=https://hk.finance.yahoo.com/quote/NFNT-USD; hash=eed732143752c32b; snippet=查看即時 NFINITY AI USD (NFNT-USD) 價格、記錄、新聞及其他重要資訊，助你買賣和投資加密電子貨幣。,https://hk.finance.yahoo.com/quote/NFNT-USD,查看即時 NFINITY AI USD (NFNT-USD) 價格、記錄、新聞及其他重要資訊，助你買賣和投資加密電子貨幣。,2026-06-03T10:38:05.823459
00883,HK,tavily_search,"query=00883 00883 AI 云服务 游戏 铜矿 铁矿 稳定币 业务; rank=4; title=Artificial Intelligence Technology Solutions Inc. (AITX) Stock Price, News, Quote & History - Yahoo Finance","rank=4; score=0.067307346; request_id=afc26305-6ec9-4d7f-bc87-201b33389c06; url=https://finance.yahoo.com/quote/AITX; hash=0f5e95192af3f53e; snippet=Find the latest Artificial Intelligence Technology Solutions Inc. (AITX) stock quote, history, news and other vital information to help you with your stock trading and investing.",https://finance.yahoo.com/quote/AITX,"Find the latest Artificial Intelligence Technology Solutions Inc. (AITX) stock quote, history, news and other vital information to help you with your stock trading and investing.",2026-06-03T10:38:05.823467
00883,HK,tavily_search,query=00883 00883 AI 云服务 游戏 铜矿 铁矿 稳定币 业务; rank=5; title=Tencent Holdings Limited (0700.HK) - Yahoo Finance,rank=5; score=0.039228324; request_id=afc26305-6ec9-4d7f-bc87-201b33389c06; url=https://finance.yahoo.com/quote/0700.HK; hash=d832d61b98800487; snippet=4. [Stock market](https://finance.yahoo.com/topic/stock-market-news/). 6. [Crypto](https://finance.yahoo.com/markets/crypto/). 2. [Earnings](https://finance.yahoo.com/topic/earnings/). 3. [Housing](https://finance.yahoo.com/topic/housing-market/). [Stocks](https://finance.yahoo.com/markets/stocks/). 1. [Most active](https://finance.yahoo.com/markets/stocks/m,https://finance.yahoo.com/quote/0700.HK,4. [Stock market](https://finance.yahoo.com/topic/stock-market-news/). 6. [Crypto](https://finance.yahoo.com/markets/crypto/). 2. [Earnings](https://finance.yahoo.com/topic/earnings/). 3. [Housing](https://finance.yahoo.com/topic/housing-market/). [Stocks](https://finance.yahoo.com/markets/stocks/). 1. [Most active](https://finance.yahoo.com/markets/stocks/most-active/). 2. [Day gainers](https://finance.yahoo.com/markets/stocks/gainers/). 3. [Day losers](https://finance.yahoo.com/markets/stocks/losers/). 4. [Trending](https://finance.yahoo.com/markets/stocks/trending/). 5. [Highest dividend](https://finance.yahoo.com/markets/stocks/highest-dividend/). 6. [Small cap](https://finance.yahoo.com/markets/stocks/small-cap-stocks/). 7. [Large cap](https://finance.yahoo.com/markets/stocks/large-cap-stocks/). 8. [Most expensive](https://finance.yahoo.com/markets/stocks/most-expensive-stocks/). 9. [Highest beta](https://finance.yahoo.com/markets/stocks/highest-beta-stocks/). [Pink sheet](https://finance.yahoo.com/markets/stocks/pink-sheet-stocks/). [Unusual volume](https://finance.yahoo.com/markets/stocks/unusual-volume-stocks/). 2. [Crypto](https://finance.yahoo.com/markets/crypto/all/). 1. [Most active](https://finance.yahoo.com/markets/crypto/most-active/). 2. [Day gainers](https://finance.yahoo.com/markets/crypto/gainers/). 3. [Day losers](https://finance.yahoo.com/markets/crypto/losers/). 3. [Private companies](https://finance.yahoo.com/markets/private-companies/highest-valuation/). 1. [52 week gainers](https://finance.yahoo.com/markets/private-companies/52-week-gainers/). 2. [Recently funded](https://finance.yahoo.com/markets/private-companies/recently-funded/). 3. [Most funded](https://finance.yahoo.com/markets/private-companies/most-funded/). 4. [Options](https://finance.yahoo.com/markets/options/most-active/). 1. [Day gainers](https://finance.yahoo.com/markets/options/gainers/). 2. [Day losers](https://finance.yahoo.com/markets/options/losers/). 5. [Sectors](https://finance.yahoo.com/sectors/). 1. [Technology](https://finance.yahoo.com/sectors/technology/). 2. [Financial services](https://finance.yahoo.com/sectors/financial-services/). 4. [Communication services](https://finance.yahoo.com/sectors/communication-services/). 5. [Healthcare](https://finance.yahoo.com/sectors/healthcare/). 6. [Industrials](https://finance.yahoo.com/sectors/industrials/). 8. [Energy](https://finance.yahoo.com/sectors/energy/). [Utilities](https://finance.yahoo.com/sectors/utilities/). 6. [Treasury bonds](https://finance.yahoo.com/markets/bonds/). 7. [Futures](https://finance.yahoo.com/markets/commodities/). 8. [Currencies](https://finance.yahoo.com/markets/currencies/ ). [ETFs](https://finance.yahoo.com/markets/etfs/). 1. [Stocks](https://finance.yahoo.com/research-hub/screener/equity/). 4. [Analyst strong buy](https://finance.yahoo.com/research-hub/screener/analyst_strong_buy_stocks/). 3. [Calendar](https://finance.yahoo.com/calendar/). 1. [Earnings](https://finance.yahoo.com/calendar/earnings/). 4. [Stock comparison](https://finance.yahoo.com/compare/). 1. [My Money   BETA](https://finance.yahoo.com/my-money/). 3. [Banking](https://finance.yahoo.com/personal-finance/banking/). 2. [Best high-yield savings accounts](https://finance.yahoo.com/personal-finance/banking/article/10-best-high-yield-savings-accounts-for-april-2026-earn-up-to-410-apy-171334124.html). 3. [Best money market accounts](https://finance.yahoo.com/personal-finance/banking/article/4-percent-interest-money-market-accounts-160154289.html). 4. [Best free checking accounts](https://finance.yahoo.com/personal-finance/banking/article/best-free-checking-accounts-195709452.html). 4. [First time homebuyer](https://finance.yahoo.com/personal-finance/mortgages/article/first-time-home-buyer-195246478.html). 5. [Insurance](https://finance.yahoo.com/personal-finance/insurance/). 3. [FAFSA 2026-27](https://finance.yahoo.com/personal-finance/student-loans/article/what-is-fafsa-173422253.html). 3. [Trending stocks](https://finance.yahoo.com/videos/trending-stocks/). 4. [Investing insights](https://finance.yahoo.com/videos/investing-insights/). 3. [Market Catalysts](https://finance.yahoo.com/videos/series/market-catalysts/). 4. [Market Domination](https://finance.yahoo.com/videos/series/market-domination/). 6. [Weekly shows](https://finance.yahoo.com/videos/series/). 8. [Watch Now](https://finance.yahoo.com/live/). [Annual](https://finance.yahoo.com/about/promos/gold/?.done=%2Fquote%2F0700.HK%2F&ncid=100001118).,2026-06-03T10:38:05.823484
01208,HK,tavily_search,query=01208 01208 主营业务 年报 收入分部; rank=1; title=五矿资源 (01208)收入构成 - 主要构成部分 - 富途牛牛,rank=1; score=0.9982993; request_id=1e54bc82-4422-483e-a130-8c5ea8458206; url=https://www.futunn.com/stock/01208-HK/financials-revenue; hash=a27c733c6397da7a; snippet=## 五矿资源 (01208). 未开盘 11/14 16:07 (北京). 7.220最高价6.990最低价4390.61万股成交量7.170今开7.370昨收3.11亿成交额0.36%换手率67.50市盈率(静)121.41亿总股本7.75052周最高2.90市净率852.27亿流通值1.95052周最低--股息TTM121.41亿流通股15.340历史最高--股息LFY3.12%振幅1.354历史最低7.072平均价4000股每手--股息率TTM--股息率LFY. # 五矿资源 (01208) 收入构成. ### 业务. ### 产品. ### 地区. FY：Financial Year 年度报告，相当于上市公司向SEC披露的10-K文件。. Q：Quarter 季度报告，相当于上市公司向SEC披露的10,https://www.futunn.com/stock/01208-HK/financials-revenue,## 五矿资源 (01208). 未开盘 11/14 16:07 (北京). 7.220最高价6.990最低价4390.61万股成交量7.170今开7.370昨收3.11亿成交额0.36%换手率67.50市盈率(静)121.41亿总股本7.75052周最高2.90市净率852.27亿流通值1.95052周最低--股息TTM121.41亿流通股15.340历史最高--股息LFY3.12%振幅1.354历史最低7.072平均价4000股每手--股息率TTM--股息率LFY. # 五矿资源 (01208) 收入构成. ### 业务. ### 产品. ### 地区. FY：Financial Year 年度报告，相当于上市公司向SEC披露的10-K文件。. Q：Quarter 季度报告，相当于上市公司向SEC披露的10-Q文件，其中Q1、Q2、Q3、Q4为单季报，跨度为3个月；Q6、Q9为累计季报，Q6为6个月，Q9为9个月。. 前美国众议院议长佩洛西以其「政坛女股神」之称闻名，其投资组合聚焦于人工智慧（AI）与半导体等科技巨头。投资策略核心在于买入看涨期权进行杠杆操作，以放大回报潜力。 前美国众议院议长佩洛西以其「政坛女股神」之称闻名，其投资组合聚焦于人工智慧（AI）与半导体等科技巨头。投资策略核心在于买入看涨期权进行杠杆操作，以放大回报潜力。. **中美近期相继调整多个关税或非关税措施，开始落实双方吉隆坡经贸磋商达成的成果共识。**当地时间4日，美国白宫连续发布两项总统行政令，宣布自2025年11月10日起，取消针对中国商品加征的10%所谓“芬太尼关税”以及延长一年对中国商品加征24%“对等关税”的暂缓期。5日，中方两部门先后发 展开. 【机会速派】中美角逐升级！稀土产业成「杀手锏」，投资者该如何应对？.,2026-06-03T10:38:09.565178
01208,HK,tavily_search,query=01208 01208 主营业务 年报 收入分部; rank=2; title=《业绩》五矿资源(01208.HK)全年纯利飙逾2.1倍至5.09亿美元  收入及经营现金流创新高,"rank=2; score=0.992597; request_id=1e54bc82-4422-483e-a130-8c5ea8458206; url=http://www.aastocks.com/sc/stocks/news/aafn-news/NOW.1506293/3; hash=52c6bda33b64dbae; snippet=Title: 《业绩》五矿资源(01208.HK)全年纯利飙逾2.1倍至5.09亿美元  收入及经营现金流创新高
五矿资源(01208.HK) -0.430 (-4.300%)) 沽空 $7.44千万; 比率 9.523%) 公布截至去年12月底止全年业绩，收入62.18亿美元创纪录高，按年升38.8%。纯利5.09亿美元，按年升214.6%；每股盈利4.2美仙。不派息。. | 2025/08/12 | 中期业绩 | 无派息 |. | 2025/03/04 | 末期业绩 | 无派息 |. | 2024/08/13 | 中期业绩 | 无派息 |. | 2024/06/04 | 特别业绩 | 供股: 5股供2股@港元 2.6200 |. 五矿资源称，公司实现了自2009年集团成立以来的最强劲财务表现，收入与经营现金",http://www.aastocks.com/sc/stocks/news/aafn-news/NOW.1506293/3,"Title: 《业绩》五矿资源(01208.HK)全年纯利飙逾2.1倍至5.09亿美元  收入及经营现金流创新高
五矿资源(01208.HK) -0.430 (-4.300%)) 沽空 $7.44千万; 比率 9.523%) 公布截至去年12月底止全年业绩，收入62.18亿美元创纪录高，按年升38.8%。纯利5.09亿美元，按年升214.6%；每股盈利4.2美仙。不派息。. | 2025/08/12 | 中期业绩 | 无派息 |. | 2025/03/04 | 末期业绩 | 无派息 |. | 2024/08/13 | 中期业绩 | 无派息 |. | 2024/06/04 | 特别业绩 | 供股: 5股供2股@港元 2.6200 |. 五矿资源称，公司实现了自2009年集团成立以来的最强劲财务表现，收入与经营现金流量均创纪录。EBITDA总额与EBIT总额均创历史新高。EBITDA上涨至34.121亿美元(按年增长67%)，EBIT则跃升至19.991亿美元(按年增长102%)。五矿资源录得破纪录的经营活动现金流量净额26.895亿美元(增长67%)及自由现金流16.081亿美元(增长135%)，反映出营运与财务表现均有所增强。(ss/da)(港股报价延迟最少十五分钟。沽空资料截至 2026-03-04 16:25。). 相关内容《大行》花旗：五矿资源(01208.HK)去年纯利增逾两倍 维持「买入」目标价12.5元). | 2025/08/12 | 中期业绩 | 无派息 |. | 2025/03/04 | 末期业绩 | 无派息 |. | 2024/08/13 | 中期业绩 | 无派息 |. | 2024/06/04 | 特别业绩 | 供股: 5股供2股@港元 2.6200 |.",2026-06-03T10:38:09.565212
01208,HK,tavily_search,query=01208 01208 主营业务 年报 收入分部; rank=3; title=五矿资源(01208)上涨5.19%，报5.27元/股__财经头条__新浪财经,rank=3; score=0.99021614; request_id=1e54bc82-4422-483e-a130-8c5ea8458206; url=https://cj.sina.cn/articles/view/1704103183/65928d0f02009aiuu?froms=ggmp; hash=0ccaf30d5205baca; snippet=外汇 管理 消费 科技 互联网 手机. 保险 数码 科普 创业 银行 新三板 其他. # 五矿资源(01208)上涨5.19%，报5.27元/股. 五矿资源(01208)上涨5.19%，报5.27元/股. 语音播报 缩小字体 放大字体 微博 微信 分享 0. 8月26日，五矿资源(01208)盘中上涨5.19%，截至13:04，报5.27元/股，成交1.57亿元。. 五矿资源有限公司的主营业务是在澳大利亚、刚果(金)和秘鲁开发并运营铜、锌及其他基本金属业务。公司以中国五矿为主要股东，总部位于澳大利亚墨尔本，并在香港联合交易所上市，目标是在2020年前发展成为全球顶尖的中型矿业公司之一。. 截至2025年中报，五矿资源营业总收入201.66亿元、净利润24.34亿元。. ## 头条号入驻. ## 财经自媒体联盟更,https://cj.sina.cn/articles/view/1704103183/65928d0f02009aiuu?froms=ggmp,外汇 管理 消费 科技 互联网 手机. 保险 数码 科普 创业 银行 新三板 其他. # 五矿资源(01208)上涨5.19%，报5.27元/股. 五矿资源(01208)上涨5.19%，报5.27元/股. 语音播报 缩小字体 放大字体 微博 微信 分享 0. 8月26日，五矿资源(01208)盘中上涨5.19%，截至13:04，报5.27元/股，成交1.57亿元。. 五矿资源有限公司的主营业务是在澳大利亚、刚果(金)和秘鲁开发并运营铜、锌及其他基本金属业务。公司以中国五矿为主要股东，总部位于澳大利亚墨尔本，并在香港联合交易所上市，目标是在2020年前发展成为全球顶尖的中型矿业公司之一。. 截至2025年中报，五矿资源营业总收入201.66亿元、净利润24.34亿元。. ## 头条号入驻. ## 财经自媒体联盟更多自媒体作者. ## 热文排行榜. * 04 在美国，我感受到“越南制造”在取代“中国制造”. * 06 三星“宫心计”：儿子检举父亲，父母逼死女儿. * 10 56岁创业，年利是华为1.5倍，他是让对手发抖的人！. All Rights Reserved 新浪公司 版权所有.,2026-06-03T10:38:09.565233
01208,HK,tavily_search,query=01208 01208 主营业务 年报 收入分部; rank=4; title=五矿资源(01208)-港股-证券之星,"rank=4; score=0.9507779; request_id=1e54bc82-4422-483e-a130-8c5ea8458206; url=https://hk.stockstar.com/hshare/01208; hash=a765af5a58e35ced; snippet=Title: 五矿资源(01208)-港股-证券之星
股票 | 主板 必读 研报 新股 创业板 科创板 期权 三板 B股 港股 中概股 全球. 理财 | 银行 保险 黄金 外汇 债券 期货 股指期货. 酒界 热点 专栏 专题 数据 行情 汽车 地产 区块链 学堂 滤镜 基金荟 路演. 千股千评 大宗交易 机构动向 龙虎榜 人物专访 商业资讯 金融扶贫 股市调查 财商测试. # 五矿资源. | 简介 | 五矿资源有限公司是一家总部位于澳大利亚的矿业公司。该公司的主要业务包括勘探、开发和开采世界各地的铜、锌、钴、金、银、钼和铅矿床。它的分部包括Las Bambas、Kinsevere、Khoemacau、Dugald River、Rosebery和其他。Las Bambas是一个露天、可扩展、长寿命的铜和钼矿开采项",https://hk.stockstar.com/hshare/01208,"Title: 五矿资源(01208)-港股-证券之星
股票 | 主板 必读 研报 新股 创业板 科创板 期权 三板 B股 港股 中概股 全球. 理财 | 银行 保险 黄金 外汇 债券 期货 股指期货. 酒界 热点 专栏 专题 数据 行情 汽车 地产 区块链 学堂 滤镜 基金荟 路演. 千股千评 大宗交易 机构动向 龙虎榜 人物专访 商业资讯 金融扶贫 股市调查 财商测试. # 五矿资源. | 简介 | 五矿资源有限公司是一家总部位于澳大利亚的矿业公司。该公司的主要业务包括勘探、开发和开采世界各地的铜、锌、钴、金、银、钼和铅矿床。它的分部包括Las Bambas、Kinsevere、Khoemacau、Dugald River、Rosebery和其他。Las Bambas是一个露天、可扩展、长寿命的铜和钼矿开采项目，位于秘鲁阿普里马克地区的Cotabambas。Kinsevere是位于刚果民主共和国（DRC）上加丹加省的露天铜矿开采业务。Dugald River矿是位于昆士兰州西北部Cloncurry附近的地下锌矿。Rosebery是一个位于塔斯马尼亚西海岸的地下多金属基础金属采矿作业。Khoemacau矿是位于博茨瓦纳西北部喀拉哈里铜带的地下铜矿和银矿，采矿权覆盖面积超过4040平方公里。 |. * 大行评级丨花旗：下调五矿资源目标价至11.2港元，维持“买入”评级 2026-03-10. * 五矿资源（01208.HK）：3月9日南向资金减持3712.15万股 2026-03-10. * 五矿资源（01208.HK）：3月9日南向资金减持3712.15万股 2026-03-10. * 五矿资源（01208.HK）3月9日收盘跌2.11%，主力资金净流入2122.04万港元 2026-03-09. * 花旗：下调五矿资源(01208.HK)目标价至11.2港元 维持“买入”评级 2026-03-09. * 花旗：下调五矿资源(01208)目标价至11.2港元 维持“买入”评级 2026-03-09. * 铜业股延续下行趋势，截至发稿，洛阳钼业(03993.HK)跌6.82%，报19.96港元 2026-03-09. * 五矿资源（01208.HK）：3月6日南向资金增持229.43万股 2026-03-07. * 五矿资源（01208.HK）：3月6日南向资金增持229.43万股 2026-03-07. * 五矿资源（01208.HK）3月6日收盘跌0.11%，主力资金净流入1221.38万港元 2026-03-06. | 项目 | 2025 | 2024 | 2023 | 2022 |. | 净利率 | 15.36% | 8.17% | 2.80% | 7.48% |. | ROE | 13.82% | 5.82% | 0.42% | 8.47% |. | ROIC | 4.25% | 1.52% | 0.09% | 1.73% |. | 三费占比 | -- | 8.72% | 8.43% | 9.50% |. | 财务费用 | -- | 3.90亿 | 3.66亿 | 3.09亿 |. | 项目 | 2025 | 2024 | 2023 | 2022 |. | 营收 | 62.18亿  +38.81% | 44.79亿  +3.05% | 43.46亿  +33.56% | 32.54亿  -23.52% |. | 利润(GAAP) | 5.09亿  +214.63% | 1.61亿  +1698.88% | 0.09亿  -94.77% | 1.72亿  -74.15% |. | NOPLAT | 5.09亿 | 1.61亿 | 0.09亿 | 1.72亿 |. | 营收 | 503.45亿  +15.19% | 528.35亿 |  |. 网站导航 | 公司简介 | 法律声明 | 诚聘英才 |  征稿启事 | 联系我们 | 广告服务 | 举报专区. 欢迎访问证券之星！请点此与我们联系 版权所有： Copyright © 1996-年.",2026-06-03T10:38:09.565269
01208,HK,tavily_search,query=01208 01208 主营业务 年报 收入分部; rank=5; title=五矿资源(01208)股票股价_股价行情_财报_数据报告 - 雪球,"rank=5; score=0.86522406; request_id=1e54bc82-4422-483e-a130-8c5ea8458206; url=https://xueqiu.com/S/01208/time?page=64; hash=a139531e83c166ae; snippet=Title: 五矿资源(01208)股票股价_股价行情_财报_数据报告 - 雪球
# 五矿资源(HK:01208). 03-06 16:08:19 北京时间. | 最高：9.04 | 今开：8.86 | 成交量：8737.76万股 | 换手：0.72% |. | 最低：8.55 | 昨收：9.00 | 成交额：7.73亿 | 振幅：5.44% |. | 52周最高：11.96 | 量比：1.10 | 市盈率(动)：27.53 | 市盈率(TTM)：27.53 |. | 52周最低：1.95 | 委比：-45.54% | 市盈率(静)：27.53 | 市净率：3.54 |. | 每股收益：0.33 | 股息(TTM)：-- | 总股本：121.41亿 | 总市值：1091.43亿 |. | 每股净资产：2.54 ",https://xueqiu.com/S/01208/time?page=64,"Title: 五矿资源(01208)股票股价_股价行情_财报_数据报告 - 雪球
# 五矿资源(HK:01208). 03-06 16:08:19 北京时间. | 最高：9.04 | 今开：8.86 | 成交量：8737.76万股 | 换手：0.72% |. | 最低：8.55 | 昨收：9.00 | 成交额：7.73亿 | 振幅：5.44% |. | 52周最高：11.96 | 量比：1.10 | 市盈率(动)：27.53 | 市盈率(TTM)：27.53 |. | 52周最低：1.95 | 委比：-45.54% | 市盈率(静)：27.53 | 市净率：3.54 |. | 每股收益：0.33 | 股息(TTM)：-- | 总股本：121.41亿 | 总市值：1091.43亿 |. | 每股净资产：2.54 | 股息率(TTM)：-- | 港股股本：121.41亿 | 港股市值：1091.43亿 |. | 每手股数：4000 | 最小价差：0.01 | 货币单位：HKD |. 03-05 22:23· 来自iPhone. 修改于03-05 07:45· 来自iPhone. 03-05 04:30· 来自雪球. ### 国元国际：五矿资源2025年财报公布 量价齐升带来利润增长. 国元国际发布研报称，2025年是五矿资源（01208）价值重估的一年，公司从此前相对“高杠杆”的状态转向“稳健现金牛”，公司杠杆率快速降低，现金水平显著改善。尽管公司表示不派息以及公司部分资产的减值可能会对短期的市场情绪造成影响，但公司核心资产运营稳定、降杠杆成... 03-05 02:57· 来自Android. $中国海洋石油(00883)$ $五矿资源(01208)$ 铜矿开采成本中油大约占到20%左右，加上战争抛售风险资产，因此短期内石油股和铜矿股票走势背离。下午两点四十几分多的新闻伊朗高级官员称没有关闭霍尔木兹海峡，五矿的股价开始反弹，中海油下跌。第一次经历战争带来的股价波动，记录一下。. 03-05 02:05· 来自Android. 修改于03-05 03:22· 来自iPhone. $五矿资源(01208)$ 按2025年业绩算，现在EV/EBITDA7倍以下了，考虑到目前铜价是去年下半年均价的120%，假设2026年EBITDA增长20%，同时债务减少五亿美元，那么上面👆🏻那个值就到5.5，如果今年还能分红，那画面还是挺美的. 03-05 01:44· 来自雪球. 该行预期作为纯铜业者的五矿资源，在铜价上升及去杠杆化带动融资成本下降的推动下，其经常性纯利将由2025年的8.16亿美元，倍增至2026年预测的17.5亿美元. > ##### **专栏** 高盛：五矿资源(01208)去年纯利增逾两倍 升目标价至13.5港元. > 智通财经APP获悉，高盛发布研报称，五矿资源(01208)$五矿资源(01208)$ 公布去年业绩，纯利达5.09亿美元，同比增长215%，每股盈利0.042美元，同比增长174%。撇除外汇净收益及减值开支等一次性项目，经常性纯利为8.16亿美元，大致符合该行预期，并高于市场共识。公司宣布不派发末期股息，与去年相同... 03-05 01:24· 来自iPhone. 五矿资源有限公司(「五矿资源」或「本公司」)及其附属公司与共同控制公司(统称「本集团」)主要从事氧化铝、铝制品、铜制品及金属套管生产及经销业务,本集团亦从事港口物流服务及其他工业项目。本集团为中国最大的氧化铝进口商及供货商之一。. 本公司之最终控股股东为中国五矿集团公司,成立於1950年,是以金属、矿产品的开发、生产、贸易和综合服务为主,兼营金融、房地产、物流业务,进行全球化经营的大型企业集团。. 五矿资源有限公司(「五矿资源」或「本公司」)及其附属公司与共同控制公司(统称「本集团」)主要从事氧化铝、铝制品、铜制品及金...展开**. 本公司之主要业务为投资控股,而其附属公司、共同控制公司及联营公司之主要业务则为:开采,加工和生産锌、铜、铅、金及银;勘探成矿及开发采矿项目;有色金属有贸易;生产氧化铝;及制造和分销铝及铜产品。.",2026-06-03T10:38:09.565309
01208,HK,tavily_search,"query=01208 01208 company profile business segments annual report; rank=1; title=MMG Limited (1208.HK) Stock Price, News, Quote & History - Yahoo Finance","rank=1; score=0.929951; request_id=055340ef-e368-4bde-9458-5b84822b08c3; url=https://finance.yahoo.com/quote/1208.HK; hash=66a9c223daab8416; snippet=# MMG Limited (1208.HK). At close: 4:08:10 PM GMT+8. Loading chart for 1208.HK. * Day's Range  10.370 - 10.720. * 52 Week Range  2.480 - 11.960. MMG Limited, an investment holding company, engages in the exploration, development, and mining of mineral properties. It holds a portfolio of projects in Peru, Australia, Botswana, and the Democratic Republic of Co",https://finance.yahoo.com/quote/1208.HK,"# MMG Limited (1208.HK). At close: 4:08:10 PM GMT+8. Loading chart for 1208.HK. * Day's Range  10.370 - 10.720. * 52 Week Range  2.480 - 11.960. MMG Limited, an investment holding company, engages in the exploration, development, and mining of mineral properties. It holds a portfolio of projects in Peru, Australia, Botswana, and the Democratic Republic of Congo. MMG Limited was formerly known as Minmetals Resources Limited and changed its name to MMG Limited in September 2012. The company was incorporated in 1988 and is headquartered in Southbank, Australia. MMG Limited operates as a subsidiary of China Minmetals H.K. ### Recent News: 1208.HK. ### Performance Overview: 1208.HK. Trailing total returns as of 5/13/2026, which may include dividends or other distributions. ### 1-Year Return. ### Analyst Insights: 1208.HK. ### Statistics: 1208.HK. * Net Income Avi to Common (ttm). ### Compare To: 1208.HK. Mkt Cap HKD 128.932B. ### Company Insights: 1208.HK. ### Research Reports: 1208.HK. 1818.HK  Zhaojin Mining Industry Company Limited.",2026-06-03T10:38:12.012301
01208,HK,tavily_search,query=01208 01208 company profile business segments annual report; rank=2; title=MMG Limited (1208.HK) Stock Historical Prices & Data,"rank=2; score=0.7520126; request_id=055340ef-e368-4bde-9458-5b84822b08c3; url=https://finance.yahoo.com/quote/1208.HK/history; hash=579679b1c8db8564; snippet=Discover historical prices for 1208.HK stock on Yahoo Finance. View daily, weekly or monthly format back to when MMG Limited stock was issued.",https://finance.yahoo.com/quote/1208.HK/history,"Discover historical prices for 1208.HK stock on Yahoo Finance. View daily, weekly or monthly format back to when MMG Limited stock was issued.",2026-06-03T10:38:12.012314
01208,HK,tavily_search,query=01208 01208 AI 云服务 游戏 铜矿 铁矿 稳定币 业务; rank=1; title=五矿资源(01208)股票股价_股价行情_财报_数据报告 - 雪球,"rank=1; score=0.5948579; request_id=80d49ef3-1095-4342-887d-bd748c8a46bb; url=https://xueqiu.com/S/01208/finance; hash=5443fa79019598c7; snippet=Title: 五矿资源(01208)股票股价_股价行情_财报_数据报告 - 雪球
# 五矿资源(HK:01208). 03-10 16:08:49 北京时间. | 最高：9.26 | 今开：9.02 | 成交量：4623.90万股 | 换手：0.38% |. | 最低：8.87 | 昨收：8.80 | 成交额：4.18亿 | 振幅：4.43% |. | 52周最高：11.96 | 量比：0.49 | 市盈率(动)：27.44 | 市盈率(TTM)：27.44 |. | 52周最低：1.95 | 委比：-60.00% | 市盈率(静)：27.44 | 市净率：3.53 |. | 每股收益：0.33 | 股息(TTM)：-- | 总股本：121.41亿 | 总市值：1087.79亿 |. | 每股净资产：2.54 ",https://xueqiu.com/S/01208/finance,"Title: 五矿资源(01208)股票股价_股价行情_财报_数据报告 - 雪球
# 五矿资源(HK:01208). 03-10 16:08:49 北京时间. | 最高：9.26 | 今开：9.02 | 成交量：4623.90万股 | 换手：0.38% |. | 最低：8.87 | 昨收：8.80 | 成交额：4.18亿 | 振幅：4.43% |. | 52周最高：11.96 | 量比：0.49 | 市盈率(动)：27.44 | 市盈率(TTM)：27.44 |. | 52周最低：1.95 | 委比：-60.00% | 市盈率(静)：27.44 | 市净率：3.53 |. | 每股收益：0.33 | 股息(TTM)：-- | 总股本：121.41亿 | 总市值：1087.79亿 |. | 每股净资产：2.54 | 股息率(TTM)：-- | 港股股本：121.41亿 | 港股市值：1087.79亿 |. | 每手股数：4000 | 最小价差：0.01 | 货币单位：HKD |. $五矿资源(01208)$ 出掉了，看能不能8.6-8.7接回. ### **专栏** 花旗：下调五矿资源(01208)目标价至11.2港元 维持“买入”评级. 智通财经APP获悉，花旗发布研报称，计入2025财年业绩及最新管理层指引，该行将五矿资源(01208)$五矿资源(01208)$ 今年盈利预测下调0.9%至17.06亿美元，明年盈利预测则上调2.3%至15.8亿美元，并引入2028年16.24亿美元的盈利预测。该行维持对其“买入”评级，目标价由12.5港元下调至11.2港元。. ### 花旗：下调五矿资源目标价至11.2港元 维持“买入”评级. 花旗发布研报称，计入2025财年业绩及最新管理层指引，该行将五矿资源（01208）今年盈利预测下调0.9%至17.06亿美元，明年盈利预测则上调2.3%至15.8亿美元，并引入2028年16.24亿美元的盈利预测。该行维持对其“买入”评级，目标价由12.5港元下调至11.2港元。. ### **专栏** 五矿资源，南美与非洲的“双保险”. 五矿25年净利润暴增，其秘鲁的Las Bambas（拉斯邦巴斯）铜矿已跻身全球前十，2026指引目标40万吨铜。. 秘鲁的货走太平洋直达上海，非洲的Khoemacau（科马考）矿山走南部非洲物流通道。两头都完美避开了中东的战火。. $五矿资源(01208)$ 预计铜库存会下的很快。油价大涨，中国制造的成本优势更加明显，全球客户都会加大对中国商品的采购，这种情况很像2020年疫情时候一样，中国给全世界提供最优性价比的产品。. 03-08 21:16· 来自iPhone. $五矿资源(01208)$ 垃圾就是没有下限的，后悔了，每次都是这样，羞辱我的第一天就该让他们滚. 03-07 21:53· 来自iPhone. 03-05 22:23· 来自iPhone. 修改于03-05 07:45· 来自iPhone. 五矿资源有限公司(「五矿资源」或「本公司」)及其附属公司与共同控制公司(统称「本集团」)主要从事氧化铝、铝制品、铜制品及金属套管生产及经销业务,本集团亦从事港口物流服务及其他工业项目。本集团为中国最大的氧化铝进口商及供货商之一。. 本公司之最终控股股东为中国五矿集团公司,成立於1950年,是以金属、矿产品的开发、生产、贸易和综合服务为主,兼营金融、房地产、物流业务,进行全球化经营的大型企业集团。. 五矿资源有限公司(「五矿资源」或「本公司」)及其附属公司与共同控制公司(统称「本集团」)主要从事氧化铝、铝制品、铜制品及金...展开**. 本公司之主要业务为投资控股,而其附属公司、共同控制公司及联营公司之主要业务则为:开采,加工和生産锌、铜、铅、金及银;勘探成矿及开发采矿项目;有色金属有贸易;生产氧化铝;及制造和分销铝及铜产品。.",2026-06-03T10:38:16.876559
01208,HK,tavily_search,query=01208 01208 AI 云服务 游戏 铜矿 铁矿 稳定币 业务; rank=2; title=五矿资源行情_五矿资源(01208)实时行情_五矿资源(01208)行情走势_五矿资源(01208)股票最新消息-金投港股网-金投网,"rank=2; score=0.53895956; request_id=80d49ef3-1095-4342-887d-bd748c8a46bb; url=https://hkstock.cngold.org/01208.htm; hash=72c1c87a566a1ff1; snippet=Title: 五矿资源行情_五矿资源(01208)实时行情_五矿资源(01208)行情走势_五矿资源(01208)股票最新消息-金投港股网-金投网
黄金 白银 原油 现货 期货 外汇 股票 邮币卡 曲合 财经 热点 珠宝 奢侈品 百科 快讯 日历 导航. # 港股. ## 五矿资源. | 今开 : - | 涨跌 : - | 最高 : - | 成交量(股) : - |. | 昨收 : - | 涨跌幅 : -% | 最低 : - | 成交额(港元) : -万 |. ## 五矿资源公司简介. | 注册资本(万元)： | 90,000.00 |. | 联系电话： | 00852-22169688,61-3-92880888,61-3-92889165 |. ## 五矿资源机构评级. ## 五矿资源机构持仓. ## 五矿",https://hkstock.cngold.org/01208.htm,"Title: 五矿资源行情_五矿资源(01208)实时行情_五矿资源(01208)行情走势_五矿资源(01208)股票最新消息-金投港股网-金投网
黄金 白银 原油 现货 期货 外汇 股票 邮币卡 曲合 财经 热点 珠宝 奢侈品 百科 快讯 日历 导航. # 港股. ## 五矿资源. | 今开 : - | 涨跌 : - | 最高 : - | 成交量(股) : - |. | 昨收 : - | 涨跌幅 : -% | 最低 : - | 成交额(港元) : -万 |. ## 五矿资源公司简介. | 注册资本(万元)： | 90,000.00 |. | 联系电话： | 00852-22169688,61-3-92880888,61-3-92889165 |. ## 五矿资源机构评级. ## 五矿资源机构持仓. ## 五矿资源公司回购. | 2009-01-22 | 12.40万 | 1.074 |. | 2009-01-21 | 56.40万 | 1.051 |. | 2009-01-15 | 40.00万 | 1.091 |. | 2009-01-13 | 40.00万 | 1.119 |. | 2009-01-12 | 30.00万 | 1.121 |. ## 五矿资源沽空记录. | 1408000 | 508.98万 | 15.49% |. | 1596000 | 563.47万 | 13.03% |. | 2140000 | 765.30万 | 22.41% |. | 848000 | 301.36万 | 40.93% |. | 1072000 | 387.73万 | 7.83% |. * 2017-02-28  須予披露的交易 - 有關CENTURY礦山出售事項之公佈. * 2017-02-28  出售與GOLDEN GROVE礦山相關之資產已完成. * 2020-03-23  五矿资源附属MMG Kinsevere因协议纠纷遭MCK起诉. * 2019-04-18  五矿资源一季度铜锌产量稳定 各矿山表现持续强劲. * 2018-03-23  五矿资源跌逾8% 沪港股通资金卖出居首. * 2017-12-06  五矿资源拟发行新奖励股份 股价下跌近4%. ## 五矿资源股份行情. | 00167 | IDT INT'L | 0.02 |. * 沪铜行情 沪铝行情 沪锌行情 沪铅行情 沪镍行情 沪锡行情 沪金行情 沪银行情 螺纹钢行情 线材行情 不锈钢行情 燃料油行情 纸浆行情 橡胶行情 热轧行情 沥青行情. * 强麦行情 普麦行情 棉花行情 白糖行情 玻璃行情 尿素行情 菜籽油行情 早籼稻行情 油菜籽行情 菜籽粕行情 动力煤行情 纯碱行情 粳稻行情 晚籼稻行情 棉纱行情 苹果行情 硅铁行情 短纤行情 红枣行情 花生行情 PTA行情 甲醇行情 锰硅行情. * 玉米行情 淀粉行情 豆一行情 豆二行情 铁矿石行情 豆油行情 棕榈油行情 纤维板行情 乙二醇行情 胶合板行情 鸡蛋行情 粳米行情 生猪行情 苯乙烯行情 聚乙烯行情 PVC行情 聚丙烯行情 焦炭行情 焦煤行情 石油气行情. * LME电铜行情 LME电铝行情 LME电锌行情 LME电锡行情 LME电铅行情 LME电镍行情. * 美原油行情 美燃油行情 美期金行情 美期银行情 美期铜行情. * 美豆粕行情 美豆油行情 美黄豆行情 美小麦行情 美燕麦行情 美玉米行情. 网站地图| 关于我们| 联系我们| 广告服务| 法律声明| 我要反馈| 友情链接| RSS订阅. 文章中操作建议仅代表第三方观点与本平台无关，投资有风险，入市需谨慎。据此交易，风险自担。本站易记网址：jt.cn 投诉建议邮箱：tousu@cngold.org. ©2008- 2026 金投网 ICP备案：浙备09076998号-6) 浙公网安备:33010502005181 号) 经营许可证编号：浙B2-20140239.",2026-06-03T10:38:16.876599
01208,HK,tavily_search,query=01208 01208 AI 云服务 游戏 铜矿 铁矿 稳定币 业务; rank=3; title=五矿资源(01208)股票股价_股价行情_财报_数据报告 - 雪球,"rank=3; score=0.5151571; request_id=80d49ef3-1095-4342-887d-bd748c8a46bb; url=https://xueqiu.com/S/01208/time?page=64; hash=5fb32645f2a25342; snippet=Title: 五矿资源(01208)股票股价_股价行情_财报_数据报告 - 雪球
# 五矿资源(HK:01208). 03-06 16:08:19 北京时间. | 最高：9.04 | 今开：8.86 | 成交量：8737.76万股 | 换手：0.72% |. | 最低：8.55 | 昨收：9.00 | 成交额：7.73亿 | 振幅：5.44% |. | 52周最高：11.96 | 量比：1.10 | 市盈率(动)：27.53 | 市盈率(TTM)：27.53 |. | 52周最低：1.95 | 委比：-45.54% | 市盈率(静)：27.53 | 市净率：3.54 |. | 每股收益：0.33 | 股息(TTM)：-- | 总股本：121.41亿 | 总市值：1091.43亿 |. | 每股净资产：2.54 ",https://xueqiu.com/S/01208/time?page=64,"Title: 五矿资源(01208)股票股价_股价行情_财报_数据报告 - 雪球
# 五矿资源(HK:01208). 03-06 16:08:19 北京时间. | 最高：9.04 | 今开：8.86 | 成交量：8737.76万股 | 换手：0.72% |. | 最低：8.55 | 昨收：9.00 | 成交额：7.73亿 | 振幅：5.44% |. | 52周最高：11.96 | 量比：1.10 | 市盈率(动)：27.53 | 市盈率(TTM)：27.53 |. | 52周最低：1.95 | 委比：-45.54% | 市盈率(静)：27.53 | 市净率：3.54 |. | 每股收益：0.33 | 股息(TTM)：-- | 总股本：121.41亿 | 总市值：1091.43亿 |. | 每股净资产：2.54 | 股息率(TTM)：-- | 港股股本：121.41亿 | 港股市值：1091.43亿 |. | 每手股数：4000 | 最小价差：0.01 | 货币单位：HKD |. 03-05 22:23· 来自iPhone. 修改于03-05 07:45· 来自iPhone. 03-05 04:30· 来自雪球. ### 国元国际：五矿资源2025年财报公布 量价齐升带来利润增长. 国元国际发布研报称，2025年是五矿资源（01208）价值重估的一年，公司从此前相对“高杠杆”的状态转向“稳健现金牛”，公司杠杆率快速降低，现金水平显著改善。尽管公司表示不派息以及公司部分资产的减值可能会对短期的市场情绪造成影响，但公司核心资产运营稳定、降杠杆成... 03-05 02:57· 来自Android. $中国海洋石油(00883)$ $五矿资源(01208)$ 铜矿开采成本中油大约占到20%左右，加上战争抛售风险资产，因此短期内石油股和铜矿股票走势背离。下午两点四十几分多的新闻伊朗高级官员称没有关闭霍尔木兹海峡，五矿的股价开始反弹，中海油下跌。第一次经历战争带来的股价波动，记录一下。. 03-05 02:05· 来自Android. 修改于03-05 03:22· 来自iPhone. $五矿资源(01208)$ 按2025年业绩算，现在EV/EBITDA7倍以下了，考虑到目前铜价是去年下半年均价的120%，假设2026年EBITDA增长20%，同时债务减少五亿美元，那么上面👆🏻那个值就到5.5，如果今年还能分红，那画面还是挺美的. 03-05 01:44· 来自雪球. 该行预期作为纯铜业者的五矿资源，在铜价上升及去杠杆化带动融资成本下降的推动下，其经常性纯利将由2025年的8.16亿美元，倍增至2026年预测的17.5亿美元. > ##### **专栏** 高盛：五矿资源(01208)去年纯利增逾两倍 升目标价至13.5港元. > 智通财经APP获悉，高盛发布研报称，五矿资源(01208)$五矿资源(01208)$ 公布去年业绩，纯利达5.09亿美元，同比增长215%，每股盈利0.042美元，同比增长174%。撇除外汇净收益及减值开支等一次性项目，经常性纯利为8.16亿美元，大致符合该行预期，并高于市场共识。公司宣布不派发末期股息，与去年相同... 03-05 01:24· 来自iPhone. 五矿资源有限公司(「五矿资源」或「本公司」)及其附属公司与共同控制公司(统称「本集团」)主要从事氧化铝、铝制品、铜制品及金属套管生产及经销业务,本集团亦从事港口物流服务及其他工业项目。本集团为中国最大的氧化铝进口商及供货商之一。. 本公司之最终控股股东为中国五矿集团公司,成立於1950年,是以金属、矿产品的开发、生产、贸易和综合服务为主,兼营金融、房地产、物流业务,进行全球化经营的大型企业集团。. 五矿资源有限公司(「五矿资源」或「本公司」)及其附属公司与共同控制公司(统称「本集团」)主要从事氧化铝、铝制品、铜制品及金...展开**. 本公司之主要业务为投资控股,而其附属公司、共同控制公司及联营公司之主要业务则为:开采,加工和生産锌、铜、铅、金及银;勘探成矿及开发采矿项目;有色金属有贸易;生产氧化铝;及制造和分销铝及铜产品。.",2026-06-03T10:38:16.876632
01208,HK,tavily_search,query=01208 01208 AI 云服务 游戏 铜矿 铁矿 稳定币 业务; rank=4; title=五矿资源(01208)股票股价_股价行情_财报_数据报告 - 雪球,rank=4; score=0.51442534; request_id=80d49ef3-1095-4342-887d-bd748c8a46bb; url=https://xueqiu.com/S/01208/time?page=30; hash=bed88eb831f5e4b1; snippet=# 五矿资源(HK:01208). 12-29 16:08:56 北京时间. 回复@宝宝小美女: 矿不是给五矿资源的吗？//@宝宝小美女:回复@palbopicasso:你会看嘛。睁眼瞎。五矿涨停. > $中国中冶(SH601618)$ 五矿涨停就是最直接的信号，说明市场都认可，这事儿成了. 聚焦主责主业的态度很坚决，贯彻行动很迅速，点赞。已知：中冶剥离了海外铜矿，五矿发展整合铁矿，五矿资源手上有海外铜矿。求，中冶剥离的铜矿注入哪家上市公司$五矿资源(01208)$. > 【五矿发展：拟购买五矿矿业股权、鲁中矿业股权 股票停牌】五矿发展(600058.SH)公告称，公司收到实际控制人中国五矿《关于筹划重大资产重组事项的通知》，拟通过资产置换、发行股份及支付现金方式购买五矿股份持有的五矿矿业、鲁中矿业的股权，并募,https://xueqiu.com/S/01208/time?page=30,"# 五矿资源(HK:01208). 12-29 16:08:56 北京时间. 回复@宝宝小美女: 矿不是给五矿资源的吗？//@宝宝小美女:回复@palbopicasso:你会看嘛。睁眼瞎。五矿涨停. > $中国中冶(SH601618)$ 五矿涨停就是最直接的信号，说明市场都认可，这事儿成了. 聚焦主责主业的态度很坚决，贯彻行动很迅速，点赞。已知：中冶剥离了海外铜矿，五矿发展整合铁矿，五矿资源手上有海外铜矿。求，中冶剥离的铜矿注入哪家上市公司$五矿资源(01208)$. > 【五矿发展：拟购买五矿矿业股权、鲁中矿业股权 股票停牌】五矿发展(600058.SH)公告称，公司收到实际控制人中国五矿《关于筹划重大资产重组事项的通知》，拟通过资产置换、发行股份及支付现金方式购买五矿股份持有的五矿矿业、鲁中矿业的股权，并募集配套资金。同时，公司拟置出原有业务相关的主要资产及负债（除保留资产、负债外）。本次交易预计构成重大资产重组及关联交易，同时不构成实际控制人变更，不构成重组上市。公司股票自2025年12月30日开市起停牌，预计停牌时间不超过10个交易日。. > 【五矿发展：拟购买五矿矿业股权、鲁中矿业股权 股票停牌】五矿发展(600058.SH)公告称，公司收到实际控制人中国五矿《关于筹划重大资产重组事项的通知》，拟通过资产置换、发行股份及支付现金方式购买五矿股份持有的五矿矿业、鲁中矿业的股权，并募集配套资金。同时，公司拟置出原有业务相关的主要... 结论：五矿集团收购的中国中冶矿产资源， 90%以上可能性将注入五矿资源(MMG)，而非五矿发展。. - 核心资产：中冶铜锌、瑞木镍钴管理(中冶)、中冶金吉矿业等5家矿... 按目前金属价格，不考虑班巴斯第二矿坑，五矿资源26年净利润大约135亿，考虑第二矿坑采造50%产量，净利润210亿。. > $五矿资源(01208)$ $洛阳钼业(SH603993)$ $紫金矿业(02899)$. > 25年洛阳钼业铜产量大约65万吨，五矿资源40万吨。中长期看，两者都是28年80万吨，30年100万吨，具有相似性，仅次于紫金，按铜产量，第二，第三位的铜企业。. > 螺母的优势品位高，五矿的优势资源量大。现在螺母是4000亿市值，五矿是1000亿市值，耐心等待，相信五矿市值会达到螺母的一半～. > $五矿资源(01208)$ $洛阳钼业(SH603993)$ $紫金矿业(02899)$. > 25年洛阳钼业铜产量大约65万吨，五矿资源40万吨。中长期看，两者都是28年80万吨，30年100万吨，具有相似性，仅次于紫金，按铜产量，第二，第三位的铜企业。. $五矿资源(01208)$ 根据其最新官方报告，五矿资源不仅拥有相当可观的白银资源，而且其伴生白银的产能也计划在未来几年内实现显著增长。. $五矿资源(01208)$ 不要着急，继续磨，狠狠地清理浮筹，胜利是留给意志坚定的持筹者. $五矿资源(01208)$ 今天中冶投票，此消彼长，那边涨，这边跌。其实不需要中冶那些矿，五矿资源也值这个价. $五矿资源(01208)$ 继续买铜矿啊，怎么不买了，洛阳江铜都在买. 五矿资源有限公司(「五矿资源」或「本公司」)及其附属公司与共同控制公司(统称「本集团」)主要从事氧化铝、铝制品、铜制品及金属套管生产及经销业务,本集团亦从事港口物流服务及其他工业项目。本集团为中国最大的氧化铝进口商及供货商之一。. 本公司之最终控股股东为中国五矿集团公司,成立於1950年,是以金属、矿产品的开发、生产、贸易和综合服务为主,兼营金融、房地产、物流业务,进行全球化经营的大型企业集团。. 五矿资源有限公司(「五矿资源」或「本公司」)及其附属公司与共同控制公司(统称「本集团」)主要从事氧化铝、铝制品、铜制品及金...展开**. 本公司之主要业务为投资控股,而其附属公司、共同控制公司及联营公司之主要业务则为:开采,加工和生産锌、铜、铅、金及银;勘探成矿及开发采矿项目;有色金属有贸易;生产氧化铝;及制造和分销铝及铜产品。.",2026-06-03T10:38:16.876661
01208,HK,tavily_search,query=01208 01208 AI 云服务 游戏 铜矿 铁矿 稳定币 业务; rank=5; title=五矿资源(01208)-港股-证券之星,rank=5; score=0.51193684; request_id=80d49ef3-1095-4342-887d-bd748c8a46bb; url=https://hk.stockstar.com/hshare/01208; hash=22842353df0d9f7a; snippet=股票 | 主板 必读 研报 新股 创业板 科创板 期权 三板 B股 港股 中概股 全球. 理财 | 银行 保险 黄金 外汇 债券 期货 股指期货. 酒界 热点 专栏 专题 数据 行情 汽车 地产 区块链 学堂 滤镜 基金荟 路演. 千股千评 大宗交易 机构动向 龙虎榜 人物专访 商业资讯 金融扶贫 股市调查 财商测试. # 五矿资源. * 五矿资源（01208.HK）6月3日收盘涨0.93%，主力资金净流入208.36万港元 2026-06-03. * 铜业股全线扬升 五矿资源(01208)涨6.58% 机构指铜价中枢有望持续抬升 2026-06-02. * 港股异动丨铜业股普涨 中国有色矿业、五矿资源涨超4% 铜价延续涨势 2026-06-02. * 铜业股集体走高，截至发稿，五矿资源(01208.HK)涨5,https://hk.stockstar.com/hshare/01208,股票 | 主板 必读 研报 新股 创业板 科创板 期权 三板 B股 港股 中概股 全球. 理财 | 银行 保险 黄金 外汇 债券 期货 股指期货. 酒界 热点 专栏 专题 数据 行情 汽车 地产 区块链 学堂 滤镜 基金荟 路演. 千股千评 大宗交易 机构动向 龙虎榜 人物专访 商业资讯 金融扶贫 股市调查 财商测试. # 五矿资源. * 五矿资源（01208.HK）6月3日收盘涨0.93%，主力资金净流入208.36万港元 2026-06-03. * 铜业股全线扬升 五矿资源(01208)涨6.58% 机构指铜价中枢有望持续抬升 2026-06-02. * 港股异动丨铜业股普涨 中国有色矿业、五矿资源涨超4% 铜价延续涨势 2026-06-02. * 铜业股集体走高，截至发稿，五矿资源(01208.HK)涨5.26%，报9.6港元 2026-06-02. * 港股异动 | 铜业股集体走高 市场担忧美国征收铜进口关税 花旗高盛均上调铜价预测 2026-06-02. * 港股概念追踪|美国大举囤铜抽干全球现货市场 机构看好铜价再创新高（附概念股） 2026-06-02. * 五矿资源（01208.HK）：6月1日南向资金减持109.6万股 2026-06-02. | 净利率 | 15.36% | 8.17% | 2.80% | 7.48% |. | ROIC | 4.25% | 1.52% | 0.09% | 1.73% |. | 三费占比 | 4.66% | 8.72% | 8.43% | 9.50% |. | 财务费用 | 2.89亿 | 3.90亿 | 3.66亿 | 3.09亿 |. | 营收 | 62.18亿  +38.81% | 44.79亿  +3.05% | 43.46亿  +33.56% | 32.54亿  -23.52% |. | 利润(GAAP) | 5.09亿  +214.63% | 1.61亿  +1698.88% | 0.09亿  -94.77% | 1.72亿  -74.15% |. | NOPLAT | 5.09亿 | 1.61亿 | 0.09亿 | 1.72亿 |.,2026-06-03T10:38:16.876681
03690,HK,tavily_search,query=03690 03690 主营业务 年报 收入分部; rank=1; title=美團(03690)首季經調整溢利淨額升36% 收入增25% - Yahoo 財經,rank=1; score=0.71829855; request_id=50adfc69-032f-4e5d-936a-02096dc511c8; url=https://hk.finance.yahoo.com/news/%E7%BE%8E%E5%9C%98-03690-%E9%A6%96%E5%AD%A3%E7%B6%93%E8%AA%BF%E6%95%B4%E6%BA%A2%E5%88%A9%E6%B7%A8%E9%A1%8D%E5%8D%8736-%E6%94%B6%E5%85%A5%E5%A2%9E25-084912846.html; hash=cc5ba1b57183baa9; snippet=其中，核心本地商業分部收入增長27.4%至546億元；經營溢利增長2.7%至97億元，經營利潤率為17.8%。新業務分部收入增長18.5%至187億元；經營虧損收窄至28億元，,https://hk.finance.yahoo.com/news/%E7%BE%8E%E5%9C%98-03690-%E9%A6%96%E5%AD%A3%E7%B6%93%E8%AA%BF%E6%95%B4%E6%BA%A2%E5%88%A9%E6%B7%A8%E9%A1%8D%E5%8D%8736-%E6%94%B6%E5%85%A5%E5%A2%9E25-084912846.html,其中，核心本地商業分部收入增長27.4%至546億元；經營溢利增長2.7%至97億元，經營利潤率為17.8%。新業務分部收入增長18.5%至187億元；經營虧損收窄至28億元，,2026-06-03T10:38:18.774293
03690,HK,tavily_search,query=03690 03690 主营业务 年报 收入分部; rank=2; title=因海外擴張美團(03690)次季經調整盈利大減89% - Yahoo 財經,rank=2; score=0.7173491; request_id=50adfc69-032f-4e5d-936a-02096dc511c8; url=https://hk.finance.yahoo.com/news/%E5%9B%A0%E6%B5%B7%E5%A4%96%E6%93%B4%E5%BC%B5-%E7%BE%8E%E5%9C%98-03690-%E6%AC%A1%E5%AD%A3%E7%B6%93%E8%AA%BF%E6%95%B4%E7%9B%88%E5%88%A9%E5%A4%A7%E6%B8%9B89-085540042.html; hash=51f502493a68bbe4; snippet=新業務方面，分部收入同比增22.8%至265億元，經營虧損率環比改善3.1個百分點至7.1%。 第二季，美團銷售成本同比增27%至614億元，佔收入百分比由58.8%同比增加,https://hk.finance.yahoo.com/news/%E5%9B%A0%E6%B5%B7%E5%A4%96%E6%93%B4%E5%BC%B5-%E7%BE%8E%E5%9C%98-03690-%E6%AC%A1%E5%AD%A3%E7%B6%93%E8%AA%BF%E6%95%B4%E7%9B%88%E5%88%A9%E5%A4%A7%E6%B8%9B89-085540042.html,新業務方面，分部收入同比增22.8%至265億元，經營虧損率環比改善3.1個百分點至7.1%。 第二季，美團銷售成本同比增27%至614億元，佔收入百分比由58.8%同比增加,2026-06-03T10:38:18.774315
03690,HK,tavily_search,query=03690 03690 主营业务 年报 收入分部; rank=3; title=美團(03690)去年第四季經調整虧損150.8億元人民幣 - Yahoo 財經,rank=3; score=0.7125728; request_id=50adfc69-032f-4e5d-936a-02096dc511c8; url=https://hk.finance.yahoo.com/news/%E7%BE%8E%E5%9C%98-03690-%E5%8E%BB%E5%B9%B4%E7%AC%AC%E5%9B%9B%E5%AD%A3%E7%B6%93%E8%AA%BF%E6%95%B4%E8%99%A7%E6%90%8D150-8%E5%84%84%E5%85%83%E4%BA%BA%E6%B0%91%E5%B9%A3-100419762.html; hash=4939a977d679cb82; snippet=儘管受到關停「美团優選」的影響，新業務分部的收入仍由2024年第四季度的229億元，增長18.9%至2025年同期273億元。 公司指，在激烈的市場競爭中，進一步鞏固了,https://hk.finance.yahoo.com/news/%E7%BE%8E%E5%9C%98-03690-%E5%8E%BB%E5%B9%B4%E7%AC%AC%E5%9B%9B%E5%AD%A3%E7%B6%93%E8%AA%BF%E6%95%B4%E8%99%A7%E6%90%8D150-8%E5%84%84%E5%85%83%E4%BA%BA%E6%B0%91%E5%B9%A3-100419762.html,儘管受到關停「美团優選」的影響，新業務分部的收入仍由2024年第四季度的229億元，增長18.9%至2025年同期273億元。 公司指，在激烈的市場競爭中，進一步鞏固了,2026-06-03T10:38:18.774328
03690,HK,tavily_search,query=03690 03690 主营业务 年报 收入分部; rank=4; title=美團(03690)第三季轉虧料第四季經營虧損趨勢延續 - Yahoo 財經,rank=4; score=0.6964752; request_id=50adfc69-032f-4e5d-936a-02096dc511c8; url=https://hk.finance.yahoo.com/news/%E7%BE%8E%E5%9C%98-03690-%E7%AC%AC%E4%B8%89%E5%AD%A3%E8%BD%89%E8%99%A7-%E6%96%99%E7%AC%AC%E5%9B%9B%E5%AD%A3%E7%B6%93%E7%87%9F%E8%99%A7%E6%90%8D%E8%B6%A8%E5%8B%A2%E5%BB%B6%E7%BA%8C-085039215.html; hash=63bc4da73ec2d538; snippet=新業務分部收入同比增15.9%至280億元。分部經營虧損同比增加24.5%至13億元，經營虧損率環比改善2.5個百分點至4.6%。 展望第四,https://hk.finance.yahoo.com/news/%E7%BE%8E%E5%9C%98-03690-%E7%AC%AC%E4%B8%89%E5%AD%A3%E8%BD%89%E8%99%A7-%E6%96%99%E7%AC%AC%E5%9B%9B%E5%AD%A3%E7%B6%93%E7%87%9F%E8%99%A7%E6%90%8D%E8%B6%A8%E5%8B%A2%E5%BB%B6%E7%BA%8C-085039215.html,新業務分部收入同比增15.9%至280億元。分部經營虧損同比增加24.5%至13億元，經營虧損率環比改善2.5個百分點至4.6%。 展望第四,2026-06-03T10:38:18.774338
03690,HK,tavily_search,query=03690 03690 主营业务 年报 收入分部; rank=5; title=富瑞: 美團(03690)首季收入升5.6%符預期經調整虧損低於預期,rank=5; score=0.67166495; request_id=50adfc69-032f-4e5d-936a-02096dc511c8; url=https://hk.finance.yahoo.com/news/%E5%AF%8C%E7%91%9E-%E7%BE%8E%E5%9C%98-03690-%E9%A6%96%E5%AD%A3%E6%94%B6%E5%85%A5%E5%8D%875-6-094946394.html; hash=c17ca9c6f2805e6a; snippet=按業務分部來看，核心本地商業(CLC)收入同比升0.1%(市場共識預期年減1%，富瑞預估持平）。CLC的經營虧損表現則好過富瑞預測。新業務板塊2026年首季經營虧損21,https://hk.finance.yahoo.com/news/%E5%AF%8C%E7%91%9E-%E7%BE%8E%E5%9C%98-03690-%E9%A6%96%E5%AD%A3%E6%94%B6%E5%85%A5%E5%8D%875-6-094946394.html,按業務分部來看，核心本地商業(CLC)收入同比升0.1%(市場共識預期年減1%，富瑞預估持平）。CLC的經營虧損表現則好過富瑞預測。新業務板塊2026年首季經營虧損21,2026-06-03T10:38:18.774349
03690,HK,tavily_search,query=03690 03690 company profile business segments annual report; rank=1; title=Matthews China Fund Amplifies Stake in China Construction Bank ...,"rank=1; score=0.9826909; request_id=fe0cb8a7-010f-48e4-9263-c9bdbe6de87f; url=https://finance.yahoo.com/news/matthews-china-fund-amplifies-stake-180153638.html; hash=f8ca7163b4c2e8b0; snippet=Major holdings included Tencent Holdings Ltd (HKSE:00700), Alibaba Group Holding Ltd (HKSE:09988), and Meituan (HKSE:03690), with significant",https://finance.yahoo.com/news/matthews-china-fund-amplifies-stake-180153638.html,"Major holdings included Tencent Holdings Ltd (HKSE:00700), Alibaba Group Holding Ltd (HKSE:09988), and Meituan (HKSE:03690), with significant",2026-06-03T10:38:20.683925
03690,HK,tavily_search,"query=03690 03690 company profile business segments annual report; rank=2; title=Meituan (3690.HK) Analyst Ratings, Estimates & Forecasts",rank=2; score=0.9458012; request_id=fe0cb8a7-010f-48e4-9263-c9bdbe6de87f; url=https://finance.yahoo.com/quote/3690.HK/analysis; hash=8ae8257ada6ecd3f; snippet=- Best gifts for sister-in-law. - Best birthday gifts for her. - Best get well soon gifts. - Best gifts for mother-in-law. - Best anniversary gifts for wife. - Best Hoka shoes for walking. ### New on Yahoo. - Best streaming device of 2026. # Yahoo Finance. # Meituan (3690.HK). 3690.HK Q1 2026 earnings call. ### Earnings Trends. ### Revenue Estimate. | No. of,https://finance.yahoo.com/quote/3690.HK/analysis,"- Best gifts for sister-in-law. - Best birthday gifts for her. - Best get well soon gifts. - Best gifts for mother-in-law. - Best anniversary gifts for wife. - Best Hoka shoes for walking. ### New on Yahoo. - Best streaming device of 2026. # Yahoo Finance. # Meituan (3690.HK). 3690.HK Q1 2026 earnings call. ### Earnings Trends. ### Revenue Estimate. | No. of Analysts | 14 | 7 | 37 | 34 |. | Sales Growth (year/est) | 5.26% | 9.89% | 10.84% | 13.81% |. ### Earnings Estimate. | Low Estimate | -1.5 | -0.93 | -4.35 | 2.18 |. | High Estimate | -1.03 | -0.51 | 2.03 | 7.37 |. | Year Ago EPS | -- | -- | -3.07 | -0.84 |. | Current Estimate | -1.19 | -0.7 | -0.84 | 4.57 |. | 7 Days Ago | -1.22 | -0.7 | -0.76 | 4.6 |. 9618.HK  JD.com, Inc. 9988.HK  Alibaba Group Holding Limited.",2026-06-03T10:38:20.683940
03690,HK,tavily_search,"query=03690 03690 company profile business segments annual report; rank=3; title=Meituan (3690.HK) Stock Price, News, Quote & History","rank=3; score=0.8056322; request_id=fe0cb8a7-010f-48e4-9263-c9bdbe6de87f; url=https://finance.yahoo.com/quote/3690.HK; hash=77e89aebed23575f; snippet=5.   [News • 10 hours ago AI is carrying the S&P 500 rally](https://finance.yahoo.com/markets/article/ai-is-carrying-the-sp-500-rally-chart-of-the-day-100000546.html?.tsrc=fin-notif). [News • 2 days ago While stellar earnings power stocks to all-time highs, only 60% of S&P 500 stocks are above their 200-day average.](https://finance.yahoo.com/markets/article",https://finance.yahoo.com/quote/3690.HK,"5.   [News • 10 hours ago AI is carrying the S&P 500 rally](https://finance.yahoo.com/markets/article/ai-is-carrying-the-sp-500-rally-chart-of-the-day-100000546.html?.tsrc=fin-notif). [News • 2 days ago While stellar earnings power stocks to all-time highs, only 60% of S&P 500 stocks are above their 200-day average.](https://finance.yahoo.com/markets/article/market-concentration-is-creating-fragility-only-60-of-sp-500-stocks-are-above-their-200-day-average-135336513.html?.tsrc=fin-notif). [Breaking News • 4 days ago The Dow closed above 51,000 for the first time, and the S&P 500 and Nasdaq rose to fresh records as stocks capped a winning month.](https://finance.yahoo.com/markets/live/dow-nasdaq-sp-gain-stock-market-today-friday-may-29-222720284.html?.tsrc=fin-notif). [News • 4 days ago Why Ford stock is suddenly on fire](https://finance.yahoo.com/markets/stocks/article/ford-stock-is-on-fire-as-it-dives-into-energy-storage-131029427.html?.tsrc=fin-notif). [News • 4 days ago US stocks gained at the open as markets awaited an update on US-Iran talks](https://finance.yahoo.com/markets/live/stock-market-today-friday-may-29-222720064.html?.tsrc=fin-notif). [News • 4 days ago 'This is what an AI supercycle looks like.' Dell shares are soaring after a blockbuster quarter and hefty guidance boost.](https://finance.yahoo.com/markets/stocks/article/dell-stock-soars-nearly-40-because-of-the-ai-boom-110544420.html?.tsrc=fin-notif). [News • 6 days ago America's $5 gas threat is back, one analyst says — and it runs through the Strait of Hormuz.](https://finance.yahoo.com/markets/article/gas-prices-could-hit-5-a-gallon-this-summer-unless-hormuz-flows-resume-analyst-says-171603809.html?.tsrc=fin-notif). Here's how.](https://finance.yahoo.com/markets/article/spacex-is-powering-a-new-etf-race-chart-of-the-day-100000512.html?.tsrc=fin-notif). [Unusual volume](https://finance.yahoo.com/markets/stocks/unusual-volume-stocks/). 6.   [Industrials](https://finance.yahoo.com/sectors/industrials/). [More about Meituan](https://finance.yahoo.com/quote/3690.HK/profile/). [](https://finance.yahoo.com/quote/3690.HK/analyst-insights/ ""Analyst Price Targets""). [3690.HK Meituan](https://finance.yahoo.com/quote/3690.HK/). *   [LASE Laser Photonics Corporation 2.4200+1.4925(+160.92%)](https://finance.yahoo.com/quote/LASE/).",2026-06-03T10:38:20.683962
03690,HK,tavily_search,query=03690 03690 company profile business segments annual report; rank=4; title=Meituan (3690.HK) Latest Stock News & Headlines - Yahoo Finance,"rank=4; score=0.7994423; request_id=fe0cb8a7-010f-48e4-9263-c9bdbe6de87f; url=https://finance.yahoo.com/quote/3690.HK/news; hash=6e0c0e6434df8127; snippet=# Meituan (3690.HK). * Alibaba, Tencent Investors Look Past Slow Growth to AI Potential. * Alibaba’s Profit Plunges and the Stock Rises. * JD.com Stock Rises After Earnings. It’s Shrugging Off China’s Price War. * Alibaba Stock Is Getting Hit Again, but Qwen and Cloud Growth Are Surging. * Is It Time To Reassess Meituan (SEHK:3690) After Its Prolonged Share ",https://finance.yahoo.com/quote/3690.HK/news,"# Meituan (3690.HK). * Alibaba, Tencent Investors Look Past Slow Growth to AI Potential. * Alibaba’s Profit Plunges and the Stock Rises. * JD.com Stock Rises After Earnings. It’s Shrugging Off China’s Price War. * Alibaba Stock Is Getting Hit Again, but Qwen and Cloud Growth Are Surging. * Is It Time To Reassess Meituan (SEHK:3690) After Its Prolonged Share Price Slide? After Its Prolonged Share Price Slide?""). * Dingdong Announces Intention to Utilize Substantial Majority of Proceeds from Sale of China Operations for Share Repurchase Plans and/or Dividends upon Closing of Transaction. * Dingdong Announces Entry into Definitive Agreement to Sell its China Business to Meituan. * Assessing Meituan (SEHK:3690) Valuation After Prolonged Share Price Weakness Valuation After Prolonged Share Price Weakness""). * Baidu’s AI Models Continue to Expand with Ernie Assistant Surpassing 200 million Monthly Active Users. * Assessing Meituan (SEHK:3690) Valuation After Flat Year To Date Share Performance Valuation After Flat Year To Date Share Performance"").",2026-06-03T10:38:20.683975
03690,HK,tavily_search,query=03690 03690 company profile business segments annual report; rank=5; title=Is It Time To Reassess Meituan (SEHK:3690) After Its Prolonged Share Price Slide?,"rank=5; score=0.7606507; request_id=fe0cb8a7-010f-48e4-9263-c9bdbe6de87f; url=https://finance.yahoo.com/news/time-reassess-meituan-sehk-3690-011357037.html; hash=2984ac8e4f0d0563; snippet=- Best gifts for sister-in-law. - Best gifts for mother-in-law. * If you are wondering whether Meituan's current share price still reflects its long term potential or if the market has simply become too cautious, a closer look at what you are paying for each unit of business performance can be very revealing. A Discounted Cash Flow, or DCF, model takes estim",https://finance.yahoo.com/news/time-reassess-meituan-sehk-3690-011357037.html,"- Best gifts for sister-in-law. - Best gifts for mother-in-law. * If you are wondering whether Meituan's current share price still reflects its long term potential or if the market has simply become too cautious, a closer look at what you are paying for each unit of business performance can be very revealing. A Discounted Cash Flow, or DCF, model takes estimates of the cash Meituan could generate in the future and discounts those amounts back into today’s money. Head to the Valuation section of our Company Report for more details on how we arrive at this Fair Value for Meituan. Earlier we mentioned that there is an even better way to understand valuation, so let us introduce you to Narratives, which are simply your story about a company tied directly to what you think its future revenue, earnings and margins could be, and the fair value that falls out of those assumptions.",2026-06-03T10:38:20.683987
03690,HK,tavily_search,query=03690 03690 AI 云服务 游戏 铜矿 铁矿 稳定币 业务; rank=1; title=美團(03690)Tabbit AI涉抄襲代碼 已移除相關項目,"rank=1; score=0.42978892; request_id=3119b42a-1b6f-47be-a9fd-1df2623f2db7; url=https://hk.finance.yahoo.com/news/美團-03690-tabbit-ai涉抄襲代碼-已移除相關項目-071758451.html; hash=c16e3ed34195270e; snippet=March 3, 2026 - 美團(03690)旗下光年之外人工智能(AI)團隊GN06日前才公布全新產品Tabbit AI流覽器進入公測後，據報有使用者在社交網站帖文稱Tabbit AI流覽器抄襲其代碼，並列出相關代碼截圖。內地媒體引述Tabbit AI流覽器官方在小紅書貼文稱，關注到社區關於Tabbit流覽器使用「陪讀蛙」(read-frog)源專案代碼及開源合規的討論。團隊對此事高度重視，第一時間對項目的開源和合規情況進行深度自查。於去年12月30日，團隊在開發翻譯功能時關注到read-frog開源項目，該項目倉庫",https://hk.finance.yahoo.com/news/美團-03690-tabbit-ai涉抄襲代碼-已移除相關項目-071758451.html,"March 3, 2026 - 美團(03690)旗下光年之外人工智能(AI)團隊GN06日前才公布全新產品Tabbit AI流覽器進入公測後，據報有使用者在社交網站帖文稱Tabbit AI流覽器抄襲其代碼，並列出相關代碼截圖。內地媒體引述Tabbit AI流覽器官方在小紅書貼文稱，關注到社區關於Tabbit流覽器使用「陪讀蛙」(read-frog)源專案代碼及開源合規的討論。團隊對此事高度重視，第一時間對項目的開源和合規情況進行深度自查。於去年12月30日，團隊在開發翻譯功能時關注到read-frog開源項目，該項目倉庫",2026-06-03T10:38:23.190877
03690,HK,tavily_search,query=03690 03690 AI 云服务 游戏 铜矿 铁矿 稳定币 业务; rank=2; title=美團(03690)發布首款 AI 編程工具 NoCode,"rank=2; score=0.38831696; request_id=3119b42a-1b6f-47be-a9fd-1df2623f2db7; url=https://hk.finance.yahoo.com/news/美團-03690-發布首款-ai-編程工具-123821527.html; hash=3de51b84a981815a; snippet=June 10, 2025 - 美團(03690)正式發布首款 AI Coding Agent(AI編程智能體)產品 NoCode。內地媒體報道,NoCode 相關負責人程大同表示,NoCode 已成為美團員工重要的工作小幫手;在 NoCode 及另一款自研編程工具 CatPaw 的支持下,目前每周約50%的新代碼會由 AI 生成,九成以上的工程師團隊成員會使用 AI 編程工具。這款對話式 AI 編程工具能夠通過多輪自然語言交互,自動完成編碼任務並完成部署,適用於數據分析、產品原型設計、營運工具開發及門戶網站產生等場景,讓零基礎的用戶通過聊天",https://hk.finance.yahoo.com/news/美團-03690-發布首款-ai-編程工具-123821527.html,"June 10, 2025 - 美團(03690)正式發布首款 AI Coding Agent(AI編程智能體)產品 NoCode。內地媒體報道,NoCode 相關負責人程大同表示,NoCode 已成為美團員工重要的工作小幫手;在 NoCode 及另一款自研編程工具 CatPaw 的支持下,目前每周約50%的新代碼會由 AI 生成,九成以上的工程師團隊成員會使用 AI 編程工具。這款對話式 AI 編程工具能夠通過多輪自然語言交互,自動完成編碼任務並完成部署,適用於數據分析、產品原型設計、營運工具開發及門戶網站產生等場景,讓零基礎的用戶通過聊天",2026-06-03T10:38:23.190901
03690,HK,tavily_search,query=03690 03690 AI 云服务 游戏 铜矿 铁矿 稳定币 业务; rank=3; title=美團(03690.HK)首款AI Agent產品「小美」公測,"rank=3; score=0.37168434; request_id=3119b42a-1b6f-47be-a9fd-1df2623f2db7; url=https://hk.finance.yahoo.com/news/美團-03690-hk-首款ai-agent產品-015636896.html; hash=0274f130c327987f; snippet=September 12, 2025 - 抱歉，發生錯誤 · 內媒報道，美團(03690.HK)發布首款人工智能代理(AI Agent)產品「小美」，定位為「小而美的AI生活小秘書」，是基於美團自研模型LongCat-Flash-Chat的全場景AI生活小助手，整合外賣、餐飲、出行、健康、美容等",https://hk.finance.yahoo.com/news/美團-03690-hk-首款ai-agent產品-015636896.html,"September 12, 2025 - 抱歉，發生錯誤 · 內媒報道，美團(03690.HK)發布首款人工智能代理(AI Agent)產品「小美」，定位為「小而美的AI生活小秘書」，是基於美團自研模型LongCat-Flash-Chat的全場景AI生活小助手，整合外賣、餐飲、出行、健康、美容等",2026-06-03T10:38:23.190914
03690,HK,tavily_search,"query=03690 03690 AI 云服务 游戏 铜矿 铁矿 稳定币 业务; rank=4; title=Yahoo Finance - Stock Market Live, Quotes, Business & Finance News",rank=4; score=0.10821744; request_id=3119b42a-1b6f-47be-a9fd-1df2623f2db7; url=https://hk.finance.yahoo.com/topic/finance-cps; hash=44b05dbd2d04b198; snippet=### [財經](https://hk.finance.yahoo.com/). *   [新聞](https://hk.finance.yahoo.com/topic/latest-news/). *   [最新新聞](https://hk.finance.yahoo.com/topic/latest-news/). *   [Tech](https://hk.finance.yahoo.com/topic/tech/). *   [港股](https://hk.finance.yahoo.com/topic/local/). *   [港股首頁](https://hk.finance.yahoo.com/topic/local/). *   [恒指](https://hk.finance.yahoo.com,https://hk.finance.yahoo.com/topic/finance-cps,"### [財經](https://hk.finance.yahoo.com/). *   [新聞](https://hk.finance.yahoo.com/topic/latest-news/). *   [最新新聞](https://hk.finance.yahoo.com/topic/latest-news/). *   [Tech](https://hk.finance.yahoo.com/topic/tech/). *   [港股](https://hk.finance.yahoo.com/topic/local/). *   [港股首頁](https://hk.finance.yahoo.com/topic/local/). *   [恒指](https://hk.finance.yahoo.com/quote/%5EHSI/). *   [美股](https://hk.finance.yahoo.com/topic/global/). *   [美股首頁](https://hk.finance.yahoo.com/topic/global/). *   [道指](https://hk.finance.yahoo.com/quote/%5EDJI/). *   [標普500](https://hk.finance.yahoo.com/quote/%5EGSPC/). *   [納指](https://hk.finance.yahoo.com/quote/%5EIXIC/). *   [行情](https://hk.finance.yahoo.com/markets/). *   [行情總覽](https://hk.finance.yahoo.com/markets/). *   [地產](https://hk.finance.yahoo.com/properties/). *   [地產首頁](https://hk.finance.yahoo.com/properties/). *   [加密貨幣](https://hk.finance.yahoo.com/topic/cryptocurrency/). *   [退休攻略](https://hk.finance.yahoo.com/topic/retirement/). *   [專欄](https://hk.finance.yahoo.com/topic/contributors/). *   [媒體總覽](https://hk.finance.yahoo.com/topic/finance-cps). *   [AASTOCKS](https://hk.finance.yahoo.com/topic/aastocks). *   [Bloomberg](https://hk.finance.yahoo.com/topic/bloomberg). *   [信報財經新聞](https://hk.finance.yahoo.com/topic/hkej). *   [BossMind](https://hk.finance.yahoo.com/topic/BossMind). *   [AM730](https://hk.finance.yahoo.com/topic/AM730). *   [Infocast](https://hk.finance.yahoo.com/topic/infocast). *   [鉅亨網](https://hk.finance.yahoo.com/topic/cnyes). *   [Money Club](https://hk.finance.yahoo.com/topic/hkmoneyclub/). [雅虎香港財經](https://hk.finance.yahoo.com/). *   [財經](https://hk.finance.yahoo.com/). *   [財經](https://hk.finance.yahoo.com/). *   [新聞](https://hk.finance.yahoo.com/topic/latest-news/). *   [港股](https://hk.finance.yahoo.com/topic/local/). *   [美股](https://hk.finance.yahoo.com/topic/global/). *   [行情](https://hk.finance.yahoo.com/markets/). *   [地產](https://hk.finance.yahoo.com/topic/properties/). *   [專欄](https://hk.finance.yahoo.com/topic/contributors/). *   [媒體總覽](https://hk.finance.yahoo.com/topic/finance-cps/). 2.   [新聞](https://hk.finance.yahoo.com/topic/latest-news/). 1.   [最新新聞](https://hk.finance.yahoo.com/topic/latest-news/). 4.   [Tech](https://hk.finance.yahoo.com/topic/tech/). 4.   [港股](https://hk.finance.yahoo.com/topic/local/). 1.   [港股首頁](https://hk.finance.yahoo.com/topic/local/). 2.   [恒指](https://hk.finance.yahoo.com/quote/%5EHSI/). 5.   [美股](https://hk.finance.yahoo.com/topic/global/). 1.   [美股首頁](https://hk.finance.yahoo.com/topic/global/). 3.   [道指](https://hk.finance.yahoo.com/quote/%5EDJI/). 4.   [標普500](https://hk.finance.yahoo.com/quote/%5EGSPC/). 5.   [納指](https://hk.finance.yahoo.com/quote/%5EIXIC/). 8.   [行情](https://hk.finance.yahoo.com/markets/). 1.   [行情總覽](https://hk.finance.yahoo.com/markets/). [地產](https://hk.finance.yahoo.com/properties/). 3.   [加密貨幣](https://hk.finance.yahoo.com/topic/cryptocurrency/). 5.   [退休攻略](https://hk.finance.yahoo.com/topic/retirement/). [專欄](https://hk.finance.yahoo.com/topic/contributors/). [媒體總覽](https://hk.finance.yahoo.com/topic/finance-cps). 2.   [AASTOCKS](https://hk.finance.yahoo.com/topic/aastocks). 3.   [Bloomberg](https://hk.finance.yahoo.com/topic/bloomberg). 4.   [信報財經新聞](https://hk.finance.yahoo.com/topic/hkej). 5.   [BossMind](https://hk.finance.yahoo.com/topic/BossMind). 9.   [AM730](https://hk.finance.yahoo.com/topic/AM730). [Infocast](https://hk.finance.yahoo.com/topic/infocast). [鉅亨網](https://hk.finance.yahoo.com/topic/cnyes). [Money Club](https://hk.finance.yahoo.com/topic/hkmoneyclub/). [恒指](https://hk.finance.yahoo.com/quote/%5EHSI/). [上證綜指](https://hk.finance.yahoo.com/quote/000001.SS/). [標普 500](https://hk.finance.yahoo.com/quote/%5EGSPC/). [日圓](https://hk.finance.yahoo.com/quote/JPYHKD%3DX/). [英鎊](https://hk.finance.yahoo.com/quote/GBPHKD%3DX/). [人民幣](https://hk.finance.yahoo.com/quote/HKDCNY%3DX/). [](https://hk.finance.yahoo.com/topic/finance-cps). 1.   [1](https://hk.finance.yahoo.com/topic/finance-cps/). 2.   [2](https://hk.finance.yahoo.com/topic/finance-cps/2/). 3.   [3](https://hk.finance.yahoo.com/topic/finance-cps/3/). 4.   [4](https://hk.finance.yahoo.com/topic/finance-cps/4/). 5.   [5](https://hk.finance.yahoo.com/topic/finance-cps/5/). 6.   [6](https://hk.finance.yahoo.com/topic/finance-cps/6/). 7.   [7](https://hk.finance.yahoo.com/topic/finance-cps/7/). 8.   [8](https://hk.finance.yahoo.com/topic/finance-cps/8/). 9.   [9](https://hk.finance.yahoo.com/topic/finance-cps/9/). [10](https://hk.finance.yahoo.com/topic/finance-cps/10/). [11](https://hk.finance.yahoo.com/topic/finance-cps/11/). [12](https://hk.finance.yahoo.com/topic/finance-cps/12/). [](https://hk.finance.yahoo.com/topic/finance-cps/2/). [](https://hk.finance.yahoo.com/). [熱門股票代號](https://hk.finance.yahoo.com/trending-tickers). *   [MRVL Marvell Technology, Inc.290.79+71.36(+32.52%)](https://hk.finance.yahoo.com/quote/MRVL/).",2026-06-03T10:38:23.190977
03690,HK,tavily_search,query=03690 03690 AI 云服务 游戏 铜矿 铁矿 稳定币 业务; rank=5; title=來自 Yahoo 財經的股票代號查詢,"rank=5; score=0.06864369; request_id=3119b42a-1b6f-47be-a9fd-1df2623f2db7; url=https://hk.finance.yahoo.com/lookup; hash=10bcb6fee4cfb697; snippet=# 雅虎香港財經. * 上證綜指 4,075.10  +0.43%. * 人民幣 0.8622  -0.06%. * 紐約期油 91.08  -1.17%. * Bitcoin 69,863.60  -3.90%. * XRP USD 1.27  -2.82%. ## 熱門股票代號. | 代號 | 名稱 | 收市價 | 變化 | 變化 % |. | 0700.HK | 騰訊控股 | 479.800 | +43.800 | +10.05% |. | ^HSI | 恒生指數 | 25,945.14 | +546.96 | +2.15% |. | 9988.HK | 阿里巴巴－Ｗ | 129.900 | +7.100 | +5.78% |. | INTC | 英特爾公司 | 109.33 | -5.35 | -4.6",https://hk.finance.yahoo.com/lookup,"# 雅虎香港財經. * 上證綜指 4,075.10  +0.43%. * 人民幣 0.8622  -0.06%. * 紐約期油 91.08  -1.17%. * Bitcoin 69,863.60  -3.90%. * XRP USD 1.27  -2.82%. ## 熱門股票代號. | 代號 | 名稱 | 收市價 | 變化 | 變化 % |. | 0700.HK | 騰訊控股 | 479.800 | +43.800 | +10.05% |. | ^HSI | 恒生指數 | 25,945.14 | +546.96 | +2.15% |. | 9988.HK | 阿里巴巴－Ｗ | 129.900 | +7.100 | +5.78% |. | INTC | 英特爾公司 | 109.33 | -5.35 | -4.67% |. | 1810.HK | 小米集團－Ｗ | 29.520 | +0.800 | +2.79% |. | 2477.HK | 經緯天地 | 0.650 | -0.030 | -4.41% |. | 0939.HK | 建設銀行 | 8.610 | +0.080 | +0.94% |. ## 相關新聞.",2026-06-03T10:38:23.190992
09988,HK,tavily_search,query=09988 09988 主营业务 年报 收入分部; rank=1; title=阿里(09988)第四財季經調整盈利跌24% 收入增9% - Yahoo 財經,rank=1; score=0.9998876; request_id=1f9811ee-4268-4c66-b8e3-ce8849873d1b; url=https://hk.finance.yahoo.com/news/%E9%98%BF%E9%87%8C-09988-%E7%AC%AC%E5%9B%9B%E8%B2%A1%E5%AD%A3%E7%B6%93%E8%AA%BF%E6%95%B4%E7%9B%88%E5%88%A9%E8%B7%8C24-%E6%94%B6%E5%85%A5%E5%A2%9E9-120200661.html; hash=d6faef20f4f0b1d5; snippet=主要由中國商業分部收入同比增長8%至1403.3億元，本地生活服務分部收入同比增長29%至104.4億元，以及雲業務分部收入同比增長12%至189.71億元所驅動。 阿里的,https://hk.finance.yahoo.com/news/%E9%98%BF%E9%87%8C-09988-%E7%AC%AC%E5%9B%9B%E8%B2%A1%E5%AD%A3%E7%B6%93%E8%AA%BF%E6%95%B4%E7%9B%88%E5%88%A9%E8%B7%8C24-%E6%94%B6%E5%85%A5%E5%A2%9E9-120200661.html,主要由中國商業分部收入同比增長8%至1403.3億元，本地生活服務分部收入同比增長29%至104.4億元，以及雲業務分部收入同比增長12%至189.71億元所驅動。 阿里的,2026-06-03T10:38:24.648179
09988,HK,tavily_search,query=09988 09988 主营业务 年报 收入分部; rank=2; title=阿里巴巴(09988)上季經調整利潤跌67% 經調整EBITA 降57%,rank=2; score=0.9987257; request_id=1f9811ee-4268-4c66-b8e3-ce8849873d1b; url=https://hk.finance.yahoo.com/news/%E9%98%BF%E9%87%8C%E5%B7%B4%E5%B7%B4-09988-%E4%B8%8A%E5%AD%A3%E7%B6%93%E8%AA%BF%E6%95%B4%E5%88%A9%E6%BD%A4%E8%B7%8C67-%E7%B6%93%E8%AA%BF%E6%95%B4-ebita-101523390.html; hash=c75b2d49c2d657e5; snippet=阿里巴巴(09988)截至2025年底止第三財季經調整淨利潤167.1 億元人民幣(下同)，同比大減67%。季度收入2848億元，比升2%，經營利潤106.45億元，同比下降74%，,https://hk.finance.yahoo.com/news/%E9%98%BF%E9%87%8C%E5%B7%B4%E5%B7%B4-09988-%E4%B8%8A%E5%AD%A3%E7%B6%93%E8%AA%BF%E6%95%B4%E5%88%A9%E6%BD%A4%E8%B7%8C67-%E7%B6%93%E8%AA%BF%E6%95%B4-ebita-101523390.html,阿里巴巴(09988)截至2025年底止第三財季經調整淨利潤167.1 億元人民幣(下同)，同比大減67%。季度收入2848億元，比升2%，經營利潤106.45億元，同比下降74%，,2026-06-03T10:38:24.648211
09988,HK,tavily_search,query=09988 09988 主营业务 年报 收入分部; rank=3; title=《績後》一文綜合券商於阿里巴巴(09988.HK)公布季業績後最新評級,rank=3; score=0.9986646; request_id=1f9811ee-4268-4c66-b8e3-ce8849873d1b; url=https://hk.finance.yahoo.com/news/%E7%B8%BE%E5%BE%8C-%E6%96%87%E7%B6%9C%E5%90%88%E5%88%B8%E5%95%86%E6%96%BC%E9%98%BF%E9%87%8C%E5%B7%B4%E5%B7%B4-09988-hk-%E5%85%AC%E5%B8%83%E5%AD%A3%E6%A5%AD%E7%B8%BE%E5%BE%8C%E6%9C%80%E6%96%B0%E8%A9%95%E7%B4%9A-041816988.html; hash=4e54e453e9b77e69; snippet=分部來看，中國電商業務集團(包括淘寶/天貓集團、即時零售及中國批發業務)的經調整EBITA較該行預期低12%，而雲業務與國際業務的利潤則略優於預期。,https://hk.finance.yahoo.com/news/%E7%B8%BE%E5%BE%8C-%E6%96%87%E7%B6%9C%E5%90%88%E5%88%B8%E5%95%86%E6%96%BC%E9%98%BF%E9%87%8C%E5%B7%B4%E5%B7%B4-09988-hk-%E5%85%AC%E5%B8%83%E5%AD%A3%E6%A5%AD%E7%B8%BE%E5%BE%8C%E6%9C%80%E6%96%B0%E8%A9%95%E7%B4%9A-041816988.html,分部來看，中國電商業務集團(包括淘寶/天貓集團、即時零售及中國批發業務)的經調整EBITA較該行預期低12%，而雲業務與國際業務的利潤則略優於預期。,2026-06-03T10:38:24.648228
09988,HK,tavily_search,query=09988 09988 主营业务 年报 收入分部; rank=4; title=《業績》阿里(09988.HK)：過去四個季度AI+雲基礎設施資本開支達 ...,rank=4; score=0.9979966; request_id=1f9811ee-4268-4c66-b8e3-ce8849873d1b; url=https://hk.finance.yahoo.com/news/%E6%A5%AD%E7%B8%BE-%E9%98%BF%E9%87%8C-09988-hk-%E9%81%8E%E5%8E%BB%E5%9B%9B%E5%80%8B%E5%AD%A3%E5%BA%A6ai-110113005.html; hash=4b9ca76fbd772828; snippet=阿里巴巴-W(09988.HK)(BABA.US)公布截至9月底止第二財季收入為2477.95億元人民幣(下同)，按年增長4.8%，對比本網綜合16間券商預測介乎2362.29億元,https://hk.finance.yahoo.com/news/%E6%A5%AD%E7%B8%BE-%E9%98%BF%E9%87%8C-09988-hk-%E9%81%8E%E5%8E%BB%E5%9B%9B%E5%80%8B%E5%AD%A3%E5%BA%A6ai-110113005.html,阿里巴巴-W(09988.HK)(BABA.US)公布截至9月底止第二財季收入為2477.95億元人民幣(下同)，按年增長4.8%，對比本網綜合16間券商預測介乎2362.29億元,2026-06-03T10:38:24.648243
09988,HK,tavily_search,query=09988 09988 主营业务 年报 收入分部; rank=5; title=阿里巴巴(09988)第四財季經調整盈利升22.23%,"rank=5; score=0.99773055; request_id=1f9811ee-4268-4c66-b8e3-ce8849873d1b; url=https://hk.finance.yahoo.com/news/%E9%98%BF%E9%87%8C%E5%B7%B4%E5%B7%B4-09988-%E7%AC%AC%E5%9B%9B%E8%B2%A1%E5%AD%A3%E7%B6%93%E8%AA%BF%E6%95%B4%E7%9B%88%E5%88%A9%E5%8D%8722-23-124345420.html; hash=1cf5f0bc7318574a; snippet=阿里巴巴(09988)公布,截至今年3月底止第四財季股東應佔盈利123.82億元人民幣(下同),按年增長2.79倍,每股攤薄盈利0.65元。按非公認會計準則(non-GAAP)",https://hk.finance.yahoo.com/news/%E9%98%BF%E9%87%8C%E5%B7%B4%E5%B7%B4-09988-%E7%AC%AC%E5%9B%9B%E8%B2%A1%E5%AD%A3%E7%B6%93%E8%AA%BF%E6%95%B4%E7%9B%88%E5%88%A9%E5%8D%8722-23-124345420.html,"阿里巴巴(09988)公布,截至今年3月底止第四財季股東應佔盈利123.82億元人民幣(下同),按年增長2.79倍,每股攤薄盈利0.65元。按非公認會計準則(non-GAAP)",2026-06-03T10:38:24.648259
09988,HK,tavily_search,query=09988 09988 company profile business segments annual report; rank=1; title=Alibaba Group Holding Ltd (HKSE:09988) Reports Q4 2025 Result,"rank=1; score=0.6369636; request_id=4c826789-3c27-486e-b778-c911a990a12a; url=https://finance.yahoo.com/news/earnings-watch-alibaba-group-holding-131616372.html; hash=08730e35702231c0; snippet=Alibaba Group Holding Ltd (HKSE:09988) is set to release its Q4 2025 earnings on May 15, 2025. The consensus estimate for Q4 2025 revenue is $257.17 billion.",https://finance.yahoo.com/news/earnings-watch-alibaba-group-holding-131616372.html,"Alibaba Group Holding Ltd (HKSE:09988) is set to release its Q4 2025 earnings on May 15, 2025. The consensus estimate for Q4 2025 revenue is $257.17 billion.",2026-06-03T10:38:26.859949
09988,HK,tavily_search,query=09988 09988 company profile business segments annual report; rank=2; title=Alibaba Group Holding Limited (9988.HK) - Yahoo Finance,"rank=2; score=0.5746579; request_id=4c826789-3c27-486e-b778-c911a990a12a; url=https://finance.yahoo.com/quote/9988.HK; hash=f7e453a725f5eec4; snippet=- Best gifts for sister-in-law. - Best birthday gifts for her. - Best gifts for mother-in-law. - Best anniversary gifts for wife. - Best streaming device of 2026. # Alibaba Group Holding Limited (9988.HK). Alibaba Group Holding Limited, through its subsidiaries, provides technology infrastructure and marketing reach to help merchants, brands, retailers, and ",https://finance.yahoo.com/quote/9988.HK,"- Best gifts for sister-in-law. - Best birthday gifts for her. - Best gifts for mother-in-law. - Best anniversary gifts for wife. - Best streaming device of 2026. # Alibaba Group Holding Limited (9988.HK). Alibaba Group Holding Limited, through its subsidiaries, provides technology infrastructure and marketing reach to help merchants, brands, retailers, and other businesses in the People's Republic of China and internationally. The Alibaba China E-commerce Group segment operates Taobao and Tmall, which are digital retail platforms; Taobao Instant Commerce, a local services and on-demand delivery platform; 1688.com, a domestic wholesale marketplace; and Xianyu, a consumer-to-consumer community and marketplace for idle goods. Its All Others segment comprises Amap, a provider of mobile digital maps, navigation, and real-time traffic information in China; Cainiao, which provides logistics solutions; Youku, an online long-form video platform in China; Freshippo, a retail platform for groceries and fresh goods; and Alibaba Health, a pharmaceutical and healthcare services platform.",2026-06-03T10:38:26.859967
09988,HK,tavily_search,query=09988 09988 company profile business segments annual report; rank=3; title=KraneShares CSI China Internet UCITS ETF (KWEB.MI),rank=3; score=0.46293488; request_id=4c826789-3c27-486e-b778-c911a990a12a; url=https://finance.yahoo.com/quote/KWEB.MI; hash=5fdbb72054c1c623; snippet=Top 10 Holdings (60.26% of Total Assets) ; 09988. 09988 9.09% ; 00700. 00700 8.94% ; 03690. 03690 8.18% ; PDD. PDD Holdings Inc. 7.62% ; 09888. 09888 6.13%.,https://finance.yahoo.com/quote/KWEB.MI,Top 10 Holdings (60.26% of Total Assets) ; 09988. 09988 9.09% ; 00700. 00700 8.94% ; 03690. 03690 8.18% ; PDD. PDD Holdings Inc. 7.62% ; 09888. 09888 6.13%.,2026-06-03T10:38:26.859975
09988,HK,tavily_search,query=09988 09988 company profile business segments annual report; rank=4; title=Alibaba Group Holding Limited (9988.HK) Valuation Measures & Financial Statistics,rank=4; score=0.4598771; request_id=4c826789-3c27-486e-b778-c911a990a12a; url=https://finance.yahoo.com/quote/9988.HK/key-statistics; hash=74de71e1256900a6; snippet=| Revenue Per Share (ttm) | 438.61 |. | Gross Profit (ttm) | 414.37B |. | Total Cash (mrq) | 338.11B |. | Total Cash Per Share (mrq) | 18.21 |. | Current Ratio (mrq) | 1.33 |. | Book Value Per Share (mrq) | 507.49 |. | Operating Cash Flow (ttm) | 94.32B |. | Levered Free Cash Flow (ttm) | -26.12B |. | Shares Outstanding 5 | 19.1B |. | Implied Shares Outstand,https://finance.yahoo.com/quote/9988.HK/key-statistics,"| Revenue Per Share (ttm) | 438.61 |. | Gross Profit (ttm) | 414.37B |. | Total Cash (mrq) | 338.11B |. | Total Cash Per Share (mrq) | 18.21 |. | Current Ratio (mrq) | 1.33 |. | Book Value Per Share (mrq) | 507.49 |. | Operating Cash Flow (ttm) | 94.32B |. | Levered Free Cash Flow (ttm) | -26.12B |. | Shares Outstanding 5 | 19.1B |. | Implied Shares Outstanding 6 | 19.1B |. | Short % of Shares Outstanding 4 | -- |. | Forward Annual Dividend Yield 4 | 0.84% |. | Trailing Annual Dividend Yield 3 | 0.00% |. | 5 Year Average Dividend Yield 4 | -- |. * 5 Shares outstanding is taken from the most recently filed quarterly or annual report and Market Cap is calculated using shares outstanding. It's calculated by taking the number of issued and outstanding shares minus any restricted stock, which may not be publicly traded.",2026-06-03T10:38:26.859984
09988,HK,tavily_search,query=09988 09988 company profile business segments annual report; rank=5; title=Alibaba Group Holding Limited (89988.HK) - Yahoo Finance,"rank=5; score=0.21546665; request_id=4c826789-3c27-486e-b778-c911a990a12a; url=https://finance.yahoo.com/quote/89988.HK; hash=5ea36f77fcd426cd; snippet=Alibaba Group Holding Limited (89988.HK) Stock Price, News, Quote & History - Yahoo Finance. ### [News](https://www.yahoo.com/). * [US](https://www.yahoo.com/news/us/). * [Shopping](https://shopping.yahoo.com/). + [Tech](https://shopping.yahoo.com/tech/). - [Target](https://shopping.yahoo.com/stores/target/). ### [Finance](https://finance.yahoo.com/). * [My ",https://finance.yahoo.com/quote/89988.HK,"Alibaba Group Holding Limited (89988.HK) Stock Price, News, Quote & History - Yahoo Finance. ### [News](https://www.yahoo.com/). * [US](https://www.yahoo.com/news/us/). * [Shopping](https://shopping.yahoo.com/). + [Tech](https://shopping.yahoo.com/tech/). - [Target](https://shopping.yahoo.com/stores/target/). ### [Finance](https://finance.yahoo.com/). * [My Portfolio](https://finance.yahoo.com/portfolios/). * [News](https://finance.yahoo.com/news/). + [Tech](https://finance.yahoo.com/topic/tech/). + [More Topics](https://finance.yahoo.com/news/). - [Earnings](https://finance.yahoo.com/topic/earnings/). * [Markets](https://finance.yahoo.com/markets/). + [Stocks](https://finance.yahoo.com/markets/stocks/). - [Highest dividend](https://finance.yahoo.com/markets/stocks/highest-dividend/). + [Private companies](https://finance.yahoo.com/markets/private-companies/highest-valuation/). + [Sectors](https://finance.yahoo.com/sectors/). - [Industrials](https://finance.yahoo.com/sectors/industrials/). + [Calendar](https://finance.yahoo.com/calendar/). - [Earnings](https://finance.yahoo.com/calendar/earnings/). + [Stock comparison](https://finance.yahoo.com/compare/). * [Community](https://finance.yahoo.com/community/). * [Videos](https://finance.yahoo.com/videos/). * [Watch Now](https://finance.yahoo.com/live/). ### [Sports](https://sports.yahoo.com/). + [Videos](https://sports.yahoo.com/watch/). + [Videos](https://sports.yahoo.com/watch/). + [Videos](https://sports.yahoo.com/watch/). * [Show all](https://sports.yahoo.com/). + [More news](https://sports.yahoo.com/news/). * [Tech](https://tech.yahoo.com/). * [香港繁中](https://hk.yahoo.com/?p=dnr). * [News](https://www.yahoo.com/). * [Finance](https://finance.yahoo.com/). * [Sports](https://sports.yahoo.com/). + [News](https://www.yahoo.com/). - [US](https://www.yahoo.com/news/us/). - [Shopping](https://shopping.yahoo.com/). + [Finance](https://finance.yahoo.com/). - [My portfolio](https://finance.yahoo.com/portfolios/). - [News](https://finance.yahoo.com/news/). - [Markets](https://finance.yahoo.com/markets/). - [Community](https://finance.yahoo.com/community/). - [Videos](https://finance.yahoo.com/videos/). + [Sports](https://sports.yahoo.com/). - [Show all](https://sports.yahoo.com/). 1. [My Portfolio](https://finance.yahoo.com/portfolios/). 2. [News](https://finance.yahoo.com/news/). 7. [Tech](https://finance.yahoo.com/topic/tech/). 2. [Earnings](https://finance.yahoo.com/topic/earnings/). 3. [Markets](https://finance.yahoo.com/markets/). 1. [Stocks](https://finance.yahoo.com/markets/stocks/). 5. [Highest dividend](https://finance.yahoo.com/markets/stocks/highest-dividend/). 3. [Private companies](https://finance.yahoo.com/markets/private-companies/highest-valuation/). 5. [Sectors](https://finance.yahoo.com/sectors/). 6. [Industrials](https://finance.yahoo.com/sectors/industrials/). 3. [Calendar](https://finance.yahoo.com/calendar/). 1. [Earnings](https://finance.yahoo.com/calendar/earnings/). 4. [Stock comparison](https://finance.yahoo.com/compare/). 5. [Community](https://finance.yahoo.com/community/). 1. [My Money   BETA](https://finance.yahoo.com/my-money/). 7. [Videos](https://finance.yahoo.com/videos/). 8. [Watch Now](https://finance.yahoo.com/live/). * [Research](https://finance.yahoo.com/about/promos/silver/?.done=%2Fquote%2F89988.HK%2Fresearch-reports%2F&ncid=100001122 ""Research""). Current   Quarterly  [Annual](https://finance.yahoo.com/about/promos/gold/?.done=%2Fquote%2F89988.HK%2F&ncid=100001118).",2026-06-03T10:38:26.860024
09988,HK,tavily_search,query=09988 09988 AI 云服务 游戏 铜矿 铁矿 稳定币 业务; rank=1; title=《大行》阿里巴巴(09988.HK)投資評級及目標價(表),rank=1; score=0.47957736; request_id=800cca84-e9eb-45e8-b995-3eccea88d65f; url=https://hk.finance.yahoo.com/news/大行-阿里巴巴-09988-hk-投資評級及目標價-093459869.html; hash=4031e84927648eae; snippet=# 雅虎香港財經. # 《大行》阿里巴巴(09988.HK)投資評級及目標價(表). 阿里巴巴-W(09988.HK)將於下周四(20日)公布截至去年12月底止的2025財年第三財季業績，受內地宏觀經濟挑戰及技術務費影GMV表現、行業競爭的影響、在淘天「88VIP」等持續投入以及阿里國際數字商業集團虧損的影響，本網綜合9間券商預測，阿里巴巴2025財年第三財季非公認會計準則淨利潤料介乎464.41億至510.67億元人民幣，對比對上年度同期479.31億元人民幣，按年減少3.1%至增加6.5%，中位數472.42億元人民幣，按年下跌1.5%。 投資者將關注阿里管理層給予最新營運及策略指引：第一是淘天集團線上商品交易總額(GMV)指引，因公司去年11月已任命蔣凡領導新整合成立的電商事業群、國際數字商業集團旗下商家,https://hk.finance.yahoo.com/news/大行-阿里巴巴-09988-hk-投資評級及目標價-093459869.html,# 雅虎香港財經. # 《大行》阿里巴巴(09988.HK)投資評級及目標價(表). 阿里巴巴-W(09988.HK)將於下周四(20日)公布截至去年12月底止的2025財年第三財季業績，受內地宏觀經濟挑戰及技術務費影GMV表現、行業競爭的影響、在淘天「88VIP」等持續投入以及阿里國際數字商業集團虧損的影響，本網綜合9間券商預測，阿里巴巴2025財年第三財季非公認會計準則淨利潤料介乎464.41億至510.67億元人民幣，對比對上年度同期479.31億元人民幣，按年減少3.1%至增加6.5%，中位數472.42億元人民幣，按年下跌1.5%。 投資者將關注阿里管理層給予最新營運及策略指引：第一是淘天集團線上商品交易總額(GMV)指引，因公司去年11月已任命蔣凡領導新整合成立的電商事業群、國際數字商業集團旗下商家改進庫存量單位(SKU)回饋情況、競爭方面，隨著拼多多(PDD.US)、抖音等同業平台加強對商家的補貼力度，以及微信小店崛起，關注競爭格局指引；第二是淘天集團客戶管理收入(CMR)與EBITA展望，觀察利潤率觸底時機；第三是非淘天集團業務未來收支平衡預算時間，重點將是減少虧損的速度；第四是股份回購指引；第五是公司與蘋果公司(AAPL.US)合作在中國內地市場人工智能功能的具體計劃及未來業務機會，而Deepseek火熱將令人工智能運算需求增加，阿里旗下雲智能業務發展及如何定下最新AI業務發展策略等。 下表列出14間券商對阿里巴巴-W(09988.HK)評級及目標價： 券商│投資評級│目標價 富瑞│買入│139港元 花旗│買入│137港元 瑞銀│買入│136港元 華泰證券│買入│134.7港元 麥格理│跑贏大市│133.1港元 滙豐環球研究│買入│125港元 摩根大通│買入│120港元 廣發證券│買入│116.69港元 高盛│買入│114港元 美銀證券│買入│114港元 建銀國際│跑贏大市│109.7港元 第一上海│買入│109港元 中金│跑贏行業│109港元 星展│買入│108港元 下表列出21間券商阿里巴巴(BABA.US)評級及目標價： 券商│投資評級│目標價 富瑞│買入│144美元 瑞銀│買入│140美元 華泰證券│買入│138.5美元 花旗│買入│138美元 麥格理│跑贏大市│136.9美元 野村│買入│130美元 巴克萊│買入│130美元 滙豐環球研究│買入│128美元 海通國際│優於大市│128美元 摩根大通│買入│125美元 里昂│跑贏大市│125美元 廣發證券│買入│119.95美元 高盛│買入│117美元 美銀證券│買入│117美元 建銀國際│跑贏大市│112.5美元 中金│跑贏行業│112美元 第一上海│買入│112美元 交銀國際│買入│111美元 星展│買入│109美元 中銀國際│買入│103.9美元 摩根士丹利│與大市同步│100美元 (fc/w)~ 阿思達克財經新聞 網址: www.aastocks.com. ## 推薦新聞.,2026-06-03T10:38:29.270942
09988,HK,tavily_search,query=09988 09988 AI 云服务 游戏 铜矿 铁矿 稳定币 业务; rank=2; title=《大行》摩通：阿里(09988.HK)季績或重新定義市場觀察指標 降目標價至195元,rank=2; score=0.47928494; request_id=800cca84-e9eb-45e8-b995-3eccea88d65f; url=https://hk.finance.yahoo.com/news/大行-摩通-阿里-09988-hk-022000745.html; hash=df1be12b7f75055d; snippet=# 雅虎香港財經. # 《大行》摩通：阿里(09988.HK)季績或重新定義市場觀察指標 降目標價至195元. 摩根大通研究報告指出，阿里巴巴(09988.HK)將於2026年首季(3月季度)公佈業績，受中國人工智能基礎設施建設前景的提振，其股價已大幅重估，而雲端運算營收增長是主要的財務支撐。市場普遍預期本季客戶管理收入(CMR)將實現4%至9%增長，雲端業務外部收入增長約40%，而「其他業務」虧損100億至150億元人民幣。電商仍是盈利主體，但投資者普遍認為只要能業績「穩定」即可接受。 該行認為，市場對這三項中的兩項預期有誤，認為阿里公佈的客戶管理收入增長率約為1%，而「其他業務」虧損將接近200億元人民幣。預期雲端業務將與預期相符。合併EBITA整體影響偏負，但更重要的是「組成結構」而非幅度。 摩通認為本季,https://hk.finance.yahoo.com/news/大行-摩通-阿里-09988-hk-022000745.html,# 雅虎香港財經. # 《大行》摩通：阿里(09988.HK)季績或重新定義市場觀察指標 降目標價至195元. 摩根大通研究報告指出，阿里巴巴(09988.HK)將於2026年首季(3月季度)公佈業績，受中國人工智能基礎設施建設前景的提振，其股價已大幅重估，而雲端運算營收增長是主要的財務支撐。市場普遍預期本季客戶管理收入(CMR)將實現4%至9%增長，雲端業務外部收入增長約40%，而「其他業務」虧損100億至150億元人民幣。電商仍是盈利主體，但投資者普遍認為只要能業績「穩定」即可接受。 該行認為，市場對這三項中的兩項預期有誤，認為阿里公佈的客戶管理收入增長率約為1%，而「其他業務」虧損將接近200億元人民幣。預期雲端業務將與預期相符。合併EBITA整體影響偏負，但更重要的是「組成結構」而非幅度。 摩通認為本季初期股價將因CMR數字而表現不佳，料公司未來所公布的季績或重新定義市場觀察指標。若公司在財報中披露「可比口徑CMR」，並且投資者聚焦EBITA走勢，跌幅將有限。更持久的風險在於千問投資過度。若管理層能可信地將春節支出框定為「一次性」，並指引未來季度顯著降低支出，本季將成為「出清事件」——合併盈利觸底，之後走勢改善。若不能，市場將開始為「開放式消費AI投資週期」定價，疊加外賣拖累，電商估值將壓縮。該行傾向於前者，但對「千問」未來走勢信心有限。就電商基本面而言，該行信心較高：認為EBITA持平雖不足以單獨推動重估，但方向正面，且隨著競爭基期改善，未來幾季應有進一步提升。 該行維持對阿里(09988.HK)「增持」評級，下調目標價由200港元降至195港元，相當預測2028財年市盈率16倍，其中核心電商按預測2026財年市盈率14倍、雲業務按預測2026財年市盈率6倍作估值。(hc/w)~ 阿思達克財經新聞 網址: www.aastocks.com. ## 推薦新聞.,2026-06-03T10:38:29.270975
09988,HK,tavily_search,query=09988 09988 AI 云服务 游戏 铜矿 铁矿 稳定币 业务; rank=3; title=財經｜全球Top 1% AI科學家許主洪加盟阿里巴巴(09988),"rank=3; score=0.47387698; request_id=800cca84-e9eb-45e8-b995-3eccea88d65f; url=https://hk.finance.yahoo.com/news/財經-全球top-1-ai科學家許主洪加盟阿里巴巴-09988-024626508.html; hash=26934dcfd4ff2511; snippet=February 6, 2025 - 綜合內媒報道，被史丹福...巴（09988），出任阿里集團副總裁， 負責AI To C業務的多模態基礎模型及Agents相關基礎研究與應用解決方案 。 ...",https://hk.finance.yahoo.com/news/財經-全球top-1-ai科學家許主洪加盟阿里巴巴-09988-024626508.html,"February 6, 2025 - 綜合內媒報道，被史丹福...巴（09988），出任阿里集團副總裁， 負責AI To C業務的多模態基礎模型及Agents相關基礎研究與應用解決方案 。 ...",2026-06-03T10:38:29.270988
09988,HK,tavily_search,query=09988 09988 AI 云服务 游戏 铜矿 铁矿 稳定币 业务; rank=4; title=Alibaba Group Holding Limited (9988.HK) - Yahoo Finance,"rank=4; score=0.38477397; request_id=800cca84-e9eb-45e8-b995-3eccea88d65f; url=https://finance.yahoo.com/quote/9988.HK; hash=daf8a8b1117e9108; snippet=- Best gifts for sister-in-law. - Best birthday gifts for her. - Best gifts for mother-in-law. - Best anniversary gifts for wife. - Best streaming device of 2026. # Alibaba Group Holding Limited (9988.HK). Alibaba Group Holding Limited, through its subsidiaries, provides technology infrastructure and marketing reach to help merchants, brands, retailers, and ",https://finance.yahoo.com/quote/9988.HK,"- Best gifts for sister-in-law. - Best birthday gifts for her. - Best gifts for mother-in-law. - Best anniversary gifts for wife. - Best streaming device of 2026. # Alibaba Group Holding Limited (9988.HK). Alibaba Group Holding Limited, through its subsidiaries, provides technology infrastructure and marketing reach to help merchants, brands, retailers, and other businesses in the People's Republic of China and internationally. The Alibaba China E-commerce Group segment operates Taobao and Tmall, which are digital retail platforms; Taobao Instant Commerce, a local services and on-demand delivery platform; 1688.com, a domestic wholesale marketplace; and Xianyu, a consumer-to-consumer community and marketplace for idle goods. Its All Others segment comprises Amap, a provider of mobile digital maps, navigation, and real-time traffic information in China; Cainiao, which provides logistics solutions; Youku, an online long-form video platform in China; Freshippo, a retail platform for groceries and fresh goods; and Alibaba Health, a pharmaceutical and healthcare services platform.",2026-06-03T10:38:29.271000
09988,HK,tavily_search,query=09988 09988 AI 云服务 游戏 铜矿 铁矿 稳定币 业务; rank=5; title=阿里巴巴(09988.HK)旗下盒馬2026財年GMV有望突破千億人民幣,"rank=5; score=0.31185684; request_id=800cca84-e9eb-45e8-b995-3eccea88d65f; url=https://hk.finance.yahoo.com/news/阿里巴巴-09988-hk-旗下盒馬2026財年gmv有望突破千億人民幣-010516032.html; hash=be65401874999c71; snippet=January 2, 2026 - 抱歉，發生錯誤 · 阿里巴巴(09988.HK)旗下盒馬首席執行官嚴筱磊發表的員工信透露，2025年公司整體營收按年增速超過40%。由於盒馬上一財政年度的整體交易額(GMV)超過750億元人民幣(下同)，若增長勢頭延續，2026財年有望實",https://hk.finance.yahoo.com/news/阿里巴巴-09988-hk-旗下盒馬2026財年gmv有望突破千億人民幣-010516032.html,"January 2, 2026 - 抱歉，發生錯誤 · 阿里巴巴(09988.HK)旗下盒馬首席執行官嚴筱磊發表的員工信透露，2025年公司整體營收按年增速超過40%。由於盒馬上一財政年度的整體交易額(GMV)超過750億元人民幣(下同)，若增長勢頭延續，2026財年有望實",2026-06-03T10:38:29.271012
