stock_code,market,source,title,summary,url,raw_text,fetched_at
00001,HK,akshare_eastmoney_company_profile,company_profile,长江和记实业有限公司: CK HUTCHISON HOLDINGS LIMITED,,长江和记实业有限公司: CK HUTCHISON HOLDINGS LIMITED,2026-06-04T15:42:35.752850
00002,HK,akshare_eastmoney_company_profile,company_profile,中电控股有限公司: CLP Holdings Limited,,中电控股有限公司: CLP Holdings Limited,2026-06-04T15:42:35.979408
00003,HK,akshare_eastmoney_company_profile,company_profile,香港中华煤气有限公司: Hong Kong And China Gas Company Limited,,香港中华煤气有限公司: Hong Kong And China Gas Company Limited,2026-06-04T15:42:36.070624
00004,HK,akshare_eastmoney_company_profile,company_profile,九龙仓集团有限公司: The Wharf (Holdings) Limited,,九龙仓集团有限公司: The Wharf (Holdings) Limited,2026-06-04T15:42:36.180553
00005,HK,akshare_eastmoney_company_profile,company_profile,汇丰控股有限公司: HSBC Holdings Plc,,汇丰控股有限公司: HSBC Holdings Plc,2026-06-04T15:42:36.435119
00006,HK,akshare_eastmoney_company_profile,company_profile,电能实业有限公司: Power Assets Holdings Limited,,电能实业有限公司: Power Assets Holdings Limited,2026-06-04T15:42:36.530190
00007,HK,akshare_eastmoney_company_profile,company_profile,智富资源投资控股集团有限公司: Wisdom Wealth Resources Investment Holding Group Limited,,智富资源投资控股集团有限公司: Wisdom Wealth Resources Investment Holding Group Limited,2026-06-04T15:42:36.623103
00008,HK,akshare_eastmoney_company_profile,company_profile,电讯盈科有限公司: Pccw Limited,,电讯盈科有限公司: Pccw Limited,2026-06-04T15:42:36.716797
00009,HK,akshare_eastmoney_company_profile,company_profile,金奥国际股份有限公司: KEYNE LTD,,金奥国际股份有限公司: KEYNE LTD,2026-06-04T15:42:36.877164
00010,HK,akshare_eastmoney_company_profile,company_profile,恒隆集团有限公司: Hang Lung Group Limited,,恒隆集团有限公司: Hang Lung Group Limited,2026-06-04T15:42:36.973936
00012,HK,akshare_eastmoney_company_profile,company_profile,恒基兆业地产有限公司: Henderson Land Development Company Limited,,恒基兆业地产有限公司: Henderson Land Development Company Limited,2026-06-04T15:42:37.065299
00013,HK,akshare_eastmoney_company_profile,company_profile,和黄医药(中国)有限公司: HUTCHMED (China) Limited,,和黄医药(中国)有限公司: HUTCHMED (China) Limited,2026-06-04T15:42:37.159083
00014,HK,akshare_eastmoney_company_profile,company_profile,希慎兴业有限公司: Hysan Development Company Limited,,希慎兴业有限公司: Hysan Development Company Limited,2026-06-04T15:42:37.274056
00016,HK,akshare_eastmoney_company_profile,company_profile,新鸿基地产发展有限公司: Sun Hung Kai Properties Limited,,新鸿基地产发展有限公司: Sun Hung Kai Properties Limited,2026-06-04T15:42:37.377564
00017,HK,akshare_eastmoney_company_profile,company_profile,新世界发展有限公司: New World Development Company Limited,,新世界发展有限公司: New World Development Company Limited,2026-06-04T15:42:37.480594
00018,HK,akshare_eastmoney_company_profile,company_profile,东方传媒集团有限公司: Oriental Media Group Limited,,东方传媒集团有限公司: Oriental Media Group Limited,2026-06-04T15:42:37.579552
00019,HK,akshare_eastmoney_company_profile,company_profile,太古股份有限公司A: Swire Pacific Limited A,,太古股份有限公司A: Swire Pacific Limited A,2026-06-04T15:42:37.669024
00020,HK,akshare_eastmoney_company_profile,company_profile,商汤集团股份有限公司: SenseTime Group Inc.,,商汤集团股份有限公司: SenseTime Group Inc.,2026-06-04T15:42:37.758986
00021,HK,akshare_eastmoney_company_profile,company_profile,大中华控股(香港)有限公司: Great China Holdings (Hong Kong) Limited,,大中华控股(香港)有限公司: Great China Holdings (Hong Kong) Limited,2026-06-04T15:42:37.849384
00022,HK,akshare_eastmoney_company_profile,company_profile,茂盛控股有限公司: Mexan Limited,,茂盛控股有限公司: Mexan Limited,2026-06-04T15:42:37.940656
00023,HK,akshare_eastmoney_company_profile,company_profile,东亚银行有限公司: The Bank of East Asia Limited,,东亚银行有限公司: The Bank of East Asia Limited,2026-06-04T15:42:38.039387
00025,HK,akshare_eastmoney_company_profile,company_profile,其士国际集团有限公司: Chevalier International Holdings Ltd.,,其士国际集团有限公司: Chevalier International Holdings Ltd.,2026-06-04T15:42:38.131708
00026,HK,akshare_eastmoney_company_profile,company_profile,"中华汽车有限公司: China Motor Bus Co., Ltd.",,"中华汽车有限公司: China Motor Bus Co., Ltd.",2026-06-04T15:42:38.245725
00027,HK,akshare_eastmoney_company_profile,company_profile,银河娱乐集团有限公司: Galaxy Entertainment Group Limited,,银河娱乐集团有限公司: Galaxy Entertainment Group Limited,2026-06-04T15:42:38.347563
00028,HK,akshare_eastmoney_company_profile,company_profile,天安中国投资有限公司: Tian An China Investments Company Limited,,天安中国投资有限公司: Tian An China Investments Company Limited,2026-06-04T15:42:38.447060
00029,HK,akshare_eastmoney_company_profile,company_profile,达力集团有限公司: Dynamic Holdings Ltd.,,达力集团有限公司: Dynamic Holdings Ltd.,2026-06-04T15:42:38.537935
00030,HK,akshare_eastmoney_company_profile,company_profile,云白国际有限公司: YNBY International Limited,,云白国际有限公司: YNBY International Limited,2026-06-04T15:42:38.641302
00031,HK,akshare_eastmoney_company_profile,company_profile,中国航天国际控股有限公司: China Aerospace International Holdings Limited,,中国航天国际控股有限公司: China Aerospace International Holdings Limited,2026-06-04T15:42:38.767699
00032,HK,akshare_eastmoney_company_profile,company_profile,港通控股有限公司: The Cross-Harbour (Holdings) Ltd.,,港通控股有限公司: The Cross-Harbour (Holdings) Ltd.,2026-06-04T15:42:38.867812
00033,HK,akshare_eastmoney_company_profile,company_profile,International Genius Company: International Genius Company,,International Genius Company: International Genius Company,2026-06-04T15:42:38.966751
00034,HK,akshare_eastmoney_company_profile,company_profile,九龙建业有限公司: Kowloon Development Company Limited,,九龙建业有限公司: Kowloon Development Company Limited,2026-06-04T15:42:39.068166
00035,HK,akshare_eastmoney_company_profile,company_profile,远东发展有限公司: Far East Consortium International Limited,,远东发展有限公司: Far East Consortium International Limited,2026-06-04T15:42:39.160230
00036,HK,akshare_eastmoney_company_profile,company_profile,远东控股国际有限公司: Far East Holdings International Limited,,远东控股国际有限公司: Far East Holdings International Limited,2026-06-04T15:42:39.261019
00037,HK,akshare_eastmoney_company_profile,company_profile,远东酒店实业有限公司: Far East Hotels And Entertainment Limited,,远东酒店实业有限公司: Far East Hotels And Entertainment Limited,2026-06-04T15:42:39.352057
00038,HK,akshare_eastmoney_company_profile,company_profile,第一拖拉机股份有限公司: First Tractor Company Limited,,第一拖拉机股份有限公司: First Tractor Company Limited,2026-06-04T15:42:39.574515
00039,HK,akshare_eastmoney_company_profile,company_profile,中国北大荒产业集团控股有限公司: China Beidahuang Industry Group Holdings Limited,,中国北大荒产业集团控股有限公司: China Beidahuang Industry Group Holdings Limited,2026-06-04T15:42:39.680603
00040,HK,akshare_eastmoney_company_profile,company_profile,金山科技工业有限公司: Gold Peak Technology Group Limited,,金山科技工业有限公司: Gold Peak Technology Group Limited,2026-06-04T15:42:39.798260
00041,HK,akshare_eastmoney_company_profile,company_profile,鹰君集团有限公司: Great Eagle Holdings Limited,,鹰君集团有限公司: Great Eagle Holdings Limited,2026-06-04T15:42:39.895902
00042,HK,akshare_eastmoney_company_profile,company_profile,东北电气发展股份有限公司: Northeast Electric Development Company Limited,,东北电气发展股份有限公司: Northeast Electric Development Company Limited,2026-06-04T15:42:39.991092
00045,HK,akshare_eastmoney_company_profile,company_profile,"香港上海大酒店有限公司: The Hongkong and Shanghai Hotels, Ltd.",,"香港上海大酒店有限公司: The Hongkong and Shanghai Hotels, Ltd.",2026-06-04T15:42:40.090618
00046,HK,akshare_eastmoney_company_profile,company_profile,科联系统集团有限公司: Computer And Technologies Holdings Ltd.,,科联系统集团有限公司: Computer And Technologies Holdings Ltd.,2026-06-04T15:42:40.178978
00048,HK,akshare_eastmoney_company_profile,company_profile,中国汽车内饰集团有限公司: CHINA AUTOMOTIVE INTERIOR DECORATION HOLDINGS LIMITED,,中国汽车内饰集团有限公司: CHINA AUTOMOTIVE INTERIOR DECORATION HOLDINGS LIMITED,2026-06-04T15:42:40.441044
00050,HK,akshare_eastmoney_company_profile,company_profile,香港小轮(集团)有限公司: Hong Kong Ferry (Holdings) Co. Ltd.,,香港小轮(集团)有限公司: Hong Kong Ferry (Holdings) Co. Ltd.,2026-06-04T15:42:40.577855
00051,HK,akshare_eastmoney_company_profile,company_profile,海港企业有限公司: Harbour Centre Development Ltd.,,海港企业有限公司: Harbour Centre Development Ltd.,2026-06-04T15:42:40.681215
00052,HK,akshare_eastmoney_company_profile,company_profile,大快活集团有限公司: Fairwood Holdings Ltd.,,大快活集团有限公司: Fairwood Holdings Ltd.,2026-06-04T15:42:40.771832
00053,HK,akshare_eastmoney_company_profile,company_profile,国浩集团有限公司: Guoco Group Limited,,国浩集团有限公司: Guoco Group Limited,2026-06-04T15:42:40.856817
00055,HK,akshare_eastmoney_company_profile,company_profile,中星集团控股有限公司: Neway Group Holdings Limited,,中星集团控股有限公司: Neway Group Holdings Limited,2026-06-04T15:42:40.957666
00057,HK,akshare_eastmoney_company_profile,company_profile,震雄集团有限公司: Chen Hsong Holdings Limited,,震雄集团有限公司: Chen Hsong Holdings Limited,2026-06-04T15:42:41.067527
00058,HK,akshare_eastmoney_company_profile,company_profile,新威国际控股有限公司: Sunway International Holdings Limited,,新威国际控股有限公司: Sunway International Holdings Limited,2026-06-04T15:42:41.167201
00059,HK,akshare_eastmoney_company_profile,company_profile,天誉置业(控股)有限公司: Skyfame Realty (Holdings) Limited,,天誉置业(控股)有限公司: Skyfame Realty (Holdings) Limited,2026-06-04T15:42:41.268604
00060,HK,akshare_eastmoney_company_profile,company_profile,香港食品投资控股有限公司: Hong Kong Food Investment Holdings Limited,,香港食品投资控股有限公司: Hong Kong Food Investment Holdings Limited,2026-06-04T15:42:41.362048
00061,HK,akshare_eastmoney_company_profile,company_profile,绿领控股集团有限公司: Green Leader Holdings Group Limited,,绿领控股集团有限公司: Green Leader Holdings Group Limited,2026-06-04T15:42:41.465438
00062,HK,akshare_eastmoney_company_profile,company_profile,载通国际控股有限公司: Transport International Holdings Limited,,载通国际控股有限公司: Transport International Holdings Limited,2026-06-04T15:42:41.571335
00063,HK,akshare_eastmoney_company_profile,company_profile,中亚烯谷集团有限公司: China Asia Valley Group Limited,,中亚烯谷集团有限公司: China Asia Valley Group Limited,2026-06-04T15:42:41.697687
00064,HK,akshare_eastmoney_company_profile,company_profile,结好控股有限公司: Get Nice Holdings Ltd.,,结好控股有限公司: Get Nice Holdings Ltd.,2026-06-04T15:42:41.800479
00065,HK,akshare_eastmoney_company_profile,company_profile,弘海高新资源有限公司: Grand Ocean Advanced Resources Company Limited,,弘海高新资源有限公司: Grand Ocean Advanced Resources Company Limited,2026-06-04T15:42:41.896301
00066,HK,akshare_eastmoney_company_profile,company_profile,香港铁路有限公司: MTR Corporation Ltd.,,香港铁路有限公司: MTR Corporation Ltd.,2026-06-04T15:42:41.990619
00068,HK,akshare_eastmoney_company_profile,company_profile,群核科技: Manycore Tech Inc.,,群核科技: Manycore Tech Inc.,2026-06-04T15:42:42.188969
00069,HK,akshare_eastmoney_company_profile,company_profile,香格里拉(亚洲)有限公司: Shangri-La Asia Ltd.,,香格里拉(亚洲)有限公司: Shangri-La Asia Ltd.,2026-06-04T15:42:42.297068
00070,HK,akshare_eastmoney_company_profile,company_profile,金粤控股有限公司: Rich Goldman Holdings Limited,,金粤控股有限公司: Rich Goldman Holdings Limited,2026-06-04T15:42:42.388368
00071,HK,akshare_eastmoney_company_profile,company_profile,美丽华酒店企业有限公司: Miramar Hotel & Investment Co. Ltd.,,美丽华酒店企业有限公司: Miramar Hotel & Investment Co. Ltd.,2026-06-04T15:42:42.482226
00072,HK,akshare_eastmoney_company_profile,company_profile,超媒体控股有限公司: Meta Media Holdings Limited,,超媒体控股有限公司: Meta Media Holdings Limited,2026-06-04T15:42:42.573660
00073,HK,akshare_eastmoney_company_profile,company_profile,亚洲果业控股有限公司: ASIAN CITRUS HOLDINGS LIMITED,,亚洲果业控股有限公司: ASIAN CITRUS HOLDINGS LIMITED,2026-06-04T15:42:42.674052
00075,HK,akshare_eastmoney_company_profile,company_profile,渝太地产集团有限公司: Y. T. Realty Group Ltd.,,渝太地产集团有限公司: Y. T. Realty Group Ltd.,2026-06-04T15:42:42.781373
00076,HK,akshare_eastmoney_company_profile,company_profile,谊砾控股有限公司: Elate Holdings Limited,,谊砾控股有限公司: Elate Holdings Limited,2026-06-04T15:42:42.880522
00077,HK,akshare_eastmoney_company_profile,company_profile,进智公共交通控股有限公司: AMS Public Transport Holdings Ltd.,,进智公共交通控股有限公司: AMS Public Transport Holdings Ltd.,2026-06-04T15:42:42.980679
00078,HK,akshare_eastmoney_company_profile,company_profile,富豪酒店国际控股有限公司: Regal Hotels International Holdings Ltd.,,富豪酒店国际控股有限公司: Regal Hotels International Holdings Ltd.,2026-06-04T15:42:43.168729
00079,HK,akshare_eastmoney_company_profile,company_profile,世纪建业(集团)有限公司: Century Legend (Holdings) Ltd.,,世纪建业(集团)有限公司: Century Legend (Holdings) Ltd.,2026-06-04T15:42:43.270793
00080,HK,akshare_eastmoney_company_profile,company_profile,CAI控股: CAI Corp,,CAI控股: CAI Corp,2026-06-04T15:42:43.367966
00081,HK,akshare_eastmoney_company_profile,company_profile,中国海外宏洋集团有限公司: China Overseas Grand Oceans Group Limited,,中国海外宏洋集团有限公司: China Overseas Grand Oceans Group Limited,2026-06-04T15:42:43.462544
00082,HK,akshare_eastmoney_company_profile,company_profile,疯狂体育集团有限公司: Crazy Sports Group Limited,,疯狂体育集团有限公司: Crazy Sports Group Limited,2026-06-04T15:42:43.557537
00083,HK,akshare_eastmoney_company_profile,company_profile,信和置业有限公司: Sino Land Co. Ltd.,,信和置业有限公司: Sino Land Co. Ltd.,2026-06-04T15:42:43.654218
00084,HK,akshare_eastmoney_company_profile,company_profile,宝光实业(国际)有限公司: Stelux Holdings International Ltd.,,宝光实业(国际)有限公司: Stelux Holdings International Ltd.,2026-06-04T15:42:43.751840
00085,HK,akshare_eastmoney_company_profile,company_profile,中国电子华大科技有限公司: China Electronics Huada Technology Company Limited,,中国电子华大科技有限公司: China Electronics Huada Technology Company Limited,2026-06-04T15:42:43.849260
00086,HK,akshare_eastmoney_company_profile,company_profile,新鸿基有限公司: Sun Hung Kai & Co. Ltd.,,新鸿基有限公司: Sun Hung Kai & Co. Ltd.,2026-06-04T15:42:44.390685
00087,HK,akshare_eastmoney_company_profile,company_profile,太古股份有限公司B: Swire Pacific Ltd.,,太古股份有限公司B: Swire Pacific Ltd.,2026-06-04T15:42:44.742776
00088,HK,akshare_eastmoney_company_profile,company_profile,大昌集团有限公司: Tai Cheung Holdings Ltd.,,大昌集团有限公司: Tai Cheung Holdings Ltd.,2026-06-04T15:42:44.846316
00089,HK,akshare_eastmoney_company_profile,company_profile,大生地产发展有限公司: Tai Sang Land Development Ltd.,,大生地产发展有限公司: Tai Sang Land Development Ltd.,2026-06-04T15:42:44.997303
00090,HK,akshare_eastmoney_company_profile,company_profile,普星能量有限公司: Puxing Energy Limited,,普星能量有限公司: Puxing Energy Limited,2026-06-04T15:42:45.115256
00092,HK,akshare_eastmoney_company_profile,company_profile,冠军科技集团有限公司: Champion Technology Holdings Limited,,冠军科技集团有限公司: Champion Technology Holdings Limited,2026-06-04T15:42:45.205604
00093,HK,akshare_eastmoney_company_profile,company_profile,零在科技金融集团有限公司: Zero Fintech Group Limited,,零在科技金融集团有限公司: Zero Fintech Group Limited,2026-06-04T15:42:45.307748
00094,HK,akshare_eastmoney_company_profile,company_profile,绿心集团有限公司: Greenheart Group Limited,,绿心集团有限公司: Greenheart Group Limited,2026-06-04T15:42:45.401128
00095,HK,akshare_eastmoney_company_profile,company_profile,绿景(中国)地产投资有限公司: LVGEM (China) Real Estate Investment Company Limited,,绿景(中国)地产投资有限公司: LVGEM (China) Real Estate Investment Company Limited,2026-06-04T15:42:45.500245
00096,HK,akshare_eastmoney_company_profile,company_profile,友成控股有限公司: YUSEI HOLDINGS LIMITED,,友成控股有限公司: YUSEI HOLDINGS LIMITED,2026-06-04T15:42:45.601709
00097,HK,akshare_eastmoney_company_profile,company_profile,恒基兆业发展有限公司: Henderson Investment Ltd.,,恒基兆业发展有限公司: Henderson Investment Ltd.,2026-06-04T15:42:45.709464
00098,HK,akshare_eastmoney_company_profile,company_profile,兴发铝业控股有限公司: Xingfa Aluminium Holdings Ltd,,兴发铝业控股有限公司: Xingfa Aluminium Holdings Ltd,2026-06-04T15:42:45.799630
00099,HK,akshare_eastmoney_company_profile,company_profile,王氏国际集团有限公司: Wong's International Holdings Limited,,王氏国际集团有限公司: Wong's International Holdings Limited,2026-06-04T15:42:45.898300
00100,HK,akshare_eastmoney_company_profile,company_profile,MiniMax Group Inc.: MiniMax Group Inc.,,MiniMax Group Inc.: MiniMax Group Inc.,2026-06-04T15:42:45.990973
00101,HK,akshare_eastmoney_company_profile,company_profile,恒隆地产有限公司: Hang Lung Properties Ltd.,,恒隆地产有限公司: Hang Lung Properties Ltd.,2026-06-04T15:42:46.198372
00103,HK,akshare_eastmoney_company_profile,company_profile,首佳科技制造有限公司: Shougang Century Holdings Limited,,首佳科技制造有限公司: Shougang Century Holdings Limited,2026-06-04T15:42:46.300113
00104,HK,akshare_eastmoney_company_profile,company_profile,冠亚商业集团有限公司: Asia Commercial Holdings Ltd.,,冠亚商业集团有限公司: Asia Commercial Holdings Ltd.,2026-06-04T15:42:46.398866
00105,HK,akshare_eastmoney_company_profile,company_profile,凯联国际酒店有限公司: Associated International Hotels Ltd.,,凯联国际酒店有限公司: Associated International Hotels Ltd.,2026-06-04T15:42:46.489121
00106,HK,akshare_eastmoney_company_profile,company_profile,朗诗绿色管理有限公司: Landsea Green Management Limited,,朗诗绿色管理有限公司: Landsea Green Management Limited,2026-06-04T15:42:46.585421
00107,HK,akshare_eastmoney_company_profile,company_profile,四川成渝高速公路股份有限公司: Sichuan Expressway Company Limited,,四川成渝高速公路股份有限公司: Sichuan Expressway Company Limited,2026-06-04T15:42:46.884754
00108,HK,akshare_eastmoney_company_profile,company_profile,国锐生活有限公司: GR Life Style Company Limited,,国锐生活有限公司: GR Life Style Company Limited,2026-06-04T15:42:46.981968
00110,HK,akshare_eastmoney_company_profile,company_profile,中国长远控股有限公司: China Fortune Holdings Limited,,中国长远控股有限公司: China Fortune Holdings Limited,2026-06-04T15:42:47.295836
00111,HK,akshare_eastmoney_company_profile,company_profile,信达国际控股有限公司: Cinda International Holdings Limited,,信达国际控股有限公司: Cinda International Holdings Limited,2026-06-04T15:42:47.394490
00113,HK,akshare_eastmoney_company_profile,company_profile,迪生创建(国际)有限公司: Dickson Concepts (International) Ltd.,,迪生创建(国际)有限公司: Dickson Concepts (International) Ltd.,2026-06-04T15:42:47.496617
00114,HK,akshare_eastmoney_company_profile,company_profile,兴利集团有限公司: Herald Holdings Ltd.,,兴利集团有限公司: Herald Holdings Ltd.,2026-06-04T15:42:47.598021
00115,HK,akshare_eastmoney_company_profile,company_profile,钧濠集团有限公司: Grand Field Group Holdings Ltd.,,钧濠集团有限公司: Grand Field Group Holdings Ltd.,2026-06-04T15:42:47.690955
00116,HK,akshare_eastmoney_company_profile,company_profile,周生生集团国际有限公司: Chow Sang Sang Holdings International Ltd.,,周生生集团国际有限公司: Chow Sang Sang Holdings International Ltd.,2026-06-04T15:42:47.782540
00117,HK,akshare_eastmoney_company_profile,company_profile,天利控股集团有限公司: Tianli Holdings Group Limited,,天利控股集团有限公司: Tianli Holdings Group Limited,2026-06-04T15:42:47.881791
00118,HK,akshare_eastmoney_company_profile,company_profile,大同机械企业有限公司: Cosmos Machinery Enterprises Ltd.,,大同机械企业有限公司: Cosmos Machinery Enterprises Ltd.,2026-06-04T15:42:48.020139
00119,HK,akshare_eastmoney_company_profile,company_profile,"保利置业集团有限公司: Poly Property Group Co., Limited",,"保利置业集团有限公司: Poly Property Group Co., Limited",2026-06-04T15:42:48.118525
00120,HK,akshare_eastmoney_company_profile,company_profile,四海国际集团有限公司: Cosmopolitan International Holdings Ltd.,,四海国际集团有限公司: Cosmopolitan International Holdings Ltd.,2026-06-04T15:42:48.218692
00122,HK,akshare_eastmoney_company_profile,company_profile,鳄鱼恤有限公司: Crocodile Garments Ltd.,,鳄鱼恤有限公司: Crocodile Garments Ltd.,2026-06-04T15:42:48.421274
00123,HK,akshare_eastmoney_company_profile,company_profile,越秀地产股份有限公司: Yuexiu Property Company Limited,,越秀地产股份有限公司: Yuexiu Property Company Limited,2026-06-04T15:42:48.576822
00124,HK,akshare_eastmoney_company_profile,company_profile,粤海置地控股有限公司: Guangdong Land Holdings Limited,,粤海置地控股有限公司: Guangdong Land Holdings Limited,2026-06-04T15:42:48.676402
00125,HK,akshare_eastmoney_company_profile,company_profile,新兴光学集团控股有限公司: Sun Hing Vision Group Holdings Limited,,新兴光学集团控股有限公司: Sun Hing Vision Group Holdings Limited,2026-06-04T15:42:48.787659
00126,HK,akshare_eastmoney_company_profile,company_profile,佳宁娜集团控股有限公司: Carrianna Group Holdings Company Limited,,佳宁娜集团控股有限公司: Carrianna Group Holdings Company Limited,2026-06-04T15:42:49.042550
00127,HK,akshare_eastmoney_company_profile,company_profile,华人置业集团有限公司: Chinese Estates Holdings Limited,,华人置业集团有限公司: Chinese Estates Holdings Limited,2026-06-04T15:42:49.143735
00128,HK,akshare_eastmoney_company_profile,company_profile,安宁控股有限公司: ENM Holdings Limited,,安宁控股有限公司: ENM Holdings Limited,2026-06-04T15:42:49.500672
00129,HK,akshare_eastmoney_company_profile,company_profile,泛海国际集团有限公司: Asia Standard International Group Limited,,泛海国际集团有限公司: Asia Standard International Group Limited,2026-06-04T15:42:49.597933
00130,HK,akshare_eastmoney_company_profile,company_profile,慕诗国际集团有限公司: Moiselle International Holdings Ltd,,慕诗国际集团有限公司: Moiselle International Holdings Ltd,2026-06-04T15:42:49.712951
00131,HK,akshare_eastmoney_company_profile,company_profile,卓能(集团)有限公司: Cheuk Nang (Holdings) Ltd.,,卓能(集团)有限公司: Cheuk Nang (Holdings) Ltd.,2026-06-04T15:42:49.805754
00132,HK,akshare_eastmoney_company_profile,company_profile,兴业控股有限公司: Hing Yip Holdings Limited,,兴业控股有限公司: Hing Yip Holdings Limited,2026-06-04T15:42:49.904827
00133,HK,akshare_eastmoney_company_profile,company_profile,招商局中国基金有限公司: China Merchants China Direct Investments Ltd.,,招商局中国基金有限公司: China Merchants China Direct Investments Ltd.,2026-06-04T15:42:49.996670
00135,HK,akshare_eastmoney_company_profile,company_profile,昆仑能源有限公司: Kunlun Energy Company Limited,,昆仑能源有限公司: Kunlun Energy Company Limited,2026-06-04T15:42:50.104670
00136,HK,akshare_eastmoney_company_profile,company_profile,中国儒意控股有限公司: China Ruyi Holdings Limited,,中国儒意控股有限公司: China Ruyi Holdings Limited,2026-06-04T15:42:50.214922
00137,HK,akshare_eastmoney_company_profile,company_profile,金辉集团有限公司: Jinhui Holdings Company Limited,,金辉集团有限公司: Jinhui Holdings Company Limited,2026-06-04T15:42:50.311668
00138,HK,akshare_eastmoney_company_profile,company_profile,中建富通集团有限公司: CCT Fortis Holdings Limited,,中建富通集团有限公司: CCT Fortis Holdings Limited,2026-06-04T15:42:50.395621
00139,HK,akshare_eastmoney_company_profile,company_profile,小鱼盈通控股有限公司: Smart Fish Wealthlink Holdings Limited,,小鱼盈通控股有限公司: Smart Fish Wealthlink Holdings Limited,2026-06-04T15:42:50.503319
00142,HK,akshare_eastmoney_company_profile,company_profile,第一太平有限公司: First Pacific Company Limited,,第一太平有限公司: First Pacific Company Limited,2026-06-04T15:42:50.598570
00144,HK,akshare_eastmoney_company_profile,company_profile,招商局港口控股有限公司: China Merchants Port Holdings Company Limited,,招商局港口控股有限公司: China Merchants Port Holdings Company Limited,2026-06-04T15:42:50.700431
00145,HK,akshare_eastmoney_company_profile,company_profile,信能低碳有限公司: CCIAM Future Energy Limited,,信能低碳有限公司: CCIAM Future Energy Limited,2026-06-04T15:42:50.792898
00146,HK,akshare_eastmoney_company_profile,company_profile,太平地毡国际有限公司: Tai Ping Carpets International Limited,,太平地毡国际有限公司: Tai Ping Carpets International Limited,2026-06-04T15:42:50.889383
00147,HK,akshare_eastmoney_company_profile,company_profile,国际商业结算控股有限公司: International Business Settlement Holdings Limited,,国际商业结算控股有限公司: International Business Settlement Holdings Limited,2026-06-04T15:42:50.990375
00148,HK,akshare_eastmoney_company_profile,company_profile,建滔集团有限公司: Kingboard Holdings Limited,,建滔集团有限公司: Kingboard Holdings Limited,2026-06-04T15:42:51.101072
00149,HK,akshare_eastmoney_company_profile,company_profile,中国农产品交易有限公司: China Agri-Products Exchange Limited,,中国农产品交易有限公司: China Agri-Products Exchange Limited,2026-06-04T15:42:51.210771
00150,HK,akshare_eastmoney_company_profile,company_profile,Hypebeast Limited: Hypebeast Limited,,Hypebeast Limited: Hypebeast Limited,2026-06-04T15:42:51.384818
00151,HK,akshare_eastmoney_company_profile,company_profile,中国旺旺控股有限公司: WANT WANT CHINA HOLDINGS LIMITED,,中国旺旺控股有限公司: WANT WANT CHINA HOLDINGS LIMITED,2026-06-04T15:42:51.486823
00152,HK,akshare_eastmoney_company_profile,company_profile,深圳国际控股有限公司: Shenzhen International Holdings Limited,,深圳国际控股有限公司: Shenzhen International Holdings Limited,2026-06-04T15:42:51.597743
00154,HK,akshare_eastmoney_company_profile,company_profile,北京控股环境集团有限公司: Beijing Enterprises Environment Group Limited,,北京控股环境集团有限公司: Beijing Enterprises Environment Group Limited,2026-06-04T15:42:51.827911
00156,HK,akshare_eastmoney_company_profile,company_profile,力宝华润有限公司: Lippo China Resources Limited,,力宝华润有限公司: Lippo China Resources Limited,2026-06-04T15:42:51.940655
00157,HK,akshare_eastmoney_company_profile,company_profile,自然美生物科技有限公司: Natural Beauty Bio-Technology Limited,,自然美生物科技有限公司: Natural Beauty Bio-Technology Limited,2026-06-04T15:42:52.043506
00158,HK,akshare_eastmoney_company_profile,company_profile,万邦投资有限公司: Melbourne Enterprises Ltd.,,万邦投资有限公司: Melbourne Enterprises Ltd.,2026-06-04T15:42:52.138771
00159,HK,akshare_eastmoney_company_profile,company_profile,布莱克万矿业有限公司: Brockman Mining Limited,,布莱克万矿业有限公司: Brockman Mining Limited,2026-06-04T15:42:52.228420
00160,HK,akshare_eastmoney_company_profile,company_profile,"汉国置业有限公司: Hon Kwok Land Investment Company, Limited",,"汉国置业有限公司: Hon Kwok Land Investment Company, Limited",2026-06-04T15:42:52.328396
00162,HK,akshare_eastmoney_company_profile,company_profile,世纪金花商业控股有限公司: Century Ginwa Retail Holdings Limited,,世纪金花商业控股有限公司: Century Ginwa Retail Holdings Limited,2026-06-04T15:42:52.422960
00163,HK,akshare_eastmoney_company_profile,company_profile,英皇国际集团有限公司: Emperor International Holdings Limited,,英皇国际集团有限公司: Emperor International Holdings Limited,2026-06-04T15:42:52.613839
00164,HK,akshare_eastmoney_company_profile,company_profile,中国宝力科技控股有限公司: China Baoli Technologies Holdings Limited,,中国宝力科技控股有限公司: China Baoli Technologies Holdings Limited,2026-06-04T15:42:52.731145
00165,HK,akshare_eastmoney_company_profile,company_profile,中国光大控股有限公司: China Everbright Ltd.,,中国光大控股有限公司: China Everbright Ltd.,2026-06-04T15:42:52.905450
00166,HK,akshare_eastmoney_company_profile,company_profile,新时代集团控股有限公司: New Times Corporation Limited,,新时代集团控股有限公司: New Times Corporation Limited,2026-06-04T15:42:52.998390
00167,HK,akshare_eastmoney_company_profile,company_profile,万威国际有限公司: IDT International Ltd.,,万威国际有限公司: IDT International Ltd.,2026-06-04T15:42:53.096052
00168,HK,akshare_eastmoney_company_profile,company_profile,青岛啤酒股份有限公司: Tsingtao Brewery Company Limited,,青岛啤酒股份有限公司: Tsingtao Brewery Company Limited,2026-06-04T15:42:53.193158
00169,HK,akshare_eastmoney_company_profile,company_profile,万达酒店发展有限公司: Wanda Hotel Development Company Limited,,万达酒店发展有限公司: Wanda Hotel Development Company Limited,2026-06-04T15:42:53.290596
00171,HK,akshare_eastmoney_company_profile,company_profile,银建国际控股集团有限公司: Silver Grant International Holdings Group Limited,,银建国际控股集团有限公司: Silver Grant International Holdings Group Limited,2026-06-04T15:42:53.385773
00173,HK,akshare_eastmoney_company_profile,company_profile,嘉华国际集团有限公司: K. Wah International Holdings Ltd.,,嘉华国际集团有限公司: K. Wah International Holdings Ltd.,2026-06-04T15:42:53.572426
00174,HK,akshare_eastmoney_company_profile,company_profile,盛洋投资(控股)有限公司: Gemini Investments (Holdings) Limited,,盛洋投资(控股)有限公司: Gemini Investments (Holdings) Limited,2026-06-04T15:42:53.665866
00175,HK,akshare_eastmoney_company_profile,company_profile,吉利汽车控股有限公司: Geely Automobile Holdings Limited,,吉利汽车控股有限公司: Geely Automobile Holdings Limited,2026-06-04T15:42:53.761637
00176,HK,akshare_eastmoney_company_profile,company_profile,先机企业集团有限公司: Superactive Group Company Limited,,先机企业集团有限公司: Superactive Group Company Limited,2026-06-04T15:42:53.855569
00177,HK,akshare_eastmoney_company_profile,company_profile,江苏宁沪高速公路股份有限公司: Jiangsu Expressway Company Limited,,江苏宁沪高速公路股份有限公司: Jiangsu Expressway Company Limited,2026-06-04T15:42:53.951696
00178,HK,akshare_eastmoney_company_profile,company_profile,莎莎国际控股有限公司: Sa Sa International Holdings Limited,,莎莎国际控股有限公司: Sa Sa International Holdings Limited,2026-06-04T15:42:54.049917
00179,HK,akshare_eastmoney_company_profile,company_profile,德昌电机控股有限公司: Johnson Electric Holdings Ltd.,,德昌电机控股有限公司: Johnson Electric Holdings Ltd.,2026-06-04T15:42:54.146282
00180,HK,akshare_eastmoney_company_profile,company_profile,开达集团有限公司: KADER HOLDINGS COMPANY LIMITED,,开达集团有限公司: KADER HOLDINGS COMPANY LIMITED,2026-06-04T15:42:54.237790
00181,HK,akshare_eastmoney_company_profile,company_profile,闽港控股有限公司: Fujian Holdings Limited,,闽港控股有限公司: Fujian Holdings Limited,2026-06-04T15:42:54.437430
00182,HK,akshare_eastmoney_company_profile,company_profile,协合新能源集团有限公司: Concord New Energy Group Limited,,协合新能源集团有限公司: Concord New Energy Group Limited,2026-06-04T15:42:54.667781
00183,HK,akshare_eastmoney_company_profile,company_profile,宏辉集团控股有限公司: Winfull Group Holdings Limited,,宏辉集团控股有限公司: Winfull Group Holdings Limited,2026-06-04T15:42:54.769809
00184,HK,akshare_eastmoney_company_profile,company_profile,激成投资(香港)有限公司: Keck Seng Investments (Hong Kong) Ltd.,,激成投资(香港)有限公司: Keck Seng Investments (Hong Kong) Ltd.,2026-06-04T15:42:54.871641
00185,HK,akshare_eastmoney_company_profile,company_profile,正商实业有限公司: Zensun Enterprises Limited,,正商实业有限公司: Zensun Enterprises Limited,2026-06-04T15:42:54.974992
00186,HK,akshare_eastmoney_company_profile,company_profile,敏捷控股有限公司: Nimble Holdings Company Limited,,敏捷控股有限公司: Nimble Holdings Company Limited,2026-06-04T15:42:55.111189
00187,HK,akshare_eastmoney_company_profile,company_profile,北京京城机电股份有限公司: BEIJING JINGCHENG MACHINERY ELECTRIC COMPANY LIMITED,,北京京城机电股份有限公司: BEIJING JINGCHENG MACHINERY ELECTRIC COMPANY LIMITED,2026-06-04T15:42:55.200488
00188,HK,akshare_eastmoney_company_profile,company_profile,新华汇富金融控股有限公司: Sunwah Kingsway Capital Holdings Limited,,新华汇富金融控股有限公司: Sunwah Kingsway Capital Holdings Limited,2026-06-04T15:42:55.332714
00189,HK,akshare_eastmoney_company_profile,company_profile,东岳集团有限公司: Dongyue Group Limited,,东岳集团有限公司: Dongyue Group Limited,2026-06-04T15:42:55.437303
00191,HK,akshare_eastmoney_company_profile,company_profile,丽新制衣国际有限公司: Lai Sun Garment (International) Ltd.,,丽新制衣国际有限公司: Lai Sun Garment (International) Ltd.,2026-06-04T15:42:55.542566
00193,HK,akshare_eastmoney_company_profile,company_profile,冠中地产有限公司: Capital Estate Limited,,冠中地产有限公司: Capital Estate Limited,2026-06-04T15:42:55.642038
00194,HK,akshare_eastmoney_company_profile,company_profile,廖创兴企业有限公司: Liu Chong Hing Investment Ltd.,,廖创兴企业有限公司: Liu Chong Hing Investment Ltd.,2026-06-04T15:42:55.759538
00195,HK,akshare_eastmoney_company_profile,company_profile,绿科科技国际有限公司: Greentech Technology International Limited,,绿科科技国际有限公司: Greentech Technology International Limited,2026-06-04T15:42:55.858627
00196,HK,akshare_eastmoney_company_profile,company_profile,宏华集团有限公司: Honghua Group Limited,,宏华集团有限公司: Honghua Group Limited,2026-06-04T15:42:55.959229
00197,HK,akshare_eastmoney_company_profile,company_profile,亨泰消费品集团有限公司: Heng Tai Consumables Group Limited,,亨泰消费品集团有限公司: Heng Tai Consumables Group Limited,2026-06-04T15:42:56.060471
00199,HK,akshare_eastmoney_company_profile,company_profile,德祥地产集团有限公司: ITC Properties Group Limited,,德祥地产集团有限公司: ITC Properties Group Limited,2026-06-04T15:42:56.159991
00200,HK,akshare_eastmoney_company_profile,company_profile,新濠国际发展有限公司: Melco International Development Limited,,新濠国际发展有限公司: Melco International Development Limited,2026-06-04T15:42:56.257330
00201,HK,akshare_eastmoney_company_profile,company_profile,华大酒店投资有限公司: MAGNIFICENT HOTEL INVESTMENTS LIMITED,,华大酒店投资有限公司: MAGNIFICENT HOTEL INVESTMENTS LIMITED,2026-06-04T15:42:56.378282
00202,HK,akshare_eastmoney_company_profile,company_profile,润中国际控股有限公司: Ever China Int'l Holdings Company Limited,,润中国际控股有限公司: Ever China Int'l Holdings Company Limited,2026-06-04T15:42:56.622290
00204,HK,akshare_eastmoney_company_profile,company_profile,资本界金控集团有限公司: CAPITAL REALM FINANCIAL HOLDINGS GROUP LIMITED,,资本界金控集团有限公司: CAPITAL REALM FINANCIAL HOLDINGS GROUP LIMITED,2026-06-04T15:42:56.724194
00205,HK,akshare_eastmoney_company_profile,company_profile,BFB Health Limited: BFB Health Limited,,BFB Health Limited: BFB Health Limited,2026-06-04T15:42:56.819324
00206,HK,akshare_eastmoney_company_profile,company_profile,"华商能源科技股份有限公司: CM Energy Tech Co., Ltd.",,"华商能源科技股份有限公司: CM Energy Tech Co., Ltd.",2026-06-04T15:42:56.910526
00209,HK,akshare_eastmoney_company_profile,company_profile,香港万维智能科技有限公司: POLY XVERSE INTELLIGENT TECHNOLOGY CO. LTD,,香港万维智能科技有限公司: POLY XVERSE INTELLIGENT TECHNOLOGY CO. LTD,2026-06-04T15:42:57.129819
00210,HK,akshare_eastmoney_company_profile,company_profile,达芙妮国际控股有限公司: Daphne International Holdings Limited,,达芙妮国际控股有限公司: Daphne International Holdings Limited,2026-06-04T15:42:57.237371
00211,HK,akshare_eastmoney_company_profile,company_profile,大凌集团有限公司: Styland Holdings Ltd.,,大凌集团有限公司: Styland Holdings Ltd.,2026-06-04T15:42:57.344364
00212,HK,akshare_eastmoney_company_profile,company_profile,南洋集团有限公司: Nanyang Holdings Limited,,南洋集团有限公司: Nanyang Holdings Limited,2026-06-04T15:42:57.452668
00213,HK,akshare_eastmoney_company_profile,company_profile,乐声电子有限公司: National Electronics Holdings Limited,,乐声电子有限公司: National Electronics Holdings Limited,2026-06-04T15:42:57.553219
00214,HK,akshare_eastmoney_company_profile,company_profile,汇汉控股有限公司: Asia Orient Holdings Ltd.,,汇汉控股有限公司: Asia Orient Holdings Ltd.,2026-06-04T15:42:57.646937
00215,HK,akshare_eastmoney_company_profile,company_profile,和记电讯香港控股有限公司: Hutchison Telecommunications Hong Kong Holdings Limited,,和记电讯香港控股有限公司: Hutchison Telecommunications Hong Kong Holdings Limited,2026-06-04T15:42:57.748740
00216,HK,akshare_eastmoney_company_profile,company_profile,"建业实业有限公司: Chinney Investments, Ltd.",,"建业实业有限公司: Chinney Investments, Ltd.",2026-06-04T15:42:57.839579
00217,HK,akshare_eastmoney_company_profile,company_profile,中国诚通发展集团有限公司: China ChengTong Development Group Limited,,中国诚通发展集团有限公司: China ChengTong Development Group Limited,2026-06-04T15:42:57.930920
00218,HK,akshare_eastmoney_company_profile,company_profile,申万宏源(香港)有限公司: Shenwan Hongyuan (H.K.) Limited,,申万宏源(香港)有限公司: Shenwan Hongyuan (H.K.) Limited,2026-06-04T15:42:58.031521
00219,HK,akshare_eastmoney_company_profile,company_profile,顺豪物业投资有限公司: SHUN HO PROPERTY INVESTMENTS LIMITED,,顺豪物业投资有限公司: SHUN HO PROPERTY INVESTMENTS LIMITED,2026-06-04T15:42:58.127561
00220,HK,akshare_eastmoney_company_profile,company_profile,统一企业中国控股有限公司: UNI-PRESIDENT CHINA HOLDINGS LTD.,,统一企业中国控股有限公司: UNI-PRESIDENT CHINA HOLDINGS LTD.,2026-06-04T15:42:58.243383
00222,HK,akshare_eastmoney_company_profile,company_profile,闽信集团有限公司: Min Xin Holdings Ltd.,,闽信集团有限公司: Min Xin Holdings Ltd.,2026-06-04T15:42:58.342821
00223,HK,akshare_eastmoney_company_profile,company_profile,易生活控股有限公司: Elife Holdings Limited,,易生活控股有限公司: Elife Holdings Limited,2026-06-04T15:42:58.446138
00224,HK,akshare_eastmoney_company_profile,company_profile,建生国际集团有限公司: Pioneer Global Group Ltd.,,建生国际集团有限公司: Pioneer Global Group Ltd.,2026-06-04T15:42:58.546769
00225,HK,akshare_eastmoney_company_profile,company_profile,博富临置业有限公司: Pokfulam Development Co. Ltd.,,博富临置业有限公司: Pokfulam Development Co. Ltd.,2026-06-04T15:42:58.638199
00227,HK,akshare_eastmoney_company_profile,company_profile,第一上海投资有限公司: First Shanghai Investments Ltd.,,第一上海投资有限公司: First Shanghai Investments Ltd.,2026-06-04T15:42:58.907646
00228,HK,akshare_eastmoney_company_profile,company_profile,中国能源开发控股有限公司: China Energy Development Holdings Limited,,中国能源开发控股有限公司: China Energy Development Holdings Limited,2026-06-04T15:42:59.007732
00229,HK,akshare_eastmoney_company_profile,company_profile,利民实业有限公司: Raymond Industrial Ltd.,,利民实业有限公司: Raymond Industrial Ltd.,2026-06-04T15:42:59.098634
00232,HK,akshare_eastmoney_company_profile,company_profile,大陆航空科技控股有限公司: Continental Aerospace Technologies Holding Limited,,大陆航空科技控股有限公司: Continental Aerospace Technologies Holding Limited,2026-06-04T15:42:59.203490
00234,HK,akshare_eastmoney_company_profile,company_profile,新世纪集团香港有限公司: New Century Group Hong Kong Ltd.,,新世纪集团香港有限公司: New Century Group Hong Kong Ltd.,2026-06-04T15:42:59.299719
00235,HK,akshare_eastmoney_company_profile,company_profile,中策资本控股有限公司: CSC Holdings Limited,,中策资本控股有限公司: CSC Holdings Limited,2026-06-04T15:42:59.395698
00236,HK,akshare_eastmoney_company_profile,company_profile,香港生力啤酒厂有限公司: San Miguel Brewery Hong Kong Limited,,香港生力啤酒厂有限公司: San Miguel Brewery Hong Kong Limited,2026-06-04T15:42:59.498585
00237,HK,akshare_eastmoney_company_profile,company_profile,安全货仓有限公司: Safety Godown Co. Ltd.,,安全货仓有限公司: Safety Godown Co. Ltd.,2026-06-04T15:42:59.614071
00239,HK,akshare_eastmoney_company_profile,company_profile,白花油国际有限公司: Pak Fah Yeow International Ltd.,,白花油国际有限公司: Pak Fah Yeow International Ltd.,2026-06-04T15:42:59.703883
00240,HK,akshare_eastmoney_company_profile,company_profile,利基控股有限公司: Build King Holdings Limited,,利基控股有限公司: Build King Holdings Limited,2026-06-04T15:42:59.796166
00241,HK,akshare_eastmoney_company_profile,company_profile,阿里健康信息技术有限公司: Alibaba Health Information Technology Limited,,阿里健康信息技术有限公司: Alibaba Health Information Technology Limited,2026-06-04T15:42:59.885001
00242,HK,akshare_eastmoney_company_profile,company_profile,信德集团有限公司: Shun Tak Holdings Ltd.,,信德集团有限公司: Shun Tak Holdings Ltd.,2026-06-04T15:42:59.986740
00243,HK,akshare_eastmoney_company_profile,company_profile,品质国际集团有限公司: QPL International Holdings Ltd.,,品质国际集团有限公司: QPL International Holdings Ltd.,2026-06-04T15:43:00.084402
00244,HK,akshare_eastmoney_company_profile,company_profile,先施有限公司: The Sincere Co. Ltd.,,先施有限公司: The Sincere Co. Ltd.,2026-06-04T15:43:00.183630
00245,HK,akshare_eastmoney_company_profile,company_profile,中薇金融控股有限公司: China Vered Financial Holding Corporation Limited,,中薇金融控股有限公司: China Vered Financial Holding Corporation Limited,2026-06-04T15:43:00.282050
00247,HK,akshare_eastmoney_company_profile,company_profile,尖沙咀置业集团有限公司: Tsim Sha Tsui Properties Ltd.,,尖沙咀置业集团有限公司: Tsim Sha Tsui Properties Ltd.,2026-06-04T15:43:00.386744
00248,HK,akshare_eastmoney_company_profile,company_profile,香港通讯国际控股有限公司: HKC International Holdings Ltd.,,香港通讯国际控股有限公司: HKC International Holdings Ltd.,2026-06-04T15:43:00.480648
00251,HK,akshare_eastmoney_company_profile,company_profile,爪哇控股有限公司: S E A Holdings Ltd.,,爪哇控股有限公司: S E A Holdings Ltd.,2026-06-04T15:43:00.574040
00252,HK,akshare_eastmoney_company_profile,company_profile,华信地产财务有限公司: Southeast Asia Properties & Finance Ltd.,,华信地产财务有限公司: Southeast Asia Properties & Finance Ltd.,2026-06-04T15:43:00.679876
00253,HK,akshare_eastmoney_company_profile,company_profile,顺豪控股有限公司: SHUN HO HOLDINGS LIMITED,,顺豪控股有限公司: SHUN HO HOLDINGS LIMITED,2026-06-04T15:43:00.777830
00254,HK,akshare_eastmoney_company_profile,company_profile,国家联合资源控股有限公司: National United Resources Holdings Limited,,国家联合资源控股有限公司: National United Resources Holdings Limited,2026-06-04T15:43:00.889991
00255,HK,akshare_eastmoney_company_profile,company_profile,龙记集团控股有限公司: Lung Kee Group Holdings Limited,,龙记集团控股有限公司: Lung Kee Group Holdings Limited,2026-06-04T15:43:01.637664
00256,HK,akshare_eastmoney_company_profile,company_profile,冠城钟表珠宝集团有限公司: CitychampWatch & Jewellery Group Limited,,冠城钟表珠宝集团有限公司: CitychampWatch & Jewellery Group Limited,2026-06-04T15:43:01.968807
00257,HK,akshare_eastmoney_company_profile,company_profile,中国光大环境(集团)有限公司: China Everbright Environment Group Limited,,中国光大环境(集团)有限公司: China Everbright Environment Group Limited,2026-06-04T15:43:02.273466
00258,HK,akshare_eastmoney_company_profile,company_profile,汤臣集团有限公司: Tomson Group Limited,,汤臣集团有限公司: Tomson Group Limited,2026-06-04T15:43:02.630234
00259,HK,akshare_eastmoney_company_profile,company_profile,亿都(国际控股)有限公司: Yeebo (International Holdings) Ltd.,,亿都(国际控股)有限公司: Yeebo (International Holdings) Ltd.,2026-06-04T15:43:02.729574
00261,HK,akshare_eastmoney_company_profile,company_profile,GBA集团有限公司: GBA Holdings Limited,,GBA集团有限公司: GBA Holdings Limited,2026-06-04T15:43:03.287010
00262,HK,akshare_eastmoney_company_profile,company_profile,迪臣发展国际集团有限公司: Deson Development International Holdings Ltd.,,迪臣发展国际集团有限公司: Deson Development International Holdings Ltd.,2026-06-04T15:43:03.594869
00264,HK,akshare_eastmoney_company_profile,company_profile,中联发展控股集团有限公司: China International Development Corporation Limited,,中联发展控股集团有限公司: China International Development Corporation Limited,2026-06-04T15:43:03.806986
00265,HK,akshare_eastmoney_company_profile,company_profile,港誉智慧城市服务控股有限公司: GANGYU SMART URBAN SERVICES HOLDING LIMITED,,港誉智慧城市服务控股有限公司: GANGYU SMART URBAN SERVICES HOLDING LIMITED,2026-06-04T15:43:03.912658
00266,HK,akshare_eastmoney_company_profile,company_profile,天德地产有限公司: Tian Teck Land Limited,,天德地产有限公司: Tian Teck Land Limited,2026-06-04T15:43:04.012715
00267,HK,akshare_eastmoney_company_profile,company_profile,中国中信股份有限公司: CITIC Limited,,中国中信股份有限公司: CITIC Limited,2026-06-04T15:43:04.108546
00268,HK,akshare_eastmoney_company_profile,company_profile,金蝶国际软件集团有限公司: Kingdee International Software Group Company Limited,,金蝶国际软件集团有限公司: Kingdee International Software Group Company Limited,2026-06-04T15:43:04.239311
00269,HK,akshare_eastmoney_company_profile,company_profile,中国资源交通集团有限公司: China Resources and Transportation Group Limited,,中国资源交通集团有限公司: China Resources and Transportation Group Limited,2026-06-04T15:43:04.357232
00270,HK,akshare_eastmoney_company_profile,company_profile,粤海投资有限公司: Guangdong Investment Ltd.,,粤海投资有限公司: Guangdong Investment Ltd.,2026-06-04T15:43:04.654461
00271,HK,akshare_eastmoney_company_profile,company_profile,亚证地产有限公司: Asiasec Properties Limited,,亚证地产有限公司: Asiasec Properties Limited,2026-06-04T15:43:05.155300
00272,HK,akshare_eastmoney_company_profile,company_profile,瑞安房地产有限公司: Shui On Land Limited,,瑞安房地产有限公司: Shui On Land Limited,2026-06-04T15:43:05.256315
00274,HK,akshare_eastmoney_company_profile,company_profile,复兴亚洲丝路集团有限公司: Renaissance Asia Silk Road Group Limited,,复兴亚洲丝路集团有限公司: Renaissance Asia Silk Road Group Limited,2026-06-04T15:43:05.364817
00276,HK,akshare_eastmoney_company_profile,company_profile,蒙古能源有限公司: Mongolia Energy Corporation Limited,,蒙古能源有限公司: Mongolia Energy Corporation Limited,2026-06-04T15:43:05.505160
00277,HK,akshare_eastmoney_company_profile,company_profile,太兴置业有限公司: Tern Properties Co. Ltd.,,太兴置业有限公司: Tern Properties Co. Ltd.,2026-06-04T15:43:05.619972
00279,HK,akshare_eastmoney_company_profile,company_profile,裕承科金有限公司: Arta TechFin Corporation Limited,,裕承科金有限公司: Arta TechFin Corporation Limited,2026-06-04T15:43:05.722525
00280,HK,akshare_eastmoney_company_profile,company_profile,景福集团有限公司: King Fook Holdings Ltd.,,景福集团有限公司: King Fook Holdings Ltd.,2026-06-04T15:43:05.813652
00285,HK,akshare_eastmoney_company_profile,company_profile,比亚迪电子(国际)有限公司: BYD Electronic (International) Company Limited,,比亚迪电子(国际)有限公司: BYD Electronic (International) Company Limited,2026-06-04T15:43:06.060740
00286,HK,akshare_eastmoney_company_profile,company_profile,爱帝宫母婴健康股份有限公司: Aidigong Maternal & Child Health Limited,,爱帝宫母婴健康股份有限公司: Aidigong Maternal & Child Health Limited,2026-06-04T15:43:06.154831
00287,HK,akshare_eastmoney_company_profile,company_profile,永发置业有限公司: Winfair Investment Co. Ltd.,,永发置业有限公司: Winfair Investment Co. Ltd.,2026-06-04T15:43:06.259512
00288,HK,akshare_eastmoney_company_profile,company_profile,万洲国际有限公司: WH GROUP LIMITED,,万洲国际有限公司: WH GROUP LIMITED,2026-06-04T15:43:06.362629
00289,HK,akshare_eastmoney_company_profile,company_profile,永安国际有限公司: Wing On Company International Ltd.,,永安国际有限公司: Wing On Company International Ltd.,2026-06-04T15:43:06.456953
00290,HK,akshare_eastmoney_company_profile,company_profile,国富量子创新有限公司: GoFintech Quantum Innovation Limited,,国富量子创新有限公司: GoFintech Quantum Innovation Limited,2026-06-04T15:43:06.556577
00291,HK,akshare_eastmoney_company_profile,company_profile,华润啤酒(控股)有限公司: China Resources Beer (Holdings) Company Limited,,华润啤酒(控股)有限公司: China Resources Beer (Holdings) Company Limited,2026-06-04T15:43:06.649469
00293,HK,akshare_eastmoney_company_profile,company_profile,国泰航空有限公司: Cathay Pacific Airways Ltd.,,国泰航空有限公司: Cathay Pacific Airways Ltd.,2026-06-04T15:43:06.742704
00294,HK,akshare_eastmoney_company_profile,company_profile,长江制衣有限公司: Yangtzekiang Garment Limited,,长江制衣有限公司: Yangtzekiang Garment Limited,2026-06-04T15:43:07.093350
00295,HK,akshare_eastmoney_company_profile,company_profile,江山控股有限公司: Kong Sun Holdings Limited,,江山控股有限公司: Kong Sun Holdings Limited,2026-06-04T15:43:07.190974
00296,HK,akshare_eastmoney_company_profile,company_profile,英皇娱乐酒店有限公司: Emperor Entertainment Hotel Limited,,英皇娱乐酒店有限公司: Emperor Entertainment Hotel Limited,2026-06-04T15:43:07.288695
00297,HK,akshare_eastmoney_company_profile,company_profile,中化化肥控股有限公司: Sinofert Holdings Limited,,中化化肥控股有限公司: Sinofert Holdings Limited,2026-06-04T15:43:07.384779
00298,HK,akshare_eastmoney_company_profile,company_profile,庄士中国投资有限公司: Chuang's China Investments Limited,,庄士中国投资有限公司: Chuang's China Investments Limited,2026-06-04T15:43:07.481085
00299,HK,akshare_eastmoney_company_profile,company_profile,宝新置地集团有限公司: Glory Sun Land Group Limited,,宝新置地集团有限公司: Glory Sun Land Group Limited,2026-06-04T15:43:07.577651
00300,HK,akshare_eastmoney_company_profile,company_profile,"美的集团股份有限公司: Midea Group Co., Ltd.",,"美的集团股份有限公司: Midea Group Co., Ltd.",2026-06-04T15:43:07.680136
00301,HK,akshare_eastmoney_company_profile,company_profile,三和精化集团有限公司: SANVO Fine Chemicals Group Limited,,三和精化集团有限公司: SANVO Fine Chemicals Group Limited,2026-06-04T15:43:07.774476
00302,HK,akshare_eastmoney_company_profile,company_profile,中手游科技集团有限公司: CMGE Technology Group Limited,,中手游科技集团有限公司: CMGE Technology Group Limited,2026-06-04T15:43:07.938392
00303,HK,akshare_eastmoney_company_profile,company_profile,伟易达集团有限公司: VTech Holdings Ltd.,,伟易达集团有限公司: VTech Holdings Ltd.,2026-06-04T15:43:08.027359
00305,HK,akshare_eastmoney_company_profile,company_profile,五菱汽车集团控股有限公司: Wuling Motors Holdings Limited,,五菱汽车集团控股有限公司: Wuling Motors Holdings Limited,2026-06-04T15:43:08.124957
00306,HK,akshare_eastmoney_company_profile,company_profile,冠忠巴士集团有限公司: Kwoon Chung Bus Holdings Limited,,冠忠巴士集团有限公司: Kwoon Chung Bus Holdings Limited,2026-06-04T15:43:08.219352
00308,HK,akshare_eastmoney_company_profile,company_profile,香港中旅国际投资有限公司: China Travel International Investment Hong Kong Ltd.,,香港中旅国际投资有限公司: China Travel International Investment Hong Kong Ltd.,2026-06-04T15:43:08.391028
00309,HK,akshare_eastmoney_company_profile,company_profile,新华通讯频媒控股有限公司: Xinhua News Media Holdings Limited,,新华通讯频媒控股有限公司: Xinhua News Media Holdings Limited,2026-06-04T15:43:09.943791
00310,HK,akshare_eastmoney_company_profile,company_profile,嘉进投资国际有限公司: Prosperity Investment Holdings Limited,,嘉进投资国际有限公司: Prosperity Investment Holdings Limited,2026-06-04T15:43:10.043925
00311,HK,akshare_eastmoney_company_profile,company_profile,联泰控股有限公司: Luen Thai Holdings Limited,,联泰控股有限公司: Luen Thai Holdings Limited,2026-06-04T15:43:10.143635
00312,HK,akshare_eastmoney_company_profile,company_profile,岁宝百货控股(中国)有限公司: Shirble Department Store Holdings (China) Ltd,,岁宝百货控股(中国)有限公司: Shirble Department Store Holdings (China) Ltd,2026-06-04T15:43:10.586009
00313,HK,akshare_eastmoney_company_profile,company_profile,裕田中国发展有限公司: Richly Field China Development Limited,,裕田中国发展有限公司: Richly Field China Development Limited,2026-06-04T15:43:10.686781
00314,HK,akshare_eastmoney_company_profile,company_profile,"思派健康科技有限公司: Sipai Health Technology Co., Ltd.",,"思派健康科技有限公司: Sipai Health Technology Co., Ltd.",2026-06-04T15:43:10.784644
00315,HK,akshare_eastmoney_company_profile,company_profile,数码通电讯集团有限公司: SmarTone Telecommunications Holdings Ltd.,,数码通电讯集团有限公司: SmarTone Telecommunications Holdings Ltd.,2026-06-04T15:43:10.896229
00316,HK,akshare_eastmoney_company_profile,company_profile,东方海外(国际)有限公司: Orient Overseas (International) Ltd.,,东方海外(国际)有限公司: Orient Overseas (International) Ltd.,2026-06-04T15:43:10.995589
00317,HK,akshare_eastmoney_company_profile,company_profile,中船海洋与防务装备股份有限公司: CSSC Offshore & Marine Engineering (Group) Company Limited,,中船海洋与防务装备股份有限公司: CSSC Offshore & Marine Engineering (Group) Company Limited,2026-06-04T15:43:11.097304
00318,HK,akshare_eastmoney_company_profile,company_profile,黄河实业有限公司: Vongroup Limited,,黄河实业有限公司: Vongroup Limited,2026-06-04T15:43:11.200902
00320,HK,akshare_eastmoney_company_profile,company_profile,金宝通集团有限公司: Computime Group Limited,,金宝通集团有限公司: Computime Group Limited,2026-06-04T15:43:11.431155
00321,HK,akshare_eastmoney_company_profile,company_profile,德永佳集团有限公司: Texwinca Holdings Ltd.,,德永佳集团有限公司: Texwinca Holdings Ltd.,2026-06-04T15:43:11.524609
00322,HK,akshare_eastmoney_company_profile,company_profile,康师傅控股有限公司: Tingyi (Cayman Islands) Holding Corp.,,康师傅控股有限公司: Tingyi (Cayman Islands) Holding Corp.,2026-06-04T15:43:11.624449
00323,HK,akshare_eastmoney_company_profile,company_profile,马鞍山钢铁股份有限公司: Maanshan Iron & Steel Company Limited,,马鞍山钢铁股份有限公司: Maanshan Iron & Steel Company Limited,2026-06-04T15:43:11.738345
00325,HK,akshare_eastmoney_company_profile,company_profile,布鲁可集团有限公司: Bloks Group Limited,,布鲁可集团有限公司: Bloks Group Limited,2026-06-04T15:43:11.896557
00326,HK,akshare_eastmoney_company_profile,company_profile,中国星集团有限公司: China Star Entertainment Ltd.,,中国星集团有限公司: China Star Entertainment Ltd.,2026-06-04T15:43:11.992532
00327,HK,akshare_eastmoney_company_profile,company_profile,百富环球科技有限公司: PAX Global Technology Limited,,百富环球科技有限公司: PAX Global Technology Limited,2026-06-04T15:43:12.140748
00328,HK,akshare_eastmoney_company_profile,company_profile,爱高集团有限公司: Alco Holdings Limited,,爱高集团有限公司: Alco Holdings Limited,2026-06-04T15:43:12.248984
00329,HK,akshare_eastmoney_company_profile,company_profile,东建国际控股有限公司: OCI International Holdings Limited,,东建国际控股有限公司: OCI International Holdings Limited,2026-06-04T15:43:12.340479
00330,HK,akshare_eastmoney_company_profile,company_profile,思捷环球控股有限公司: Esprit Holdings Ltd.,,思捷环球控股有限公司: Esprit Holdings Ltd.,2026-06-04T15:43:12.441453
00331,HK,akshare_eastmoney_company_profile,company_profile,丰盛生活服务有限公司: FSE Lifestyle Services Limited,,丰盛生活服务有限公司: FSE Lifestyle Services Limited,2026-06-04T15:43:12.648884
00332,HK,akshare_eastmoney_company_profile,company_profile,元亨燃气控股有限公司: Yuan Heng Gas Holdings Limited,,元亨燃气控股有限公司: Yuan Heng Gas Holdings Limited,2026-06-04T15:43:12.757808
00333,HK,akshare_eastmoney_company_profile,company_profile,黛丽斯国际有限公司: Top Form International Ltd.,,黛丽斯国际有限公司: Top Form International Ltd.,2026-06-04T15:43:12.855359
00334,HK,akshare_eastmoney_company_profile,company_profile,华显光电技术控股有限公司: China Display Optoelectronics Technology Holdings Limited,,华显光电技术控股有限公司: China Display Optoelectronics Technology Holdings Limited,2026-06-04T15:43:13.057783
00335,HK,akshare_eastmoney_company_profile,company_profile,美建集团有限公司: Upbest Group Ltd.,,美建集团有限公司: Upbest Group Ltd.,2026-06-04T15:43:13.150654
00336,HK,akshare_eastmoney_company_profile,company_profile,华宝国际控股有限公司: Huabao International Holdings Limited,,华宝国际控股有限公司: Huabao International Holdings Limited,2026-06-04T15:43:13.243781
00337,HK,akshare_eastmoney_company_profile,company_profile,绿地香港控股有限公司: Greenland Hong Kong Holdings Limited,,绿地香港控股有限公司: Greenland Hong Kong Holdings Limited,2026-06-04T15:43:13.337442
00338,HK,akshare_eastmoney_company_profile,company_profile,中国石化上海石油化工股份有限公司: Sinopec Shanghai Petrochemical Company Limited,,中国石化上海石油化工股份有限公司: Sinopec Shanghai Petrochemical Company Limited,2026-06-04T15:43:13.436645
00339,HK,akshare_eastmoney_company_profile,company_profile,全球数字控股集团有限公司: WebX Holding Group Limited,,全球数字控股集团有限公司: WebX Holding Group Limited,2026-06-04T15:43:13.532178
00340,HK,akshare_eastmoney_company_profile,company_profile,潼关黄金集团有限公司: Tongguan Gold Group Limited,,潼关黄金集团有限公司: Tongguan Gold Group Limited,2026-06-04T15:43:13.629758
00341,HK,akshare_eastmoney_company_profile,company_profile,大家乐集团有限公司: Cafe De Coral Holdings Ltd.,,大家乐集团有限公司: Cafe De Coral Holdings Ltd.,2026-06-04T15:43:13.729190
00343,HK,akshare_eastmoney_company_profile,company_profile,文化传信集团有限公司: Culturecom Holdings Ltd.,,文化传信集团有限公司: Culturecom Holdings Ltd.,2026-06-04T15:43:13.823871
00345,HK,akshare_eastmoney_company_profile,company_profile,维他奶国际集团有限公司: Vitasoy International Holdings Ltd.,,维他奶国际集团有限公司: Vitasoy International Holdings Ltd.,2026-06-04T15:43:13.955627
00346,HK,akshare_eastmoney_company_profile,company_profile,延长石油国际有限公司: Yanchang Petroleum International Limited,,延长石油国际有限公司: Yanchang Petroleum International Limited,2026-06-04T15:43:14.054014
00347,HK,akshare_eastmoney_company_profile,company_profile,鞍钢股份有限公司: Angang Steel Company Limited,,鞍钢股份有限公司: Angang Steel Company Limited,2026-06-04T15:43:14.153477
00348,HK,akshare_eastmoney_company_profile,company_profile,中国智能健康控股有限公司: China Healthwise Holdings Limited,,中国智能健康控股有限公司: China Healthwise Holdings Limited,2026-06-04T15:43:14.259566
00351,HK,akshare_eastmoney_company_profile,company_profile,亚洲能源物流集团有限公司: Asia Energy Logistics Group Limited,,亚洲能源物流集团有限公司: Asia Energy Logistics Group Limited,2026-06-04T15:43:14.354311
00352,HK,akshare_eastmoney_company_profile,company_profile,富阳(中国)控股有限公司: Fortune Sun (China) Holdings Ltd,,富阳(中国)控股有限公司: Fortune Sun (China) Holdings Ltd,2026-06-04T15:43:14.587646
00353,HK,akshare_eastmoney_company_profile,company_profile,能源国际投资控股有限公司: Energy International Investments Holdings Limited,,能源国际投资控股有限公司: Energy International Investments Holdings Limited,2026-06-04T15:43:14.689394
00354,HK,akshare_eastmoney_company_profile,company_profile,中软国际有限公司: Chinasoft International Ltd.,,中软国际有限公司: Chinasoft International Ltd.,2026-06-04T15:43:14.781686
00355,HK,akshare_eastmoney_company_profile,company_profile,世纪城市国际控股有限公司: Century City International Holdings Limited,,世纪城市国际控股有限公司: Century City International Holdings Limited,2026-06-04T15:43:14.878266
00356,HK,akshare_eastmoney_company_profile,company_profile,鼎立资本有限公司: DT Capital Limited,,鼎立资本有限公司: DT Capital Limited,2026-06-04T15:43:15.093913
00357,HK,akshare_eastmoney_company_profile,company_profile,海南美兰国际空港股份有限公司: Hainan Meilan International Airport Company Limited,,海南美兰国际空港股份有限公司: Hainan Meilan International Airport Company Limited,2026-06-04T15:43:15.199133
00358,HK,akshare_eastmoney_company_profile,company_profile,江西铜业股份有限公司: Jiangxi Copper Company Limited,,江西铜业股份有限公司: Jiangxi Copper Company Limited,2026-06-04T15:43:15.301348
00360,HK,akshare_eastmoney_company_profile,company_profile,新焦点汽车技术控股有限公司: New Focus Auto Tech Holding Limited,,新焦点汽车技术控股有限公司: New Focus Auto Tech Holding Limited,2026-06-04T15:43:15.398606
00361,HK,akshare_eastmoney_company_profile,company_profile,汉成发展控股有限公司: Hanfort Development Holdings Limited,,汉成发展控股有限公司: Hanfort Development Holdings Limited,2026-06-04T15:43:15.497421
00362,HK,akshare_eastmoney_company_profile,company_profile,中国天化工集团有限公司: China Zenith Chemical Group Limited,,中国天化工集团有限公司: China Zenith Chemical Group Limited,2026-06-04T15:43:15.718871
00363,HK,akshare_eastmoney_company_profile,company_profile,上海实业控股有限公司: Shanghai Industrial Holdings Ltd.,,上海实业控股有限公司: Shanghai Industrial Holdings Ltd.,2026-06-04T15:43:15.815888
00365,HK,akshare_eastmoney_company_profile,company_profile,芯成科技控股有限公司: Sino ICT Holdings Limited,,芯成科技控股有限公司: Sino ICT Holdings Limited,2026-06-04T15:43:15.913384
00366,HK,akshare_eastmoney_company_profile,company_profile,陆氏集团(越南控股)有限公司: Luks Group (Vietnam Holdings) Company Limited,,陆氏集团(越南控股)有限公司: Luks Group (Vietnam Holdings) Company Limited,2026-06-04T15:43:16.065733
00367,HK,akshare_eastmoney_company_profile,company_profile,庄士机构国际有限公司: Chuang's Consortium International Limited,,庄士机构国际有限公司: Chuang's Consortium International Limited,2026-06-04T15:43:16.165944
00368,HK,akshare_eastmoney_company_profile,company_profile,德合集团控股有限公司: Superland Group Holdings Limited,,德合集团控股有限公司: Superland Group Holdings Limited,2026-06-04T15:43:16.424105
00369,HK,akshare_eastmoney_company_profile,company_profile,永泰地产有限公司: Wing Tai Properties Limited,,永泰地产有限公司: Wing Tai Properties Limited,2026-06-04T15:43:16.527217
00370,HK,akshare_eastmoney_company_profile,company_profile,港仔机器人集团控股有限公司: Hong Kong Robotics Group Holding Limited,,港仔机器人集团控股有限公司: Hong Kong Robotics Group Holding Limited,2026-06-04T15:43:16.645299
00371,HK,akshare_eastmoney_company_profile,company_profile,北控水务集团有限公司: Beijing Enterprises Water Group Limited,,北控水务集团有限公司: Beijing Enterprises Water Group Limited,2026-06-04T15:43:16.743789
00372,HK,akshare_eastmoney_company_profile,company_profile,保德国际发展企业有限公司: PT International Development Corporation Limited,,保德国际发展企业有限公司: PT International Development Corporation Limited,2026-06-04T15:43:16.844218
00373,HK,akshare_eastmoney_company_profile,company_profile,联合集团有限公司: Allied Group Ltd.,,联合集团有限公司: Allied Group Ltd.,2026-06-04T15:43:16.941638
00374,HK,akshare_eastmoney_company_profile,company_profile,四洲集团有限公司: Four Seas Mercantile Holdings Limited,,四洲集团有限公司: Four Seas Mercantile Holdings Limited,2026-06-04T15:43:17.032878
00375,HK,akshare_eastmoney_company_profile,company_profile,YGM贸易有限公司: YGM TRADING LTD.,,YGM贸易有限公司: YGM TRADING LTD.,2026-06-04T15:43:17.131079
00376,HK,akshare_eastmoney_company_profile,company_profile,云锋金融集团有限公司: Yunfeng Financial Group Limited,,云锋金融集团有限公司: Yunfeng Financial Group Limited,2026-06-04T15:43:17.274472
00377,HK,akshare_eastmoney_company_profile,company_profile,中国华君集团有限公司: China Huajun Group Limited,,中国华君集团有限公司: China Huajun Group Limited,2026-06-04T15:43:17.379018
00379,HK,akshare_eastmoney_company_profile,company_profile,"中国恒嘉融资租赁集团有限公司: China Ever Grand Financial Leasing Group Co., Ltd.",,"中国恒嘉融资租赁集团有限公司: China Ever Grand Financial Leasing Group Co., Ltd.",2026-06-04T15:43:17.491709
00380,HK,akshare_eastmoney_company_profile,company_profile,中国管业集团有限公司: China Pipe Group Limited,,中国管业集团有限公司: China Pipe Group Limited,2026-06-04T15:43:17.581361
00381,HK,akshare_eastmoney_company_profile,company_profile,权识国际集团股份有限公司: AOM International Group Company Limited,,权识国际集团股份有限公司: AOM International Group Company Limited,2026-06-04T15:43:17.682367
00382,HK,akshare_eastmoney_company_profile,company_profile,中汇集团控股有限公司: Edvantage Group Holdings Limited,,中汇集团控股有限公司: Edvantage Group Holdings Limited,2026-06-04T15:43:17.865394
00383,HK,akshare_eastmoney_company_profile,company_profile,天安卓健有限公司: Tian An Medicare Limited,,天安卓健有限公司: Tian An Medicare Limited,2026-06-04T15:43:17.966448
00384,HK,akshare_eastmoney_company_profile,company_profile,中国燃气控股有限公司: China Gas Holdings Ltd.,,中国燃气控股有限公司: China Gas Holdings Ltd.,2026-06-04T15:43:18.075046
00385,HK,akshare_eastmoney_company_profile,company_profile,建联集团有限公司: Chinney Alliance Group Ltd.,,建联集团有限公司: Chinney Alliance Group Ltd.,2026-06-04T15:43:18.177520
00386,HK,akshare_eastmoney_company_profile,company_profile,中国石油化工股份有限公司: China Petroleum & Chemical Corporation,,中国石油化工股份有限公司: China Petroleum & Chemical Corporation,2026-06-04T15:43:18.281358
00387,HK,akshare_eastmoney_company_profile,company_profile,力丰(集团)有限公司: Leeport (Holdings) Ltd.,,力丰(集团)有限公司: Leeport (Holdings) Ltd.,2026-06-04T15:43:18.676553
00388,HK,akshare_eastmoney_company_profile,company_profile,香港交易及结算所有限公司: Hong Kong Exchanges And Clearing Ltd.,,香港交易及结算所有限公司: Hong Kong Exchanges And Clearing Ltd.,2026-06-04T15:43:18.788791
00389,HK,akshare_eastmoney_company_profile,company_profile,中国通天酒业集团有限公司: CHINA TONTINE WINES GROUP LIMITED,,中国通天酒业集团有限公司: CHINA TONTINE WINES GROUP LIMITED,2026-06-04T15:43:18.886246
00390,HK,akshare_eastmoney_company_profile,company_profile,中国中铁股份有限公司: CHINA RAILWAY GROUP LIMITED,,中国中铁股份有限公司: CHINA RAILWAY GROUP LIMITED,2026-06-04T15:43:18.998470
00391,HK,akshare_eastmoney_company_profile,company_profile,美亚娱乐资讯集团有限公司: Mei Ah Entertainment Group Ltd.,,美亚娱乐资讯集团有限公司: Mei Ah Entertainment Group Ltd.,2026-06-04T15:43:19.154259
00392,HK,akshare_eastmoney_company_profile,company_profile,北京控股有限公司: Beijing Enterprises Holdings Ltd.,,北京控股有限公司: Beijing Enterprises Holdings Ltd.,2026-06-04T15:43:19.253666
00393,HK,akshare_eastmoney_company_profile,company_profile,旭日企业有限公司: Glorious Sun Enterprises Ltd.,,旭日企业有限公司: Glorious Sun Enterprises Ltd.,2026-06-04T15:43:19.359320
00396,HK,akshare_eastmoney_company_profile,company_profile,兴利(香港)控股有限公司: Hing Lee (HK) Holdings Limited,,兴利(香港)控股有限公司: Hing Lee (HK) Holdings Limited,2026-06-04T15:43:19.456288
00397,HK,akshare_eastmoney_company_profile,company_profile,嬴集团控股有限公司: Minerva Group Holding Limited,,嬴集团控股有限公司: Minerva Group Holding Limited,2026-06-04T15:43:19.554489
00398,HK,akshare_eastmoney_company_profile,company_profile,东方表行集团有限公司: Oriental Watch Holdings Ltd.,,东方表行集团有限公司: Oriental Watch Holdings Ltd.,2026-06-04T15:43:19.646910
00399,HK,akshare_eastmoney_company_profile,company_profile,星太链集团有限公司: Starcoin Group Limited,,星太链集团有限公司: Starcoin Group Limited,2026-06-04T15:43:19.740342
00400,HK,akshare_eastmoney_company_profile,company_profile,"硬蛋创新: Ingdan, Inc.",,"硬蛋创新: Ingdan, Inc.",2026-06-04T15:43:19.838342
00401,HK,akshare_eastmoney_company_profile,company_profile,万嘉集团控股有限公司: WANJIA GROUP HOLDINGS LIMITED,,万嘉集团控股有限公司: WANJIA GROUP HOLDINGS LIMITED,2026-06-04T15:43:19.936551
00403,HK,akshare_eastmoney_company_profile,company_profile,星光集团有限公司: Starlite Holdings Ltd.,,星光集团有限公司: Starlite Holdings Ltd.,2026-06-04T15:43:20.047176
00405,HK,akshare_eastmoney_company_profile,company_profile,越秀房托资产管理有限公司: Managed by GZI REIT Asset Management Limited,,越秀房托资产管理有限公司: Managed by GZI REIT Asset Management Limited,2026-06-04T15:43:20.194424
00406,HK,akshare_eastmoney_company_profile,company_profile,有利集团有限公司: Yau Lee Holdings Ltd.,,有利集团有限公司: Yau Lee Holdings Ltd.,2026-06-04T15:43:20.301295
00408,HK,akshare_eastmoney_company_profile,company_profile,叶氏化工集团有限公司: Yip's Chemical Holdings Limited,,叶氏化工集团有限公司: Yip's Chemical Holdings Limited,2026-06-04T15:43:20.400796
00410,HK,akshare_eastmoney_company_profile,company_profile,SOHO中国有限公司: SOHO China Ltd,,SOHO中国有限公司: SOHO China Ltd,2026-06-04T15:43:20.501061
00411,HK,akshare_eastmoney_company_profile,company_profile,南顺(香港)有限公司: Lam Soon (Hong Kong) Ltd.,,南顺(香港)有限公司: Lam Soon (Hong Kong) Ltd.,2026-06-04T15:43:20.601928
00412,HK,akshare_eastmoney_company_profile,company_profile,山高控股集团有限公司: Shandong Hi-Speed Holdings Group Limited,,山高控股集团有限公司: Shandong Hi-Speed Holdings Group Limited,2026-06-04T15:43:20.746419
00413,HK,akshare_eastmoney_company_profile,company_profile,南华集团控股有限公司: South China Holdings Company Limited,,南华集团控股有限公司: South China Holdings Company Limited,2026-06-04T15:43:20.841324
00417,HK,akshare_eastmoney_company_profile,company_profile,谢瑞麟珠宝(国际)有限公司: Tse Sui Luen Jewellery (International) Ltd.,,谢瑞麟珠宝(国际)有限公司: Tse Sui Luen Jewellery (International) Ltd.,2026-06-04T15:43:20.945138
00418,HK,akshare_eastmoney_company_profile,company_profile,方正控股有限公司: FOUNDER HOLDINGS LIMITED,,方正控股有限公司: FOUNDER HOLDINGS LIMITED,2026-06-04T15:43:21.052260
00419,HK,akshare_eastmoney_company_profile,company_profile,弘毅文化集团: Hony Media Group,,弘毅文化集团: Hony Media Group,2026-06-04T15:43:21.201146
00420,HK,akshare_eastmoney_company_profile,company_profile,福田实业(集团)有限公司: Fountain Set (Holdings) Ltd.,,福田实业(集团)有限公司: Fountain Set (Holdings) Ltd.,2026-06-04T15:43:21.303312
00422,HK,akshare_eastmoney_company_profile,company_profile,越南制造加工出口控股有限公司: Vietnam Manufacturing and Export Processing,,越南制造加工出口控股有限公司: Vietnam Manufacturing and Export Processing,2026-06-04T15:43:21.570870
00423,HK,akshare_eastmoney_company_profile,company_profile,香港经济日报集团有限公司: Hong Kong Economic Times Holdings Ltd.,,香港经济日报集团有限公司: Hong Kong Economic Times Holdings Ltd.,2026-06-04T15:43:21.667286
00425,HK,akshare_eastmoney_company_profile,company_profile,敏实集团有限公司: MINTH GROUP LIMITED,,敏实集团有限公司: MINTH GROUP LIMITED,2026-06-04T15:43:21.767298
00426,HK,akshare_eastmoney_company_profile,company_profile,万华媒体集团有限公司: One Media Group Limited,,万华媒体集团有限公司: One Media Group Limited,2026-06-04T15:43:21.865122
00428,HK,akshare_eastmoney_company_profile,company_profile,中国天弓控股有限公司: Cocoon Holdings Limited,,中国天弓控股有限公司: Cocoon Holdings Limited,2026-06-04T15:43:21.971000
00430,HK,akshare_eastmoney_company_profile,company_profile,东方兴业控股有限公司: Oriental Explorer Holdings Ltd.,,东方兴业控股有限公司: Oriental Explorer Holdings Ltd.,2026-06-04T15:43:22.067596
00431,HK,akshare_eastmoney_company_profile,company_profile,大中华金融控股有限公司: Greater China Financial Holdings Limited,,大中华金融控股有限公司: Greater China Financial Holdings Limited,2026-06-04T15:43:22.158000
00432,HK,akshare_eastmoney_company_profile,company_profile,盈科大衍地产发展有限公司: Pacific Century Premium Developments Limited,,盈科大衍地产发展有限公司: Pacific Century Premium Developments Limited,2026-06-04T15:43:22.341653
00433,HK,akshare_eastmoney_company_profile,company_profile,北方矿业股份有限公司: North Mining Shares Company Limited,,北方矿业股份有限公司: North Mining Shares Company Limited,2026-06-04T15:43:22.633324
00434,HK,akshare_eastmoney_company_profile,company_profile,博雅互动国际有限公司: Boyaa Interactive International Limited,,博雅互动国际有限公司: Boyaa Interactive International Limited,2026-06-04T15:43:22.743187
00435,HK,akshare_eastmoney_company_profile,company_profile,阳光房地产投资信托基金: Sunlight Real Estate Investment Trust,,阳光房地产投资信托基金: Sunlight Real Estate Investment Trust,2026-06-04T15:43:22.843784
00436,HK,akshare_eastmoney_company_profile,company_profile,新宇环保集团有限公司: New Universe Environmental Group Limited,,新宇环保集团有限公司: New Universe Environmental Group Limited,2026-06-04T15:43:22.938495
00438,HK,akshare_eastmoney_company_profile,company_profile,彩虹集团新能源股份有限公司: IRICO GROUP NEW ENERGY COMPANY LIMITED,,彩虹集团新能源股份有限公司: IRICO GROUP NEW ENERGY COMPANY LIMITED,2026-06-04T15:43:23.061467
00439,HK,akshare_eastmoney_company_profile,company_profile,瀚源控股有限公司: Genesis Scale Holdings Limited,,瀚源控股有限公司: Genesis Scale Holdings Limited,2026-06-04T15:43:23.166827
00440,HK,akshare_eastmoney_company_profile,company_profile,大新金融集团有限公司: Dah Sing Financial Holdings Ltd.,,大新金融集团有限公司: Dah Sing Financial Holdings Ltd.,2026-06-04T15:43:23.390489
00442,HK,akshare_eastmoney_company_profile,company_profile,域能控股有限公司: Domaine Power Holdings Limited,,域能控股有限公司: Domaine Power Holdings Limited,2026-06-04T15:43:23.495788
00444,HK,akshare_eastmoney_company_profile,company_profile,先施表行有限公司: Sincere Watch (Hong Kong) Ltd.,,先施表行有限公司: Sincere Watch (Hong Kong) Ltd.,2026-06-04T15:43:23.597519
00450,HK,akshare_eastmoney_company_profile,company_profile,鸿兴印刷集团有限公司: Hung Hing Printing Group Ltd.,,鸿兴印刷集团有限公司: Hung Hing Printing Group Ltd.,2026-06-04T15:43:23.690441
00451,HK,akshare_eastmoney_company_profile,company_profile,协鑫新能源控股有限公司: GCL New Energy Holdings Limited,,协鑫新能源控股有限公司: GCL New Energy Holdings Limited,2026-06-04T15:43:23.785009
00455,HK,akshare_eastmoney_company_profile,company_profile,天大药业有限公司: Tianda Pharmaceuticals Limited,,天大药业有限公司: Tianda Pharmaceuticals Limited,2026-06-04T15:43:23.879473
00456,HK,akshare_eastmoney_company_profile,company_profile,新城市建设发展集团有限公司: New City Development Group Limited,,新城市建设发展集团有限公司: New City Development Group Limited,2026-06-04T15:43:23.981831
00458,HK,akshare_eastmoney_company_profile,company_profile,联亚集团有限公司: Tristate Holdings Ltd.,,联亚集团有限公司: Tristate Holdings Ltd.,2026-06-04T15:43:24.083416
00460,HK,akshare_eastmoney_company_profile,company_profile,四环医药控股集团有限公司: Sihuan Pharmaceutical Holdings Group Ltd.,,四环医药控股集团有限公司: Sihuan Pharmaceutical Holdings Group Ltd.,2026-06-04T15:43:24.223524
00464,HK,akshare_eastmoney_company_profile,company_profile,中国智能科技有限公司: China In-Tech Limited,,中国智能科技有限公司: China In-Tech Limited,2026-06-04T15:43:24.331858
00465,HK,akshare_eastmoney_company_profile,company_profile,富通科技发展控股有限公司: Futong Technology Development Holdings Limited,,富通科技发展控股有限公司: Futong Technology Development Holdings Limited,2026-06-04T15:43:24.434140
00467,HK,akshare_eastmoney_company_profile,company_profile,联合能源集团有限公司: United Energy Group Limited,,联合能源集团有限公司: United Energy Group Limited,2026-06-04T15:43:24.541015
00468,HK,akshare_eastmoney_company_profile,company_profile,纷美包装有限公司: Greatview Aseptic Packaging Company Limited,,纷美包装有限公司: Greatview Aseptic Packaging Company Limited,2026-06-04T15:43:24.643339
00470,HK,akshare_eastmoney_company_profile,company_profile,"无锡先导智能装备股份有限公司: Wuxi Lead Intelligent Equipment CO.,LTD.",,"无锡先导智能装备股份有限公司: Wuxi Lead Intelligent Equipment CO.,LTD.",2026-06-04T15:43:24.916055
00471,HK,akshare_eastmoney_company_profile,company_profile,中播数据有限公司: Silkwave Inc,,中播数据有限公司: Silkwave Inc,2026-06-04T15:43:25.016904
00472,HK,akshare_eastmoney_company_profile,company_profile,新丝路控股集团有限公司: New Silkroad Holding Group Limited,,新丝路控股集团有限公司: New Silkroad Holding Group Limited,2026-06-04T15:43:25.124763
00474,HK,akshare_eastmoney_company_profile,company_profile,信铭生命科技集团有限公司: Aceso Life Science Group Limited,,信铭生命科技集团有限公司: Aceso Life Science Group Limited,2026-06-04T15:43:25.219571
00475,HK,akshare_eastmoney_company_profile,company_profile,中发展控股有限公司: Central Development Holdings Limited,,中发展控股有限公司: Central Development Holdings Limited,2026-06-04T15:43:25.307657
00476,HK,akshare_eastmoney_company_profile,company_profile,科轩动力(控股)有限公司: Ev Dynamics (Holdings) Limited,,科轩动力(控股)有限公司: Ev Dynamics (Holdings) Limited,2026-06-04T15:43:25.407891
00480,HK,akshare_eastmoney_company_profile,company_profile,香港兴业国际集团有限公司: HKR International Ltd.,,香港兴业国际集团有限公司: HKR International Ltd.,2026-06-04T15:43:25.524319
00482,HK,akshare_eastmoney_company_profile,company_profile,圣马丁国际控股有限公司: Sandmartin International Holdings Limited,,圣马丁国际控股有限公司: Sandmartin International Holdings Limited,2026-06-04T15:43:25.630199
00483,HK,akshare_eastmoney_company_profile,company_profile,包浩斯国际(控股)有限公司: Bauhaus International (Holdings) Ltd.,,包浩斯国际(控股)有限公司: Bauhaus International (Holdings) Ltd.,2026-06-04T15:43:25.759157
00484,HK,akshare_eastmoney_company_profile,company_profile,云游控股有限公司: Forgame Holdings Limited,,云游控股有限公司: Forgame Holdings Limited,2026-06-04T15:43:25.864545
00485,HK,akshare_eastmoney_company_profile,company_profile,中国华星集团有限公司: China Sinostar Group Company Limited,,中国华星集团有限公司: China Sinostar Group Company Limited,2026-06-04T15:43:25.956240
00486,HK,akshare_eastmoney_company_profile,company_profile,俄铝: United Company RUSAL Plc,,俄铝: United Company RUSAL Plc,2026-06-04T15:43:26.054203
00487,HK,akshare_eastmoney_company_profile,company_profile,实德环球有限公司: Success Universe Group Limited,,实德环球有限公司: Success Universe Group Limited,2026-06-04T15:43:26.159086
00488,HK,akshare_eastmoney_company_profile,company_profile,丽新发展有限公司: Lai Sun Development Co. Ltd.,,丽新发展有限公司: Lai Sun Development Co. Ltd.,2026-06-04T15:43:26.313443
00491,HK,akshare_eastmoney_company_profile,company_profile,英皇文化产业集团有限公司: Emperor Culture Group Limited,,英皇文化产业集团有限公司: Emperor Culture Group Limited,2026-06-04T15:43:26.438954
00493,HK,akshare_eastmoney_company_profile,company_profile,国美零售控股有限公司: GOME Retail Holdings Limited,,国美零售控股有限公司: GOME Retail Holdings Limited,2026-06-04T15:43:26.532894
00495,HK,akshare_eastmoney_company_profile,company_profile,百利大有限公司: Paladin Ltd.,,百利大有限公司: Paladin Ltd.,2026-06-04T15:43:26.638833
00496,HK,akshare_eastmoney_company_profile,company_profile,卡森国际控股有限公司: KASEN INTERNATIONAL HOLDINGS LIMITED,,卡森国际控股有限公司: KASEN INTERNATIONAL HOLDINGS LIMITED,2026-06-04T15:43:26.743430
00497,HK,akshare_eastmoney_company_profile,company_profile,资本策略地产有限公司: CSI Properties Limited,,资本策略地产有限公司: CSI Properties Limited,2026-06-04T15:43:26.850374
00498,HK,akshare_eastmoney_company_profile,company_profile,蓝河控股有限公司: Blue River Holdings Limited,,蓝河控股有限公司: Blue River Holdings Limited,2026-06-04T15:43:26.949077
00499,HK,akshare_eastmoney_company_profile,company_profile,青岛控股国际有限公司: Qingdao Holdings International Limited,,青岛控股国际有限公司: Qingdao Holdings International Limited,2026-06-04T15:43:27.050374
00500,HK,akshare_eastmoney_company_profile,company_profile,先丰服务集团有限公司: Frontier Services Group Limited,,先丰服务集团有限公司: Frontier Services Group Limited,2026-06-04T15:43:27.200279
00501,HK,akshare_eastmoney_company_profile,company_profile,"豪威集成电路(集团)股份有限公司: OmniVision Integrated Circuits Group, Inc.",,"豪威集成电路(集团)股份有限公司: OmniVision Integrated Circuits Group, Inc.",2026-06-04T15:43:27.298414
00505,HK,akshare_eastmoney_company_profile,company_profile,兴业合金材料集团有限公司: Xingye Alloy Materials Group Limited,,兴业合金材料集团有限公司: Xingye Alloy Materials Group Limited,2026-06-04T15:43:27.565390
00506,HK,akshare_eastmoney_company_profile,company_profile,中国食品有限公司: China Foods Limited,,中国食品有限公司: China Foods Limited,2026-06-04T15:43:27.657327
00508,HK,akshare_eastmoney_company_profile,company_profile,鼎亿集团投资有限公司: Dingyi Group Investment Limited,,鼎亿集团投资有限公司: Dingyi Group Investment Limited,2026-06-04T15:43:27.758989
00509,HK,akshare_eastmoney_company_profile,company_profile,世纪阳光集团控股有限公司: Century Sunshine Group Holdings Limited,,世纪阳光集团控股有限公司: Century Sunshine Group Holdings Limited,2026-06-04T15:43:27.864258
00510,HK,akshare_eastmoney_company_profile,company_profile,时富金融服务集团有限公司: Cash Financial Services Group Ltd.,,时富金融服务集团有限公司: Cash Financial Services Group Ltd.,2026-06-04T15:43:27.961940
00511,HK,akshare_eastmoney_company_profile,company_profile,电视广播有限公司: Television Broadcasts Ltd.,,电视广播有限公司: Television Broadcasts Ltd.,2026-06-04T15:43:28.067905
00512,HK,akshare_eastmoney_company_profile,company_profile,远大医药集团有限公司: Grand Pharmaceutical Group Limited,,远大医药集团有限公司: Grand Pharmaceutical Group Limited,2026-06-04T15:43:28.174375
00513,HK,akshare_eastmoney_company_profile,company_profile,恒和珠宝集团有限公司: Continental Holdings Ltd.,,恒和珠宝集团有限公司: Continental Holdings Ltd.,2026-06-04T15:43:28.272010
00515,HK,akshare_eastmoney_company_profile,company_profile,中华银科技控股有限公司: China Silver Technology Holdings Limited,,中华银科技控股有限公司: China Silver Technology Holdings Limited,2026-06-04T15:43:28.446236
00517,HK,akshare_eastmoney_company_profile,company_profile,"中远海运国际(香港)有限公司: COSCO SHIPPING International (Hong Kong) Co., Ltd.",,"中远海运国际(香港)有限公司: COSCO SHIPPING International (Hong Kong) Co., Ltd.",2026-06-04T15:43:28.764274
00518,HK,akshare_eastmoney_company_profile,company_profile,同得仕(集团)有限公司: Tungtex (Holdings) Company Limited,,同得仕(集团)有限公司: Tungtex (Holdings) Company Limited,2026-06-04T15:43:28.867874
00519,HK,akshare_eastmoney_company_profile,company_profile,诺科达科技集团有限公司: Novautek Technologies Group Limited,,诺科达科技集团有限公司: Novautek Technologies Group Limited,2026-06-04T15:43:28.969116
00520,HK,akshare_eastmoney_company_profile,company_profile,"呷哺呷哺餐饮管理(中国)控股有限公司: Xiabuxiabu Catering Management (China) Holdings Co., Ltd.",,"呷哺呷哺餐饮管理(中国)控股有限公司: Xiabuxiabu Catering Management (China) Holdings Co., Ltd.",2026-06-04T15:43:29.077903
00521,HK,akshare_eastmoney_company_profile,company_profile,CWT International Limited: CWT International Limited,,CWT International Limited: CWT International Limited,2026-06-04T15:43:29.185929
00522,HK,akshare_eastmoney_company_profile,company_profile,ASMPT Limited: ASMPT Limited,,ASMPT Limited: ASMPT Limited,2026-06-04T15:43:29.286225
00524,HK,akshare_eastmoney_company_profile,company_profile,长城天下控股有限公司: Great Wall Terroir Holdings Limited,,长城天下控股有限公司: Great Wall Terroir Holdings Limited,2026-06-04T15:43:29.391395
00525,HK,akshare_eastmoney_company_profile,company_profile,广深铁路股份有限公司: Guangshen Railway Company Limited,,广深铁路股份有限公司: Guangshen Railway Company Limited,2026-06-04T15:43:30.188506
00526,HK,akshare_eastmoney_company_profile,company_profile,利时集团(控股)有限公司: Lisi Group (Holdings) Limited,,利时集团(控股)有限公司: Lisi Group (Holdings) Limited,2026-06-04T15:43:30.281204
00527,HK,akshare_eastmoney_company_profile,company_profile,中国瑞风新能源控股有限公司: China Ruifeng Renewable Energy Holdings Limited,,中国瑞风新能源控股有限公司: China Ruifeng Renewable Energy Holdings Limited,2026-06-04T15:43:30.435712
00528,HK,akshare_eastmoney_company_profile,company_profile,金达控股有限公司: KINGDOM HOLDINGS LIMITED,,金达控股有限公司: KINGDOM HOLDINGS LIMITED,2026-06-04T15:43:30.549085
00529,HK,akshare_eastmoney_company_profile,company_profile,新龙国际集团有限公司: SiS International Holdings Ltd.,,新龙国际集团有限公司: SiS International Holdings Ltd.,2026-06-04T15:43:30.796594
00532,HK,akshare_eastmoney_company_profile,company_profile,王氏港建国际(集团)有限公司: Wong's Kong King International (Holdings) Ltd.,,王氏港建国际(集团)有限公司: Wong's Kong King International (Holdings) Ltd.,2026-06-04T15:43:30.906437
00533,HK,akshare_eastmoney_company_profile,company_profile,金利来集团有限公司: Goldlion Holdings Ltd.,,金利来集团有限公司: Goldlion Holdings Ltd.,2026-06-04T15:43:31.011597
00535,HK,akshare_eastmoney_company_profile,company_profile,金地商置集团有限公司: Gemdale Properties and Investment Corporation Limited,,金地商置集团有限公司: Gemdale Properties and Investment Corporation Limited,2026-06-04T15:43:31.110283
00536,HK,akshare_eastmoney_company_profile,company_profile,贸易通电子贸易有限公司: Tradelink Electronic Commerce Limited,,贸易通电子贸易有限公司: Tradelink Electronic Commerce Limited,2026-06-04T15:43:31.209068
00538,HK,akshare_eastmoney_company_profile,company_profile,味千(中国)控股有限公司: Ajisen (China) Holdings Limited,,味千(中国)控股有限公司: Ajisen (China) Holdings Limited,2026-06-04T15:43:31.304263
00540,HK,akshare_eastmoney_company_profile,company_profile,迅捷环球控股有限公司: SPEEDY GLOBAL HOLDINGS LIMITED,,迅捷环球控股有限公司: SPEEDY GLOBAL HOLDINGS LIMITED,2026-06-04T15:43:31.422070
00542,HK,akshare_eastmoney_company_profile,company_profile,中国文旅农业集团有限公司: China Cultural Tourism and Agriculture Group Limited,,中国文旅农业集团有限公司: China Cultural Tourism and Agriculture Group Limited,2026-06-04T15:43:31.514189
00543,HK,akshare_eastmoney_company_profile,company_profile,太平洋网络有限公司: Pacific Online Ltd,,太平洋网络有限公司: Pacific Online Ltd,2026-06-04T15:43:34.747417
00544,HK,akshare_eastmoney_company_profile,company_profile,大同集团有限公司: Daido Group Ltd.,,大同集团有限公司: Daido Group Ltd.,2026-06-04T15:43:34.844538
00546,HK,akshare_eastmoney_company_profile,company_profile,阜丰集团有限公司: Fufeng Group Limited,,阜丰集团有限公司: Fufeng Group Limited,2026-06-04T15:43:34.943762
00547,HK,akshare_eastmoney_company_profile,company_profile,数字王国集团有限公司: Digital Domain Holdings Limited,,数字王国集团有限公司: Digital Domain Holdings Limited,2026-06-04T15:43:35.053517
00548,HK,akshare_eastmoney_company_profile,company_profile,深圳高速公路集团股份有限公司: Shenzhen Expressway Corporation Limited,,深圳高速公路集团股份有限公司: Shenzhen Expressway Corporation Limited,2026-06-04T15:43:35.149487
00550,HK,akshare_eastmoney_company_profile,company_profile,律齐文化有限公司: Allegro Culture Limited,,律齐文化有限公司: Allegro Culture Limited,2026-06-04T15:43:35.243293
00551,HK,akshare_eastmoney_company_profile,company_profile,裕元工业(集团)有限公司: Yue Yuen Industrial (Holdings) Ltd.,,裕元工业(集团)有限公司: Yue Yuen Industrial (Holdings) Ltd.,2026-06-04T15:43:35.345260
00552,HK,akshare_eastmoney_company_profile,company_profile,中国通信服务股份有限公司: CHINA COMMUNICATIONS SERVICES CORPORATION LIMITED,,中国通信服务股份有限公司: CHINA COMMUNICATIONS SERVICES CORPORATION LIMITED,2026-06-04T15:43:35.446868
00553,HK,akshare_eastmoney_company_profile,company_profile,南京熊猫电子股份有限公司: Nanjing Panda Electronics Company Limited,,南京熊猫电子股份有限公司: Nanjing Panda Electronics Company Limited,2026-06-04T15:43:35.548909
00554,HK,akshare_eastmoney_company_profile,company_profile,汉思集团控股有限公司: Hans Group Holdings Limited,,汉思集团控股有限公司: Hans Group Holdings Limited,2026-06-04T15:43:35.648093
00556,HK,akshare_eastmoney_company_profile,company_profile,泛亚环保集团有限公司: Pan Asia Environmental Protection Group Limited,,泛亚环保集团有限公司: Pan Asia Environmental Protection Group Limited,2026-06-04T15:43:35.746407
00557,HK,akshare_eastmoney_company_profile,company_profile,中国天元医疗集团有限公司: China Tian Yuan Healthcare Group Limited,,中国天元医疗集团有限公司: China Tian Yuan Healthcare Group Limited,2026-06-04T15:43:35.848084
00558,HK,akshare_eastmoney_company_profile,company_profile,力劲科技集团有限公司: L.K. Technology Holdings Limited,,力劲科技集团有限公司: L.K. Technology Holdings Limited,2026-06-04T15:43:35.947743
00559,HK,akshare_eastmoney_company_profile,company_profile,德泰新能源集团有限公司: DeTai New Energy Group Limited,,德泰新能源集团有限公司: DeTai New Energy Group Limited,2026-06-04T15:43:36.047401
00560,HK,akshare_eastmoney_company_profile,company_profile,珠江船务企业(股份)有限公司: Chu Kong Shipping Enterprises (Group) Company Limited,,珠江船务企业(股份)有限公司: Chu Kong Shipping Enterprises (Group) Company Limited,2026-06-04T15:43:36.153143
00563,HK,akshare_eastmoney_company_profile,company_profile,上海实业城市开发集团有限公司: Shanghai Industrial Urban Development Group Limited,,上海实业城市开发集团有限公司: Shanghai Industrial Urban Development Group Limited,2026-06-04T15:43:36.257967
00564,HK,akshare_eastmoney_company_profile,company_profile,中创智领(郑州)工业技术集团股份有限公司: ZCZL Industrial Technology Group Company Limited,,中创智领(郑州)工业技术集团股份有限公司: ZCZL Industrial Technology Group Company Limited,2026-06-04T15:43:36.378141
00565,HK,akshare_eastmoney_company_profile,company_profile,锦艺集团控股有限公司: Art Group Holdings Limited,,锦艺集团控股有限公司: Art Group Holdings Limited,2026-06-04T15:43:36.475156
00567,HK,akshare_eastmoney_company_profile,company_profile,大昌微线集团有限公司: Daisho Microline Holdings Limited,,大昌微线集团有限公司: Daisho Microline Holdings Limited,2026-06-04T15:43:36.613759
00568,HK,akshare_eastmoney_company_profile,company_profile,山东墨龙石油机械股份有限公司: Shandong Molong Petroleum Machinery Company Limited,,山东墨龙石油机械股份有限公司: Shandong Molong Petroleum Machinery Company Limited,2026-06-04T15:43:36.712173
00570,HK,akshare_eastmoney_company_profile,company_profile,中国中药控股有限公司: CHINA TRADITIONAL CHINESE MEDICINE HOLDINGS CO. LIMITED,,中国中药控股有限公司: CHINA TRADITIONAL CHINESE MEDICINE HOLDINGS CO. LIMITED,2026-06-04T15:43:36.816289
00571,HK,akshare_eastmoney_company_profile,company_profile,丰德丽控股有限公司: eSun Holdings Ltd.,,丰德丽控股有限公司: eSun Holdings Ltd.,2026-06-04T15:43:36.912095
00572,HK,akshare_eastmoney_company_profile,company_profile,未来世界控股有限公司: Future World Holdings Limited,,未来世界控股有限公司: Future World Holdings Limited,2026-06-04T15:43:37.014597
00573,HK,akshare_eastmoney_company_profile,company_profile,稻香控股有限公司: Tao Heung Holdings Ltd,,稻香控股有限公司: Tao Heung Holdings Ltd,2026-06-04T15:43:37.112419
00574,HK,akshare_eastmoney_company_profile,company_profile,百信国际控股有限公司: Pa Shun International Holdings Limited,,百信国际控股有限公司: Pa Shun International Holdings Limited,2026-06-04T15:43:37.224535
00575,HK,akshare_eastmoney_company_profile,company_profile,励晶太平洋集团有限公司: Regent Pacific Group Limited,,励晶太平洋集团有限公司: Regent Pacific Group Limited,2026-06-04T15:43:37.333686
00576,HK,akshare_eastmoney_company_profile,company_profile,"浙江沪杭甬高速公路股份有限公司: Zhejiang Expressway Co., Ltd.",,"浙江沪杭甬高速公路股份有限公司: Zhejiang Expressway Co., Ltd.",2026-06-04T15:43:37.432169
00579,HK,akshare_eastmoney_company_profile,company_profile,"北京京能清洁能源电力股份有限公司: Beijing Jingneng Clean Energy Co., Limited",,"北京京能清洁能源电力股份有限公司: Beijing Jingneng Clean Energy Co., Limited",2026-06-04T15:43:37.543451
00580,HK,akshare_eastmoney_company_profile,company_profile,赛晶科技集团有限公司: Sun.King Technology Group Limited,,赛晶科技集团有限公司: Sun.King Technology Group Limited,2026-06-04T15:43:37.642830
00581,HK,akshare_eastmoney_company_profile,company_profile,中国东方集团控股有限公司: China Oriental Group Co. Ltd.,,中国东方集团控股有限公司: China Oriental Group Co. Ltd.,2026-06-04T15:43:37.739982
00582,HK,akshare_eastmoney_company_profile,company_profile,神话世界有限公司: Shin Hwa World Limited,,神话世界有限公司: Shin Hwa World Limited,2026-06-04T15:43:37.843812
00583,HK,akshare_eastmoney_company_profile,company_profile,长城环亚控股有限公司: Great Wall Pan Asia Holdings Limited,,长城环亚控股有限公司: Great Wall Pan Asia Holdings Limited,2026-06-04T15:43:37.940247
00585,HK,akshare_eastmoney_company_profile,company_profile,意力国际控股有限公司: Imagi International Holdings Limited,,意力国际控股有限公司: Imagi International Holdings Limited,2026-06-04T15:43:38.059462
00586,HK,akshare_eastmoney_company_profile,company_profile,中国海螺创业控股有限公司: China Conch Venture Holdings Limited,,中国海螺创业控股有限公司: China Conch Venture Holdings Limited,2026-06-04T15:43:38.168951
00587,HK,akshare_eastmoney_company_profile,company_profile,中国海螺环保控股有限公司: CHINA CONCH ENVIRONMENT PROTECTION HOLDINGS LIMITED,,中国海螺环保控股有限公司: CHINA CONCH ENVIRONMENT PROTECTION HOLDINGS LIMITED,2026-06-04T15:43:38.283012
00588,HK,akshare_eastmoney_company_profile,company_profile,北京北辰实业股份有限公司: Beijing North Star Company Limited,,北京北辰实业股份有限公司: Beijing North Star Company Limited,2026-06-04T15:43:38.393179
00589,HK,akshare_eastmoney_company_profile,company_profile,建中建设发展有限公司: Jianzhong Construction Development Limited,,建中建设发展有限公司: Jianzhong Construction Development Limited,2026-06-04T15:43:38.496817
00590,HK,akshare_eastmoney_company_profile,company_profile,六福集团(国际)有限公司: Luk Fook Holdings (International) Ltd.,,六福集团(国际)有限公司: Luk Fook Holdings (International) Ltd.,2026-06-04T15:43:38.598481
00591,HK,akshare_eastmoney_company_profile,company_profile,中国高精密自动化集团有限公司: CHINA HIGH PRECISION AUTOMATION GROUP LIMITED,,中国高精密自动化集团有限公司: CHINA HIGH PRECISION AUTOMATION GROUP LIMITED,2026-06-04T15:43:38.694075
00595,HK,akshare_eastmoney_company_profile,company_profile,先思行集团有限公司: AV Concept Holdings Limited,,先思行集团有限公司: AV Concept Holdings Limited,2026-06-04T15:43:39.012692
00596,HK,akshare_eastmoney_company_profile,company_profile,浪潮数字企业技术有限公司: Inspur Digital Enterprise Technology Limited,,浪潮数字企业技术有限公司: Inspur Digital Enterprise Technology Limited,2026-06-04T15:43:39.109525
00598,HK,akshare_eastmoney_company_profile,company_profile,中国外运股份有限公司: Sinotrans Limited,,中国外运股份有限公司: Sinotrans Limited,2026-06-04T15:43:39.219557
00599,HK,akshare_eastmoney_company_profile,company_profile,怡邦行控股有限公司: E. Bon Holdings Ltd,,怡邦行控股有限公司: E. Bon Holdings Ltd,2026-06-04T15:43:39.311418
00600,HK,akshare_eastmoney_company_profile,company_profile,"爱芯元智半导体股份有限公司: Axera Semiconductor Co., Ltd.",,"爱芯元智半导体股份有限公司: Axera Semiconductor Co., Ltd.",2026-06-04T15:43:39.405425
00601,HK,akshare_eastmoney_company_profile,company_profile,稀镁科技集团控股有限公司: Rare Earth Magnesium Technology Group Holdings Limited,,稀镁科技集团控股有限公司: Rare Earth Magnesium Technology Group Holdings Limited,2026-06-04T15:43:39.507781
00602,HK,akshare_eastmoney_company_profile,company_profile,佳华百货控股有限公司: JIAHUA STORES HOLDINGS LIMITED,,佳华百货控股有限公司: JIAHUA STORES HOLDINGS LIMITED,2026-06-04T15:43:39.609576
00603,HK,akshare_eastmoney_company_profile,company_profile,中油燃气集团有限公司: China Oil And Gas Group Limited,,中油燃气集团有限公司: China Oil And Gas Group Limited,2026-06-04T15:43:42.516913
00604,HK,akshare_eastmoney_company_profile,company_profile,深圳控股有限公司: SHENZHEN INVESTMENT LIMITED,,深圳控股有限公司: SHENZHEN INVESTMENT LIMITED,2026-06-04T15:43:42.729660
00605,HK,akshare_eastmoney_company_profile,company_profile,中国金融投资管理有限公司: China Financial Services Holdings Limited,,中国金融投资管理有限公司: China Financial Services Holdings Limited,2026-06-04T15:43:43.020199
00606,HK,akshare_eastmoney_company_profile,company_profile,中骏商管智慧服务控股有限公司: SCE Intelligent Commercial Management Holdings Limited,,中骏商管智慧服务控股有限公司: SCE Intelligent Commercial Management Holdings Limited,2026-06-04T15:43:43.117667
00607,HK,akshare_eastmoney_company_profile,company_profile,丰盛控股有限公司: Fullshare Holdings Limited,,丰盛控股有限公司: Fullshare Holdings Limited,2026-06-04T15:43:43.220287
00608,HK,akshare_eastmoney_company_profile,company_profile,达利国际集团有限公司: High Fashion International Limited,,达利国际集团有限公司: High Fashion International Limited,2026-06-04T15:43:43.446845
00609,HK,akshare_eastmoney_company_profile,company_profile,天德化工控股有限公司: TIANDE CHEMICAL HOLDINGS LIMITED,,天德化工控股有限公司: TIANDE CHEMICAL HOLDINGS LIMITED,2026-06-04T15:43:43.548701
00610,HK,akshare_eastmoney_company_profile,company_profile,惠记集团有限公司: Wai Kee Holdings Ltd.,,惠记集团有限公司: Wai Kee Holdings Ltd.,2026-06-04T15:43:43.655069
00611,HK,akshare_eastmoney_company_profile,company_profile,中国核能科技集团有限公司: China Nuclear Energy Technology Corporation Limited,,中国核能科技集团有限公司: China Nuclear Energy Technology Corporation Limited,2026-06-04T15:43:43.754472
00612,HK,akshare_eastmoney_company_profile,company_profile,嘉文世纪投资有限公司: Carmen Century Investment Limited,,嘉文世纪投资有限公司: Carmen Century Investment Limited,2026-06-04T15:43:43.880327
00613,HK,akshare_eastmoney_company_profile,company_profile,梧桐国际发展有限公司: Planetree International Development Limited,,梧桐国际发展有限公司: Planetree International Development Limited,2026-06-04T15:43:43.979915
00616,HK,akshare_eastmoney_company_profile,company_profile,财富链有限公司: Asset Chain Limited,,财富链有限公司: Asset Chain Limited,2026-06-04T15:43:44.077866
00617,HK,akshare_eastmoney_company_profile,company_profile,百利保控股有限公司: Palibury Holdings Limited,,百利保控股有限公司: Palibury Holdings Limited,2026-06-04T15:43:44.183603
00618,HK,akshare_eastmoney_company_profile,company_profile,北大资源(控股)有限公司: Peking University Resources (Holdings) Company Limited,,北大资源(控股)有限公司: Peking University Resources (Holdings) Company Limited,2026-06-04T15:43:44.279614
00619,HK,akshare_eastmoney_company_profile,company_profile,南华金融控股有限公司: South China Financial Holdings Limited,,南华金融控股有限公司: South China Financial Holdings Limited,2026-06-04T15:43:44.377966
00620,HK,akshare_eastmoney_company_profile,company_profile,大唐西市丝路投资控股有限公司: DTXS Silk Road Investment Holdings Company Limited,,大唐西市丝路投资控股有限公司: DTXS Silk Road Investment Holdings Company Limited,2026-06-04T15:43:44.476358
00621,HK,akshare_eastmoney_company_profile,company_profile,坛金矿业有限公司: Taung Gold International Limited,,坛金矿业有限公司: Taung Gold International Limited,2026-06-04T15:43:44.567111
00622,HK,akshare_eastmoney_company_profile,company_profile,威华达控股有限公司: Oshidori International Holdings Limited,,威华达控股有限公司: Oshidori International Holdings Limited,2026-06-04T15:43:44.679024
00623,HK,akshare_eastmoney_company_profile,company_profile,中视金桥国际传媒控股有限公司: SinoMedia Holding Limited,,中视金桥国际传媒控股有限公司: SinoMedia Holding Limited,2026-06-04T15:43:44.777960
00626,HK,akshare_eastmoney_company_profile,company_profile,大众金融控股有限公司: Public Financial Holdings Limited,,大众金融控股有限公司: Public Financial Holdings Limited,2026-06-04T15:43:44.938902
00627,HK,akshare_eastmoney_company_profile,company_profile,共生智筑控股有限公司: Vision Synergy Holdings Limited,,共生智筑控股有限公司: Vision Synergy Holdings Limited,2026-06-04T15:43:45.046724
00628,HK,akshare_eastmoney_company_profile,company_profile,通通AI社交集团有限公司: Tong Tong AI Social Group Limited,,通通AI社交集团有限公司: Tong Tong AI Social Group Limited,2026-06-04T15:43:45.149440
00629,HK,akshare_eastmoney_company_profile,company_profile,悦达国际控股有限公司: Yue Da International Holdings Limited,,悦达国际控股有限公司: Yue Da International Holdings Limited,2026-06-04T15:43:45.370089
00630,HK,akshare_eastmoney_company_profile,company_profile,隽泰控股有限公司: Amco United Holding Limited,,隽泰控股有限公司: Amco United Holding Limited,2026-06-04T15:43:45.611864
00631,HK,akshare_eastmoney_company_profile,company_profile,三一重装国际控股有限公司: SANY HEAVY EQUIPMENT INTERNATIONAL HOLDINGS COMPANY LIMITED,,三一重装国际控股有限公司: SANY HEAVY EQUIPMENT INTERNATIONAL HOLDINGS COMPANY LIMITED,2026-06-04T15:43:45.708364
00632,HK,akshare_eastmoney_company_profile,company_profile,中港石油有限公司: CHK Oil Limited,,中港石油有限公司: CHK Oil Limited,2026-06-04T15:43:45.797134
00635,HK,akshare_eastmoney_company_profile,company_profile,彩星集团有限公司: Playmates Holdings Limited,,彩星集团有限公司: Playmates Holdings Limited,2026-06-04T15:43:45.896317
00636,HK,akshare_eastmoney_company_profile,company_profile,KLN Logistics Group Limited: KLN Logistics Group Limited,,KLN Logistics Group Limited: KLN Logistics Group Limited,2026-06-04T15:43:45.993676
00637,HK,akshare_eastmoney_company_profile,company_profile,利记控股有限公司: Lee Kee Holding Limited,,利记控股有限公司: Lee Kee Holding Limited,2026-06-04T15:43:46.090934
00638,HK,akshare_eastmoney_company_profile,company_profile,深圳市广和通无线股份有限公司: Fibocom Wireless Inc.,,深圳市广和通无线股份有限公司: Fibocom Wireless Inc.,2026-06-04T15:43:46.268935
00639,HK,akshare_eastmoney_company_profile,company_profile,首钢福山资源集团有限公司: Shougang Fushan Resources Group Limited,,首钢福山资源集团有限公司: Shougang Fushan Resources Group Limited,2026-06-04T15:43:46.372508
00640,HK,akshare_eastmoney_company_profile,company_profile,星谦发展控股有限公司: Infinity Development Holdings Company Limited,,星谦发展控股有限公司: Infinity Development Holdings Company Limited,2026-06-04T15:43:46.478312
00641,HK,akshare_eastmoney_company_profile,company_profile,中国恒天立信国际有限公司: CHTC FONG'S INTERNATIONAL COMPANY LIMITED,,中国恒天立信国际有限公司: CHTC FONG'S INTERNATIONAL COMPANY LIMITED,2026-06-04T15:43:46.578618
00643,HK,akshare_eastmoney_company_profile,company_profile,恒富控股有限公司: Carry Wealth Holdings Limited,,恒富控股有限公司: Carry Wealth Holdings Limited,2026-06-04T15:43:46.845878
00645,HK,akshare_eastmoney_company_profile,company_profile,安域亚洲有限公司: Ares Asia Limited,,安域亚洲有限公司: Ares Asia Limited,2026-06-04T15:43:46.985839
00646,HK,akshare_eastmoney_company_profile,company_profile,中国环保科技控股有限公司: China Environmental Technology Holdings Limited,,中国环保科技控股有限公司: China Environmental Technology Holdings Limited,2026-06-04T15:43:47.264616
00648,HK,akshare_eastmoney_company_profile,company_profile,京玖医疗健康有限公司: SoftMedX Healthcare Limited,,京玖医疗健康有限公司: SoftMedX Healthcare Limited,2026-06-04T15:43:47.363005
00650,HK,akshare_eastmoney_company_profile,company_profile,普达特科技有限公司: Productive Technologies Company Limited,,普达特科技有限公司: Productive Technologies Company Limited,2026-06-04T15:43:47.466955
00653,HK,akshare_eastmoney_company_profile,company_profile,卓悦控股有限公司: Bonjour Holdings Limited,,卓悦控股有限公司: Bonjour Holdings Limited,2026-06-04T15:43:47.562195
00655,HK,akshare_eastmoney_company_profile,company_profile,香港华人有限公司: HongKong Chinese Limited,,香港华人有限公司: HongKong Chinese Limited,2026-06-04T15:43:47.663630
00656,HK,akshare_eastmoney_company_profile,company_profile,复星国际有限公司: Fosun International Limited,,复星国际有限公司: Fosun International Limited,2026-06-04T15:43:47.770656
00657,HK,akshare_eastmoney_company_profile,company_profile,环科国际集团有限公司: G-Vision International (Holdings) Limited,,环科国际集团有限公司: G-Vision International (Holdings) Limited,2026-06-04T15:43:47.875857
00658,HK,akshare_eastmoney_company_profile,company_profile,"中国高速传动设备集团有限公司: China High Speed Transmission Equipment Group Co., Ltd.",,"中国高速传动设备集团有限公司: China High Speed Transmission Equipment Group Co., Ltd.",2026-06-04T15:43:48.076376
00659,HK,akshare_eastmoney_company_profile,company_profile,周大福创建有限公司: CTF Services Limited,,周大福创建有限公司: CTF Services Limited,2026-06-04T15:43:48.179436
00660,HK,akshare_eastmoney_company_profile,company_profile,玮俊生物科技有限公司: Wai Chun Bio-Technology Limited,,玮俊生物科技有限公司: Wai Chun Bio-Technology Limited,2026-06-04T15:43:48.280190
00661,HK,akshare_eastmoney_company_profile,company_profile,中国大冶有色金属矿业有限公司: China Daye Non-Ferrous Metals Mining Limited,,中国大冶有色金属矿业有限公司: China Daye Non-Ferrous Metals Mining Limited,2026-06-04T15:43:48.381421
00662,HK,akshare_eastmoney_company_profile,company_profile,亚洲金融集团(控股)有限公司: Asia Financial Holdings Ltd.,,亚洲金融集团(控股)有限公司: Asia Financial Holdings Ltd.,2026-06-04T15:43:48.505665
00664,HK,akshare_eastmoney_company_profile,company_profile,"杭州铜师傅文创(集团)股份有限公司: HANGZHOU TONGSHIFU CULTURAL AND CREATIVE (GROUP) CO., LTD.",,"杭州铜师傅文创(集团)股份有限公司: HANGZHOU TONGSHIFU CULTURAL AND CREATIVE (GROUP) CO., LTD.",2026-06-04T15:43:48.604937
00666,HK,akshare_eastmoney_company_profile,company_profile,"瑞浦兰钧能源股份有限公司: REPT BATTERO Energy Co., Ltd.",,"瑞浦兰钧能源股份有限公司: REPT BATTERO Energy Co., Ltd.",2026-06-04T15:43:48.708178
00667,HK,akshare_eastmoney_company_profile,company_profile,中国东方教育控股有限公司: CHINA EAST EDUCATION HOLDINGS LIMITED,,中国东方教育控股有限公司: CHINA EAST EDUCATION HOLDINGS LIMITED,2026-06-04T15:43:48.808604
00669,HK,akshare_eastmoney_company_profile,company_profile,创科实业有限公司: TECHTRONIC INDUSTRIES CO. LTD.,,创科实业有限公司: TECHTRONIC INDUSTRIES CO. LTD.,2026-06-04T15:43:48.907080
00670,HK,akshare_eastmoney_company_profile,company_profile,中国东方航空股份有限公司: China Eastern Airlines Corporation Limited,,中国东方航空股份有限公司: China Eastern Airlines Corporation Limited,2026-06-04T15:43:49.037670
00672,HK,akshare_eastmoney_company_profile,company_profile,众安集团有限公司: Zhong An Group Limited,,众安集团有限公司: Zhong An Group Limited,2026-06-04T15:43:49.138520
00673,HK,akshare_eastmoney_company_profile,company_profile,中国卫生集团有限公司: China Health Group Limited,,中国卫生集团有限公司: China Health Group Limited,2026-06-04T15:43:49.240167
00674,HK,akshare_eastmoney_company_profile,company_profile,中国唐商控股有限公司: China Tangshang Holdings Limited,,中国唐商控股有限公司: China Tangshang Holdings Limited,2026-06-04T15:43:49.343618
00675,HK,akshare_eastmoney_company_profile,company_profile,坚宝国际控股有限公司: K&P International Holdings Ltd.,,坚宝国际控股有限公司: K&P International Holdings Ltd.,2026-06-04T15:43:49.442360
00676,HK,akshare_eastmoney_company_profile,company_profile,创信国际控股有限公司: Pegasus International Holdings Ltd.,,创信国际控股有限公司: Pegasus International Holdings Ltd.,2026-06-04T15:43:49.544908
00677,HK,akshare_eastmoney_company_profile,company_profile,金源发展国际实业有限公司: Golden Resources Development International Ltd.,,金源发展国际实业有限公司: Golden Resources Development International Ltd.,2026-06-04T15:43:49.648786
00679,HK,akshare_eastmoney_company_profile,company_profile,亚洲联网科技有限公司: Asia Tele-Net and Technology Corporation Limited,,亚洲联网科技有限公司: Asia Tele-Net and Technology Corporation Limited,2026-06-04T15:43:49.756582
00681,HK,akshare_eastmoney_company_profile,company_profile,中民控股有限公司: Chinese People Holdings Company Limited,,中民控股有限公司: Chinese People Holdings Company Limited,2026-06-04T15:43:49.860321
00682,HK,akshare_eastmoney_company_profile,company_profile,超大现代农业(控股)有限公司: Chaoda Modern Agriculture (Holdings) Ltd.,,超大现代农业(控股)有限公司: Chaoda Modern Agriculture (Holdings) Ltd.,2026-06-04T15:43:49.964927
00683,HK,akshare_eastmoney_company_profile,company_profile,嘉里建设有限公司: Kerry Properties Limited,,嘉里建设有限公司: Kerry Properties Limited,2026-06-04T15:43:50.087849
00684,HK,akshare_eastmoney_company_profile,company_profile,亚伦国际集团有限公司: Allan Internatinal Holdings Limited,,亚伦国际集团有限公司: Allan Internatinal Holdings Limited,2026-06-04T15:43:50.200277
00685,HK,akshare_eastmoney_company_profile,company_profile,世界华文媒体有限公司: Media Chinese International Limited,,世界华文媒体有限公司: Media Chinese International Limited,2026-06-04T15:43:50.297049
00686,HK,akshare_eastmoney_company_profile,company_profile,"北京能源国际控股有限公司: Beijing Energy International Holding Co., Ltd.",,"北京能源国际控股有限公司: Beijing Energy International Holding Co., Ltd.",2026-06-04T15:43:50.406526
00687,HK,akshare_eastmoney_company_profile,company_profile,泰升集团控股有限公司: Tysan Holdings Limited,,泰升集团控股有限公司: Tysan Holdings Limited,2026-06-04T15:43:50.513403
00688,HK,akshare_eastmoney_company_profile,company_profile,中国海外发展有限公司: China Overseas Land & Investment Ltd.,,中国海外发展有限公司: China Overseas Land & Investment Ltd.,2026-06-04T15:43:50.616560
00689,HK,akshare_eastmoney_company_profile,company_profile,长盈集团(控股)有限公司: Epi (Holdings) Limited,,长盈集团(控股)有限公司: Epi (Holdings) Limited,2026-06-04T15:43:50.731269
00690,HK,akshare_eastmoney_company_profile,company_profile,联康生物科技集团有限公司: Uni-Bio Science Group Limited,,联康生物科技集团有限公司: Uni-Bio Science Group Limited,2026-06-04T15:43:50.839087
00691,HK,akshare_eastmoney_company_profile,company_profile,中国山水水泥集团有限公司: China Shanshui Cement Group Limited,,中国山水水泥集团有限公司: China Shanshui Cement Group Limited,2026-06-04T15:43:50.935966
00693,HK,akshare_eastmoney_company_profile,company_profile,陈唱国际有限公司: Tan Chong International Limited,,陈唱国际有限公司: Tan Chong International Limited,2026-06-04T15:43:51.084191
00694,HK,akshare_eastmoney_company_profile,company_profile,北京首都国际机场股份有限公司: Beijing Capital International Airport Company Limited,,北京首都国际机场股份有限公司: Beijing Capital International Airport Company Limited,2026-06-04T15:43:51.183263
00695,HK,akshare_eastmoney_company_profile,company_profile,东吴水泥国际有限公司: DONGWU CEMENT INTERNATIONAL LIMITED,,东吴水泥国际有限公司: DONGWU CEMENT INTERNATIONAL LIMITED,2026-06-04T15:43:51.278647
00696,HK,akshare_eastmoney_company_profile,company_profile,中国民航信息网络股份有限公司: Travelsky Technology Limited,,中国民航信息网络股份有限公司: Travelsky Technology Limited,2026-06-04T15:43:51.383693
00697,HK,akshare_eastmoney_company_profile,company_profile,首程控股有限公司: Shoucheng Holdings Limited,,首程控股有限公司: Shoucheng Holdings Limited,2026-06-04T15:43:51.487712
00698,HK,akshare_eastmoney_company_profile,company_profile,通达集团控股有限公司: Tongda Group Holdings Limited,,通达集团控股有限公司: Tongda Group Holdings Limited,2026-06-04T15:43:51.612908
00699,HK,akshare_eastmoney_company_profile,company_profile,宁波均胜电子股份有限公司: NINGBO JOYSON ELECTRONIC CORP.,,宁波均胜电子股份有限公司: NINGBO JOYSON ELECTRONIC CORP.,2026-06-04T15:43:51.716788
00700,HK,akshare_eastmoney_company_profile,company_profile,腾讯控股有限公司: Tencent Holdings Limited,,腾讯控股有限公司: Tencent Holdings Limited,2026-06-04T15:43:51.807433
00701,HK,akshare_eastmoney_company_profile,company_profile,北海集团有限公司: CNT Group Ltd.,,北海集团有限公司: CNT Group Ltd.,2026-06-04T15:43:51.908390
00702,HK,akshare_eastmoney_company_profile,company_profile,中国油气控股有限公司: Sino Oil And Gas Holdings Limited,,中国油气控股有限公司: Sino Oil And Gas Holdings Limited,2026-06-04T15:43:52.008839
00703,HK,akshare_eastmoney_company_profile,company_profile,佳景集团有限公司: Future Bright Holdings Limited,,佳景集团有限公司: Future Bright Holdings Limited,2026-06-04T15:43:52.110312
00704,HK,akshare_eastmoney_company_profile,company_profile,和嘉控股有限公司: Huscoke Holdings Limited,,和嘉控股有限公司: Huscoke Holdings Limited,2026-06-04T15:43:52.207049
00707,HK,akshare_eastmoney_company_profile,company_profile,亚洲电视控股有限公司: Asia Television Holdings Limited,,亚洲电视控股有限公司: Asia Television Holdings Limited,2026-06-04T15:43:52.315803
00708,HK,akshare_eastmoney_company_profile,company_profile,中国恒大新能源汽车集团有限公司: China Evergrande New Energy Vehicle Group Limited,,中国恒大新能源汽车集团有限公司: China Evergrande New Energy Vehicle Group Limited,2026-06-04T15:43:52.411832
00709,HK,akshare_eastmoney_company_profile,company_profile,佐丹奴国际有限公司: Giordano International Ltd.,,佐丹奴国际有限公司: Giordano International Ltd.,2026-06-04T15:43:52.517120
00710,HK,akshare_eastmoney_company_profile,company_profile,京东方精电有限公司: BOE Varitronix Limited,,京东方精电有限公司: BOE Varitronix Limited,2026-06-04T15:43:52.615011
00711,HK,akshare_eastmoney_company_profile,company_profile,亚洲联合基建控股有限公司: ASIA ALLIED INFRASTRUCTURE HOLDINGS LIMITED,,亚洲联合基建控股有限公司: ASIA ALLIED INFRASTRUCTURE HOLDINGS LIMITED,2026-06-04T15:43:52.779598
00712,HK,akshare_eastmoney_company_profile,company_profile,卡姆丹克太阳能系统集团有限公司: Comtec Solar Systems Group Limited,,卡姆丹克太阳能系统集团有限公司: Comtec Solar Systems Group Limited,2026-06-04T15:43:52.872786
00713,HK,akshare_eastmoney_company_profile,company_profile,世界(集团)有限公司: World Houseware (Holdings) Limited,,世界(集团)有限公司: World Houseware (Holdings) Limited,2026-06-04T15:43:52.972636
00716,HK,akshare_eastmoney_company_profile,company_profile,胜狮货柜企业有限公司: Singamas Container Holdings Limited,,胜狮货柜企业有限公司: Singamas Container Holdings Limited,2026-06-04T15:43:53.176704
00717,HK,akshare_eastmoney_company_profile,company_profile,英皇资本集团有限公司: Emperor Capital Group Limited,,英皇资本集团有限公司: Emperor Capital Group Limited,2026-06-04T15:43:53.280254
00718,HK,akshare_eastmoney_company_profile,company_profile,太和控股有限公司: Tai United Holdings Limited,,太和控股有限公司: Tai United Holdings Limited,2026-06-04T15:43:53.374669
00719,HK,akshare_eastmoney_company_profile,company_profile,山东新华制药股份有限公司: SHANDONG XINHUA PHARMACEUTICAL COMPANY LIMITED,,山东新华制药股份有限公司: SHANDONG XINHUA PHARMACEUTICAL COMPANY LIMITED,2026-06-04T15:43:53.473407
00720,HK,akshare_eastmoney_company_profile,company_profile,意达利控股有限公司: Auto Italia Holdings Limited,,意达利控股有限公司: Auto Italia Holdings Limited,2026-06-04T15:43:53.571436
00721,HK,akshare_eastmoney_company_profile,company_profile,中国金融国际投资有限公司: China Financial International Investments Limited,,中国金融国际投资有限公司: China Financial International Investments Limited,2026-06-04T15:43:56.786265
00722,HK,akshare_eastmoney_company_profile,company_profile,联合医务集团有限公司: UMP HEALTHCARE HOLDINGS LIMITED,,联合医务集团有限公司: UMP HEALTHCARE HOLDINGS LIMITED,2026-06-04T15:43:56.890079
00723,HK,akshare_eastmoney_company_profile,company_profile,信保环球控股有限公司: Reliance Global Holdings Limited,,信保环球控股有限公司: Reliance Global Holdings Limited,2026-06-04T15:43:56.994965
00724,HK,akshare_eastmoney_company_profile,company_profile,瑞鑫国际集团有限公司: Ruixin International Holdings Limited,,瑞鑫国际集团有限公司: Ruixin International Holdings Limited,2026-06-04T15:43:57.103702
00725,HK,akshare_eastmoney_company_profile,company_profile,恒都集团有限公司: Perennial International Limited,,恒都集团有限公司: Perennial International Limited,2026-06-04T15:43:57.217086
00726,HK,akshare_eastmoney_company_profile,company_profile,筑友智造科技集团有限公司: DIT Group Limited,,筑友智造科技集团有限公司: DIT Group Limited,2026-06-04T15:43:57.321407
00727,HK,akshare_eastmoney_company_profile,company_profile,皇冠环球集团有限公司: Crown International Corporation Limited,,皇冠环球集团有限公司: Crown International Corporation Limited,2026-06-04T15:43:57.424330
00728,HK,akshare_eastmoney_company_profile,company_profile,中国电信股份有限公司: China Telecom Corporation Limited,,中国电信股份有限公司: China Telecom Corporation Limited,2026-06-04T15:43:57.529247
00730,HK,akshare_eastmoney_company_profile,company_profile,首惠产业金融服务集团有限公司: Capital Industrial Financial Services Group Limited,,首惠产业金融服务集团有限公司: Capital Industrial Financial Services Group Limited,2026-06-04T15:43:57.617612
00731,HK,akshare_eastmoney_company_profile,company_profile,建发新胜浆纸有限公司: C&D Newin Paper & Pulp Corporation Limited,,建发新胜浆纸有限公司: C&D Newin Paper & Pulp Corporation Limited,2026-06-04T15:43:57.716061
00732,HK,akshare_eastmoney_company_profile,company_profile,信利国际有限公司: Truly International Holdings Limited,,信利国际有限公司: Truly International Holdings Limited,2026-06-04T15:43:57.805896
00733,HK,akshare_eastmoney_company_profile,company_profile,合富辉煌集团控股有限公司: Hopefluent Group Holdings Limited,,合富辉煌集团控股有限公司: Hopefluent Group Holdings Limited,2026-06-04T15:43:57.903774
00736,HK,akshare_eastmoney_company_profile,company_profile,中国置业投资控股有限公司: China Properties Investment Holdings Limited,,中国置业投资控股有限公司: China Properties Investment Holdings Limited,2026-06-04T15:43:58.010216
00737,HK,akshare_eastmoney_company_profile,company_profile,深圳投控湾区发展有限公司: Shenzhen Investment Holdings Bay Area Development Company Limited,,深圳投控湾区发展有限公司: Shenzhen Investment Holdings Bay Area Development Company Limited,2026-06-04T15:43:58.102021
00738,HK,akshare_eastmoney_company_profile,company_profile,莱尔斯丹控股有限公司: Le Saunda Holdings Ltd.,,莱尔斯丹控股有限公司: Le Saunda Holdings Ltd.,2026-06-04T15:43:58.206127
00743,HK,akshare_eastmoney_company_profile,company_profile,亚洲水泥(中国)控股公司: Asia Cement (China) Holdings Corporation,,亚洲水泥(中国)控股公司: Asia Cement (China) Holdings Corporation,2026-06-04T15:43:58.305860
00745,HK,akshare_eastmoney_company_profile,company_profile,中国国家文化产业集团有限公司: China National Culture Group Limited,,中国国家文化产业集团有限公司: China National Culture Group Limited,2026-06-04T15:43:58.397723
00746,HK,akshare_eastmoney_company_profile,company_profile,理文化工有限公司: Lee & Man Chemical Company Limited,,理文化工有限公司: Lee & Man Chemical Company Limited,2026-06-04T15:43:58.572133
00747,HK,akshare_eastmoney_company_profile,company_profile,沈阳公用发展股份有限公司: Shenyang Public Utility Holdings Co. Limited,,沈阳公用发展股份有限公司: Shenyang Public Utility Holdings Co. Limited,2026-06-04T15:43:58.671770
00750,HK,akshare_eastmoney_company_profile,company_profile,中国水发兴业能源集团有限公司: China Shuifa Singyes Energy Holdings Limited,,中国水发兴业能源集团有限公司: China Shuifa Singyes Energy Holdings Limited,2026-06-04T15:43:58.855298
00751,HK,akshare_eastmoney_company_profile,company_profile,创维集团有限公司: Skyworth Group Limited,,创维集团有限公司: Skyworth Group Limited,2026-06-04T15:43:58.957738
00752,HK,akshare_eastmoney_company_profile,company_profile,笔克远东集团有限公司: Pico Far East Holdings Ltd.,,笔克远东集团有限公司: Pico Far East Holdings Ltd.,2026-06-04T15:43:59.069015
00753,HK,akshare_eastmoney_company_profile,company_profile,中国国际航空股份有限公司: Air China Limited,,中国国际航空股份有限公司: Air China Limited,2026-06-04T15:43:59.167748
00754,HK,akshare_eastmoney_company_profile,company_profile,合生创展集团有限公司: Hopson Development Holdings Ltd.,,合生创展集团有限公司: Hopson Development Holdings Ltd.,2026-06-04T15:43:59.270584
00755,HK,akshare_eastmoney_company_profile,company_profile,大方广瑞德集团有限公司: DevGreat Group Limited,,大方广瑞德集团有限公司: DevGreat Group Limited,2026-06-04T15:43:59.369914
00756,HK,akshare_eastmoney_company_profile,company_profile,森美(集团)控股有限公司: Summi (Group) Holdings Limited,,森美(集团)控股有限公司: Summi (Group) Holdings Limited,2026-06-04T15:43:59.458991
00757,HK,akshare_eastmoney_company_profile,company_profile,阳光能源控股有限公司: Solargiga Energy Holdings Ltd.,,阳光能源控股有限公司: Solargiga Energy Holdings Ltd.,2026-06-04T15:43:59.557683
00759,HK,akshare_eastmoney_company_profile,company_profile,CEC国际控股有限公司: CEC International Holdings Ltd.,,CEC国际控股有限公司: CEC International Holdings Ltd.,2026-06-04T15:43:59.649700
00760,HK,akshare_eastmoney_company_profile,company_profile,新天地产集团有限公司: Talent Property Group Limited,,新天地产集团有限公司: Talent Property Group Limited,2026-06-04T15:43:59.748798
00762,HK,akshare_eastmoney_company_profile,company_profile,中国联合网络通信(香港)股份有限公司: China Unicom (Hong Kong) Limited,,中国联合网络通信(香港)股份有限公司: China Unicom (Hong Kong) Limited,2026-06-04T15:43:59.845759
00763,HK,akshare_eastmoney_company_profile,company_profile,中兴通讯股份有限公司: ZTE Corporation,,中兴通讯股份有限公司: ZTE Corporation,2026-06-04T15:43:59.946092
00764,HK,akshare_eastmoney_company_profile,company_profile,永恒策略投资有限公司: Eternity Investment Limited,,永恒策略投资有限公司: Eternity Investment Limited,2026-06-04T15:44:00.056386
00765,HK,akshare_eastmoney_company_profile,company_profile,威发国际集团有限公司: Perfectech International Holdings Ltd.,,威发国际集团有限公司: Perfectech International Holdings Ltd.,2026-06-04T15:44:00.309228
00767,HK,akshare_eastmoney_company_profile,company_profile,中基长寿科学集团有限公司: Zhong Ji Longevity Science Group Limited,,中基长寿科学集团有限公司: Zhong Ji Longevity Science Group Limited,2026-06-04T15:44:00.529271
00768,HK,akshare_eastmoney_company_profile,company_profile,开明投资有限公司: UBA Investments Ltd.,,开明投资有限公司: UBA Investments Ltd.,2026-06-04T15:44:01.156517
00769,HK,akshare_eastmoney_company_profile,company_profile,中国稀土控股有限公司: China Rare Earth Holdings Ltd,,中国稀土控股有限公司: China Rare Earth Holdings Ltd,2026-06-04T15:44:01.335184
00770,HK,akshare_eastmoney_company_profile,company_profile,沪光国际上海发展投资有限公司: Shanghai International Shanghai Growth Investment Ltd.,,沪光国际上海发展投资有限公司: Shanghai International Shanghai Growth Investment Ltd.,2026-06-04T15:44:01.463014
00771,HK,akshare_eastmoney_company_profile,company_profile,自动系统集团有限公司: Automated Systems Holdings Ltd.,,自动系统集团有限公司: Automated Systems Holdings Ltd.,2026-06-04T15:44:01.931430
00772,HK,akshare_eastmoney_company_profile,company_profile,阅文集团: China Literature Limited,,阅文集团: China Literature Limited,2026-06-04T15:44:02.026221
00775,HK,akshare_eastmoney_company_profile,company_profile,"长江生命科技集团有限公司: CK Life Sciences Int'l., (Holdings) Inc.",,"长江生命科技集团有限公司: CK Life Sciences Int'l., (Holdings) Inc.",2026-06-04T15:44:02.121417
00776,HK,akshare_eastmoney_company_profile,company_profile,帝国科技集团有限公司: Imperium Technology Group Limited,,帝国科技集团有限公司: Imperium Technology Group Limited,2026-06-04T15:44:02.301528
00777,HK,akshare_eastmoney_company_profile,company_profile,网龙网络控股有限公司: NetDragon Websoft Holdings Limited,,网龙网络控股有限公司: NetDragon Websoft Holdings Limited,2026-06-04T15:44:02.398148
00778,HK,akshare_eastmoney_company_profile,company_profile,置富产业信托管理有限公司: Asset Managment(Fortune)Limited,,置富产业信托管理有限公司: Asset Managment(Fortune)Limited,2026-06-04T15:44:02.508485
00780,HK,akshare_eastmoney_company_profile,company_profile,同程旅行控股有限公司: Tongcheng Travel Holdings Limited,,同程旅行控股有限公司: Tongcheng Travel Holdings Limited,2026-06-04T15:44:02.681054
00784,HK,akshare_eastmoney_company_profile,company_profile,凌锐控股有限公司: LING YUI HOLDINGS LIMITED,,凌锐控股有限公司: LING YUI HOLDINGS LIMITED,2026-06-04T15:44:03.172583
00788,HK,akshare_eastmoney_company_profile,company_profile,中国铁塔股份有限公司: China Tower Corporation Limited,,中国铁塔股份有限公司: China Tower Corporation Limited,2026-06-04T15:44:03.264401
00789,HK,akshare_eastmoney_company_profile,company_profile,雅天妮集团有限公司: Artini Holdings Limited,,雅天妮集团有限公司: Artini Holdings Limited,2026-06-04T15:44:03.396603
00794,HK,akshare_eastmoney_company_profile,company_profile,锦胜集团(控股)有限公司: Come Sure Group (Holdings) Limited,,锦胜集团(控股)有限公司: Come Sure Group (Holdings) Limited,2026-06-04T15:44:03.632308
00797,HK,akshare_eastmoney_company_profile,company_profile,第七大道控股有限公司: 7Road Holdings Limited,,第七大道控股有限公司: 7Road Holdings Limited,2026-06-04T15:44:03.733817
00798,HK,akshare_eastmoney_company_profile,company_profile,中电光谷联合控股有限公司: China Electronics Optics Valley Union Holding Company Limited,,中电光谷联合控股有限公司: China Electronics Optics Valley Union Holding Company Limited,2026-06-04T15:44:03.828900
00799,HK,akshare_eastmoney_company_profile,company_profile,IGG Inc: IGG Inc,,IGG Inc: IGG Inc,2026-06-04T15:44:03.923745
00800,HK,akshare_eastmoney_company_profile,company_profile,文远知行: WeRide Inc.,,文远知行: WeRide Inc.,2026-06-04T15:44:04.024214
00802,HK,akshare_eastmoney_company_profile,company_profile,中国钱包支付集团有限公司: China e-Wallet Payment Group Limited,,中国钱包支付集团有限公司: China e-Wallet Payment Group Limited,2026-06-04T15:44:04.129465
00804,HK,akshare_eastmoney_company_profile,company_profile,鼎石资本有限公司: Pinestone Capital Limited,,鼎石资本有限公司: Pinestone Capital Limited,2026-06-04T15:44:04.230590
00805,HK,akshare_eastmoney_company_profile,company_profile,新吉奥房车有限公司: New Gonow Recreational Vehicles Inc.,,新吉奥房车有限公司: New Gonow Recreational Vehicles Inc.,2026-06-04T15:44:04.324023
00806,HK,akshare_eastmoney_company_profile,company_profile,惠理集团有限公司: Value Partners Group Limited,,惠理集团有限公司: Value Partners Group Limited,2026-06-04T15:44:04.472983
00807,HK,akshare_eastmoney_company_profile,company_profile,上海实业环境控股有限公司: SIIC Environment Holdings Ltd.,,上海实业环境控股有限公司: SIIC Environment Holdings Ltd.,2026-06-04T15:44:04.573920
00808,HK,akshare_eastmoney_company_profile,company_profile,泓富资产管理有限公司: ESR Asset Management (Prosperity) Limited,,泓富资产管理有限公司: ESR Asset Management (Prosperity) Limited,2026-06-04T15:44:04.763664
00809,HK,akshare_eastmoney_company_profile,company_profile,大成生化科技集团有限公司: Global Bio-chem Technology Group Co. Ltd,,大成生化科技集团有限公司: Global Bio-chem Technology Group Co. Ltd,2026-06-04T15:44:04.854921
00810,HK,akshare_eastmoney_company_profile,company_profile,中国铸晨81金融有限公司: China Castson 81 Finance Company Limited,,中国铸晨81金融有限公司: China Castson 81 Finance Company Limited,2026-06-04T15:44:04.956264
00811,HK,akshare_eastmoney_company_profile,company_profile,"新华文轩出版传媒股份有限公司: Xinhua Winshare Publishing and Media Co., Ltd.",,"新华文轩出版传媒股份有限公司: Xinhua Winshare Publishing and Media Co., Ltd.",2026-06-04T15:44:05.058192
00812,HK,akshare_eastmoney_company_profile,company_profile,西证国际证券股份有限公司: Southwest Securities International Securities Limited,,西证国际证券股份有限公司: Southwest Securities International Securities Limited,2026-06-04T15:44:05.159994
00813,HK,akshare_eastmoney_company_profile,company_profile,世茂集团控股有限公司: Shimao Group Holdings Limited,,世茂集团控股有限公司: Shimao Group Holdings Limited,2026-06-04T15:44:05.264413
00814,HK,akshare_eastmoney_company_profile,company_profile,北京京客隆商业集团股份有限公司: Beijing Jingkelong Company Limited,,北京京客隆商业集团股份有限公司: Beijing Jingkelong Company Limited,2026-06-04T15:44:05.377624
00815,HK,akshare_eastmoney_company_profile,company_profile,中国白银集团有限公司: China Silver Group Limited,,中国白银集团有限公司: China Silver Group Limited,2026-06-04T15:44:05.488982
00816,HK,akshare_eastmoney_company_profile,company_profile,"金茂物业服务发展股份有限公司: JINMAO PROPERTY SERVICES CO., LIMITED",,"金茂物业服务发展股份有限公司: JINMAO PROPERTY SERVICES CO., LIMITED",2026-06-04T15:44:05.590148
00817,HK,akshare_eastmoney_company_profile,company_profile,中国金茂控股集团有限公司: China Jinmao Holdings Group Limited,,中国金茂控股集团有限公司: China Jinmao Holdings Group Limited,2026-06-04T15:44:05.679802
00818,HK,akshare_eastmoney_company_profile,company_profile,高阳科技(中国)有限公司: Hi Sun Technology (China) Limited,,高阳科技(中国)有限公司: Hi Sun Technology (China) Limited,2026-06-04T15:44:05.782148
00819,HK,akshare_eastmoney_company_profile,company_profile,天能动力国际有限公司: Tianneng Power International Ltd,,天能动力国际有限公司: Tianneng Power International Ltd,2026-06-04T15:44:05.882481
00821,HK,akshare_eastmoney_company_profile,company_profile,汇盈控股有限公司: Value Convergence Holdings Limited,,汇盈控股有限公司: Value Convergence Holdings Limited,2026-06-04T15:44:05.977986
00822,HK,akshare_eastmoney_company_profile,company_profile,嘉瑞国际控股有限公司: KA SHUI INTERNATIONAL HOLDINGS LIMITED,,嘉瑞国际控股有限公司: KA SHUI INTERNATIONAL HOLDINGS LIMITED,2026-06-04T15:44:06.076205
00823,HK,akshare_eastmoney_company_profile,company_profile,领展资产管理有限公司: Link Asset Management Limited,,领展资产管理有限公司: Link Asset Management Limited,2026-06-04T15:44:06.174060
00825,HK,akshare_eastmoney_company_profile,company_profile,新世界百货中国有限公司: New World Department Store China Ltd,,新世界百货中国有限公司: New World Department Store China Ltd,2026-06-04T15:44:06.283609
00826,HK,akshare_eastmoney_company_profile,company_profile,天工国际有限公司: Tiangong International Company Limited,,天工国际有限公司: Tiangong International Company Limited,2026-06-04T15:44:06.403182
00827,HK,akshare_eastmoney_company_profile,company_profile,玖源化工(集团)有限公司: Ko Yo Chemical (Group) Limited,,玖源化工(集团)有限公司: Ko Yo Chemical (Group) Limited,2026-06-04T15:44:06.502707
00828,HK,akshare_eastmoney_company_profile,company_profile,王朝酒业集团有限公司: Dynasty Fine Wines Group Ltd,,王朝酒业集团有限公司: Dynasty Fine Wines Group Ltd,2026-06-04T15:44:06.716183
00829,HK,akshare_eastmoney_company_profile,company_profile,神冠控股(集团)有限公司: Shenguan Holdings (Group) Ltd.,,神冠控股(集团)有限公司: Shenguan Holdings (Group) Ltd.,2026-06-04T15:44:06.824612
00830,HK,akshare_eastmoney_company_profile,company_profile,中国建筑兴业集团有限公司: CHINA STATE CONSTRUCTION DEVELOPMENT HOLDINGS LIMITED,,中国建筑兴业集团有限公司: CHINA STATE CONSTRUCTION DEVELOPMENT HOLDINGS LIMITED,2026-06-04T15:44:06.919692
00831,HK,akshare_eastmoney_company_profile,company_profile,利亚零售有限公司: Convenience Retail Asia Limited,,利亚零售有限公司: Convenience Retail Asia Limited,2026-06-04T15:44:07.021337
00832,HK,akshare_eastmoney_company_profile,company_profile,建业地产股份有限公司: Central China Real Estate Limited,,建业地产股份有限公司: Central China Real Estate Limited,2026-06-04T15:44:07.116911
00833,HK,akshare_eastmoney_company_profile,company_profile,华讯股份有限公司: Alltronics Holdings Limited,,华讯股份有限公司: Alltronics Holdings Limited,2026-06-04T15:44:07.208501
00834,HK,akshare_eastmoney_company_profile,company_profile,中国康大食品有限公司: CHINA KANGDA FOOD COMPANY LIMITED,,中国康大食品有限公司: CHINA KANGDA FOOD COMPANY LIMITED,2026-06-04T15:44:07.300862
00836,HK,akshare_eastmoney_company_profile,company_profile,华润电力控股有限公司: China Resources Power Holdings Company Limited,,华润电力控股有限公司: China Resources Power Holdings Company Limited,2026-06-04T15:44:07.553321
00837,HK,akshare_eastmoney_company_profile,company_profile,谭木匠控股有限公司: Carpenter Tan Holdings Limited,,谭木匠控股有限公司: Carpenter Tan Holdings Limited,2026-06-04T15:44:07.644108
00838,HK,akshare_eastmoney_company_profile,company_profile,亿和精密工业控股有限公司: EVA Precision Industrial Holdings Limited,,亿和精密工业控股有限公司: EVA Precision Industrial Holdings Limited,2026-06-04T15:44:07.746849
00839,HK,akshare_eastmoney_company_profile,company_profile,中国教育集团控股有限公司: China Education Group Holdings Limited,,中国教育集团控股有限公司: China Education Group Holdings Limited,2026-06-04T15:44:07.854018
00840,HK,akshare_eastmoney_company_profile,company_profile,新疆天业节水灌溉股份有限公司: XINJIANG TIANYE WATER SAVING IRRIGATION SYSTEM COMPANY LIMITED,,新疆天业节水灌溉股份有限公司: XINJIANG TIANYE WATER SAVING IRRIGATION SYSTEM COMPANY LIMITED,2026-06-04T15:44:07.951135
00841,HK,akshare_eastmoney_company_profile,company_profile,亚洲木薯资源控股有限公司: Asia Cassava Resources Holdings Ltd.,,亚洲木薯资源控股有限公司: Asia Cassava Resources Holdings Ltd.,2026-06-04T15:44:08.047812
00842,HK,akshare_eastmoney_company_profile,company_profile,理士国际技术有限公司: Leoch International Technology Limited,,理士国际技术有限公司: Leoch International Technology Limited,2026-06-04T15:44:08.142844
00844,HK,akshare_eastmoney_company_profile,company_profile,广泰国际控股有限公司: Greatime International Holdings Limited,,广泰国际控股有限公司: Greatime International Holdings Limited,2026-06-04T15:44:08.237535
00845,HK,akshare_eastmoney_company_profile,company_profile,恒盛地产控股有限公司: Glorious Property Holdings Ltd.,,恒盛地产控股有限公司: Glorious Property Holdings Ltd.,2026-06-04T15:44:08.343775
00846,HK,akshare_eastmoney_company_profile,company_profile,明发集团(国际)有限公司: Mingfa Group (International) Company Limited,,明发集团(国际)有限公司: Mingfa Group (International) Company Limited,2026-06-04T15:44:08.444243
00848,HK,akshare_eastmoney_company_profile,company_profile,茂业国际控股有限公司: Maoye International Holdings Limited,,茂业国际控股有限公司: Maoye International Holdings Limited,2026-06-04T15:44:08.553634
00851,HK,akshare_eastmoney_company_profile,company_profile,盛源控股有限公司: Sheng Yuan Holdings Limited,,盛源控股有限公司: Sheng Yuan Holdings Limited,2026-06-04T15:44:08.652588
00852,HK,akshare_eastmoney_company_profile,company_profile,海峡石油化工控股有限公司: STRONG PETROCHEMICAL HOLDINGS LIMITED,,海峡石油化工控股有限公司: STRONG PETROCHEMICAL HOLDINGS LIMITED,2026-06-04T15:44:08.749272
00853,HK,akshare_eastmoney_company_profile,company_profile,微创医疗科学有限公司: MicroPort Scientific Corporation,,微创医疗科学有限公司: MicroPort Scientific Corporation,2026-06-04T15:44:08.839243
00854,HK,akshare_eastmoney_company_profile,company_profile,威雅利电子(集团)有限公司: WILLAS-ARRAY ELECTRONICS (HOLDINGS) LIMITED,,威雅利电子(集团)有限公司: WILLAS-ARRAY ELECTRONICS (HOLDINGS) LIMITED,2026-06-04T15:44:08.928815
00855,HK,akshare_eastmoney_company_profile,company_profile,中国水务集团有限公司: China Water Affairs Group Limited,,中国水务集团有限公司: China Water Affairs Group Limited,2026-06-04T15:44:09.016486
00856,HK,akshare_eastmoney_company_profile,company_profile,伟仕佳杰控股有限公司: VSTECS Holdings Limited,,伟仕佳杰控股有限公司: VSTECS Holdings Limited,2026-06-04T15:44:09.116517
00857,HK,akshare_eastmoney_company_profile,company_profile,中国石油天然气股份有限公司: PetroChina Company Limited,,中国石油天然气股份有限公司: PetroChina Company Limited,2026-06-04T15:44:09.220113
00858,HK,akshare_eastmoney_company_profile,company_profile,精优药业控股有限公司: Extrawell Pharmaceutical Holdings Ltd.,,精优药业控股有限公司: Extrawell Pharmaceutical Holdings Ltd.,2026-06-04T15:44:09.321211
00859,HK,akshare_eastmoney_company_profile,company_profile,中昌国际控股集团有限公司: Zhongchang International Holdings Group Limited,,中昌国际控股集团有限公司: Zhongchang International Holdings Group Limited,2026-06-04T15:44:09.411903
00860,HK,akshare_eastmoney_company_profile,company_profile,Apollo智慧出行集团有限公司: Apollo Future Mobility Group Limited,,Apollo智慧出行集团有限公司: Apollo Future Mobility Group Limited,2026-06-04T15:44:09.510490
00861,HK,akshare_eastmoney_company_profile,company_profile,神州数码控股有限公司: Digital China Holdings Limited,,神州数码控股有限公司: Digital China Holdings Limited,2026-06-04T15:44:09.632033
00862,HK,akshare_eastmoney_company_profile,company_profile,远见控股有限公司: Vision Values Holdings Limited,,远见控股有限公司: Vision Values Holdings Limited,2026-06-04T15:44:09.728361
00863,HK,akshare_eastmoney_company_profile,company_profile,OSL集团有限公司: OSL Group Limited,,OSL集团有限公司: OSL Group Limited,2026-06-04T15:44:09.822376
00864,HK,akshare_eastmoney_company_profile,company_profile,永利地产发展有限公司: WING LEE PROPERTY INVESTMENTS LIMITED,,永利地产发展有限公司: WING LEE PROPERTY INVESTMENTS LIMITED,2026-06-04T15:44:09.920866
00865,HK,akshare_eastmoney_company_profile,company_profile,建德国际控股有限公司: Jiande International Holdings Limited,,建德国际控股有限公司: Jiande International Holdings Limited,2026-06-04T15:44:10.013390
00866,HK,akshare_eastmoney_company_profile,company_profile,中国秦发集团有限公司: China Qinfa Group Ltd.,,中国秦发集团有限公司: China Qinfa Group Ltd.,2026-06-04T15:44:13.394505
00867,HK,akshare_eastmoney_company_profile,company_profile,康哲药业控股有限公司: CHINA MEDICAL SYSTEM HOLDINGS LIMITED,,康哲药业控股有限公司: CHINA MEDICAL SYSTEM HOLDINGS LIMITED,2026-06-04T15:44:13.554406
00868,HK,akshare_eastmoney_company_profile,company_profile,信义玻璃控股有限公司: XinYi Glass Holdings Limited,,信义玻璃控股有限公司: XinYi Glass Holdings Limited,2026-06-04T15:44:13.733121
00869,HK,akshare_eastmoney_company_profile,company_profile,彩星玩具有限公司: Playmates Toys Limited,,彩星玩具有限公司: Playmates Toys Limited,2026-06-04T15:44:13.833377
00871,HK,akshare_eastmoney_company_profile,company_profile,中国疏浚环保控股有限公司: China Dredging Environment Protection Holdings Limited,,中国疏浚环保控股有限公司: China Dredging Environment Protection Holdings Limited,2026-06-04T15:44:13.932068
00873,HK,akshare_eastmoney_company_profile,company_profile,世茂服务控股有限公司: Shimao Services Holdings Limited,,世茂服务控股有限公司: Shimao Services Holdings Limited,2026-06-04T15:44:14.031061
00874,HK,akshare_eastmoney_company_profile,company_profile,广州白云山医药集团股份有限公司: Guangzhou Baiyunshan Pharmaceutical Holdings Company Limited,,广州白云山医药集团股份有限公司: Guangzhou Baiyunshan Pharmaceutical Holdings Company Limited,2026-06-04T15:44:14.127706
00875,HK,akshare_eastmoney_company_profile,company_profile,从玉智农集团有限公司: Congyu Intelligent Agricultural Holdings Limited,,从玉智农集团有限公司: Congyu Intelligent Agricultural Holdings Limited,2026-06-04T15:44:14.228634
00876,HK,akshare_eastmoney_company_profile,company_profile,佳兆业健康集团控股有限公司: Kaisa Health Group Holdings Limited,,佳兆业健康集团控股有限公司: Kaisa Health Group Holdings Limited,2026-06-04T15:44:14.404222
00878,HK,akshare_eastmoney_company_profile,company_profile,金朝阳集团有限公司: Soundwill Holdings Ltd.,,金朝阳集团有限公司: Soundwill Holdings Ltd.,2026-06-04T15:44:14.552069
00880,HK,akshare_eastmoney_company_profile,company_profile,澳门博彩控股有限公司: SJM Holdings Limited,,澳门博彩控股有限公司: SJM Holdings Limited,2026-06-04T15:44:14.703656
00881,HK,akshare_eastmoney_company_profile,company_profile,中升集团控股有限公司: Zhongsheng Group Holdings Ltd.,,中升集团控股有限公司: Zhongsheng Group Holdings Ltd.,2026-06-04T15:44:14.802688
00882,HK,akshare_eastmoney_company_profile,company_profile,天津发展控股有限公司: Tianjin Development Holdings Limited,,天津发展控股有限公司: Tianjin Development Holdings Limited,2026-06-04T15:44:14.900677
00883,HK,akshare_eastmoney_company_profile,company_profile,中国海洋石油有限公司: CNOOC Limited,,中国海洋石油有限公司: CNOOC Limited,2026-06-04T15:44:15.096162
00884,HK,akshare_eastmoney_company_profile,company_profile,旭辉控股(集团)有限公司: CIFI Holdings (Group) Co. Ltd.,,旭辉控股(集团)有限公司: CIFI Holdings (Group) Co. Ltd.,2026-06-04T15:44:15.189106
00887,HK,akshare_eastmoney_company_profile,company_profile,英皇钟表珠宝有限公司: Emperor Watch & Jewellery Limited,,英皇钟表珠宝有限公司: Emperor Watch & Jewellery Limited,2026-06-04T15:44:15.314212
00888,HK,akshare_eastmoney_company_profile,company_profile,链信控股有限公司: BlockFin Holdings Limited,,链信控股有限公司: BlockFin Holdings Limited,2026-06-04T15:44:15.415520
00889,HK,akshare_eastmoney_company_profile,company_profile,连达科技控股有限公司: Datronix Holdings Limited,,连达科技控股有限公司: Datronix Holdings Limited,2026-06-04T15:44:15.523664
00893,HK,akshare_eastmoney_company_profile,company_profile,中国钒钛磁铁矿业有限公司: China Vanadium Titano-Magnetite Mining Co. Ltd.,,中国钒钛磁铁矿业有限公司: China Vanadium Titano-Magnetite Mining Co. Ltd.,2026-06-04T15:44:15.613799
00894,HK,akshare_eastmoney_company_profile,company_profile,万裕科技集团有限公司: Man Yue Technology Holdings Limited,,万裕科技集团有限公司: Man Yue Technology Holdings Limited,2026-06-04T15:44:15.755904
00895,HK,akshare_eastmoney_company_profile,company_profile,东江环保股份有限公司: Dongjiang Environmental Company Limited,,东江环保股份有限公司: Dongjiang Environmental Company Limited,2026-06-04T15:44:15.854519
00896,HK,akshare_eastmoney_company_profile,company_profile,兴胜创建控股有限公司: Hanison Construction Holdings Ltd.,,兴胜创建控股有限公司: Hanison Construction Holdings Ltd.,2026-06-04T15:44:15.955046
00897,HK,akshare_eastmoney_company_profile,company_profile,位元堂药业控股有限公司: Wai Yuen Tong Medicine Holdings Limited,,位元堂药业控股有限公司: Wai Yuen Tong Medicine Holdings Limited,2026-06-04T15:44:16.056882
00898,HK,akshare_eastmoney_company_profile,company_profile,万事昌国际控股有限公司: Multifield International Holdings Ltd.,,万事昌国际控股有限公司: Multifield International Holdings Ltd.,2026-06-04T15:44:16.271269
00899,HK,akshare_eastmoney_company_profile,company_profile,中加国信控股股份有限公司: Zhong Jia Guo Xin Holdings Company Limited,,中加国信控股股份有限公司: Zhong Jia Guo Xin Holdings Company Limited,2026-06-04T15:44:16.523095
00900,HK,akshare_eastmoney_company_profile,company_profile,AEON信贷财务(亚洲)有限公司: Aeon Credit Service (Asia) Company Limited,,AEON信贷财务(亚洲)有限公司: Aeon Credit Service (Asia) Company Limited,2026-06-04T15:44:16.651870
00901,HK,akshare_eastmoney_company_profile,company_profile,"深圳市华曦达科技股份有限公司: Shenzhen SDMC Technology Co., Ltd.",,"深圳市华曦达科技股份有限公司: Shenzhen SDMC Technology Co., Ltd.",2026-06-04T15:44:16.741245
00902,HK,akshare_eastmoney_company_profile,company_profile,"华能国际电力股份有限公司: HUANENG POWER INTERNATIONAL, INC.",,"华能国际电力股份有限公司: HUANENG POWER INTERNATIONAL, INC.",2026-06-04T15:44:16.839436
00905,HK,akshare_eastmoney_company_profile,company_profile,胡桃资本有限公司: Walnut Capital Limited,,胡桃资本有限公司: Walnut Capital Limited,2026-06-04T15:44:16.947183
00907,HK,akshare_eastmoney_company_profile,company_profile,高雅光学国际集团有限公司: Elegance Optical International Holdings Limited,,高雅光学国际集团有限公司: Elegance Optical International Holdings Limited,2026-06-04T15:44:20.715889
00909,HK,akshare_eastmoney_company_profile,company_profile,明源云集团控股有限公司: Ming Yuan Cloud Group Holdings Limited,,明源云集团控股有限公司: Ming Yuan Cloud Group Holdings Limited,2026-06-04T15:44:20.817202
00910,HK,akshare_eastmoney_company_profile,company_profile,中国三迪控股有限公司: China Sandi Holdings Limited,,中国三迪控股有限公司: China Sandi Holdings Limited,2026-06-04T15:44:20.916738
00911,HK,akshare_eastmoney_company_profile,company_profile,前海健康控股有限公司: Qianhai Health Holdings Limited,,前海健康控股有限公司: Qianhai Health Holdings Limited,2026-06-04T15:44:21.021060
00912,HK,akshare_eastmoney_company_profile,company_profile,信佳国际集团有限公司: Suga International Holdings Ltd.,,信佳国际集团有限公司: Suga International Holdings Ltd.,2026-06-04T15:44:21.120521
00913,HK,akshare_eastmoney_company_profile,company_profile,港湾数字产业资本有限公司: Harbour Digital Asset Capital Limited,,港湾数字产业资本有限公司: Harbour Digital Asset Capital Limited,2026-06-04T15:44:21.363879
00914,HK,akshare_eastmoney_company_profile,company_profile,安徽海螺水泥股份有限公司: Anhui Conch Cement Company Limited.,,安徽海螺水泥股份有限公司: Anhui Conch Cement Company Limited.,2026-06-04T15:44:21.460737
00915,HK,akshare_eastmoney_company_profile,company_profile,道和环球集团有限公司: Daohe Global Group Limited,,道和环球集团有限公司: Daohe Global Group Limited,2026-06-04T15:44:21.569744
00916,HK,akshare_eastmoney_company_profile,company_profile,龙源电力集团股份有限公司: China Longyuan Power Group Corporation Limited,,龙源电力集团股份有限公司: China Longyuan Power Group Corporation Limited,2026-06-04T15:44:21.670098
00917,HK,akshare_eastmoney_company_profile,company_profile,趣致集团: Qunabox Group Limited,,趣致集团: Qunabox Group Limited,2026-06-04T15:44:21.770280
00918,HK,akshare_eastmoney_company_profile,company_profile,龙翼航空科技控股有限公司: Majestic Dragon AeroTech Holdings Limited,,龙翼航空科技控股有限公司: Majestic Dragon AeroTech Holdings Limited,2026-06-04T15:44:21.879443
00919,HK,akshare_eastmoney_company_profile,company_profile,现代健康科技控股有限公司: Modern Healthcare Technology Holdings Limited,,现代健康科技控股有限公司: Modern Healthcare Technology Holdings Limited,2026-06-04T15:44:21.970570
00921,HK,akshare_eastmoney_company_profile,company_profile,"海信家电集团股份有限公司: Hisense Home Appliances Group Co.,Ltd.",,"海信家电集团股份有限公司: Hisense Home Appliances Group Co.,Ltd.",2026-06-04T15:44:22.074980
00922,HK,akshare_eastmoney_company_profile,company_profile,安贤园中国控股有限公司: Anxian Yuan China Holdings Limited,,安贤园中国控股有限公司: Anxian Yuan China Holdings Limited,2026-06-04T15:44:22.169273
00923,HK,akshare_eastmoney_company_profile,company_profile,综合环保集团有限公司: Integrated Waste Solutions Group Holdings Limited,,综合环保集团有限公司: Integrated Waste Solutions Group Holdings Limited,2026-06-04T15:44:22.273796
00924,HK,akshare_eastmoney_company_profile,company_profile,坤集团有限公司: Khoon Group Limited,,坤集团有限公司: Khoon Group Limited,2026-06-04T15:44:22.372847
00925,HK,akshare_eastmoney_company_profile,company_profile,北京建设(控股)有限公司: Beijing Properties (Holdings) Limited,,北京建设(控股)有限公司: Beijing Properties (Holdings) Limited,2026-06-04T15:44:22.477925
00926,HK,akshare_eastmoney_company_profile,company_profile,碧生源控股有限公司: BESUNYEN HOLDINGS COMPANY LIMITED,,碧生源控股有限公司: BESUNYEN HOLDINGS COMPANY LIMITED,2026-06-04T15:44:22.578894
00927,HK,akshare_eastmoney_company_profile,company_profile,富士高实业控股有限公司: Fujikon Industrial Holdings Limited,,富士高实业控股有限公司: Fujikon Industrial Holdings Limited,2026-06-04T15:44:22.802135
00928,HK,akshare_eastmoney_company_profile,company_profile,帝王国际投资有限公司: King International Investment Limited,,帝王国际投资有限公司: King International Investment Limited,2026-06-04T15:44:22.903368
00929,HK,akshare_eastmoney_company_profile,company_profile,国际精密集团有限公司: IPE GROUP LIMITED,,国际精密集团有限公司: IPE GROUP LIMITED,2026-06-04T15:44:23.055881
00931,HK,akshare_eastmoney_company_profile,company_profile,中国港能智慧能源集团有限公司: China HK Power Smart Energy Group Limited,,中国港能智慧能源集团有限公司: China HK Power Smart Energy Group Limited,2026-06-04T15:44:23.168903
00932,HK,akshare_eastmoney_company_profile,company_profile,顺腾国际(控股)有限公司: Shunten International (Holdings) Limited,,顺腾国际(控股)有限公司: Shunten International (Holdings) Limited,2026-06-04T15:44:23.271307
00933,HK,akshare_eastmoney_company_profile,company_profile,非凡领越有限公司: Viva Goods Company Limited,,非凡领越有限公司: Viva Goods Company Limited,2026-06-04T15:44:23.371964
00934,HK,akshare_eastmoney_company_profile,company_profile,中石化冠德控股有限公司: Sinopec Kantons Holdings Limited,,中石化冠德控股有限公司: Sinopec Kantons Holdings Limited,2026-06-04T15:44:23.480378
00936,HK,akshare_eastmoney_company_profile,company_profile,佳兆业资本投资集团有限公司: Kaisa Capital Investment Holdings Limited,,佳兆业资本投资集团有限公司: Kaisa Capital Investment Holdings Limited,2026-06-04T15:44:23.578299
00938,HK,akshare_eastmoney_company_profile,company_profile,民生国际有限公司: Man Sang International Limited,,民生国际有限公司: Man Sang International Limited,2026-06-04T15:44:23.671151
00939,HK,akshare_eastmoney_company_profile,company_profile,中国建设银行股份有限公司: China Construction Bank Corporation,,中国建设银行股份有限公司: China Construction Bank Corporation,2026-06-04T15:44:23.780789
00941,HK,akshare_eastmoney_company_profile,company_profile,中国移动有限公司: China Mobile Limited,,中国移动有限公司: China Mobile Limited,2026-06-04T15:44:23.875287
00943,HK,akshare_eastmoney_company_profile,company_profile,中证国际有限公司: Zhongzheng International Company Limited,,中证国际有限公司: Zhongzheng International Company Limited,2026-06-04T15:44:23.999314
00945,HK,akshare_eastmoney_company_profile,company_profile,宏利金融有限公司: Manulife Financial Corporation,,宏利金融有限公司: Manulife Financial Corporation,2026-06-04T15:44:24.103783
00947,HK,akshare_eastmoney_company_profile,company_profile,"摩比发展有限公司: MOBI Development Co., Ltd.",,"摩比发展有限公司: MOBI Development Co., Ltd.",2026-06-04T15:44:24.200962
00948,HK,akshare_eastmoney_company_profile,company_profile,阿尔法企业控股有限公司: Alpha Professional Holdings Limited,,阿尔法企业控股有限公司: Alpha Professional Holdings Limited,2026-06-04T15:44:24.321624
00950,HK,akshare_eastmoney_company_profile,company_profile,李氏大药厂控股有限公司: Lee's Pharmaceutical Holdings Ltd.,,李氏大药厂控股有限公司: Lee's Pharmaceutical Holdings Ltd.,2026-06-04T15:44:24.425832
00951,HK,akshare_eastmoney_company_profile,company_profile,超威动力控股有限公司: Chaowei Power Holdings Limited,,超威动力控股有限公司: Chaowei Power Holdings Limited,2026-06-04T15:44:24.526247
00952,HK,akshare_eastmoney_company_profile,company_profile,华富建业国际金融有限公司: Quam Plus International Financial Limited,,华富建业国际金融有限公司: Quam Plus International Financial Limited,2026-06-04T15:44:24.753995
00953,HK,akshare_eastmoney_company_profile,company_profile,邵氏兄弟控股有限公司: Shaw Brothers Holdings Limited,,邵氏兄弟控股有限公司: Shaw Brothers Holdings Limited,2026-06-04T15:44:24.902621
00954,HK,akshare_eastmoney_company_profile,company_profile,常茂生物化学工程股份有限公司: Changmao Biochemical Engineering Company Limited,,常茂生物化学工程股份有限公司: Changmao Biochemical Engineering Company Limited,2026-06-04T15:44:25.005615
00956,HK,akshare_eastmoney_company_profile,company_profile,新天绿色能源股份有限公司: China Suntien Green Energy Corporation Limited,,新天绿色能源股份有限公司: China Suntien Green Energy Corporation Limited,2026-06-04T15:44:25.101015
00959,HK,akshare_eastmoney_company_profile,company_profile,世纪娱乐国际控股有限公司: Century Entertainment International Holdings Limited,,世纪娱乐国际控股有限公司: Century Entertainment International Holdings Limited,2026-06-04T15:44:25.202587
00960,HK,akshare_eastmoney_company_profile,company_profile,龙湖集团控股有限公司: Longfor Group Holdings Limited,,龙湖集团控股有限公司: Longfor Group Holdings Limited,2026-06-04T15:44:25.305654
00966,HK,akshare_eastmoney_company_profile,company_profile,中国太平保险控股有限公司: China Taiping Insurance Holdings Company Limited,,中国太平保险控股有限公司: China Taiping Insurance Holdings Company Limited,2026-06-04T15:44:25.401634
00968,HK,akshare_eastmoney_company_profile,company_profile,信义光能控股有限公司: XINYI SOLAR HOLDINGS LIMITED,,信义光能控股有限公司: XINYI SOLAR HOLDINGS LIMITED,2026-06-04T15:44:25.501858
00969,HK,akshare_eastmoney_company_profile,company_profile,华联国际(控股)有限公司: Hua Lien International (Holding) Co. Ltd.,,华联国际(控股)有限公司: Hua Lien International (Holding) Co. Ltd.,2026-06-04T15:44:25.600822
00970,HK,akshare_eastmoney_company_profile,company_profile,新耀莱国际集团有限公司: New Sparkle Roll International Group Limited,,新耀莱国际集团有限公司: New Sparkle Roll International Group Limited,2026-06-04T15:44:25.713607
00974,HK,akshare_eastmoney_company_profile,company_profile,中国顺客隆控股有限公司: China Shun Ke Long Holdings Limited,,中国顺客隆控股有限公司: China Shun Ke Long Holdings Limited,2026-06-04T15:44:25.921463
00975,HK,akshare_eastmoney_company_profile,company_profile,MONGOLIAN MINING CORPORATION: MONGOLIAN MINING CORPORATION,,MONGOLIAN MINING CORPORATION: MONGOLIAN MINING CORPORATION,2026-06-04T15:44:26.056317
00976,HK,akshare_eastmoney_company_profile,company_profile,齐合环保集团有限公司: Chiho Environment Group Limited,,齐合环保集团有限公司: Chiho Environment Group Limited,2026-06-04T15:44:26.156953
00978,HK,akshare_eastmoney_company_profile,company_profile,招商局置地有限公司: China Merchants Land Limited,,招商局置地有限公司: China Merchants Land Limited,2026-06-04T15:44:26.394434
00979,HK,akshare_eastmoney_company_profile,company_profile,绿色能源科技集团有限公司: Green Energy Group Limited,,绿色能源科技集团有限公司: Green Energy Group Limited,2026-06-04T15:44:26.491812
00980,HK,akshare_eastmoney_company_profile,company_profile,"联华超市股份有限公司: Lianhua Supermarket Holdings Co., Limited",,"联华超市股份有限公司: Lianhua Supermarket Holdings Co., Limited",2026-06-04T15:44:26.608883
00981,HK,akshare_eastmoney_company_profile,company_profile,中芯国际集成电路制造有限公司: SEMICONDUCTOR MANUFACTURING INTERNATIONAL CORPORATION,,中芯国际集成电路制造有限公司: SEMICONDUCTOR MANUFACTURING INTERNATIONAL CORPORATION,2026-06-04T15:44:26.703667
00983,HK,akshare_eastmoney_company_profile,company_profile,瑞安建业有限公司: SOCAM Development Limited,,瑞安建业有限公司: SOCAM Development Limited,2026-06-04T15:44:26.793910
00984,HK,akshare_eastmoney_company_profile,company_profile,"永旺(香港)百货有限公司: Aeon Stores (Hong Kong) Co., Ltd.",,"永旺(香港)百货有限公司: Aeon Stores (Hong Kong) Co., Ltd.",2026-06-04T15:44:26.902034
00986,HK,akshare_eastmoney_company_profile,company_profile,杜甫酒业集团有限公司: Dufu Liquor Group Limited,,杜甫酒业集团有限公司: Dufu Liquor Group Limited,2026-06-04T15:44:27.006563
00987,HK,akshare_eastmoney_company_profile,company_profile,中国再生能源投资有限公司: China Renewable Energy Investment Limited,,中国再生能源投资有限公司: China Renewable Energy Investment Limited,2026-06-04T15:44:27.426543
00989,HK,akshare_eastmoney_company_profile,company_profile,中国长白山国际控股有限公司: China Changbaishan International Holdings Limited,,中国长白山国际控股有限公司: China Changbaishan International Holdings Limited,2026-06-04T15:44:27.593373
00990,HK,akshare_eastmoney_company_profile,company_profile,至源控股有限公司: Deep Source Holdings Limited,,至源控股有限公司: Deep Source Holdings Limited,2026-06-04T15:44:27.685689
00991,HK,akshare_eastmoney_company_profile,company_profile,"大唐国际发电股份有限公司: Datang International Power Generation Co., Ltd.",,"大唐国际发电股份有限公司: Datang International Power Generation Co., Ltd.",2026-06-04T15:44:27.789891
00992,HK,akshare_eastmoney_company_profile,company_profile,联想集团有限公司: Lenovo Group Limited,,联想集团有限公司: Lenovo Group Limited,2026-06-04T15:44:27.878672
00993,HK,akshare_eastmoney_company_profile,company_profile,信控国际资本有限公司: XinKong International Capital Holdings Limited,,信控国际资本有限公司: XinKong International Capital Holdings Limited,2026-06-04T15:44:28.659201
00994,HK,akshare_eastmoney_company_profile,company_profile,中天宏信(国际)控股有限公司: CT Vision (International) Holdings Limited,,中天宏信(国际)控股有限公司: CT Vision (International) Holdings Limited,2026-06-04T15:44:28.753907
00995,HK,akshare_eastmoney_company_profile,company_profile,安徽皖通高速公路股份有限公司: Anhui Expressway Company Limited,,安徽皖通高速公路股份有限公司: Anhui Expressway Company Limited,2026-06-04T15:44:28.849373
00997,HK,akshare_eastmoney_company_profile,company_profile,普汇中金国际控股有限公司: Chinlink International Holdings Limited,,普汇中金国际控股有限公司: Chinlink International Holdings Limited,2026-06-04T15:44:28.962815
00998,HK,akshare_eastmoney_company_profile,company_profile,中信银行股份有限公司: CHINA CITIC BANK CORPORATION LIMITED,,中信银行股份有限公司: CHINA CITIC BANK CORPORATION LIMITED,2026-06-04T15:44:32.405076
00999,HK,akshare_eastmoney_company_profile,company_profile,小菜园国际控股有限公司: XIAOCAIYUAN INTERNATIONAL HOLDING LTD.,,小菜园国际控股有限公司: XIAOCAIYUAN INTERNATIONAL HOLDING LTD.,2026-06-04T15:44:32.504280
01000,HK,akshare_eastmoney_company_profile,company_profile,北青传媒股份有限公司: BEIJING MEDIA CORPORATION LIMITED,,北青传媒股份有限公司: BEIJING MEDIA CORPORATION LIMITED,2026-06-04T15:44:32.593436
01001,HK,akshare_eastmoney_company_profile,company_profile,沪港联合控股有限公司: Hong Kong Shanghai Alliance Holdings Limited,,沪港联合控股有限公司: Hong Kong Shanghai Alliance Holdings Limited,2026-06-04T15:44:32.691556
01002,HK,akshare_eastmoney_company_profile,company_profile,威铖国际集团有限公司: V.S. International Group Ltd.,,威铖国际集团有限公司: V.S. International Group Ltd.,2026-06-04T15:44:32.789622
01003,HK,akshare_eastmoney_company_profile,company_profile,欢喜传媒集团有限公司: Huanxi Media Group Limited,,欢喜传媒集团有限公司: Huanxi Media Group Limited,2026-06-04T15:44:32.932319
01004,HK,akshare_eastmoney_company_profile,company_profile,中国智慧能源集团控股有限公司: China Smarter Energy Group Holdings Limited,,中国智慧能源集团控股有限公司: China Smarter Energy Group Holdings Limited,2026-06-04T15:44:33.032381
01005,HK,akshare_eastmoney_company_profile,company_profile,美力时集团有限公司: Matrix Holdings Ltd.,,美力时集团有限公司: Matrix Holdings Ltd.,2026-06-04T15:44:33.198282
01007,HK,akshare_eastmoney_company_profile,company_profile,龙辉国际控股有限公司: Longhui International Holdings Limited,,龙辉国际控股有限公司: Longhui International Holdings Limited,2026-06-04T15:44:33.296512
01008,HK,akshare_eastmoney_company_profile,company_profile,力图控股有限公司: Litu Holdings Limited,,力图控股有限公司: Litu Holdings Limited,2026-06-04T15:44:33.395765
01009,HK,akshare_eastmoney_company_profile,company_profile,国际娱乐有限公司: International Entertainment Corporation,,国际娱乐有限公司: International Entertainment Corporation,2026-06-04T15:44:33.501724
01010,HK,akshare_eastmoney_company_profile,company_profile,天玺曜11有限公司: Sky Blue 11 Company Limited,,天玺曜11有限公司: Sky Blue 11 Company Limited,2026-06-04T15:44:33.597518
01011,HK,akshare_eastmoney_company_profile,company_profile,中国泰凌医药集团有限公司: China NT Pharma Group Company Limited,,中国泰凌医药集团有限公司: China NT Pharma Group Company Limited,2026-06-04T15:44:33.692818
01013,HK,akshare_eastmoney_company_profile,company_profile,伟俊集团控股有限公司: Wai Chun Group Holdings Limited,,伟俊集团控股有限公司: Wai Chun Group Holdings Limited,2026-06-04T15:44:34.050977
01020,HK,akshare_eastmoney_company_profile,company_profile,中细软科技控股有限公司: Ciprun Technology Holdings Company Limited,,中细软科技控股有限公司: Ciprun Technology Holdings Company Limited,2026-06-04T15:44:34.151407
01021,HK,akshare_eastmoney_company_profile,company_profile,"广东华沿机器人股份有限公司: Guangdong Huayan Robotics Co., Ltd.",,"广东华沿机器人股份有限公司: Guangdong Huayan Robotics Co., Ltd.",2026-06-04T15:44:34.375693
01022,HK,akshare_eastmoney_company_profile,company_profile,飞鱼科技国际有限公司: Feiyu Technology International Company Ltd.,,飞鱼科技国际有限公司: Feiyu Technology International Company Ltd.,2026-06-04T15:44:34.468243
01023,HK,akshare_eastmoney_company_profile,company_profile,时代集团控股有限公司: SITOY GROUP HOLDINGS LIMITED,,时代集团控股有限公司: SITOY GROUP HOLDINGS LIMITED,2026-06-04T15:44:34.573213
01024,HK,akshare_eastmoney_company_profile,company_profile,快手科技: Kuaishou Technology,,快手科技: Kuaishou Technology,2026-06-04T15:44:34.672100
01025,HK,akshare_eastmoney_company_profile,company_profile,嘉艺控股有限公司: KNT HOLDINGS LIMITED,,嘉艺控股有限公司: KNT HOLDINGS LIMITED,2026-06-04T15:44:34.769903
01026,HK,akshare_eastmoney_company_profile,company_profile,环球实业科技控股有限公司: UNIVERSAL TECHNOLOGIES HOLDINGS LIMITED,,环球实业科技控股有限公司: UNIVERSAL TECHNOLOGIES HOLDINGS LIMITED,2026-06-04T15:44:34.874245
01027,HK,akshare_eastmoney_company_profile,company_profile,亚洲策略数字科技控股有限公司: Asia Strategy Digit Technology Holdings Limited,,亚洲策略数字科技控股有限公司: Asia Strategy Digit Technology Holdings Limited,2026-06-04T15:44:34.980679
01028,HK,akshare_eastmoney_company_profile,company_profile,千百度国际控股有限公司: C.banner International Holdings Limited,,千百度国际控股有限公司: C.banner International Holdings Limited,2026-06-04T15:44:35.089634
01029,HK,akshare_eastmoney_company_profile,company_profile,铁江现货有限公司: IRC Limited,,铁江现货有限公司: IRC Limited,2026-06-04T15:44:35.187730
01030,HK,akshare_eastmoney_company_profile,company_profile,新城发展控股有限公司: Seazen Group Limited,,新城发展控股有限公司: Seazen Group Limited,2026-06-04T15:44:35.324477
01033,HK,akshare_eastmoney_company_profile,company_profile,中石化石油工程技术服务股份有限公司: Sinopec Oilfield Service Corporation,,中石化石油工程技术服务股份有限公司: Sinopec Oilfield Service Corporation,2026-06-04T15:44:35.415928
01036,HK,akshare_eastmoney_company_profile,company_profile,万科海外投资控股有限公司: Vanke Overseas Investment Holding Company Limited,,万科海外投资控股有限公司: Vanke Overseas Investment Holding Company Limited,2026-06-04T15:44:35.518965
01037,HK,akshare_eastmoney_company_profile,company_profile,云智汇科技服务有限公司: Maxnerva Technology Services Limited,,云智汇科技服务有限公司: Maxnerva Technology Services Limited,2026-06-04T15:44:35.624797
01038,HK,akshare_eastmoney_company_profile,company_profile,长江基建集团有限公司: CK Infrastructure Holdings Limited,,长江基建集团有限公司: CK Infrastructure Holdings Limited,2026-06-04T15:44:35.729492
01039,HK,akshare_eastmoney_company_profile,company_profile,畅由国际集团有限公司: Changyou International Group Limited,,畅由国际集团有限公司: Changyou International Group Limited,2026-06-04T15:44:35.957263
01044,HK,akshare_eastmoney_company_profile,company_profile,恒安国际集团有限公司: Hengan International Group Company Limited,,恒安国际集团有限公司: Hengan International Group Company Limited,2026-06-04T15:44:36.092555
01045,HK,akshare_eastmoney_company_profile,company_profile,亚太卫星控股有限公司: APT Satellite Holdings Ltd.,,亚太卫星控股有限公司: APT Satellite Holdings Ltd.,2026-06-04T15:44:36.265449
01046,HK,akshare_eastmoney_company_profile,company_profile,寰宇娱乐文化集团有限公司: Universe Entertainment and Culture Group Company Limited,,寰宇娱乐文化集团有限公司: Universe Entertainment and Culture Group Company Limited,2026-06-04T15:44:36.424612
01047,HK,akshare_eastmoney_company_profile,company_profile,毅兴行有限公司: Ngai Hing Hong Co. Ltd.,,毅兴行有限公司: Ngai Hing Hong Co. Ltd.,2026-06-04T15:44:36.531680
01049,HK,akshare_eastmoney_company_profile,company_profile,时富投资集团有限公司: Celestial Asia Securities Holdings Limited,,时富投资集团有限公司: Celestial Asia Securities Holdings Limited,2026-06-04T15:44:36.646283
01050,HK,akshare_eastmoney_company_profile,company_profile,嘉利国际控股有限公司: Karrie International Holdings Ltd.,,嘉利国际控股有限公司: Karrie International Holdings Ltd.,2026-06-04T15:44:36.749334
01051,HK,akshare_eastmoney_company_profile,company_profile,国际资源集团有限公司: G-Resources Group Limited,,国际资源集团有限公司: G-Resources Group Limited,2026-06-04T15:44:36.845052
01052,HK,akshare_eastmoney_company_profile,company_profile,越秀交通基建有限公司: Yuexiu Transport Infrastructure Limited,,越秀交通基建有限公司: Yuexiu Transport Infrastructure Limited,2026-06-04T15:44:36.943514
01053,HK,akshare_eastmoney_company_profile,company_profile,重庆钢铁股份有限公司: Chongqing Iron & Steel Company Limited,,重庆钢铁股份有限公司: Chongqing Iron & Steel Company Limited,2026-06-04T15:44:37.049035
01055,HK,akshare_eastmoney_company_profile,company_profile,中国南方航空股份有限公司: China Southern Airlines Company Limited,,中国南方航空股份有限公司: China Southern Airlines Company Limited,2026-06-04T15:44:37.148244
01057,HK,akshare_eastmoney_company_profile,company_profile,浙江世宝股份有限公司: Zhejiang Shibao Company Limited,,浙江世宝股份有限公司: Zhejiang Shibao Company Limited,2026-06-04T15:44:37.564831
01058,HK,akshare_eastmoney_company_profile,company_profile,南粤控股有限公司: NAMYUE HOLDINGS LIMITED,,南粤控股有限公司: NAMYUE HOLDINGS LIMITED,2026-06-04T15:44:37.675010
01059,HK,akshare_eastmoney_company_profile,company_profile,看通集团有限公司: Kantone Holdings Ltd.,,看通集团有限公司: Kantone Holdings Ltd.,2026-06-04T15:44:37.762988
01060,HK,akshare_eastmoney_company_profile,company_profile,大麦娱乐控股有限公司: Damai Entertainment Holdings Limited,,大麦娱乐控股有限公司: Damai Entertainment Holdings Limited,2026-06-04T15:44:37.857987
01061,HK,akshare_eastmoney_company_profile,company_profile,亿胜生物科技有限公司: ESSEX BIO-TECHNOLOGY LIMITED,,亿胜生物科技有限公司: ESSEX BIO-TECHNOLOGY LIMITED,2026-06-04T15:44:37.959175
01062,HK,akshare_eastmoney_company_profile,company_profile,国开国际投资有限公司: China Development Bank International Investment Limited,,国开国际投资有限公司: China Development Bank International Investment Limited,2026-06-04T15:44:38.058563
01063,HK,akshare_eastmoney_company_profile,company_profile,新确科技有限公司: SunCorp Technologies Ltd.,,新确科技有限公司: SunCorp Technologies Ltd.,2026-06-04T15:44:38.156729
01064,HK,akshare_eastmoney_company_profile,company_profile,中华国际控股有限公司: Zhong Hua International Holdings Ltd.,,中华国际控股有限公司: Zhong Hua International Holdings Ltd.,2026-06-04T15:44:38.294588
01065,HK,akshare_eastmoney_company_profile,company_profile,天津创业环保集团股份有限公司: Tianjin Capital Environmental Protection Group Company Limited,,天津创业环保集团股份有限公司: Tianjin Capital Environmental Protection Group Company Limited,2026-06-04T15:44:38.417892
01066,HK,akshare_eastmoney_company_profile,company_profile,山东威高集团医用高分子制品股份有限公司: Shandong Weigao Group Medical Polymer Co. Limited,,山东威高集团医用高分子制品股份有限公司: Shandong Weigao Group Medical Polymer Co. Limited,2026-06-04T15:44:38.516422
01068,HK,akshare_eastmoney_company_profile,company_profile,中国雨润食品集团有限公司: China Yurun Food Group Limited,,中国雨润食品集团有限公司: China Yurun Food Group Limited,2026-06-04T15:44:38.748246
01069,HK,akshare_eastmoney_company_profile,company_profile,中国健康科技集团控股有限公司: China Health Technology Group Holding Company Limited,,中国健康科技集团控股有限公司: China Health Technology Group Holding Company Limited,2026-06-04T15:44:38.853938
01070,HK,akshare_eastmoney_company_profile,company_profile,TCL电子控股有限公司: TCL Electronics Holdings Limited,,TCL电子控股有限公司: TCL Electronics Holdings Limited,2026-06-04T15:44:38.949694
01071,HK,akshare_eastmoney_company_profile,company_profile,华电国际电力股份有限公司: Huadian Power International Corporation Limited,,华电国际电力股份有限公司: Huadian Power International Corporation Limited,2026-06-04T15:44:39.069080
01072,HK,akshare_eastmoney_company_profile,company_profile,东方电气股份有限公司: Dongfang Electric Corporation Limited,,东方电气股份有限公司: Dongfang Electric Corporation Limited,2026-06-04T15:44:42.339394
01073,HK,akshare_eastmoney_company_profile,company_profile,大禹金融控股有限公司: Da Yu Financial Holdings Limited,,大禹金融控股有限公司: Da Yu Financial Holdings Limited,2026-06-04T15:44:42.450218
01075,HK,akshare_eastmoney_company_profile,company_profile,首都信息发展股份有限公司: CAPINFO COMPANY LIMITED,,首都信息发展股份有限公司: CAPINFO COMPANY LIMITED,2026-06-04T15:44:42.603351
01079,HK,akshare_eastmoney_company_profile,company_profile,松景科技控股有限公司: PINE TECHNOLOGY HOLDINGS LIMITED,,松景科技控股有限公司: PINE TECHNOLOGY HOLDINGS LIMITED,2026-06-04T15:44:42.808273
01080,HK,akshare_eastmoney_company_profile,company_profile,胜利油气管道控股有限公司: SHENGLI OIL & GAS PIPE HOLDINGS LIMITED,,胜利油气管道控股有限公司: SHENGLI OIL & GAS PIPE HOLDINGS LIMITED,2026-06-04T15:44:42.902636
01082,HK,akshare_eastmoney_company_profile,company_profile,源宇宙教育(国际)投资集团有限公司: Bradaverse Education (Int'l) Investments Group Limited,,源宇宙教育(国际)投资集团有限公司: Bradaverse Education (Int'l) Investments Group Limited,2026-06-04T15:44:43.005774
01083,HK,akshare_eastmoney_company_profile,company_profile,港华智慧能源有限公司: Towngas Smart Energy Company Limited,,港华智慧能源有限公司: Towngas Smart Energy Company Limited,2026-06-04T15:44:43.171191
01084,HK,akshare_eastmoney_company_profile,company_profile,绿新生物科技有限公司: Green Fresh Biotechnology Company Limited,,绿新生物科技有限公司: Green Fresh Biotechnology Company Limited,2026-06-04T15:44:43.266828
01085,HK,akshare_eastmoney_company_profile,company_profile,亨鑫科技有限公司: Hengxin Technology Ltd.,,亨鑫科技有限公司: Hengxin Technology Ltd.,2026-06-04T15:44:43.373107
01086,HK,akshare_eastmoney_company_profile,company_profile,好孩子国际控股有限公司: Goodbaby International Holdings Ltd,,好孩子国际控股有限公司: Goodbaby International Holdings Ltd,2026-06-04T15:44:43.492099
01087,HK,akshare_eastmoney_company_profile,company_profile,威讯控股有限公司: InvesTech Holdings Limited,,威讯控股有限公司: InvesTech Holdings Limited,2026-06-04T15:44:43.599160
01088,HK,akshare_eastmoney_company_profile,company_profile,中国神华能源股份有限公司: China Shenhua Energy Company Limited,,中国神华能源股份有限公司: China Shenhua Energy Company Limited,2026-06-04T15:44:43.708392
01090,HK,akshare_eastmoney_company_profile,company_profile,大明国际控股有限公司: DA MING INTERNATIONAL HOLDINGS LIMITED,,大明国际控股有限公司: DA MING INTERNATIONAL HOLDINGS LIMITED,2026-06-04T15:44:43.931788
01091,HK,akshare_eastmoney_company_profile,company_profile,南方锰业投资有限公司: South Manganese Investment Limited,,南方锰业投资有限公司: South Manganese Investment Limited,2026-06-04T15:44:44.036590
01093,HK,akshare_eastmoney_company_profile,company_profile,石药集团有限公司: CSPC Pharmaceutical Group Limited,,石药集团有限公司: CSPC Pharmaceutical Group Limited,2026-06-04T15:44:44.128913
01094,HK,akshare_eastmoney_company_profile,company_profile,承辉国际有限公司: Cherish Sunshine International Limited,,承辉国际有限公司: Cherish Sunshine International Limited,2026-06-04T15:44:44.225454
01097,HK,akshare_eastmoney_company_profile,company_profile,有线宽频通讯有限公司: i-CABLE Communications Limited,,有线宽频通讯有限公司: i-CABLE Communications Limited,2026-06-04T15:44:44.436541
01098,HK,akshare_eastmoney_company_profile,company_profile,路劲基建有限公司: Road King Infrastructure Ltd.,,路劲基建有限公司: Road King Infrastructure Ltd.,2026-06-04T15:44:44.599328
01099,HK,akshare_eastmoney_company_profile,company_profile,"国药控股股份有限公司: Sinopharm Group Co., Ltd.",,"国药控股股份有限公司: Sinopharm Group Co., Ltd.",2026-06-04T15:44:44.697174
01100,HK,akshare_eastmoney_company_profile,company_profile,飞达帽业控股有限公司: Mainland Headwear Holdings Ltd.,,飞达帽业控股有限公司: Mainland Headwear Holdings Ltd.,2026-06-04T15:44:44.813138
01101,HK,akshare_eastmoney_company_profile,company_profile,中国华荣能源股份有限公司: China Huarong Energy Company Limited,,中国华荣能源股份有限公司: China Huarong Energy Company Limited,2026-06-04T15:44:44.908049
01102,HK,akshare_eastmoney_company_profile,company_profile,环能国际控股有限公司: Enviro Energy International Holdings Limited,,环能国际控股有限公司: Enviro Energy International Holdings Limited,2026-06-04T15:44:45.014875
01104,HK,akshare_eastmoney_company_profile,company_profile,亚太资源有限公司: APAC Resources Limited,,亚太资源有限公司: APAC Resources Limited,2026-06-04T15:44:45.111739
01105,HK,akshare_eastmoney_company_profile,company_profile,星岛新闻集团有限公司: Sing Tao News Corporation Limited,,星岛新闻集团有限公司: Sing Tao News Corporation Limited,2026-06-04T15:44:45.214840
01107,HK,akshare_eastmoney_company_profile,company_profile,"当代置业(中国)有限公司: Modern Land (China) Co., Limited",,"当代置业(中国)有限公司: Modern Land (China) Co., Limited",2026-06-04T15:44:45.479897
01108,HK,akshare_eastmoney_company_profile,company_profile,凯盛新能源股份有限公司: Triumph New Energy Company Limited,,凯盛新能源股份有限公司: Triumph New Energy Company Limited,2026-06-04T15:44:45.583094
01109,HK,akshare_eastmoney_company_profile,company_profile,华润置地有限公司: China Resources Land Limited,,华润置地有限公司: China Resources Land Limited,2026-06-04T15:44:45.682437
01110,HK,akshare_eastmoney_company_profile,company_profile,金活医药集团有限公司: Kingworld Medicines Group Limited,,金活医药集团有限公司: Kingworld Medicines Group Limited,2026-06-04T15:44:45.784720
01111,HK,akshare_eastmoney_company_profile,company_profile,华视集团控股有限公司: Huashi Group Holdings Limited,,华视集团控股有限公司: Huashi Group Holdings Limited,2026-06-04T15:44:45.886464
01112,HK,akshare_eastmoney_company_profile,company_profile,健合(H&H)国际控股有限公司: Health and Happiness (H&H) International Holdings Limited,,健合(H&H)国际控股有限公司: Health and Happiness (H&H) International Holdings Limited,2026-06-04T15:44:46.373234
01113,HK,akshare_eastmoney_company_profile,company_profile,长江实业集团有限公司: CK Asset Holdings Limited,,长江实业集团有限公司: CK Asset Holdings Limited,2026-06-04T15:44:46.476645
01114,HK,akshare_eastmoney_company_profile,company_profile,华晨中国汽车控股有限公司: Brilliance China Automotive Holdings Ltd.,,华晨中国汽车控股有限公司: Brilliance China Automotive Holdings Ltd.,2026-06-04T15:44:46.578788
01115,HK,akshare_eastmoney_company_profile,company_profile,5100藏冰川有限公司: 5100 Xizang Glacier Company Limited,,5100藏冰川有限公司: 5100 Xizang Glacier Company Limited,2026-06-04T15:44:46.685773
01116,HK,akshare_eastmoney_company_profile,company_profile,慧源同创科技集团有限公司: Huiyuan Cowins Technology Group Limited,,慧源同创科技集团有限公司: Huiyuan Cowins Technology Group Limited,2026-06-04T15:44:46.794336
01117,HK,akshare_eastmoney_company_profile,company_profile,中国现代牧业控股有限公司: China Modern Dairy Holdings Ltd.,,中国现代牧业控股有限公司: China Modern Dairy Holdings Ltd.,2026-06-04T15:44:46.892483
01118,HK,akshare_eastmoney_company_profile,company_profile,高力集团有限公司: Golik Holdings Ltd.,,高力集团有限公司: Golik Holdings Ltd.,2026-06-04T15:44:46.997694
01119,HK,akshare_eastmoney_company_profile,company_profile,创梦天地科技控股有限公司: iDreamSky Technology Holdings Limited,,创梦天地科技控股有限公司: iDreamSky Technology Holdings Limited,2026-06-04T15:44:47.104527
01120,HK,akshare_eastmoney_company_profile,company_profile,雅视光学集团有限公司: Arts Optical International Holdings Ltd.,,雅视光学集团有限公司: Arts Optical International Holdings Ltd.,2026-06-04T15:44:47.197136
01121,HK,akshare_eastmoney_company_profile,company_profile,金阳新能源科技控股有限公司: Golden Solar New Energy Technology Holdings Limited,,金阳新能源科技控股有限公司: Golden Solar New Energy Technology Holdings Limited,2026-06-04T15:44:47.291834
01122,HK,akshare_eastmoney_company_profile,company_profile,庆铃汽车股份有限公司: Qingling Motors Co. Limited,,庆铃汽车股份有限公司: Qingling Motors Co. Limited,2026-06-04T15:44:47.392442
01123,HK,akshare_eastmoney_company_profile,company_profile,中港照相器材集团有限公司: China-Hongkong Photo Products Holdings Ltd.,,中港照相器材集团有限公司: China-Hongkong Photo Products Holdings Ltd.,2026-06-04T15:44:47.495553
01124,HK,akshare_eastmoney_company_profile,company_profile,沿海绿色家园有限公司: Coastal Greenland Limited,,沿海绿色家园有限公司: Coastal Greenland Limited,2026-06-04T15:44:47.590538
01125,HK,akshare_eastmoney_company_profile,company_profile,丽丰控股有限公司: Lai Fung Holdings Ltd.,,丽丰控股有限公司: Lai Fung Holdings Ltd.,2026-06-04T15:44:47.704453
01126,HK,akshare_eastmoney_company_profile,company_profile,德林国际有限公司: Dream International Ltd.,,德林国际有限公司: Dream International Ltd.,2026-06-04T15:44:47.796187
01127,HK,akshare_eastmoney_company_profile,company_profile,狮子山集团有限公司: Lion Rock Group Limited,,狮子山集团有限公司: Lion Rock Group Limited,2026-06-04T15:44:47.899111
01128,HK,akshare_eastmoney_company_profile,company_profile,"永利澳门有限公司: Wynn Macau,Limited",,"永利澳门有限公司: Wynn Macau,Limited",2026-06-04T15:44:47.993284
01129,HK,akshare_eastmoney_company_profile,company_profile,中国水业集团有限公司: China Water Industry Group Limited,,中国水业集团有限公司: China Water Industry Group Limited,2026-06-04T15:44:48.099622
01130,HK,akshare_eastmoney_company_profile,company_profile,中国环境资源集团有限公司: China Environmental Resources Group Limited,,中国环境资源集团有限公司: China Environmental Resources Group Limited,2026-06-04T15:44:48.226463
01132,HK,akshare_eastmoney_company_profile,company_profile,橙天嘉禾娱乐(集团)有限公司: Orange Sky Golden Harvest Entertainment (Holdings) Limited,,橙天嘉禾娱乐(集团)有限公司: Orange Sky Golden Harvest Entertainment (Holdings) Limited,2026-06-04T15:44:48.316383
01133,HK,akshare_eastmoney_company_profile,company_profile,哈尔滨电气股份有限公司: Harbin Electric Company Limited,,哈尔滨电气股份有限公司: Harbin Electric Company Limited,2026-06-04T15:44:48.416426
01134,HK,akshare_eastmoney_company_profile,company_profile,恒发光学控股有限公司: Kelfred Holdings Limited,,恒发光学控股有限公司: Kelfred Holdings Limited,2026-06-04T15:44:48.603072
01137,HK,akshare_eastmoney_company_profile,company_profile,香港科技探索有限公司: Hong Kong Technology Venture Company Limited,,香港科技探索有限公司: Hong Kong Technology Venture Company Limited,2026-06-04T15:44:48.704062
01138,HK,akshare_eastmoney_company_profile,company_profile,"中远海运能源运输股份有限公司: COSCO SHIPPING Energy Transportation Co., Ltd.",,"中远海运能源运输股份有限公司: COSCO SHIPPING Energy Transportation Co., Ltd.",2026-06-04T15:44:48.806358
01140,HK,akshare_eastmoney_company_profile,company_profile,华科智能投资有限公司: HK.AI Capital Limited,,华科智能投资有限公司: HK.AI Capital Limited,2026-06-04T15:44:48.903182
01141,HK,akshare_eastmoney_company_profile,company_profile,民银资本控股有限公司: CMBC CAPITAL HOLDINGS LIMITED,,民银资本控股有限公司: CMBC CAPITAL HOLDINGS LIMITED,2026-06-04T15:44:49.007848
01142,HK,akshare_eastmoney_company_profile,company_profile,能源及能量环球控股有限公司: E&P Global Holdings Limited,,能源及能量环球控股有限公司: E&P Global Holdings Limited,2026-06-04T15:44:49.115469
01143,HK,akshare_eastmoney_company_profile,company_profile,中国储能科技发展有限公司: China Energy Storage Technology Development Limited,,中国储能科技发展有限公司: China Energy Storage Technology Development Limited,2026-06-04T15:44:49.237457
01145,HK,akshare_eastmoney_company_profile,company_profile,勇利投资集团有限公司: Courage Investment Group Limited,,勇利投资集团有限公司: Courage Investment Group Limited,2026-06-04T15:44:49.368763
01146,HK,akshare_eastmoney_company_profile,company_profile,汇成国际控股有限公司: Huicheng International Holdings Limited,,汇成国际控股有限公司: Huicheng International Holdings Limited,2026-06-04T15:44:49.466885
01147,HK,akshare_eastmoney_company_profile,company_profile,伊登软件控股有限公司: EDENSOFT HOLDINGS LIMITED,,伊登软件控股有限公司: EDENSOFT HOLDINGS LIMITED,2026-06-04T15:44:49.573163
01148,HK,akshare_eastmoney_company_profile,company_profile,新晨中国动力控股有限公司: XINCHEN CHINA POWER HOLDINGS LIMITED,,新晨中国动力控股有限公司: XINCHEN CHINA POWER HOLDINGS LIMITED,2026-06-04T15:44:49.669461
01150,HK,akshare_eastmoney_company_profile,company_profile,米兰站控股有限公司: MILAN STATION HOLDINGS LIMITED,,米兰站控股有限公司: MILAN STATION HOLDINGS LIMITED,2026-06-04T15:44:49.784640
01152,HK,akshare_eastmoney_company_profile,company_profile,正乾金融控股有限公司: Momentum Financial Holdings Limited,,正乾金融控股有限公司: Momentum Financial Holdings Limited,2026-06-04T15:44:49.888714
01153,HK,akshare_eastmoney_company_profile,company_profile,佳源服务控股有限公司: Jiayuan Services Holdings Limited,,佳源服务控股有限公司: Jiayuan Services Holdings Limited,2026-06-04T15:44:49.981204
01156,HK,akshare_eastmoney_company_profile,company_profile,中科天元: CHINA NEW ENERGY LIMITED,,中科天元: CHINA NEW ENERGY LIMITED,2026-06-04T15:44:50.080988
01157,HK,akshare_eastmoney_company_profile,company_profile,"中联重科股份有限公司: Zoomlion Heavy Industry Science And Technology Co., Ltd.",,"中联重科股份有限公司: Zoomlion Heavy Industry Science And Technology Co., Ltd.",2026-06-04T15:44:50.186300
01159,HK,akshare_eastmoney_company_profile,company_profile,智数科技集团有限公司: Smart Digital Technology Group Limited,,智数科技集团有限公司: Smart Digital Technology Group Limited,2026-06-04T15:44:50.292988
01160,HK,akshare_eastmoney_company_profile,company_profile,金石资本集团有限公司: Goldstone Capital Group Limited,,金石资本集团有限公司: Goldstone Capital Group Limited,2026-06-04T15:44:50.396663
01161,HK,akshare_eastmoney_company_profile,company_profile,奥思集团有限公司: Water Oasis Group Limited,,奥思集团有限公司: Water Oasis Group Limited,2026-06-04T15:44:50.494460
01162,HK,akshare_eastmoney_company_profile,company_profile,莹岚集团有限公司: LUMINA GROUP LIMITED,,莹岚集团有限公司: LUMINA GROUP LIMITED,2026-06-04T15:44:50.599575
01163,HK,akshare_eastmoney_company_profile,company_profile,虎视传媒有限公司: ADTIGER CORPORATIONS LIMITED,,虎视传媒有限公司: ADTIGER CORPORATIONS LIMITED,2026-06-04T15:44:50.708582
01164,HK,akshare_eastmoney_company_profile,company_profile,中广核矿业有限公司: CGN Mining Company Limited,,中广核矿业有限公司: CGN Mining Company Limited,2026-06-04T15:44:50.890816
01165,HK,akshare_eastmoney_company_profile,company_profile,顺风国际清洁能源有限公司: Shunfeng International Clean Energy Limited,,顺风国际清洁能源有限公司: Shunfeng International Clean Energy Limited,2026-06-04T15:44:50.998358
01166,HK,akshare_eastmoney_company_profile,company_profile,星凯控股有限公司: Solartech International Holdings Ltd.,,星凯控股有限公司: Solartech International Holdings Ltd.,2026-06-04T15:44:51.302616
01167,HK,akshare_eastmoney_company_profile,company_profile,"加科思药业集团有限公司: JACOBIO PHARMACEUTICALS GROUP CO., LTD.",,"加科思药业集团有限公司: JACOBIO PHARMACEUTICALS GROUP CO., LTD.",2026-06-04T15:44:51.409434
01168,HK,akshare_eastmoney_company_profile,company_profile,Z Fin Limited: Z Fin Limited,,Z Fin Limited: Z Fin Limited,2026-06-04T15:44:51.506157
01170,HK,akshare_eastmoney_company_profile,company_profile,信星鞋业集团有限公司: Kingmaker Footwear Holdings Ltd.,,信星鞋业集团有限公司: Kingmaker Footwear Holdings Ltd.,2026-06-04T15:44:51.632533
01171,HK,akshare_eastmoney_company_profile,company_profile,兖矿能源集团股份有限公司: Yankuang Energy Group Company Limited,,兖矿能源集团股份有限公司: Yankuang Energy Group Company Limited,2026-06-04T15:44:51.832716
01172,HK,akshare_eastmoney_company_profile,company_profile,融太集团股份有限公司: Magnus Concordia Group Limited,,融太集团股份有限公司: Magnus Concordia Group Limited,2026-06-04T15:44:51.955995
01173,HK,akshare_eastmoney_company_profile,company_profile,威高国际控股有限公司: Veeko International Holdings Ltd,,威高国际控股有限公司: Veeko International Holdings Ltd,2026-06-04T15:44:52.059969
01176,HK,akshare_eastmoney_company_profile,company_profile,珠光控股集团有限公司: Zhuguang Holdings Group Company Limited,,珠光控股集团有限公司: Zhuguang Holdings Group Company Limited,2026-06-04T15:44:52.157580
01177,HK,akshare_eastmoney_company_profile,company_profile,中国生物制药有限公司: Sino Biopharmaceutical Ltd.,,中国生物制药有限公司: Sino Biopharmaceutical Ltd.,2026-06-04T15:44:52.256483
01179,HK,akshare_eastmoney_company_profile,company_profile,华住集团有限公司: H World Group Limited,,华住集团有限公司: H World Group Limited,2026-06-04T15:44:52.359870
01180,HK,akshare_eastmoney_company_profile,company_profile,汇彩控股有限公司: Paradise Entertainment Limited,,汇彩控股有限公司: Paradise Entertainment Limited,2026-06-04T15:44:52.457455
01181,HK,akshare_eastmoney_company_profile,company_profile,唐宫(中国)控股有限公司: TANG PALACE (CHINA) HOLDINGS LIMITED,,唐宫(中国)控股有限公司: TANG PALACE (CHINA) HOLDINGS LIMITED,2026-06-04T15:44:52.624642
01182,HK,akshare_eastmoney_company_profile,company_profile,胜龙国际控股有限公司: Success Dragon International Holdings Limited,,胜龙国际控股有限公司: Success Dragon International Holdings Limited,2026-06-04T15:44:52.819856
01183,HK,akshare_eastmoney_company_profile,company_profile,澳能建设控股有限公司: MECOM Power and Construction Limited,,澳能建设控股有限公司: MECOM Power and Construction Limited,2026-06-04T15:44:52.919580
01184,HK,akshare_eastmoney_company_profile,company_profile,时捷集团有限公司: S.A.S. Dragon Holdings Ltd.,,时捷集团有限公司: S.A.S. Dragon Holdings Ltd.,2026-06-04T15:44:53.015993
01186,HK,akshare_eastmoney_company_profile,company_profile,中国铁建股份有限公司: China Railway Construction Corporation Limited,,中国铁建股份有限公司: China Railway Construction Corporation Limited,2026-06-04T15:44:53.108761
01187,HK,akshare_eastmoney_company_profile,company_profile,"可孚医疗科技股份有限公司: Cofoe Medical Technology Co.,Ltd.",,"可孚医疗科技股份有限公司: Cofoe Medical Technology Co.,Ltd.",2026-06-04T15:44:53.208519
01188,HK,akshare_eastmoney_company_profile,company_profile,正道集团有限公司: Hybrid Kinetic Group Limited,,正道集团有限公司: Hybrid Kinetic Group Limited,2026-06-04T15:44:56.434240
01189,HK,akshare_eastmoney_company_profile,company_profile,大湾区聚变力量控股有限公司: GREATER BAY AREA DYNAMIC GROWTH HOLDING LIMITED,,大湾区聚变力量控股有限公司: GREATER BAY AREA DYNAMIC GROWTH HOLDING LIMITED,2026-06-04T15:44:56.592031
01193,HK,akshare_eastmoney_company_profile,company_profile,华润燃气控股有限公司: China Resources Gas Group Limited,,华润燃气控股有限公司: China Resources Gas Group Limited,2026-06-04T15:44:56.686216
01195,HK,akshare_eastmoney_company_profile,company_profile,京维集团有限公司: Kingwell Group Limited,,京维集团有限公司: Kingwell Group Limited,2026-06-04T15:44:56.817506
01196,HK,akshare_eastmoney_company_profile,company_profile,伟禄集团控股有限公司: Realord Group Holdings Limited,,伟禄集团控股有限公司: Realord Group Holdings Limited,2026-06-04T15:44:56.920927
01198,HK,akshare_eastmoney_company_profile,company_profile,皇朝家居控股有限公司: Royale Home Holdings Limited,,皇朝家居控股有限公司: Royale Home Holdings Limited,2026-06-04T15:44:57.167751
01199,HK,akshare_eastmoney_company_profile,company_profile,中远海运港口有限公司: COSCO SHIPPING Ports Limited,,中远海运港口有限公司: COSCO SHIPPING Ports Limited,2026-06-04T15:44:57.320483
01200,HK,akshare_eastmoney_company_profile,company_profile,美联集团有限公司: Midland Holdings Limited,,美联集团有限公司: Midland Holdings Limited,2026-06-04T15:44:57.421564
01201,HK,akshare_eastmoney_company_profile,company_profile,天臣控股有限公司: Tesson Holdings Limited,,天臣控股有限公司: Tesson Holdings Limited,2026-06-04T15:44:57.517610
01202,HK,akshare_eastmoney_company_profile,company_profile,成都四威科技股份有限公司: Chengdu SIWI Science and Technology Company Limited,,成都四威科技股份有限公司: Chengdu SIWI Science and Technology Company Limited,2026-06-04T15:44:57.615870
01203,HK,akshare_eastmoney_company_profile,company_profile,粤海广南(集团)有限公司: GDH GUANGNAN (HOLDINGS) LIMITED,,粤海广南(集团)有限公司: GDH GUANGNAN (HOLDINGS) LIMITED,2026-06-04T15:44:57.709592
01204,HK,akshare_eastmoney_company_profile,company_profile,博维智慧科技有限公司: BoardWare Intelligence Technology Limited,,博维智慧科技有限公司: BoardWare Intelligence Technology Limited,2026-06-04T15:44:57.808923
01205,HK,akshare_eastmoney_company_profile,company_profile,中信资源控股有限公司: CITIC Resources Holdings Limited,,中信资源控股有限公司: CITIC Resources Holdings Limited,2026-06-04T15:44:57.906451
01206,HK,akshare_eastmoney_company_profile,company_profile,同方泰德国际科技有限公司: Technovator International Limited,,同方泰德国际科技有限公司: Technovator International Limited,2026-06-04T15:44:58.008127
01208,HK,akshare_eastmoney_company_profile,company_profile,五矿资源有限公司: MMG Limited,,五矿资源有限公司: MMG Limited,2026-06-04T15:44:58.220059
01209,HK,akshare_eastmoney_company_profile,company_profile,华润万象生活有限公司: China Resources Mixc Lifestyle Services Limited,,华润万象生活有限公司: China Resources Mixc Lifestyle Services Limited,2026-06-04T15:44:58.321828
01211,HK,akshare_eastmoney_company_profile,company_profile,比亚迪股份有限公司: BYD Company Limited,,比亚迪股份有限公司: BYD Company Limited,2026-06-04T15:44:58.420119
01213,HK,akshare_eastmoney_company_profile,company_profile,万保刚集团有限公司: Mobicon Group Limited,,万保刚集团有限公司: Mobicon Group Limited,2026-06-04T15:44:58.521116
01215,HK,akshare_eastmoney_company_profile,company_profile,开源控股有限公司: Kai Yuan Holdings Limited,,开源控股有限公司: Kai Yuan Holdings Limited,2026-06-04T15:44:58.617488
01216,HK,akshare_eastmoney_company_profile,company_profile,"中原银行股份有限公司: ZHONGYUAN BANK CO., LTD.",,"中原银行股份有限公司: ZHONGYUAN BANK CO., LTD.",2026-06-04T15:44:58.729330
01217,HK,akshare_eastmoney_company_profile,company_profile,中国创新投资有限公司: China Innovation Investment Limited,,中国创新投资有限公司: China Innovation Investment Limited,2026-06-04T15:44:58.827646
01218,HK,akshare_eastmoney_company_profile,company_profile,永义国际集团有限公司: Easyknit International Holdings Limited,,永义国际集团有限公司: Easyknit International Holdings Limited,2026-06-04T15:44:58.928237
01220,HK,akshare_eastmoney_company_profile,company_profile,志道国际(控股)有限公司: Zhidao International (Holdings) Limited,,志道国际(控股)有限公司: Zhidao International (Holdings) Limited,2026-06-04T15:44:59.026740
01221,HK,akshare_eastmoney_company_profile,company_profile,信和酒店(集团)有限公司: Sina Hotels (Holdings) Limited,,信和酒店(集团)有限公司: Sina Hotels (Holdings) Limited,2026-06-04T15:44:59.121865
01222,HK,akshare_eastmoney_company_profile,company_profile,宏安集团有限公司: Wang On Group Limited,,宏安集团有限公司: Wang On Group Limited,2026-06-04T15:44:59.221267
01223,HK,akshare_eastmoney_company_profile,company_profile,新沣集团有限公司: Symphony Holdings Ltd.,,新沣集团有限公司: Symphony Holdings Ltd.,2026-06-04T15:44:59.315468
01224,HK,akshare_eastmoney_company_profile,company_profile,中渝置地控股有限公司: C C Land Holdings Limited,,中渝置地控股有限公司: C C Land Holdings Limited,2026-06-04T15:44:59.408068
01225,HK,akshare_eastmoney_company_profile,company_profile,隆成金融集团有限公司: Lerado Financial Group Company Limited,,隆成金融集团有限公司: Lerado Financial Group Company Limited,2026-06-04T15:44:59.504547
01226,HK,akshare_eastmoney_company_profile,company_profile,中国投融资集团有限公司: China Investment and Finance Group Limited,,中国投融资集团有限公司: China Investment and Finance Group Limited,2026-06-04T15:44:59.605524
01228,HK,akshare_eastmoney_company_profile,company_profile,北海康成制药有限公司: CANbridge Pharmaceuticals Inc.,,北海康成制药有限公司: CANbridge Pharmaceuticals Inc.,2026-06-04T15:44:59.724865
01229,HK,akshare_eastmoney_company_profile,company_profile,南南资源实业有限公司: Nan Nan Resources Enterprise Limited,,南南资源实业有限公司: Nan Nan Resources Enterprise Limited,2026-06-04T15:44:59.826197
01231,HK,akshare_eastmoney_company_profile,company_profile,新矿资源有限公司: NEWTON RESOURCES LTD,,新矿资源有限公司: NEWTON RESOURCES LTD,2026-06-04T15:44:59.921668
01232,HK,akshare_eastmoney_company_profile,company_profile,金轮天地控股有限公司: Golden Wheel Tiandi Holdings Company Limited,,金轮天地控股有限公司: Golden Wheel Tiandi Holdings Company Limited,2026-06-04T15:45:00.014562
01233,HK,akshare_eastmoney_company_profile,company_profile,时代中国控股有限公司: Times China Holdings Limited,,时代中国控股有限公司: Times China Holdings Limited,2026-06-04T15:45:00.111944
01234,HK,akshare_eastmoney_company_profile,company_profile,中国利郎有限公司: China Lilang Limited,,中国利郎有限公司: China Lilang Limited,2026-06-04T15:45:00.210358
01235,HK,akshare_eastmoney_company_profile,company_profile,专业旅运(亚洲)企业有限公司: Travel Expert (Asia) Enterprises Limited,,专业旅运(亚洲)企业有限公司: Travel Expert (Asia) Enterprises Limited,2026-06-04T15:45:00.315942
01236,HK,akshare_eastmoney_company_profile,company_profile,"深圳乐动机器人股份有限公司: SHENZHEN LDROBOT CO., LTD",,"深圳乐动机器人股份有限公司: SHENZHEN LDROBOT CO., LTD",2026-06-04T15:45:00.564390
01237,HK,akshare_eastmoney_company_profile,company_profile,中科生物控股有限公司: China Environmental Technology and Bioenergy Holdings Limited,,中科生物控股有限公司: China Environmental Technology and Bioenergy Holdings Limited,2026-06-04T15:45:00.665657
01238,HK,akshare_eastmoney_company_profile,company_profile,宝龙地产控股有限公司: Powerlong Real Estate Holdings Limited,,宝龙地产控股有限公司: Powerlong Real Estate Holdings Limited,2026-06-04T15:45:00.957676
01239,HK,akshare_eastmoney_company_profile,company_profile,Teamway International Group Holdings Limited: Teamway International Group Holdings Limited,,Teamway International Group Holdings Limited: Teamway International Group Holdings Limited,2026-06-04T15:45:01.097535
01240,HK,akshare_eastmoney_company_profile,company_profile,青建国际控股有限公司: CNQC International Holdings Limited,,青建国际控股有限公司: CNQC International Holdings Limited,2026-06-04T15:45:01.228186
01241,HK,akshare_eastmoney_company_profile,company_profile,双桦控股有限公司: Shuanghua Holdings Limited,,双桦控股有限公司: Shuanghua Holdings Limited,2026-06-04T15:45:01.606377
01243,HK,akshare_eastmoney_company_profile,company_profile,宏安地产有限公司: WANG ON PROPERTIES LIMITED,,宏安地产有限公司: WANG ON PROPERTIES LIMITED,2026-06-04T15:45:01.702333
01244,HK,akshare_eastmoney_company_profile,company_profile,思路迪医药股份有限公司: 3D Medicines Inc.,,思路迪医药股份有限公司: 3D Medicines Inc.,2026-06-04T15:45:01.911154
01245,HK,akshare_eastmoney_company_profile,company_profile,"NIRAKU GC HOLDINGS, INC.: NIRAKU GC HOLDINGS, INC.",,"NIRAKU GC HOLDINGS, INC.: NIRAKU GC HOLDINGS, INC.",2026-06-04T15:45:02.001253
01246,HK,akshare_eastmoney_company_profile,company_profile,保集健康控股有限公司: Boill Healthcare Holdings Limited,,保集健康控股有限公司: Boill Healthcare Holdings Limited,2026-06-04T15:45:02.096534
01247,HK,akshare_eastmoney_company_profile,company_profile,米格国际控股有限公司: MIKO INTERNATIONAL HOLDINGS LIMITED,,米格国际控股有限公司: MIKO INTERNATIONAL HOLDINGS LIMITED,2026-06-04T15:45:02.191038
01250,HK,akshare_eastmoney_company_profile,company_profile,山高新能源集团有限公司: Shandong Hi-Speed New Energy Group Limited,,山高新能源集团有限公司: Shandong Hi-Speed New Energy Group Limited,2026-06-04T15:45:02.421165
01251,HK,akshare_eastmoney_company_profile,company_profile,华油能源集团有限公司: SPT Energy Group Inc.,,华油能源集团有限公司: SPT Energy Group Inc.,2026-06-04T15:45:02.513284
01252,HK,akshare_eastmoney_company_profile,company_profile,中国天瑞集团水泥有限公司: CHINA TIANRUI GROUP CEMENT COMPANY LIMITED,,中国天瑞集团水泥有限公司: CHINA TIANRUI GROUP CEMENT COMPANY LIMITED,2026-06-04T15:45:02.610461
01253,HK,akshare_eastmoney_company_profile,company_profile,中国绿博生态科技集团有限公司: China Green Broad Ecological Technology Company Limited,,中国绿博生态科技集团有限公司: China Green Broad Ecological Technology Company Limited,2026-06-04T15:45:02.702484
01255,HK,akshare_eastmoney_company_profile,company_profile,TATA健康国际控股有限公司: TATA Health International Holdings Limited,,TATA健康国际控股有限公司: TATA Health International Holdings Limited,2026-06-04T15:45:02.807837
01257,HK,akshare_eastmoney_company_profile,company_profile,中国光大绿色环保有限公司: China Everbright Greentech Limited,,中国光大绿色环保有限公司: China Everbright Greentech Limited,2026-06-04T15:45:02.900178
01258,HK,akshare_eastmoney_company_profile,company_profile,中国有色矿业有限公司: China Nonferrous Mining Corporation Limited,,中国有色矿业有限公司: China Nonferrous Mining Corporation Limited,2026-06-04T15:45:03.450667
01259,HK,akshare_eastmoney_company_profile,company_profile,未来发展控股有限公司: Prosperous Future Holdings Limited,,未来发展控股有限公司: Prosperous Future Holdings Limited,2026-06-04T15:45:03.546137
01260,HK,akshare_eastmoney_company_profile,company_profile,皓天财经集团控股有限公司: WONDERFUL SKY FINANCIAL GROUP HOLDINGS LIMITED,,皓天财经集团控股有限公司: WONDERFUL SKY FINANCIAL GROUP HOLDINGS LIMITED,2026-06-04T15:45:03.643247
01262,HK,akshare_eastmoney_company_profile,company_profile,蜡笔小新休闲食品集团有限公司: Labixiaoxin Snacks Group Limited,,蜡笔小新休闲食品集团有限公司: Labixiaoxin Snacks Group Limited,2026-06-04T15:45:03.736310
01265,HK,akshare_eastmoney_company_profile,company_profile,天津津燃公用事业股份有限公司: Tianjin Jinran Public Utilities Company Limited,,天津津燃公用事业股份有限公司: Tianjin Jinran Public Utilities Company Limited,2026-06-04T15:45:03.853497
01268,HK,akshare_eastmoney_company_profile,company_profile,中国美东汽车控股有限公司: China MeiDong Auto Holdings Limited,,中国美东汽车控股有限公司: China MeiDong Auto Holdings Limited,2026-06-04T15:45:03.963118
01269,HK,akshare_eastmoney_company_profile,company_profile,中国首控集团有限公司: China First Capital Group Limited,,中国首控集团有限公司: China First Capital Group Limited,2026-06-04T15:45:04.221036
01270,HK,akshare_eastmoney_company_profile,company_profile,朗廷酒店投资与朗廷酒店投资有限公司: Langham Hospitality Inv and Langham Hospitality Inv Ltd.,,朗廷酒店投资与朗廷酒店投资有限公司: Langham Hospitality Inv and Langham Hospitality Inv Ltd.,2026-06-04T15:45:04.413481
01271,HK,akshare_eastmoney_company_profile,company_profile,佳明集团控股有限公司: GRAND MING GROUP HOLDINGS LIMITED,,佳明集团控股有限公司: GRAND MING GROUP HOLDINGS LIMITED,2026-06-04T15:45:04.511302
01272,HK,akshare_eastmoney_company_profile,company_profile,"大唐环境产业集团股份有限公司: Datang Environment Industry Group Co.,Ltd.",,"大唐环境产业集团股份有限公司: Datang Environment Industry Group Co.,Ltd.",2026-06-04T15:45:04.835812
01273,HK,akshare_eastmoney_company_profile,company_profile,香港信贷集团有限公司: Hong Kong Finance Group Limited,,香港信贷集团有限公司: Hong Kong Finance Group Limited,2026-06-04T15:45:04.936018
01274,HK,akshare_eastmoney_company_profile,company_profile,"知行汽车科技(苏州)股份有限公司: iMotion Automotive Technology (Suzhou) Co., Ltd.",,"知行汽车科技(苏州)股份有限公司: iMotion Automotive Technology (Suzhou) Co., Ltd.",2026-06-04T15:45:05.029079
01276,HK,akshare_eastmoney_company_profile,company_profile,"江苏恒瑞医药股份有限公司: Jiangsu Hengrui Pharmaceuticals Co.,Ltd.",,"江苏恒瑞医药股份有限公司: Jiangsu Hengrui Pharmaceuticals Co.,Ltd.",2026-06-04T15:45:05.131162
01277,HK,akshare_eastmoney_company_profile,company_profile,力量发展集团有限公司: Kinetic Development Group Limited,,力量发展集团有限公司: Kinetic Development Group Limited,2026-06-04T15:45:05.271476
01278,HK,akshare_eastmoney_company_profile,company_profile,中国新城镇发展有限公司: China New Town Development Company Limited,,中国新城镇发展有限公司: China New Town Development Company Limited,2026-06-04T15:45:05.363581
01280,HK,akshare_eastmoney_company_profile,company_profile,中国奇点国峰控股有限公司: China Qidian Guofeng Holdings Limited,,中国奇点国峰控股有限公司: China Qidian Guofeng Holdings Limited,2026-06-04T15:45:05.460345
01281,HK,akshare_eastmoney_company_profile,company_profile,鑫达投资控股有限公司: Xinda Investment Holdings Limited,,鑫达投资控股有限公司: Xinda Investment Holdings Limited,2026-06-04T15:45:05.554512
01282,HK,akshare_eastmoney_company_profile,company_profile,中泽丰国际有限公司: Renze Harvest International Limited,,中泽丰国际有限公司: Renze Harvest International Limited,2026-06-04T15:45:05.651504
01283,HK,akshare_eastmoney_company_profile,company_profile,高陞集团控股有限公司: Accel Group Holdings Limited,,高陞集团控股有限公司: Accel Group Holdings Limited,2026-06-04T15:45:05.774170
01284,HK,akshare_eastmoney_company_profile,company_profile,新传企划有限公司: New Media Lab Limited,,新传企划有限公司: New Media Lab Limited,2026-06-04T15:45:05.896529
01285,HK,akshare_eastmoney_company_profile,company_profile,嘉士利集团有限公司: Jiashili Group Limited,,嘉士利集团有限公司: Jiashili Group Limited,2026-06-04T15:45:05.997027
01286,HK,akshare_eastmoney_company_profile,company_profile,鹰普精密工业有限公司: IMPRO PRECISION INDUSTRIES LIMITED,,鹰普精密工业有限公司: IMPRO PRECISION INDUSTRIES LIMITED,2026-06-04T15:45:06.093947
01288,HK,akshare_eastmoney_company_profile,company_profile,中国农业银行股份有限公司: AGRICULTURAL BANK OF CHINA LIMITED,,中国农业银行股份有限公司: AGRICULTURAL BANK OF CHINA LIMITED,2026-06-04T15:45:09.324773
01289,HK,akshare_eastmoney_company_profile,company_profile,无锡盛力达科技股份有限公司: Wuxi Sunlit Science and Technology Company Limited,,无锡盛力达科技股份有限公司: Wuxi Sunlit Science and Technology Company Limited,2026-06-04T15:45:09.418969
01290,HK,akshare_eastmoney_company_profile,company_profile,中国汇融金融控股有限公司: CHINA HUIRONG FINANCIAL HOLDINGS LIMITED,,中国汇融金融控股有限公司: CHINA HUIRONG FINANCIAL HOLDINGS LIMITED,2026-06-04T15:45:09.504907
01292,HK,akshare_eastmoney_company_profile,company_profile,"重庆长安民生物流股份有限公司: Changan Minsheng APLL Logistics Co., Ltd.",,"重庆长安民生物流股份有限公司: Changan Minsheng APLL Logistics Co., Ltd.",2026-06-04T15:45:12.878265
01293,HK,akshare_eastmoney_company_profile,company_profile,广汇宝信汽车集团有限公司: Grand Baoxin Auto Group Limited,,广汇宝信汽车集团有限公司: Grand Baoxin Auto Group Limited,2026-06-04T15:45:12.978525
01298,HK,akshare_eastmoney_company_profile,company_profile,云能国际股份有限公司: Yunnan Energy International Co. Limited,,云能国际股份有限公司: Yunnan Energy International Co. Limited,2026-06-04T15:45:13.079213
01299,HK,akshare_eastmoney_company_profile,company_profile,友邦保险控股有限公司: AIA Group Limited,,友邦保险控股有限公司: AIA Group Limited,2026-06-04T15:45:13.180729
01300,HK,akshare_eastmoney_company_profile,company_profile,俊知集团有限公司: Trigiant Group Limited,,俊知集团有限公司: Trigiant Group Limited,2026-06-04T15:45:13.295322
01301,HK,akshare_eastmoney_company_profile,company_profile,德基科技控股有限公司: D&G Technology Holding Company Limited,,德基科技控股有限公司: D&G Technology Holding Company Limited,2026-06-04T15:45:13.437042
01302,HK,akshare_eastmoney_company_profile,company_profile,先健科技公司: LifeTech Scientific Corporation,,先健科技公司: LifeTech Scientific Corporation,2026-06-04T15:45:13.531714
01303,HK,akshare_eastmoney_company_profile,company_profile,汇力资源(集团)有限公司: Huili Resources (Group) Limited,,汇力资源(集团)有限公司: Huili Resources (Group) Limited,2026-06-04T15:45:13.627083
01304,HK,akshare_eastmoney_company_profile,company_profile,"峰岹科技(深圳)股份有限公司: Fortior Technology(Shenzhen) Co., Ltd.",,"峰岹科技(深圳)股份有限公司: Fortior Technology(Shenzhen) Co., Ltd.",2026-06-04T15:45:13.721871
01305,HK,akshare_eastmoney_company_profile,company_profile,伟志控股有限公司: Wai Chi Holdings Company Limited,,伟志控股有限公司: Wai Chi Holdings Company Limited,2026-06-04T15:45:13.827073
01308,HK,akshare_eastmoney_company_profile,company_profile,海丰国际控股有限公司: SITC International Holdings Company Limited,,海丰国际控股有限公司: SITC International Holdings Company Limited,2026-06-04T15:45:13.920995
01310,HK,akshare_eastmoney_company_profile,company_profile,香港宽频有限公司: HKBN Ltd.,,香港宽频有限公司: HKBN Ltd.,2026-06-04T15:45:14.020416
01312,HK,akshare_eastmoney_company_profile,company_profile,华控康泰集团有限公司: Kontafarma China Holdings Limited,,华控康泰集团有限公司: Kontafarma China Holdings Limited,2026-06-04T15:45:14.129236
01313,HK,akshare_eastmoney_company_profile,company_profile,华润建材科技控股有限公司: China Resources Building Materials Technology Holdings Limited,,华润建材科技控股有限公司: China Resources Building Materials Technology Holdings Limited,2026-06-04T15:45:14.230650
01314,HK,akshare_eastmoney_company_profile,company_profile,翠华控股有限公司: Tsui Wah Holdings Limited,,翠华控股有限公司: Tsui Wah Holdings Limited,2026-06-04T15:45:14.332021
01315,HK,akshare_eastmoney_company_profile,company_profile,绿色经济发展有限公司: Green Economy Development Limited,,绿色经济发展有限公司: Green Economy Development Limited,2026-06-04T15:45:14.425778
01316,HK,akshare_eastmoney_company_profile,company_profile,耐世特汽车系统集团有限公司: Nexteer Automotive Group Limited,,耐世特汽车系统集团有限公司: Nexteer Automotive Group Limited,2026-06-04T15:45:14.603673
01317,HK,akshare_eastmoney_company_profile,company_profile,中国枫叶教育集团有限公司: China Maple Leaf Educational Systems Limited,,中国枫叶教育集团有限公司: China Maple Leaf Educational Systems Limited,2026-06-04T15:45:14.766315
01318,HK,akshare_eastmoney_company_profile,company_profile,"毛戈平化妆品股份有限公司: Mao Geping Cosmetics Co., Ltd.",,"毛戈平化妆品股份有限公司: Mao Geping Cosmetics Co., Ltd.",2026-06-04T15:45:14.878656
01319,HK,akshare_eastmoney_company_profile,company_profile,霭华押业信贷控股有限公司: Oi Wah Pawnshop Credit Holdings Limited,,霭华押业信贷控股有限公司: Oi Wah Pawnshop Credit Holdings Limited,2026-06-04T15:45:15.075465
01321,HK,akshare_eastmoney_company_profile,company_profile,中国新城市集团有限公司: China New City Group Limited,,中国新城市集团有限公司: China New City Group Limited,2026-06-04T15:45:15.190118
01323,HK,akshare_eastmoney_company_profile,company_profile,华盛国际控股有限公司: Huasheng International Holding Limited,,华盛国际控股有限公司: Huasheng International Holding Limited,2026-06-04T15:45:15.283825
01326,HK,akshare_eastmoney_company_profile,company_profile,传递娱乐有限公司: Transmit Entertainment Limited,,传递娱乐有限公司: Transmit Entertainment Limited,2026-06-04T15:45:15.382974
01327,HK,akshare_eastmoney_company_profile,company_profile,励时集团有限公司: Luxxu Group Limited,,励时集团有限公司: Luxxu Group Limited,2026-06-04T15:45:15.499106
01328,HK,akshare_eastmoney_company_profile,company_profile,金涌投资有限公司: Goldstream Investment Limited,,金涌投资有限公司: Goldstream Investment Limited,2026-06-04T15:45:15.781138
01330,HK,akshare_eastmoney_company_profile,company_profile,"绿色动力环保集团股份有限公司: Dynagreen Environmental Protection Group Co., Ltd",,"绿色动力环保集团股份有限公司: Dynagreen Environmental Protection Group Co., Ltd",2026-06-04T15:45:15.875463
01332,HK,akshare_eastmoney_company_profile,company_profile,透云生物科技集团有限公司: Touyun Biotech Group Limited,,透云生物科技集团有限公司: Touyun Biotech Group Limited,2026-06-04T15:45:15.972428
01333,HK,akshare_eastmoney_company_profile,company_profile,"博雷顿科技股份公司: Breton Technology Co., Ltd.",,"博雷顿科技股份公司: Breton Technology Co., Ltd.",2026-06-04T15:45:16.082630
01334,HK,akshare_eastmoney_company_profile,company_profile,瑞昌国际控股有限公司: RUICHANG INTERNATIONAL HOLDINGS LIMITED,,瑞昌国际控股有限公司: RUICHANG INTERNATIONAL HOLDINGS LIMITED,2026-06-04T15:45:16.182097
01335,HK,akshare_eastmoney_company_profile,company_profile,顺泰控股集团有限公司: Sheen Tai Holdings Group Company Limited,,顺泰控股集团有限公司: Sheen Tai Holdings Group Company Limited,2026-06-04T15:45:16.273286
01336,HK,akshare_eastmoney_company_profile,company_profile,新华人寿保险股份有限公司: New China Life Insurance Company Ltd.,,新华人寿保险股份有限公司: New China Life Insurance Company Ltd.,2026-06-04T15:45:16.563387
01338,HK,akshare_eastmoney_company_profile,company_profile,霸王国际(集团)控股有限公司: BaWang International (Group) Holding Limited,,霸王国际(集团)控股有限公司: BaWang International (Group) Holding Limited,2026-06-04T15:45:16.662876
01339,HK,akshare_eastmoney_company_profile,company_profile,中国人民保险集团股份有限公司: The People's Insurance Company (Group) of China Limited,,中国人民保险集团股份有限公司: The People's Insurance Company (Group) of China Limited,2026-06-04T15:45:16.761548
01340,HK,akshare_eastmoney_company_profile,company_profile,惠生国际控股有限公司: Huisheng International Holdings Limited,,惠生国际控股有限公司: Huisheng International Holdings Limited,2026-06-04T15:45:16.859465
01341,HK,akshare_eastmoney_company_profile,company_profile,昊天国际建设投资集团有限公司: Hao Tian International Construction Investment Group Limited,,昊天国际建设投资集团有限公司: Hao Tian International Construction Investment Group Limited,2026-06-04T15:45:16.954221
01343,HK,akshare_eastmoney_company_profile,company_profile,伟源控股有限公司: Wei Yuan Holdings Limited,,伟源控股有限公司: Wei Yuan Holdings Limited,2026-06-04T15:45:17.054574
01345,HK,akshare_eastmoney_company_profile,company_profile,上海先锋控股有限公司: Shanghai Pioneer Holding Ltd,,上海先锋控股有限公司: Shanghai Pioneer Holding Ltd,2026-06-04T15:45:17.155149
01346,HK,akshare_eastmoney_company_profile,company_profile,利华控股集团: Lever Style Corporation,,利华控股集团: Lever Style Corporation,2026-06-04T15:45:17.257014
01347,HK,akshare_eastmoney_company_profile,company_profile,华虹宏力半导体有限公司: Hua Hong Grace Semiconductor Limited,,华虹宏力半导体有限公司: Hua Hong Grace Semiconductor Limited,2026-06-04T15:45:17.346163
01348,HK,akshare_eastmoney_company_profile,company_profile,滉达富控股有限公司: Quali-Smart Holdings Limited,,滉达富控股有限公司: Quali-Smart Holdings Limited,2026-06-04T15:45:17.437310
01349,HK,akshare_eastmoney_company_profile,company_profile,"上海复旦张江生物医药股份有限公司: Shanghai Fudan-Zhangjiang Bio-Pharmaceutical Co., Ltd.",,"上海复旦张江生物医药股份有限公司: Shanghai Fudan-Zhangjiang Bio-Pharmaceutical Co., Ltd.",2026-06-04T15:45:17.528562
01351,HK,akshare_eastmoney_company_profile,company_profile,辉煌明天科技控股有限公司: Bright Future Technology Holdings Limited,,辉煌明天科技控股有限公司: Bright Future Technology Holdings Limited,2026-06-04T15:45:17.651016
01354,HK,akshare_eastmoney_company_profile,company_profile,"西安经发物业股份有限公司: Xi’an Kingfar Property Services Co., Ltd.",,"西安经发物业股份有限公司: Xi’an Kingfar Property Services Co., Ltd.",2026-06-04T15:45:17.742121
01355,HK,akshare_eastmoney_company_profile,company_profile,生物系统工程有限公司: Biosysen Limited,,生物系统工程有限公司: Biosysen Limited,2026-06-04T15:45:17.836730
01357,HK,akshare_eastmoney_company_profile,company_profile,"美图公司: Meitu, Inc.",,"美图公司: Meitu, Inc.",2026-06-04T15:45:17.945813
01358,HK,akshare_eastmoney_company_profile,company_profile,普华和顺集团公司: PW MEDTECH GROUP LIMITED,,普华和顺集团公司: PW MEDTECH GROUP LIMITED,2026-06-04T15:45:18.035364
01359,HK,akshare_eastmoney_company_profile,company_profile,"中国信达资产管理股份有限公司: China Cinda Asset Management Co., Ltd.",,"中国信达资产管理股份有限公司: China Cinda Asset Management Co., Ltd.",2026-06-04T15:45:18.131290
01361,HK,akshare_eastmoney_company_profile,company_profile,361度国际有限公司: 361 Degrees International Limited,,361度国际有限公司: 361 Degrees International Limited,2026-06-04T15:45:18.233755
01362,HK,akshare_eastmoney_company_profile,company_profile,新龙移动集团有限公司: SIS MOBILE HOLDINGS LIMITED,,新龙移动集团有限公司: SIS MOBILE HOLDINGS LIMITED,2026-06-04T15:45:18.325342
01364,HK,akshare_eastmoney_company_profile,company_profile,古茗控股有限公司: Guming Holdings Limited,,古茗控股有限公司: Guming Holdings Limited,2026-06-04T15:45:18.420426
01368,HK,akshare_eastmoney_company_profile,company_profile,特步国际控股有限公司: Xtep International Holdings Limited,,特步国际控股有限公司: Xtep International Holdings Limited,2026-06-04T15:45:18.657458
01370,HK,akshare_eastmoney_company_profile,company_profile,奥威控股有限公司: Aowei Holding Limited,,奥威控股有限公司: Aowei Holding Limited,2026-06-04T15:45:19.257232
01371,HK,akshare_eastmoney_company_profile,company_profile,中国生态旅游集团有限公司: China Ecotourism Group Limited,,中国生态旅游集团有限公司: China Ecotourism Group Limited,2026-06-04T15:45:19.352153
01372,HK,akshare_eastmoney_company_profile,company_profile,中国碳中和发展集团有限公司: China Carbon Neutral Development Group Limited,,中国碳中和发展集团有限公司: China Carbon Neutral Development Group Limited,2026-06-04T15:45:19.453319
01373,HK,akshare_eastmoney_company_profile,company_profile,国际家居零售有限公司: International Housewares Retail Company Limited,,国际家居零售有限公司: International Housewares Retail Company Limited,2026-06-04T15:45:19.617919
01375,HK,akshare_eastmoney_company_profile,company_profile,"中原证券股份有限公司: Central China Securities Co., Ltd.",,"中原证券股份有限公司: Central China Securities Co., Ltd.",2026-06-04T15:45:19.723413
01376,HK,akshare_eastmoney_company_profile,company_profile,Raffles Interior Limited: Raffles Interior Limited,,Raffles Interior Limited: Raffles Interior Limited,2026-06-04T15:45:19.821531
01378,HK,akshare_eastmoney_company_profile,company_profile,中国宏桥集团有限公司: China Hongqiao Group Limited,,中国宏桥集团有限公司: China Hongqiao Group Limited,2026-06-04T15:45:19.928217
01379,HK,akshare_eastmoney_company_profile,company_profile,温岭浙江工量刃具交易中心股份有限公司: Wenling Zhejiang Measuring and Cutting Tools Trading Centre Company Limited,,温岭浙江工量刃具交易中心股份有限公司: Wenling Zhejiang Measuring and Cutting Tools Trading Centre Company Limited,2026-06-04T15:45:20.142298
01380,HK,akshare_eastmoney_company_profile,company_profile,中国金石矿业控股有限公司: China Kingstone Mining Holdings Limited,,中国金石矿业控股有限公司: China Kingstone Mining Holdings Limited,2026-06-04T15:45:20.237739
01382,HK,akshare_eastmoney_company_profile,company_profile,互太纺织控股有限公司: PACIFIC TEXTILES HOLDINGS LIMITED,,互太纺织控股有限公司: PACIFIC TEXTILES HOLDINGS LIMITED,2026-06-04T15:45:20.578633
01383,HK,akshare_eastmoney_company_profile,company_profile,LET Group Holdings Limited: LET Group Holdings Limited,,LET Group Holdings Limited: LET Group Holdings Limited,2026-06-04T15:45:20.674022
01384,HK,akshare_eastmoney_company_profile,company_profile,"滴普科技股份有限公司: Deepexi Technology Co., Ltd.",,"滴普科技股份有限公司: Deepexi Technology Co., Ltd.",2026-06-04T15:45:20.765369
01385,HK,akshare_eastmoney_company_profile,company_profile,"上海复旦微电子集团股份有限公司: Shanghai Fudan Microelectronics Group CO.,LTD.",,"上海复旦微电子集团股份有限公司: Shanghai Fudan Microelectronics Group CO.,LTD.",2026-06-04T15:45:20.859573
01388,HK,akshare_eastmoney_company_profile,company_profile,安莉芳控股有限公司: Embry Holdings Limited,,安莉芳控股有限公司: Embry Holdings Limited,2026-06-04T15:45:20.957016
01389,HK,akshare_eastmoney_company_profile,company_profile,美捷汇控股有限公司: Major Holdings Limited,,美捷汇控股有限公司: Major Holdings Limited,2026-06-04T15:45:21.064626
01393,HK,akshare_eastmoney_company_profile,company_profile,恒鼎实业国际发展有限公司: Hidili Industry International Development Ltd,,恒鼎实业国际发展有限公司: Hidili Industry International Development Ltd,2026-06-04T15:45:21.193995
01395,HK,akshare_eastmoney_company_profile,company_profile,强泰环保控股有限公司: ELL ENVIRONMENTAL HOLDINGS LIMITED,,强泰环保控股有限公司: ELL ENVIRONMENTAL HOLDINGS LIMITED,2026-06-04T15:45:21.420180
01396,HK,akshare_eastmoney_company_profile,company_profile,"粤港湾智算科技有限公司: Greater Bay Area AI Computing Tech Co. , Ltd.",,"粤港湾智算科技有限公司: Greater Bay Area AI Computing Tech Co. , Ltd.",2026-06-04T15:45:21.514006
01397,HK,akshare_eastmoney_company_profile,company_profile,碧瑶绿色集团有限公司: Baguio Green Group Limited,,碧瑶绿色集团有限公司: Baguio Green Group Limited,2026-06-04T15:45:21.611867
01398,HK,akshare_eastmoney_company_profile,company_profile,中国工商银行股份有限公司: Industrial And Commercial Bank Of China Limited,,中国工商银行股份有限公司: Industrial And Commercial Bank Of China Limited,2026-06-04T15:45:21.749523
01399,HK,akshare_eastmoney_company_profile,company_profile,锐信控股有限公司: Veson Holdings Limited,,锐信控股有限公司: Veson Holdings Limited,2026-06-04T15:45:21.847452
01400,HK,akshare_eastmoney_company_profile,company_profile,满地科技股份有限公司: Moody Technology Holdings Limited,,满地科技股份有限公司: Moody Technology Holdings Limited,2026-06-04T15:45:21.948771
01401,HK,akshare_eastmoney_company_profile,company_profile,未来机器有限公司: Future Machine Limited,,未来机器有限公司: Future Machine Limited,2026-06-04T15:45:22.043654
01402,HK,akshare_eastmoney_company_profile,company_profile,超智能控股有限公司: i-Control Holdings Limited,,超智能控股有限公司: i-Control Holdings Limited,2026-06-04T15:45:22.136088
01405,HK,akshare_eastmoney_company_profile,company_profile,达势股份有限公司: DPC Dash Ltd,,达势股份有限公司: DPC Dash Ltd,2026-06-04T15:45:22.233891
01406,HK,akshare_eastmoney_company_profile,company_profile,清晰医疗集团控股有限公司: CLARITY MEDICAL GROUP HOLDING LIMITED,,清晰医疗集团控股有限公司: CLARITY MEDICAL GROUP HOLDING LIMITED,2026-06-04T15:45:22.451051
01407,HK,akshare_eastmoney_company_profile,company_profile,交运燃气有限公司: JY GAS LIMITED,,交运燃气有限公司: JY GAS LIMITED,2026-06-04T15:45:22.589633
01408,HK,akshare_eastmoney_company_profile,company_profile,濠江机电控股有限公司: Macau E&M Holding Limited,,濠江机电控股有限公司: Macau E&M Holding Limited,2026-06-04T15:45:22.683035
01410,HK,akshare_eastmoney_company_profile,company_profile,安领国际控股有限公司: EDVANCE INTERNATIONAL HOLDINGS LIMITED,,安领国际控股有限公司: EDVANCE INTERNATIONAL HOLDINGS LIMITED,2026-06-04T15:45:22.791244
01412,HK,akshare_eastmoney_company_profile,company_profile,隽思集团控股有限公司: Q P Group Holdings Limited,,隽思集团控股有限公司: Q P Group Holdings Limited,2026-06-04T15:45:22.904084
01413,HK,akshare_eastmoney_company_profile,company_profile,铸帝控股集团有限公司: FEG Holdings Corporation Limited,,铸帝控股集团有限公司: FEG Holdings Corporation Limited,2026-06-04T15:45:23.154135
01415,HK,akshare_eastmoney_company_profile,company_profile,高伟电子控股有限公司: Cowell e Holdings Inc.,,高伟电子控股有限公司: Cowell e Holdings Inc.,2026-06-04T15:45:23.253097
01416,HK,akshare_eastmoney_company_profile,company_profile,CTR Holdings Limited: CTR Holdings Limited,,CTR Holdings Limited: CTR Holdings Limited,2026-06-04T15:45:23.352072
01417,HK,akshare_eastmoney_company_profile,company_profile,浦江中国控股有限公司: Riverine China Holdings Limited,,浦江中国控股有限公司: Riverine China Holdings Limited,2026-06-04T15:45:23.449151
01418,HK,akshare_eastmoney_company_profile,company_profile,盛诺集团有限公司: Sinomax Group Limited,,盛诺集团有限公司: Sinomax Group Limited,2026-06-04T15:45:23.551868
01419,HK,akshare_eastmoney_company_profile,company_profile,盈健医疗集团有限公司: Human Health Holdings Limited,,盈健医疗集团有限公司: Human Health Holdings Limited,2026-06-04T15:45:23.651311
01420,HK,akshare_eastmoney_company_profile,company_profile,川控股有限公司: Chuan Holdings Limited,,川控股有限公司: Chuan Holdings Limited,2026-06-04T15:45:23.801175
01421,HK,akshare_eastmoney_company_profile,company_profile,恒昌集团国际有限公司: Prosperity Group International Limited,,恒昌集团国际有限公司: Prosperity Group International Limited,2026-06-04T15:45:23.929819
01425,HK,akshare_eastmoney_company_profile,company_profile,捷隆控股有限公司: JUSTIN ALLEN HOLDINGS LIMITED,,捷隆控股有限公司: JUSTIN ALLEN HOLDINGS LIMITED,2026-06-04T15:45:24.025488
01426,HK,akshare_eastmoney_company_profile,company_profile,春泉资产管理有限公司: Spring Asset Management Limited,,春泉资产管理有限公司: Spring Asset Management Limited,2026-06-04T15:45:24.170214
01427,HK,akshare_eastmoney_company_profile,company_profile,中国天保集团发展有限公司: CHINA TIANBAO GROUP DEVELOPMENT COMPANY LIMITED,,中国天保集团发展有限公司: CHINA TIANBAO GROUP DEVELOPMENT COMPANY LIMITED,2026-06-04T15:45:24.263013
01428,HK,akshare_eastmoney_company_profile,company_profile,耀才证券金融集团有限公司: Bright Smart Securities & Commodities Group Limited,,耀才证券金融集团有限公司: Bright Smart Securities & Commodities Group Limited,2026-06-04T15:45:24.360808
01429,HK,akshare_eastmoney_company_profile,company_profile,天任集团控股有限公司: Skymission Group Holdings Limited,,天任集团控股有限公司: Skymission Group Holdings Limited,2026-06-04T15:45:24.448798
01431,HK,akshare_eastmoney_company_profile,company_profile,原生态牧业有限公司: Yuan Sheng Tai Dairy Farm Limited,,原生态牧业有限公司: Yuan Sheng Tai Dairy Farm Limited,2026-06-04T15:45:24.550699
01432,HK,akshare_eastmoney_company_profile,company_profile,中国圣牧有机奶业有限公司: CHINA SHENGMU ORGANIC MILK LIMITED,,中国圣牧有机奶业有限公司: CHINA SHENGMU ORGANIC MILK LIMITED,2026-06-04T15:45:24.674356
01433,HK,akshare_eastmoney_company_profile,company_profile,常达控股有限公司: CIRTEK HOLDINGS LIMITED,,常达控股有限公司: CIRTEK HOLDINGS LIMITED,2026-06-04T15:45:24.776498
01440,HK,akshare_eastmoney_company_profile,company_profile,应星控股集团有限公司: STAR SHINE HOLDINGS GROUP LIMITED,,应星控股集团有限公司: STAR SHINE HOLDINGS GROUP LIMITED,2026-06-04T15:45:24.872118
01442,HK,akshare_eastmoney_company_profile,company_profile,鹰辉物流有限公司: Infinity Logistics and Transport Ventures Limited,,鹰辉物流有限公司: Infinity Logistics and Transport Ventures Limited,2026-06-04T15:45:24.981641
01443,HK,akshare_eastmoney_company_profile,company_profile,富临集团控股有限公司: Fulum Group Holdings Limited,,富临集团控股有限公司: Fulum Group Holdings Limited,2026-06-04T15:45:25.087082
01446,HK,akshare_eastmoney_company_profile,company_profile,鸿福堂集团控股有限公司: Hung Fook Tong Group Holdings Limited,,鸿福堂集团控股有限公司: Hung Fook Tong Group Holdings Limited,2026-06-04T15:45:25.179353
01447,HK,akshare_eastmoney_company_profile,company_profile,新福港建设集团有限公司: SFK CONSTRUCTION HOLDINGS LIMITED,,新福港建设集团有限公司: SFK CONSTRUCTION HOLDINGS LIMITED,2026-06-04T15:45:25.410570
01448,HK,akshare_eastmoney_company_profile,company_profile,福寿园国际集团有限公司: Fu Shou Yuan International Group Limited,,福寿园国际集团有限公司: Fu Shou Yuan International Group Limited,2026-06-04T15:45:25.511695
01449,HK,akshare_eastmoney_company_profile,company_profile,立德教育股份有限公司: Leader Education Limited,,立德教育股份有限公司: Leader Education Limited,2026-06-04T15:45:25.608482
01450,HK,akshare_eastmoney_company_profile,company_profile,交个朋友控股有限公司: Be Friends Holding Limited,,交个朋友控股有限公司: Be Friends Holding Limited,2026-06-04T15:45:25.699854
01451,HK,akshare_eastmoney_company_profile,company_profile,万成集团股份有限公司: MS GROUP HOLDINGS LIMITED,,万成集团股份有限公司: MS GROUP HOLDINGS LIMITED,2026-06-04T15:45:25.860347
01452,HK,akshare_eastmoney_company_profile,company_profile,迪诺斯环保科技控股有限公司: DENOX ENVIRONMENTAL & TECHNOLOGY HOLDINGS LIMITED,,迪诺斯环保科技控股有限公司: DENOX ENVIRONMENTAL & TECHNOLOGY HOLDINGS LIMITED,2026-06-04T15:45:25.953683
01455,HK,akshare_eastmoney_company_profile,company_profile,科利实业控股集团有限公司: FOURACE INDUSTRIES GROUP HOLDINGS LIMITED,,科利实业控股集团有限公司: FOURACE INDUSTRIES GROUP HOLDINGS LIMITED,2026-06-04T15:45:26.062720
01456,HK,akshare_eastmoney_company_profile,company_profile,国联民生证券股份有限公司: Guolian Minsheng Securities Company Limited,,国联民生证券股份有限公司: Guolian Minsheng Securities Company Limited,2026-06-04T15:45:26.175648
01458,HK,akshare_eastmoney_company_profile,company_profile,周黑鸭国际控股有限公司: Zhou Hei Ya International Holdings Company Limited,,周黑鸭国际控股有限公司: Zhou Hei Ya International Holdings Company Limited,2026-06-04T15:45:26.280953
01459,HK,akshare_eastmoney_company_profile,company_profile,"巨匠建设集团股份有限公司: Jujiang Construction Group Co., Ltd.",,"巨匠建设集团股份有限公司: Jujiang Construction Group Co., Ltd.",2026-06-04T15:45:26.377477
01460,HK,akshare_eastmoney_company_profile,company_profile,扬科集团有限公司: ICO Group Limited,,扬科集团有限公司: ICO Group Limited,2026-06-04T15:45:26.477081
01461,HK,akshare_eastmoney_company_profile,company_profile,中泰期货股份有限公司: ZHONGTAI FUTURES Company Limited,,中泰期货股份有限公司: ZHONGTAI FUTURES Company Limited,2026-06-04T15:45:26.575086
01463,HK,akshare_eastmoney_company_profile,company_profile,C-LINK SQUARED LIMITED: C-LINK SQUARED LIMITED,,C-LINK SQUARED LIMITED: C-LINK SQUARED LIMITED,2026-06-04T15:45:26.678548
01466,HK,akshare_eastmoney_company_profile,company_profile,佰金生命科学控股有限公司: Baijin Life Science Holdings Limited,,佰金生命科学控股有限公司: Baijin Life Science Holdings Limited,2026-06-04T15:45:26.771292
01468,HK,akshare_eastmoney_company_profile,company_profile,嘉高达资本(控股)集团: Jakota Capital (Holding) Group,,嘉高达资本(控股)集团: Jakota Capital (Holding) Group,2026-06-04T15:45:26.871242
01470,HK,akshare_eastmoney_company_profile,company_profile,富一国际控股有限公司: Prosper One International Holdings Company Limited,,富一国际控股有限公司: Prosper One International Holdings Company Limited,2026-06-04T15:45:26.965737
01471,HK,akshare_eastmoney_company_profile,company_profile,"众淼控股(青岛)股份有限公司: Zhongmiao Holdings (Qingdao) Co., Ltd.",,"众淼控股(青岛)股份有限公司: Zhongmiao Holdings (Qingdao) Co., Ltd.",2026-06-04T15:45:27.167256
01472,HK,akshare_eastmoney_company_profile,company_profile,生兴控股(国际)有限公司: Sang Hing Holdings (International) Limited,,生兴控股(国际)有限公司: Sang Hing Holdings (International) Limited,2026-06-04T15:45:27.264925
01473,HK,akshare_eastmoney_company_profile,company_profile,环联连讯科技有限公司: Pangaea Connectivity Technology Limited,,环联连讯科技有限公司: Pangaea Connectivity Technology Limited,2026-06-04T15:45:27.520609
01475,HK,akshare_eastmoney_company_profile,company_profile,日清食品有限公司: Nissin Foods Company Limited,,日清食品有限公司: Nissin Foods Company Limited,2026-06-04T15:45:27.617448
01476,HK,akshare_eastmoney_company_profile,company_profile,"金融街证券股份有限公司: Financial Street Securities Co., Limited",,"金融街证券股份有限公司: Financial Street Securities Co., Limited",2026-06-04T15:45:27.714135
01477,HK,akshare_eastmoney_company_profile,company_profile,欧康维视生物: Ocumension Therapeutics,,欧康维视生物: Ocumension Therapeutics,2026-06-04T15:45:27.807612
01478,HK,akshare_eastmoney_company_profile,company_profile,丘钛科技(集团)有限公司: Q TECHNOLOGY (GROUP) COMPANY LIMITED,,丘钛科技(集团)有限公司: Q TECHNOLOGY (GROUP) COMPANY LIMITED,2026-06-04T15:45:27.929488
01480,HK,akshare_eastmoney_company_profile,company_profile,恩达集团控股有限公司: YAN TAT GROUP HOLDINGS LIMITED,,恩达集团控股有限公司: YAN TAT GROUP HOLDINGS LIMITED,2026-06-04T15:45:28.021095
01481,HK,akshare_eastmoney_company_profile,company_profile,竣球控股有限公司: SMART GLOBE HOLDINGS LIMITED,,竣球控股有限公司: SMART GLOBE HOLDINGS LIMITED,2026-06-04T15:45:28.115459
01483,HK,akshare_eastmoney_company_profile,company_profile,网誉科技有限公司: Net-a-Go Technology Company Limited,,网誉科技有限公司: Net-a-Go Technology Company Limited,2026-06-04T15:45:28.304513
01486,HK,akshare_eastmoney_company_profile,company_profile,思城控股有限公司: C CHENG HOLDINGS LIMITED,,思城控股有限公司: C CHENG HOLDINGS LIMITED,2026-06-04T15:45:28.396658
01488,HK,akshare_eastmoney_company_profile,company_profile,百福控股有限公司: Best Food Holding Company Limited,,百福控股有限公司: Best Food Holding Company Limited,2026-06-04T15:45:28.496484
01489,HK,akshare_eastmoney_company_profile,company_profile,GC Construction Holdings Limited: GC Construction Holdings Limited,,GC Construction Holdings Limited: GC Construction Holdings Limited,2026-06-04T15:45:28.601678
01490,HK,akshare_eastmoney_company_profile,company_profile,AI X Tech Inc.: AI X Tech Inc.,,AI X Tech Inc.: AI X Tech Inc.,2026-06-04T15:45:28.705094
01496,HK,akshare_eastmoney_company_profile,company_profile,亚积邦租赁控股有限公司: AP RENTALS HOLDINGS LIMITED,,亚积邦租赁控股有限公司: AP RENTALS HOLDINGS LIMITED,2026-06-04T15:45:28.807337
01497,HK,akshare_eastmoney_company_profile,company_profile,"厦门燕之屋燕窝产业股份有限公司: XIAMEN YAN PALACE BIRD’S NEST INDUSTRY CO., LTD.",,"厦门燕之屋燕窝产业股份有限公司: XIAMEN YAN PALACE BIRD’S NEST INDUSTRY CO., LTD.",2026-06-04T15:45:28.978068
01498,HK,akshare_eastmoney_company_profile,company_profile,培力农本方有限公司: PuraPharm Corporation Limited,,培力农本方有限公司: PuraPharm Corporation Limited,2026-06-04T15:45:29.095534
01499,HK,akshare_eastmoney_company_profile,company_profile,欧科云链控股有限公司: OKG Technology Holdings Limited,,欧科云链控股有限公司: OKG Technology Holdings Limited,2026-06-04T15:45:29.198466
01500,HK,akshare_eastmoney_company_profile,company_profile,现恒建筑控股有限公司: IN CONSTRUCTION HOLDINGS LIMITED,,现恒建筑控股有限公司: IN CONSTRUCTION HOLDINGS LIMITED,2026-06-04T15:45:29.297825
01501,HK,akshare_eastmoney_company_profile,company_profile,"上海瑛泰医疗器械股份有限公司: Shanghai INT Medical Instruments Co., Ltd.",,"上海瑛泰医疗器械股份有限公司: Shanghai INT Medical Instruments Co., Ltd.",2026-06-04T15:45:29.408273
01502,HK,akshare_eastmoney_company_profile,company_profile,"金融街物业股份有限公司: FINANCIAL STREET PROPERTY CO., LIMITED",,"金融街物业股份有限公司: FINANCIAL STREET PROPERTY CO., LIMITED",2026-06-04T15:45:29.506398
01508,HK,akshare_eastmoney_company_profile,company_profile,中国再保险(集团)股份有限公司: China Reinsurance (Group) Corporation,,中国再保险(集团)股份有限公司: China Reinsurance (Group) Corporation,2026-06-04T15:45:29.606541
01511,HK,akshare_eastmoney_company_profile,company_profile,"驭势科技(北京)股份有限公司: UISEE Technologies (Beijing) Co., Ltd.",,"驭势科技(北京)股份有限公司: UISEE Technologies (Beijing) Co., Ltd.",2026-06-04T15:45:29.711351
01513,HK,akshare_eastmoney_company_profile,company_profile,丽珠医药集团股份有限公司: LIVZON PHARMACEUTICAL GROUP INC.,,丽珠医药集团股份有限公司: LIVZON PHARMACEUTICAL GROUP INC.,2026-06-04T15:45:29.805115
01515,HK,akshare_eastmoney_company_profile,company_profile,华润医疗控股有限公司: China Resources Medical Holdings Company Limited,,华润医疗控股有限公司: China Resources Medical Holdings Company Limited,2026-06-04T15:45:29.965431
01516,HK,akshare_eastmoney_company_profile,company_profile,融创服务控股有限公司: Sunac Services Holdings Limited,,融创服务控股有限公司: Sunac Services Holdings Limited,2026-06-04T15:45:30.057742
01518,HK,akshare_eastmoney_company_profile,company_profile,新世纪医疗控股有限公司: New Century Healthcare Holding Co. Limited,,新世纪医疗控股有限公司: New Century Healthcare Holding Co. Limited,2026-06-04T15:45:30.167987
01519,HK,akshare_eastmoney_company_profile,company_profile,极兔速递环球有限公司: J&T Global Express Limited,,极兔速递环球有限公司: J&T Global Express Limited,2026-06-04T15:45:30.271416
01520,HK,akshare_eastmoney_company_profile,company_profile,天机控股有限公司: Virtual Mind Holding Company Limited,,天机控股有限公司: Virtual Mind Holding Company Limited,2026-06-04T15:45:30.360553
01521,HK,akshare_eastmoney_company_profile,company_profile,方达控股公司: FRONTAGE HOLDINGS CORPORATION,,方达控股公司: FRONTAGE HOLDINGS CORPORATION,2026-06-04T15:45:30.454607
01522,HK,akshare_eastmoney_company_profile,company_profile,京投轨道交通科技控股有限公司: BII Railway Transportation Technology Holdings Company Limited,,京投轨道交通科技控股有限公司: BII Railway Transportation Technology Holdings Company Limited,2026-06-04T15:45:30.810526
01523,HK,akshare_eastmoney_company_profile,company_profile,珩湾科技有限公司: Plover Bay Technologies Limited,,珩湾科技有限公司: Plover Bay Technologies Limited,2026-06-04T15:45:30.917891
01525,HK,akshare_eastmoney_company_profile,company_profile,上海建桥教育集团有限公司: SHANGHAI GENCH EDUCATION GROUP LIMITED,,上海建桥教育集团有限公司: SHANGHAI GENCH EDUCATION GROUP LIMITED,2026-06-04T15:45:31.118359
01526,HK,akshare_eastmoney_company_profile,company_profile,瑞慈医疗服务控股有限公司: RICI HEALTHCARE HOLDINGS LIMITED,,瑞慈医疗服务控股有限公司: RICI HEALTHCARE HOLDINGS LIMITED,2026-06-04T15:45:31.224404
01527,HK,akshare_eastmoney_company_profile,company_profile,"浙江天洁环境科技股份有限公司: Zhejiang Tengy Environmental Technology Co., Ltd",,"浙江天洁环境科技股份有限公司: Zhejiang Tengy Environmental Technology Co., Ltd",2026-06-04T15:45:31.322648
01528,HK,akshare_eastmoney_company_profile,company_profile,红星美凯龙家居集团股份有限公司: Red Star Macalline Group Corporation Ltd.,,红星美凯龙家居集团股份有限公司: Red Star Macalline Group Corporation Ltd.,2026-06-04T15:45:31.424256
01529,HK,akshare_eastmoney_company_profile,company_profile,乐氏国际控股集团有限公司: Yues International Holdings Group Limited,,乐氏国际控股集团有限公司: Yues International Holdings Group Limited,2026-06-04T15:45:31.667992
01530,HK,akshare_eastmoney_company_profile,company_profile,三生制药: 3SBIO INC.,,三生制药: 3SBIO INC.,2026-06-04T15:45:31.764517
01532,HK,akshare_eastmoney_company_profile,company_profile,中国派对文化控股有限公司: China Partytime Culture Holdings Limited,,中国派对文化控股有限公司: China Partytime Culture Holdings Limited,2026-06-04T15:45:31.863841
01536,HK,akshare_eastmoney_company_profile,company_profile,煜荣集团控股有限公司: Yuk Wing Group Holdings Limited,,煜荣集团控股有限公司: Yuk Wing Group Holdings Limited,2026-06-04T15:45:32.008031
01538,HK,akshare_eastmoney_company_profile,company_profile,中奥到家集团有限公司: Zhong Ao Home Group Limited,,中奥到家集团有限公司: Zhong Ao Home Group Limited,2026-06-04T15:45:32.108483
01539,HK,akshare_eastmoney_company_profile,company_profile,知行集团控股国际有限公司: Unity Group Holdings International Limited,,知行集团控股国际有限公司: Unity Group Holdings International Limited,2026-06-04T15:45:32.209971
01540,HK,akshare_eastmoney_company_profile,company_profile,澳狮环球集团有限公司: LEFT FIELD PRINTING GROUP LIMITED,,澳狮环球集团有限公司: LEFT FIELD PRINTING GROUP LIMITED,2026-06-04T15:45:32.320880
01541,HK,akshare_eastmoney_company_profile,company_profile,宜明昂科生物医药技术(上海)股份有限公司: ImmuneOnco Biopharmaceuticals (Shanghai) Inc.,,宜明昂科生物医药技术(上海)股份有限公司: ImmuneOnco Biopharmaceuticals (Shanghai) Inc.,2026-06-04T15:45:32.422150
01542,HK,akshare_eastmoney_company_profile,company_profile,"台州市水务集团股份有限公司: Taizhou Water Group Co., Ltd.",,"台州市水务集团股份有限公司: Taizhou Water Group Co., Ltd.",2026-06-04T15:45:32.567624
01543,HK,akshare_eastmoney_company_profile,company_profile,"广东中盈盛达融资担保投资股份有限公司: Guangdong Join-Share Financing Guarantee Investment Co., Ltd.",,"广东中盈盛达融资担保投资股份有限公司: Guangdong Join-Share Financing Guarantee Investment Co., Ltd.",2026-06-04T15:45:32.885548
01545,HK,akshare_eastmoney_company_profile,company_profile,设计都会有限公司: Design Capital Limited,,设计都会有限公司: Design Capital Limited,2026-06-04T15:45:32.984642
01546,HK,akshare_eastmoney_company_profile,company_profile,德莱建业集团有限公司: Thelloy Development Group Limited,,德莱建业集团有限公司: Thelloy Development Group Limited,2026-06-04T15:45:33.171118
01547,HK,akshare_eastmoney_company_profile,company_profile,IBI Group Holdings Limited: IBI Group Holdings Limited,,IBI Group Holdings Limited: IBI Group Holdings Limited,2026-06-04T15:45:33.273852
01548,HK,akshare_eastmoney_company_profile,company_profile,金斯瑞生物科技股份有限公司: Genscript Biotech Corporation,,金斯瑞生物科技股份有限公司: Genscript Biotech Corporation,2026-06-04T15:45:36.714552
01549,HK,akshare_eastmoney_company_profile,company_profile,永丰集团控股有限公司: EVER HARVEST GROUP HOLDINGS LIMITED,,永丰集团控股有限公司: EVER HARVEST GROUP HOLDINGS LIMITED,2026-06-04T15:45:36.819316
01551,HK,akshare_eastmoney_company_profile,company_profile,"广州农村商业银行股份有限公司: Guangzhou Rural Commercial Bank Co., Ltd.",,"广州农村商业银行股份有限公司: Guangzhou Rural Commercial Bank Co., Ltd.",2026-06-04T15:45:36.919905
01552,HK,akshare_eastmoney_company_profile,company_profile,BHCC Holding Limited: BHCC Holding Limited,,BHCC Holding Limited: BHCC Holding Limited,2026-06-04T15:45:37.019032
01553,HK,akshare_eastmoney_company_profile,company_profile,迈科管业控股有限公司: MAIKE TUBE INDUSTRY HOLDINGS LIMITED,,迈科管业控股有限公司: MAIKE TUBE INDUSTRY HOLDINGS LIMITED,2026-06-04T15:45:37.112893
01555,HK,akshare_eastmoney_company_profile,company_profile,MI能源控股有限公司: MIE HOLDINGS CORPORATION,,MI能源控股有限公司: MIE HOLDINGS CORPORATION,2026-06-04T15:45:37.209366
01556,HK,akshare_eastmoney_company_profile,company_profile,建业建荣控股有限公司: CHINNEY KIN WING HOLDINGS LIMITED,,建业建荣控股有限公司: CHINNEY KIN WING HOLDINGS LIMITED,2026-06-04T15:45:37.310359
01557,HK,akshare_eastmoney_company_profile,company_profile,剑虹集团控股有限公司: K. H. GROUP HOLDINGS LIMITED,,剑虹集团控股有限公司: K. H. GROUP HOLDINGS LIMITED,2026-06-04T15:45:37.415395
01559,HK,akshare_eastmoney_company_profile,company_profile,均安控股有限公司: KWAN ON HOLDINGS LIMITED,,均安控股有限公司: KWAN ON HOLDINGS LIMITED,2026-06-04T15:45:37.589831
01560,HK,akshare_eastmoney_company_profile,company_profile,星星集团亚洲有限公司: Star Group Asia Limited,,星星集团亚洲有限公司: Star Group Asia Limited,2026-06-04T15:45:37.690324
01561,HK,akshare_eastmoney_company_profile,company_profile,联洋智能控股有限公司: Pan Asia Data Holdings Inc.,,联洋智能控股有限公司: Pan Asia Data Holdings Inc.,2026-06-04T15:45:37.797883
01563,HK,akshare_eastmoney_company_profile,company_profile,友联国际教育租赁控股有限公司: Alliance International Education Leasing Holdings Limited,,友联国际教育租赁控股有限公司: Alliance International Education Leasing Holdings Limited,2026-06-04T15:45:37.891571
01565,HK,akshare_eastmoney_company_profile,company_profile,成实外教育有限公司: Virscend Education Company Limited,,成实外教育有限公司: Virscend Education Company Limited,2026-06-04T15:45:37.987031
01566,HK,akshare_eastmoney_company_profile,company_profile,华夏文化科技集团有限公司: CA Cultural Technology Group Limited,,华夏文化科技集团有限公司: CA Cultural Technology Group Limited,2026-06-04T15:45:38.081258
01568,HK,akshare_eastmoney_company_profile,company_profile,承达集团有限公司: SUNDART HOLDINGS LIMITED,,承达集团有限公司: SUNDART HOLDINGS LIMITED,2026-06-04T15:45:38.328836
01569,HK,akshare_eastmoney_company_profile,company_profile,民生教育集团有限公司: Minsheng Education Group Company Limited,,民生教育集团有限公司: Minsheng Education Group Company Limited,2026-06-04T15:45:38.464629
01570,HK,akshare_eastmoney_company_profile,company_profile,伟业控股有限公司: WEIYE HOLDINGS LIMITED,,伟业控股有限公司: WEIYE HOLDINGS LIMITED,2026-06-04T15:45:38.586378
01571,HK,akshare_eastmoney_company_profile,company_profile,信邦控股有限公司: Xin Point Holdings Limited,,信邦控股有限公司: Xin Point Holdings Limited,2026-06-04T15:45:39.236086
01572,HK,akshare_eastmoney_company_profile,company_profile,中国艺术金融控股有限公司: China Art Financial Holdings Limited,,中国艺术金融控股有限公司: China Art Financial Holdings Limited,2026-06-04T15:45:39.328275
01575,HK,akshare_eastmoney_company_profile,company_profile,皇庭智家控股有限公司: Regal Partners Holdings Limited,,皇庭智家控股有限公司: Regal Partners Holdings Limited,2026-06-04T15:45:39.751310
01576,HK,akshare_eastmoney_company_profile,company_profile,齐鲁高速公路股份有限公司: Qilu Expressway Company Limited,,齐鲁高速公路股份有限公司: Qilu Expressway Company Limited,2026-06-04T15:45:39.873730
01577,HK,akshare_eastmoney_company_profile,company_profile,"泉州汇鑫小额贷款股份有限公司: Quanzhou Huixin Micro-credit Co., Ltd.",,"泉州汇鑫小额贷款股份有限公司: Quanzhou Huixin Micro-credit Co., Ltd.",2026-06-04T15:45:39.972294
01578,HK,akshare_eastmoney_company_profile,company_profile,"天津银行股份有限公司: BANK OF TIANJIN CO., LTD.",,"天津银行股份有限公司: BANK OF TIANJIN CO., LTD.",2026-06-04T15:45:40.074529
01579,HK,akshare_eastmoney_company_profile,company_profile,颐海国际控股有限公司: YIHAI INTERNATIONAL HOLDING LTD.,,颐海国际控股有限公司: YIHAI INTERNATIONAL HOLDING LTD.,2026-06-04T15:45:40.182238
01580,HK,akshare_eastmoney_company_profile,company_profile,大森控股集团有限公司: Da Sen Holdings Group Limited,,大森控股集团有限公司: Da Sen Holdings Group Limited,2026-06-04T15:45:40.352438
01581,HK,akshare_eastmoney_company_profile,company_profile,进升集团控股有限公司: Progressive Path Group Holdings Limited,,进升集团控股有限公司: Progressive Path Group Holdings Limited,2026-06-04T15:45:40.453273
01582,HK,akshare_eastmoney_company_profile,company_profile,华营建筑集团控股有限公司: CR Construction Group Holdings Limited,,华营建筑集团控股有限公司: CR Construction Group Holdings Limited,2026-06-04T15:45:40.549719
01583,HK,akshare_eastmoney_company_profile,company_profile,亲亲食品集团(开曼)股份有限公司: Qinqin Foodstuffs Group (Cayman) Company Limited,,亲亲食品集团(开曼)股份有限公司: Qinqin Foodstuffs Group (Cayman) Company Limited,2026-06-04T15:45:40.664878
01585,HK,akshare_eastmoney_company_profile,company_profile,雅迪集团控股有限公司: Yadea Group Holdings Ltd.,,雅迪集团控股有限公司: Yadea Group Holdings Ltd.,2026-06-04T15:45:40.755628
01586,HK,akshare_eastmoney_company_profile,company_profile,中国力鸿检验控股有限公司: CHINA LEON INSPECTION HOLDING LIMITED,,中国力鸿检验控股有限公司: CHINA LEON INSPECTION HOLDING LIMITED,2026-06-04T15:45:40.912224
01587,HK,akshare_eastmoney_company_profile,company_profile,欣融国际控股有限公司: Shineroad International Holdings Limited,,欣融国际控股有限公司: Shineroad International Holdings Limited,2026-06-04T15:45:41.013426
01588,HK,akshare_eastmoney_company_profile,company_profile,畅捷通信息技术股份有限公司: CHANJET INFORMATION TECHNOLOGY COMPANY LIMITED,,畅捷通信息技术股份有限公司: CHANJET INFORMATION TECHNOLOGY COMPANY LIMITED,2026-06-04T15:45:41.116954
01591,HK,akshare_eastmoney_company_profile,company_profile,汛和集团控股有限公司: Shun Wo Group Holdings Limited,,汛和集团控股有限公司: Shun Wo Group Holdings Limited,2026-06-04T15:45:41.288075
01592,HK,akshare_eastmoney_company_profile,company_profile,基石控股有限公司: Anchorstone Holdings Limited,,基石控股有限公司: Anchorstone Holdings Limited,2026-06-04T15:45:41.385605
01593,HK,akshare_eastmoney_company_profile,company_profile,辰林教育集团控股有限公司: Chen Lin Education Group Holdings Limited,,辰林教育集团控股有限公司: Chen Lin Education Group Holdings Limited,2026-06-04T15:45:41.486754
01596,HK,akshare_eastmoney_company_profile,company_profile,河北翼辰实业集团股份有限公司: Hebei Yichen Industrial Group Corporation Limited,,河北翼辰实业集团股份有限公司: Hebei Yichen Industrial Group Corporation Limited,2026-06-04T15:45:41.609300
01597,HK,akshare_eastmoney_company_profile,company_profile,中国纳泉能源科技控股有限公司: China Nature Energy Technology Holdings Limited,,中国纳泉能源科技控股有限公司: China Nature Energy Technology Holdings Limited,2026-06-04T15:45:41.711380
01598,HK,akshare_eastmoney_company_profile,company_profile,中国21世纪教育集团有限公司: CHINA 21ST CENTURY EDUCATION GROUP LIMITED,,中国21世纪教育集团有限公司: CHINA 21ST CENTURY EDUCATION GROUP LIMITED,2026-06-04T15:45:41.807615
01599,HK,akshare_eastmoney_company_profile,company_profile,"北京城建设计发展集团股份有限公司: Beijing Urban Construction Design&Development Group Co., Limited",,"北京城建设计发展集团股份有限公司: Beijing Urban Construction Design&Development Group Co., Limited",2026-06-04T15:45:41.901666
01600,HK,akshare_eastmoney_company_profile,company_profile,天伦燃气控股有限公司: Tian Lun Gas Holdings Limited,,天伦燃气控股有限公司: Tian Lun Gas Holdings Limited,2026-06-04T15:45:42.009549
01601,HK,akshare_eastmoney_company_profile,company_profile,"中关村科技租赁股份有限公司: ZHONGGUANCUN SCIENCE-TECH LEASING CO., LTD.",,"中关村科技租赁股份有限公司: ZHONGGUANCUN SCIENCE-TECH LEASING CO., LTD.",2026-06-04T15:45:42.117215
01606,HK,akshare_eastmoney_company_profile,company_profile,"国银金融租赁股份有限公司: CHINA DEVELOPMENT BANK FINANCIAL LEASING CO., LTD.",,"国银金融租赁股份有限公司: CHINA DEVELOPMENT BANK FINANCIAL LEASING CO., LTD.",2026-06-04T15:45:42.214563
01608,HK,akshare_eastmoney_company_profile,company_profile,伟能集团国际控股有限公司: VPower Group International Holdings Limited,,伟能集团国际控股有限公司: VPower Group International Holdings Limited,2026-06-04T15:45:42.307303
01609,HK,akshare_eastmoney_company_profile,company_profile,"北京天星医疗股份有限公司: Star Sports Medicine Co., Ltd.",,"北京天星医疗股份有限公司: Star Sports Medicine Co., Ltd.",2026-06-04T15:45:42.403743
01610,HK,akshare_eastmoney_company_profile,company_profile,中粮家佳康食品有限公司: COFCO Joycome Foods Limited,,中粮家佳康食品有限公司: COFCO Joycome Foods Limited,2026-06-04T15:45:42.516665
01611,HK,akshare_eastmoney_company_profile,company_profile,新火集团控股有限公司: Bitfire Group Holdings Limited,,新火集团控股有限公司: Bitfire Group Holdings Limited,2026-06-04T15:45:42.611118
01612,HK,akshare_eastmoney_company_profile,company_profile,永胜医疗控股有限公司: VINCENT MEDICAL HOLDINGS LIMITED,,永胜医疗控股有限公司: VINCENT MEDICAL HOLDINGS LIMITED,2026-06-04T15:45:42.718830
01613,HK,akshare_eastmoney_company_profile,company_profile,协同通信集团有限公司: SYNERTONE COMMUNICATION CORPORATION,,协同通信集团有限公司: SYNERTONE COMMUNICATION CORPORATION,2026-06-04T15:45:42.814985
01615,HK,akshare_eastmoney_company_profile,company_profile,奥邦建筑集团有限公司: AB BUILDERS GROUP LIMITED,,奥邦建筑集团有限公司: AB BUILDERS GROUP LIMITED,2026-06-04T15:45:42.911660
01616,HK,akshare_eastmoney_company_profile,company_profile,一元宇宙公司: A Metaverse Company,,一元宇宙公司: A Metaverse Company,2026-06-04T15:45:43.008444
01617,HK,akshare_eastmoney_company_profile,company_profile,南方通信控股有限公司: Nanfang Communication Holdings Limited,,南方通信控股有限公司: Nanfang Communication Holdings Limited,2026-06-04T15:45:43.101360
01618,HK,akshare_eastmoney_company_profile,company_profile,中国冶金科工股份有限公司: Metallurgical Corporation Of China Ltd.,,中国冶金科工股份有限公司: Metallurgical Corporation Of China Ltd.,2026-06-04T15:45:43.211036
01620,HK,akshare_eastmoney_company_profile,company_profile,富盈环球集团控股有限公司: Cinese International Group Holdings Limited,,富盈环球集团控股有限公司: Cinese International Group Holdings Limited,2026-06-04T15:45:43.398280
01621,HK,akshare_eastmoney_company_profile,company_profile,域高国际控股有限公司: Vico International Holdings Limited,,域高国际控股有限公司: Vico International Holdings Limited,2026-06-04T15:45:43.506075
01622,HK,akshare_eastmoney_company_profile,company_profile,力高地产集团有限公司: Redco Properties Group Limted,,力高地产集团有限公司: Redco Properties Group Limted,2026-06-04T15:45:43.633222
01623,HK,akshare_eastmoney_company_profile,company_profile,海隆控股有限公司: Hilong Holding Limited,,海隆控股有限公司: Hilong Holding Limited,2026-06-04T15:45:43.735117
01626,HK,akshare_eastmoney_company_profile,company_profile,嘉耀控股有限公司: Jia Yao Holdings Limited,,嘉耀控股有限公司: Jia Yao Holdings Limited,2026-06-04T15:45:43.828146
01627,HK,akshare_eastmoney_company_profile,company_profile,安保工程控股有限公司: ABLE ENGINEERING HOLDINGS LIMITED,,安保工程控股有限公司: ABLE ENGINEERING HOLDINGS LIMITED,2026-06-04T15:45:43.929505
01628,HK,akshare_eastmoney_company_profile,company_profile,禹洲集团控股有限公司: Yuzhou Group Holdings Company Limited,,禹洲集团控股有限公司: Yuzhou Group Holdings Company Limited,2026-06-04T15:45:44.026085
01629,HK,akshare_eastmoney_company_profile,company_profile,冠均国际控股有限公司: Champion Alliance International Holdings Limited,,冠均国际控股有限公司: Champion Alliance International Holdings Limited,2026-06-04T15:45:44.131778
01630,HK,akshare_eastmoney_company_profile,company_profile,建成控股有限公司: Kin Shing Holdings Limited,,建成控股有限公司: Kin Shing Holdings Limited,2026-06-04T15:45:44.226369
01631,HK,akshare_eastmoney_company_profile,company_profile,REF Holdings Limited: REF Holdings Limited,,REF Holdings Limited: REF Holdings Limited,2026-06-04T15:45:44.325036
01632,HK,akshare_eastmoney_company_profile,company_profile,民商创科控股有限公司: Minshang Creative Technology Holdings Limited,,民商创科控股有限公司: Minshang Creative Technology Holdings Limited,2026-06-04T15:45:44.513005
01633,HK,akshare_eastmoney_company_profile,company_profile,上谕集团控股有限公司: SHEUNG YUE GROUP HOLDINGS LIMITED,,上谕集团控股有限公司: SHEUNG YUE GROUP HOLDINGS LIMITED,2026-06-04T15:45:44.740775
01635,HK,akshare_eastmoney_company_profile,company_profile,"上海大众公用事业(集团)股份有限公司: Shanghai Dazhong Public Utilities (Group) Co.,Ltd.",,"上海大众公用事业(集团)股份有限公司: Shanghai Dazhong Public Utilities (Group) Co.,Ltd.",2026-06-04T15:45:44.846058
01636,HK,akshare_eastmoney_company_profile,company_profile,中国金属资源利用有限公司: China Metal Resources Utilization Limited,,中国金属资源利用有限公司: China Metal Resources Utilization Limited,2026-06-04T15:45:44.951595
01637,HK,akshare_eastmoney_company_profile,company_profile,顺兴集团(控股)有限公司: SH Group (Holdings) Limited,,顺兴集团(控股)有限公司: SH Group (Holdings) Limited,2026-06-04T15:45:45.050579
01638,HK,akshare_eastmoney_company_profile,company_profile,佳兆业集团控股有限公司: Kaisa Group Holdings Limited,,佳兆业集团控股有限公司: Kaisa Group Holdings Limited,2026-06-04T15:45:45.148220
01640,HK,akshare_eastmoney_company_profile,company_profile,千循科技有限公司: Qian Xun Technology Limited,,千循科技有限公司: Qian Xun Technology Limited,2026-06-04T15:45:45.263587
01641,HK,akshare_eastmoney_company_profile,company_profile,"红星冷链(湖南)股份有限公司: Hongxing Coldchain (Hunan) Co., Ltd.",,"红星冷链(湖南)股份有限公司: Hongxing Coldchain (Hunan) Co., Ltd.",2026-06-04T15:45:45.362620
01643,HK,akshare_eastmoney_company_profile,company_profile,"现代中药集团有限公司: Modern Chinese Medicine Group Co., Ltd.",,"现代中药集团有限公司: Modern Chinese Medicine Group Co., Ltd.",2026-06-04T15:45:45.588038
01645,HK,akshare_eastmoney_company_profile,company_profile,海纳智能装备国际控股有限公司: Haina Intelligent Equipment International Holdings Limited,,海纳智能装备国际控股有限公司: Haina Intelligent Equipment International Holdings Limited,2026-06-04T15:45:45.703816
01647,HK,akshare_eastmoney_company_profile,company_profile,雄岸科技集团有限公司: Grandshores Technology Group Limited,,雄岸科技集团有限公司: Grandshores Technology Group Limited,2026-06-04T15:45:45.806218
01650,HK,akshare_eastmoney_company_profile,company_profile,Hygieia Group Limited: Hygieia Group Limited,,Hygieia Group Limited: Hygieia Group Limited,2026-06-04T15:45:45.903486
01651,HK,akshare_eastmoney_company_profile,company_profile,津上精密机床(中国)有限公司: Precision Tsugami (China) Corporation Limited,,津上精密机床(中国)有限公司: Precision Tsugami (China) Corporation Limited,2026-06-04T15:45:46.006012
01652,HK,akshare_eastmoney_company_profile,company_profile,福森药业有限公司: Fusen Pharmaceutical Company Limited,,福森药业有限公司: Fusen Pharmaceutical Company Limited,2026-06-04T15:45:46.098761
01653,HK,akshare_eastmoney_company_profile,company_profile,MOS HOUSE GROUP LIMITED: MOS HOUSE GROUP LIMITED,,MOS HOUSE GROUP LIMITED: MOS HOUSE GROUP LIMITED,2026-06-04T15:45:46.242021
01655,HK,akshare_eastmoney_company_profile,company_profile,Okura Holdings Limited: Okura Holdings Limited,,Okura Holdings Limited: Okura Holdings Limited,2026-06-04T15:45:46.377681
01656,HK,akshare_eastmoney_company_profile,company_profile,亿仕登控股有限公司: ISDN HOLDINGS LIMITED,,亿仕登控股有限公司: ISDN HOLDINGS LIMITED,2026-06-04T15:45:46.479138
01657,HK,akshare_eastmoney_company_profile,company_profile,桦欣控股有限公司: SG Group Holdings Limited,,桦欣控股有限公司: SG Group Holdings Limited,2026-06-04T15:45:46.571214
01658,HK,akshare_eastmoney_company_profile,company_profile,"中国邮政储蓄银行股份有限公司: POSTAL SAVINGS BANK OF CHINA CO., LTD.",,"中国邮政储蓄银行股份有限公司: POSTAL SAVINGS BANK OF CHINA CO., LTD.",2026-06-04T15:45:46.664140
01660,HK,akshare_eastmoney_company_profile,company_profile,七元投资控股有限公司: Seven Elements Investment Holdings Limited,,七元投资控股有限公司: Seven Elements Investment Holdings Limited,2026-06-04T15:45:46.759519
01661,HK,akshare_eastmoney_company_profile,company_profile,中国前沿科技集团: China Frontier Technology Group,,中国前沿科技集团: China Frontier Technology Group,2026-06-04T15:45:46.863950
01662,HK,akshare_eastmoney_company_profile,company_profile,义合控股有限公司: Yee Hop Holdings Limited,,义合控股有限公司: Yee Hop Holdings Limited,2026-06-04T15:45:46.963055
01663,HK,akshare_eastmoney_company_profile,company_profile,汉港控股集团有限公司: Sino Harbour Holdings Group Limited,,汉港控股集团有限公司: Sino Harbour Holdings Group Limited,2026-06-04T15:45:47.066650
01666,HK,akshare_eastmoney_company_profile,company_profile,北京同仁堂科技发展股份有限公司: Tong Ren Tang Technologies Co.Ltd,,北京同仁堂科技发展股份有限公司: Tong Ren Tang Technologies Co.Ltd,2026-06-04T15:45:47.160165
01667,HK,akshare_eastmoney_company_profile,company_profile,迪米生活控股有限公司: Dimmi Life Holdings Limited,,迪米生活控股有限公司: Dimmi Life Holdings Limited,2026-06-04T15:45:47.258397
01668,HK,akshare_eastmoney_company_profile,company_profile,华南城控股有限公司: China South City Holdings Limited,,华南城控股有限公司: China South City Holdings Limited,2026-06-04T15:45:47.353629
01669,HK,akshare_eastmoney_company_profile,company_profile,环球信贷集团有限公司: GLOBAL INTERNATIONAL CREDIT GROUP LIMITED,,环球信贷集团有限公司: GLOBAL INTERNATIONAL CREDIT GROUP LIMITED,2026-06-04T15:45:47.455892
01671,HK,akshare_eastmoney_company_profile,company_profile,"天津天保能源股份有限公司: Tianjin Tianbao Energy Co., Ltd.",,"天津天保能源股份有限公司: Tianjin Tianbao Energy Co., Ltd.",2026-06-04T15:45:47.552751
01672,HK,akshare_eastmoney_company_profile,company_profile,歌礼制药有限公司: Ascletis Pharma Inc.,,歌礼制药有限公司: Ascletis Pharma Inc.,2026-06-04T15:45:47.649833
01673,HK,akshare_eastmoney_company_profile,company_profile,华章科技控股有限公司: Huazhang Technology Holding Limited,,华章科技控股有限公司: Huazhang Technology Holding Limited,2026-06-04T15:45:47.749133
01675,HK,akshare_eastmoney_company_profile,company_profile,亚信科技控股有限公司: AsiaInfo Technologies Limited,,亚信科技控股有限公司: AsiaInfo Technologies Limited,2026-06-04T15:45:47.848248
01676,HK,akshare_eastmoney_company_profile,company_profile,高地股份有限公司: Gaodi Holdings Limited,,高地股份有限公司: Gaodi Holdings Limited,2026-06-04T15:45:47.939369
01679,HK,akshare_eastmoney_company_profile,company_profile,瑞斯康集团控股有限公司: RISECOMM GROUP HOLDINGS LIMITED,,瑞斯康集团控股有限公司: RISECOMM GROUP HOLDINGS LIMITED,2026-06-04T15:45:48.055595
01680,HK,akshare_eastmoney_company_profile,company_profile,澳门励骏创建有限公司: Macau Legend Development Limited,,澳门励骏创建有限公司: Macau Legend Development Limited,2026-06-04T15:45:48.151628
01681,HK,akshare_eastmoney_company_profile,company_profile,康臣药业集团有限公司: CONSUN PHARMACEUTICAL GROUP LIMI TED,,康臣药业集团有限公司: CONSUN PHARMACEUTICAL GROUP LIMI TED,2026-06-04T15:45:48.249099
01682,HK,akshare_eastmoney_company_profile,company_profile,杭品生活科技股份有限公司: Hang Pin Living Technology Company Limited,,杭品生活科技股份有限公司: Hang Pin Living Technology Company Limited,2026-06-04T15:45:48.359121
01683,HK,akshare_eastmoney_company_profile,company_profile,旷逸国际控股有限公司: Hope Life International Holdings Limited,,旷逸国际控股有限公司: Hope Life International Holdings Limited,2026-06-04T15:45:48.473912
01685,HK,akshare_eastmoney_company_profile,company_profile,博耳电力控股有限公司: BOER POWER HOLDINGS LIMITED,,博耳电力控股有限公司: BOER POWER HOLDINGS LIMITED,2026-06-04T15:45:48.844596
01686,HK,akshare_eastmoney_company_profile,company_profile,新意网集团有限公司: Sunevision Holdings Ltd.,,新意网集团有限公司: Sunevision Holdings Ltd.,2026-06-04T15:45:48.977714
01689,HK,akshare_eastmoney_company_profile,company_profile,华禧控股有限公司: HUAXI HOLDINGS COMPANY LIMITED,,华禧控股有限公司: HUAXI HOLDINGS COMPANY LIMITED,2026-06-04T15:45:55.727965
01690,HK,akshare_eastmoney_company_profile,company_profile,立基工程(控股)有限公司: LAP KEI ENGINEERING (HOLDINGS) LIMITED,,立基工程(控股)有限公司: LAP KEI ENGINEERING (HOLDINGS) LIMITED,2026-06-04T15:45:55.843224
01691,HK,akshare_eastmoney_company_profile,company_profile,JS环球生活有限公司: JS Global Lifestyle Company Limited,,JS环球生活有限公司: JS Global Lifestyle Company Limited,2026-06-04T15:45:55.941903
01692,HK,akshare_eastmoney_company_profile,company_profile,登辉控股有限公司: Town Ray Holdings Limited,,登辉控股有限公司: Town Ray Holdings Limited,2026-06-04T15:45:56.168276
01693,HK,akshare_eastmoney_company_profile,company_profile,璋利国际控股有限公司: BGMC International Limited,,璋利国际控股有限公司: BGMC International Limited,2026-06-04T15:45:56.253128
01695,HK,akshare_eastmoney_company_profile,company_profile,椰丰集团有限公司: S&P International Holding Limited,,椰丰集团有限公司: S&P International Holding Limited,2026-06-04T15:45:56.356830
01696,HK,akshare_eastmoney_company_profile,company_profile,复锐医疗科技有限公司: Sisram Medical Ltd,,复锐医疗科技有限公司: Sisram Medical Ltd,2026-06-04T15:45:56.621505
01697,HK,akshare_eastmoney_company_profile,company_profile,"山东省国际信托股份有限公司: Shandong International Trust Co., Ltd.",,"山东省国际信托股份有限公司: Shandong International Trust Co., Ltd.",2026-06-04T15:45:56.729170
01698,HK,akshare_eastmoney_company_profile,company_profile,腾讯音乐娱乐集团: Tencent Music Entertainment Group,,腾讯音乐娱乐集团: Tencent Music Entertainment Group,2026-06-04T15:45:56.832440
01701,HK,akshare_eastmoney_company_profile,company_profile,途屹控股有限公司: Tu Yi Holding Company Limited,,途屹控股有限公司: Tu Yi Holding Company Limited,2026-06-04T15:45:56.955748
01702,HK,akshare_eastmoney_company_profile,company_profile,东光化工有限公司: DONGGUANG CHEMICAL LIMITED,,东光化工有限公司: DONGGUANG CHEMICAL LIMITED,2026-06-04T15:45:57.122512
01703,HK,akshare_eastmoney_company_profile,company_profile,谊和股份有限公司: Easyhold Group Holdings Limited,,谊和股份有限公司: Easyhold Group Holdings Limited,2026-06-04T15:45:57.224751
01705,HK,akshare_eastmoney_company_profile,company_profile,宾仕国际控股有限公司: B & S INTERNATIONAL HOLDINGS LTD.,,宾仕国际控股有限公司: B & S INTERNATIONAL HOLDINGS LTD.,2026-06-04T15:45:57.329478
01707,HK,akshare_eastmoney_company_profile,company_profile,致浩达控股有限公司: Geotech Holdings Ltd.,,致浩达控股有限公司: Geotech Holdings Ltd.,2026-06-04T15:45:57.491462
01708,HK,akshare_eastmoney_company_profile,company_profile,"南京三宝科技股份有限公司: NANJING SAMPLE TECHNOLOGY CO., LID.",,"南京三宝科技股份有限公司: NANJING SAMPLE TECHNOLOGY CO., LID.",2026-06-04T15:45:57.583605
01709,HK,akshare_eastmoney_company_profile,company_profile,德林控股集团有限公司: DL Holdings Group Limited,,德林控股集团有限公司: DL Holdings Group Limited,2026-06-04T15:45:57.904956
01710,HK,akshare_eastmoney_company_profile,company_profile,致丰工业电子集团有限公司: TRIO INDUSTRIAL ELECTRONICS GROUP LIMITED,,致丰工业电子集团有限公司: TRIO INDUSTRIAL ELECTRONICS GROUP LIMITED,2026-06-04T15:45:58.005158
01711,HK,akshare_eastmoney_company_profile,company_profile,欧化国际有限公司: Ulferts International Limited,,欧化国际有限公司: Ulferts International Limited,2026-06-04T15:45:58.102180
01712,HK,akshare_eastmoney_company_profile,company_profile,龙资源有限公司: Dragon Mining Limited,,龙资源有限公司: Dragon Mining Limited,2026-06-04T15:45:58.274929
01713,HK,akshare_eastmoney_company_profile,company_profile,"四川能投发展股份有限公司: Sichuan Energy Investment Development Co., Ltd.",,"四川能投发展股份有限公司: Sichuan Energy Investment Development Co., Ltd.",2026-06-04T15:45:58.381636
01715,HK,akshare_eastmoney_company_profile,company_profile,智慧健康科技有限公司: AI Health Technology Limited,,智慧健康科技有限公司: AI Health Technology Limited,2026-06-04T15:45:58.632222
01716,HK,akshare_eastmoney_company_profile,company_profile,毛记葵涌有限公司: Most Kwai Chung Limited,,毛记葵涌有限公司: Most Kwai Chung Limited,2026-06-04T15:45:58.763075
01717,HK,akshare_eastmoney_company_profile,company_profile,澳优乳业股份有限公司: Ausnutria Dairy Corporation Ltd.,,澳优乳业股份有限公司: Ausnutria Dairy Corporation Ltd.,2026-06-04T15:45:58.876546
01718,HK,akshare_eastmoney_company_profile,company_profile,宏基集团控股有限公司: Wan Kei Group Holdings Limited,,宏基集团控股有限公司: Wan Kei Group Holdings Limited,2026-06-04T15:45:58.984170
01719,HK,akshare_eastmoney_company_profile,company_profile,中国通商集团有限公司: China Infrastructure & Logistics Group Ltd.,,中国通商集团有限公司: China Infrastructure & Logistics Group Ltd.,2026-06-04T15:45:59.104965
01720,HK,akshare_eastmoney_company_profile,company_profile,普天通信集团有限公司: Putian Communication Group Limited,,普天通信集团有限公司: Putian Communication Group Limited,2026-06-04T15:45:59.205208
01721,HK,akshare_eastmoney_company_profile,company_profile,FSM Holdings Limited: FSM Holdings Limited,,FSM Holdings Limited: FSM Holdings Limited,2026-06-04T15:45:59.303233
01722,HK,akshare_eastmoney_company_profile,company_profile,建鹏控股有限公司: Kin Pang Holdings Limited,,建鹏控股有限公司: Kin Pang Holdings Limited,2026-06-04T15:45:59.537992
01723,HK,akshare_eastmoney_company_profile,company_profile,恒月控股有限公司: Moon Inc.,,恒月控股有限公司: Moon Inc.,2026-06-04T15:45:59.630854
01725,HK,akshare_eastmoney_company_profile,company_profile,中国技术集团有限公司: China Strategic Technology Group Limited,,中国技术集团有限公司: China Strategic Technology Group Limited,2026-06-04T15:45:59.725676
01726,HK,akshare_eastmoney_company_profile,company_profile,HKE Holdings Limited: HKE Holdings Limited,,HKE Holdings Limited: HKE Holdings Limited,2026-06-04T15:45:59.878712
01727,HK,akshare_eastmoney_company_profile,company_profile,河北建设集团股份有限公司: HEBEI CONSTRUCTION GROUP CORPORATION LIMITED,,河北建设集团股份有限公司: HEBEI CONSTRUCTION GROUP CORPORATION LIMITED,2026-06-04T15:45:59.987771
01728,HK,akshare_eastmoney_company_profile,company_profile,中国正通汽车服务控股有限公司: China ZhengTong Auto Services Holdings Limited,,中国正通汽车服务控股有限公司: China ZhengTong Auto Services Holdings Limited,2026-06-04T15:46:00.086480
01729,HK,akshare_eastmoney_company_profile,company_profile,汇聚科技有限公司: TIME INTERCONNECT TECHNOLOGY LIMITED,,汇聚科技有限公司: TIME INTERCONNECT TECHNOLOGY LIMITED,2026-06-04T15:46:00.330952
01731,HK,akshare_eastmoney_company_profile,company_profile,其利工业集团有限公司: PROSPEROUS INDUSTRIAL (HOLDINGS) LIMITED,,其利工业集团有限公司: PROSPEROUS INDUSTRIAL (HOLDINGS) LIMITED,2026-06-04T15:46:01.125945
01732,HK,akshare_eastmoney_company_profile,company_profile,象兴国际控股有限公司: XIANGXING INTERNATIONAL HOLDING LIMITED,,象兴国际控股有限公司: XIANGXING INTERNATIONAL HOLDING LIMITED,2026-06-04T15:46:01.233682
01733,HK,akshare_eastmoney_company_profile,company_profile,易大宗控股有限公司: E -Commodities Holdings Limited,,易大宗控股有限公司: E -Commodities Holdings Limited,2026-06-04T15:46:01.793537
01735,HK,akshare_eastmoney_company_profile,company_profile,中环新能源控股集团有限公司: Central New Energy Holding Group Limited,,中环新能源控股集团有限公司: Central New Energy Holding Group Limited,2026-06-04T15:46:01.928785
01736,HK,akshare_eastmoney_company_profile,company_profile,中国育儿网络控股有限公司: China Parenting Network Holdings Limited,,中国育儿网络控股有限公司: China Parenting Network Holdings Limited,2026-06-04T15:46:02.023318
01737,HK,akshare_eastmoney_company_profile,company_profile,亚洲实业集团(控股)有限公司: A & S Group (Holdings) Limited,,亚洲实业集团(控股)有限公司: A & S Group (Holdings) Limited,2026-06-04T15:46:02.612674
01738,HK,akshare_eastmoney_company_profile,company_profile,飞尚无烟煤资源有限公司: Feishang Anthracite Resources Limited,,飞尚无烟煤资源有限公司: Feishang Anthracite Resources Limited,2026-06-04T15:46:02.878783
01739,HK,akshare_eastmoney_company_profile,company_profile,齐屹科技(开曼)有限公司: Qeeka Home (Cayman) Inc.,,齐屹科技(开曼)有限公司: Qeeka Home (Cayman) Inc.,2026-06-04T15:46:03.430396
01740,HK,akshare_eastmoney_company_profile,company_profile,新石文化投资有限公司: Values Cultural Investment Limited,,新石文化投资有限公司: Values Cultural Investment Limited,2026-06-04T15:46:03.529319
01741,HK,akshare_eastmoney_company_profile,company_profile,成志控股有限公司: Shing Chi Holdings Limited,,成志控股有限公司: Shing Chi Holdings Limited,2026-06-04T15:46:03.643142
01742,HK,akshare_eastmoney_company_profile,company_profile,HPC HOLDINGS LIMITED: HPC HOLDINGS LIMITED,,HPC HOLDINGS LIMITED: HPC HOLDINGS LIMITED,2026-06-04T15:46:03.763384
01745,HK,akshare_eastmoney_company_profile,company_profile,驴迹科技控股有限公司: Lvji Technology Holdings Inc.,,驴迹科技控股有限公司: Lvji Technology Holdings Inc.,2026-06-04T15:46:03.864026
01746,HK,akshare_eastmoney_company_profile,company_profile,万顺集团(控股)有限公司: Man Shun Group (Holdings) Limited,,万顺集团(控股)有限公司: Man Shun Group (Holdings) Limited,2026-06-04T15:46:03.962778
01747,HK,akshare_eastmoney_company_profile,company_profile,HOME CONTROL INTERNATIONAL LIMITED: HOME CONTROL INTERNATIONAL LIMITED,,HOME CONTROL INTERNATIONAL LIMITED: HOME CONTROL INTERNATIONAL LIMITED,2026-06-04T15:46:04.059346
01748,HK,akshare_eastmoney_company_profile,company_profile,信源企业集团有限公司: Xin Yuan Enterprises Group Limited,,信源企业集团有限公司: Xin Yuan Enterprises Group Limited,2026-06-04T15:46:04.171100
01749,HK,akshare_eastmoney_company_profile,company_profile,"杉杉品牌运营股份有限公司: Shanshan Brand Management Co., Ltd.",,"杉杉品牌运营股份有限公司: Shanshan Brand Management Co., Ltd.",2026-06-04T15:46:04.398118
01750,HK,akshare_eastmoney_company_profile,company_profile,全达电器集团(控股)有限公司: REM Group (Holdings) Limited,,全达电器集团(控股)有限公司: REM Group (Holdings) Limited,2026-06-04T15:46:04.585863
01751,HK,akshare_eastmoney_company_profile,company_profile,智算能建控股有限公司: AI Energy Engineering Holdings Limited,,智算能建控股有限公司: AI Energy Engineering Holdings Limited,2026-06-04T15:46:04.685532
01752,HK,akshare_eastmoney_company_profile,company_profile,澳洲成峰高教集团有限公司: Top Education Group Ltd,,澳洲成峰高教集团有限公司: Top Education Group Ltd,2026-06-04T15:46:04.788280
01753,HK,akshare_eastmoney_company_profile,company_profile,兑吧集团有限公司: DUIBA GROUP LIMITED,,兑吧集团有限公司: DUIBA GROUP LIMITED,2026-06-04T15:46:04.891983
01755,HK,akshare_eastmoney_company_profile,company_profile,"新城悦服务集团有限公司: S-Enjoy Service Group Co., Limited",,"新城悦服务集团有限公司: S-Enjoy Service Group Co., Limited",2026-06-04T15:46:04.983671
01756,HK,akshare_eastmoney_company_profile,company_profile,中国科教产业集团有限公司: China Science and Education Industry Group Limited,,中国科教产业集团有限公司: China Science and Education Industry Group Limited,2026-06-04T15:46:05.088481
01757,HK,akshare_eastmoney_company_profile,company_profile,环球华商俱乐部: Global Chinese Business Club,,环球华商俱乐部: Global Chinese Business Club,2026-06-04T15:46:05.182147
01758,HK,akshare_eastmoney_company_profile,company_profile,博骏教育有限公司: Bojun Education Company Limited,,博骏教育有限公司: Bojun Education Company Limited,2026-06-04T15:46:08.396261
01759,HK,akshare_eastmoney_company_profile,company_profile,中油洁能控股集团有限公司: Sino Gas Holdings Group Limited,,中油洁能控股集团有限公司: Sino Gas Holdings Group Limited,2026-06-04T15:46:08.497300
01760,HK,akshare_eastmoney_company_profile,company_profile,英恒科技控股有限公司: INTRON TECHNOLOGY HOLDINGS LIMITED,,英恒科技控股有限公司: INTRON TECHNOLOGY HOLDINGS LIMITED,2026-06-04T15:46:08.610753
01762,HK,akshare_eastmoney_company_profile,company_profile,万咖壹联有限公司: WANKA ONLINE INC.,,万咖壹联有限公司: WANKA ONLINE INC.,2026-06-04T15:46:08.708514
01763,HK,akshare_eastmoney_company_profile,company_profile,中国同辐股份有限公司: CHINA ISOTOPE & RADIATION CORPORATION,,中国同辐股份有限公司: CHINA ISOTOPE & RADIATION CORPORATION,2026-06-04T15:46:08.822327
01765,HK,akshare_eastmoney_company_profile,company_profile,"希教国际控股有限公司: XJ International Holdings Co., Ltd.",,"希教国际控股有限公司: XJ International Holdings Co., Ltd.",2026-06-04T15:46:08.918853
01766,HK,akshare_eastmoney_company_profile,company_profile,中国中车股份有限公司: CRRC Corporation Limited,,中国中车股份有限公司: CRRC Corporation Limited,2026-06-04T15:46:09.057858
01767,HK,akshare_eastmoney_company_profile,company_profile,TS WONDERS HOLDING LIMITED: TS WONDERS HOLDING LIMITED,,TS WONDERS HOLDING LIMITED: TS WONDERS HOLDING LIMITED,2026-06-04T15:46:15.288778
01768,HK,akshare_eastmoney_company_profile,company_profile,"湖南鸣鸣很忙商业连锁股份有限公司: BUSY MING GROUP CO., LTD.",,"湖南鸣鸣很忙商业连锁股份有限公司: BUSY MING GROUP CO., LTD.",2026-06-04T15:46:15.385759
01769,HK,akshare_eastmoney_company_profile,company_profile,思考乐教育集团: Scholar Education Group,,思考乐教育集团: Scholar Education Group,2026-06-04T15:46:15.490811
01771,HK,akshare_eastmoney_company_profile,company_profile,新丰泰集团控股有限公司: Sunfonda Group Holdings Limited,,新丰泰集团控股有限公司: Sunfonda Group Holdings Limited,2026-06-04T15:46:15.607285
01772,HK,akshare_eastmoney_company_profile,company_profile,"江西赣锋锂业集团股份有限公司: Ganfeng Lithium Group Co., Ltd.",,"江西赣锋锂业集团股份有限公司: Ganfeng Lithium Group Co., Ltd.",2026-06-04T15:46:15.705508
01773,HK,akshare_eastmoney_company_profile,company_profile,天立国际控股有限公司: Tianli International Holdings Limited,,天立国际控股有限公司: Tianli International Holdings Limited,2026-06-04T15:46:15.799175
01775,HK,akshare_eastmoney_company_profile,company_profile,精英汇集团控股有限公司: BExcellent Group Holdings Limited,,精英汇集团控股有限公司: BExcellent Group Holdings Limited,2026-06-04T15:46:15.898572
01776,HK,akshare_eastmoney_company_profile,company_profile,"广发证券股份有限公司: GF Securities Co., Ltd.",,"广发证券股份有限公司: GF Securities Co., Ltd.",2026-06-04T15:46:15.995741
01777,HK,akshare_eastmoney_company_profile,company_profile,"花样年控股集团有限公司: Fantasia Holdings Group Co., Limited",,"花样年控股集团有限公司: Fantasia Holdings Group Co., Limited",2026-06-04T15:46:16.101381
01778,HK,akshare_eastmoney_company_profile,company_profile,"彩生活服务集团有限公司: Colour Life Services Group Co., Limited",,"彩生活服务集团有限公司: Colour Life Services Group Co., Limited",2026-06-04T15:46:16.201479
01780,HK,akshare_eastmoney_company_profile,company_profile,荣尊国际控股集团有限公司: Rongzun International Holdings Group Limited,,荣尊国际控股集团有限公司: Rongzun International Holdings Group Limited,2026-06-04T15:46:16.295507
01782,HK,akshare_eastmoney_company_profile,company_profile,国际商业数字技术有限公司: International Business Digital Technology Limited,,国际商业数字技术有限公司: International Business Digital Technology Limited,2026-06-04T15:46:16.399704
01783,HK,akshare_eastmoney_company_profile,company_profile,晋景新能控股有限公司: Envision Greenwise Holdings Limited,,晋景新能控股有限公司: Envision Greenwise Holdings Limited,2026-06-04T15:46:16.502144
01785,HK,akshare_eastmoney_company_profile,company_profile,"成都高速公路股份有限公司: Chengdu Expressway Co., Ltd.",,"成都高速公路股份有限公司: Chengdu Expressway Co., Ltd.",2026-06-04T15:46:16.605989
01786,HK,akshare_eastmoney_company_profile,company_profile,中国铁建高新装备股份有限公司: CRCC High-Tech Equipment Corporation Limited,,中国铁建高新装备股份有限公司: CRCC High-Tech Equipment Corporation Limited,2026-06-04T15:46:16.708348
01787,HK,akshare_eastmoney_company_profile,company_profile,"山东黄金矿业股份有限公司: Shandong Gold Mining Co.,Ltd.",,"山东黄金矿业股份有限公司: Shandong Gold Mining Co.,Ltd.",2026-06-04T15:46:16.814965
01788,HK,akshare_eastmoney_company_profile,company_profile,国泰君安国际控股有限公司: GUOTAI JUNAN INTERNATIONAL HOLDINGS LIMITED,,国泰君安国际控股有限公司: GUOTAI JUNAN INTERNATIONAL HOLDINGS LIMITED,2026-06-04T15:46:16.917637
01789,HK,akshare_eastmoney_company_profile,company_profile,爱康医疗控股有限公司: AK MEDICAL HOLDINGS LIMITED,,爱康医疗控股有限公司: AK MEDICAL HOLDINGS LIMITED,2026-06-04T15:46:17.014737
01790,HK,akshare_eastmoney_company_profile,company_profile,达力环保有限公司: TIL ENVIRO LIMITED,,达力环保有限公司: TIL ENVIRO LIMITED,2026-06-04T15:46:17.104098
01792,HK,akshare_eastmoney_company_profile,company_profile,CMON LIMITED: CMON LIMITED,,CMON LIMITED: CMON LIMITED,2026-06-04T15:46:17.376417
01793,HK,akshare_eastmoney_company_profile,company_profile,伟工控股有限公司: WECON HOLDINGS LIMITED,,伟工控股有限公司: WECON HOLDINGS LIMITED,2026-06-04T15:46:17.473731
01795,HK,akshare_eastmoney_company_profile,company_profile,亚东集团控股有限公司: Yadong Group Holdings Limited,,亚东集团控股有限公司: Yadong Group Holdings Limited,2026-06-04T15:46:17.572694
01796,HK,akshare_eastmoney_company_profile,company_profile,中国数智科技集团有限公司: Metaspacex Limited,,中国数智科技集团有限公司: Metaspacex Limited,2026-06-04T15:46:17.669228
01797,HK,akshare_eastmoney_company_profile,company_profile,东方甄选控股有限公司: East Buy Holding Limited,,东方甄选控股有限公司: East Buy Holding Limited,2026-06-04T15:46:17.759888
01798,HK,akshare_eastmoney_company_profile,company_profile,"中国大唐集团新能源股份有限公司: China Datang Corporation Renewable Power Co.,Limited",,"中国大唐集团新能源股份有限公司: China Datang Corporation Renewable Power Co.,Limited",2026-06-04T15:46:17.855288
01799,HK,akshare_eastmoney_company_profile,company_profile,"新特能源股份有限公司: XINTE ENERGY CO., LTD.",,"新特能源股份有限公司: XINTE ENERGY CO., LTD.",2026-06-04T15:46:17.950611
01800,HK,akshare_eastmoney_company_profile,company_profile,中国交通建设股份有限公司: China Communications Construction Company Limited,,中国交通建设股份有限公司: China Communications Construction Company Limited,2026-06-04T15:46:18.048855
01801,HK,akshare_eastmoney_company_profile,company_profile,"信达生物制药: Innovent Biologics, Inc.",,"信达生物制药: Innovent Biologics, Inc.",2026-06-04T15:46:18.291411
01802,HK,akshare_eastmoney_company_profile,company_profile,文业集团控股有限公司: Wenye Group Holdings Limited,,文业集团控股有限公司: Wenye Group Holdings Limited,2026-06-04T15:46:18.395859
01803,HK,akshare_eastmoney_company_profile,company_profile,北京体育文化产业集团有限公司: Beijing Sports and Entertainment Industry Group Limited,,北京体育文化产业集团有限公司: Beijing Sports and Entertainment Industry Group Limited,2026-06-04T15:46:18.493830
01808,HK,akshare_eastmoney_company_profile,company_profile,企展控股有限公司: Enterprise Development Holdings Limited,,企展控股有限公司: Enterprise Development Holdings Limited,2026-06-04T15:46:18.588986
01809,HK,akshare_eastmoney_company_profile,company_profile,浦林成山控股有限公司: Prinx Chengshan Holdings Limited,,浦林成山控股有限公司: Prinx Chengshan Holdings Limited,2026-06-04T15:46:18.751972
01810,HK,akshare_eastmoney_company_profile,company_profile,小米集团: XIAOMI CORPORATION,,小米集团: XIAOMI CORPORATION,2026-06-04T15:46:18.845690
01811,HK,akshare_eastmoney_company_profile,company_profile,"中国广核新能源控股有限公司: CGN New Energy Holdings Co., Ltd.",,"中国广核新能源控股有限公司: CGN New Energy Holdings Co., Ltd.",2026-06-04T15:46:18.944564
01812,HK,akshare_eastmoney_company_profile,company_profile,山东晨鸣纸业集团股份有限公司: SHANDONG CHENMING PAPER HOLDINGS LIMITED,,山东晨鸣纸业集团股份有限公司: SHANDONG CHENMING PAPER HOLDINGS LIMITED,2026-06-04T15:46:19.046610
01813,HK,akshare_eastmoney_company_profile,company_profile,合景泰富集团控股有限公司: KWG Group Holdings Limited,,合景泰富集团控股有限公司: KWG Group Holdings Limited,2026-06-04T15:46:19.148646
01815,HK,akshare_eastmoney_company_profile,company_profile,珠峰黄金集团有限公司: Mount Everest Gold Group Company Limited,,珠峰黄金集团有限公司: Mount Everest Gold Group Company Limited,2026-06-04T15:46:19.249962
01816,HK,akshare_eastmoney_company_profile,company_profile,"中国广核电力股份有限公司: CGN Power Co., Ltd.",,"中国广核电力股份有限公司: CGN Power Co., Ltd.",2026-06-04T15:46:19.358754
01817,HK,akshare_eastmoney_company_profile,company_profile,慕尚集团控股有限公司: Mulsanne Group Holding Limited,,慕尚集团控股有限公司: Mulsanne Group Holding Limited,2026-06-04T15:46:19.462630
01818,HK,akshare_eastmoney_company_profile,company_profile,招金矿业股份有限公司: ZHAOJIN MINING INDUSTRY COMPANY LIMITED,,招金矿业股份有限公司: ZHAOJIN MINING INDUSTRY COMPANY LIMITED,2026-06-04T15:46:19.558459
01820,HK,akshare_eastmoney_company_profile,company_profile,国际济丰包装集团: PACIFIC MILLENNIUM PACKAGING GROUP CORPORATION,,国际济丰包装集团: PACIFIC MILLENNIUM PACKAGING GROUP CORPORATION,2026-06-04T15:46:19.676546
01822,HK,akshare_eastmoney_company_profile,company_profile,"中木国际控股有限公司: China Wood International Holding Co., Limited",,"中木国际控股有限公司: China Wood International Holding Co., Limited",2026-06-04T15:46:19.779534
01823,HK,akshare_eastmoney_company_profile,company_profile,华昱高速集团有限公司: HUAYU EXPRESSWAY GROUP LIMITED,,华昱高速集团有限公司: HUAYU EXPRESSWAY GROUP LIMITED,2026-06-04T15:46:19.875426
01825,HK,akshare_eastmoney_company_profile,company_profile,美臻集团控股有限公司: Sterling Group Holdings Limited,,美臻集团控股有限公司: Sterling Group Holdings Limited,2026-06-04T15:46:19.975291
01826,HK,akshare_eastmoney_company_profile,company_profile,丰展控股有限公司: FDB Holdings Limited,,丰展控股有限公司: FDB Holdings Limited,2026-06-04T15:46:20.081022
01827,HK,akshare_eastmoney_company_profile,company_profile,卓珈控股集团有限公司: Miricor Enterprises Holdings Limited,,卓珈控股集团有限公司: Miricor Enterprises Holdings Limited,2026-06-04T15:46:20.171728
01828,HK,akshare_eastmoney_company_profile,company_profile,富卫集团有限公司: FWD GROUP HOLDINGS LIMITED,,富卫集团有限公司: FWD GROUP HOLDINGS LIMITED,2026-06-04T15:46:20.363786
01830,HK,akshare_eastmoney_company_profile,company_profile,完美医疗健康管理有限公司: Perfect Medical Health Management Limited,,完美医疗健康管理有限公司: Perfect Medical Health Management Limited,2026-06-04T15:46:20.459825
01831,HK,akshare_eastmoney_company_profile,company_profile,十方控股有限公司: SHIFANG HOLDING LIMITED,,十方控股有限公司: SHIFANG HOLDING LIMITED,2026-06-04T15:46:20.759849
01832,HK,akshare_eastmoney_company_profile,company_profile,海天地悦旅集团有限公司: S.A.I. LEISURE GROUP COMPANY LIMITED,,海天地悦旅集团有限公司: S.A.I. LEISURE GROUP COMPANY LIMITED,2026-06-04T15:46:20.854625
01833,HK,akshare_eastmoney_company_profile,company_profile,平安健康医疗科技有限公司: PING AN HEALTHCARE AND TECHNOLOGY COMPANY LIMITED,,平安健康医疗科技有限公司: PING AN HEALTHCARE AND TECHNOLOGY COMPANY LIMITED,2026-06-04T15:46:20.956105
01835,HK,akshare_eastmoney_company_profile,company_profile,"上海瑞威资产管理股份有限公司: Shanghai Realway Capital Assets Management Co., Ltd.",,"上海瑞威资产管理股份有限公司: Shanghai Realway Capital Assets Management Co., Ltd.",2026-06-04T15:46:21.047830
01836,HK,akshare_eastmoney_company_profile,company_profile,九兴控股有限公司: Stella International Holdings Ltd,,九兴控股有限公司: Stella International Holdings Ltd,2026-06-04T15:46:21.159804
01837,HK,akshare_eastmoney_company_profile,company_profile,五谷磨房食品国际控股有限公司: Natural Food International Holding Limited,,五谷磨房食品国际控股有限公司: Natural Food International Holding Limited,2026-06-04T15:46:21.247177
01841,HK,akshare_eastmoney_company_profile,company_profile,优越集团控股有限公司: A.Plus Group Holidings Limited,,优越集团控股有限公司: A.Plus Group Holidings Limited,2026-06-04T15:46:21.344521
01842,HK,akshare_eastmoney_company_profile,company_profile,植华集团投资控股有限公司: Grown Up Group Investment Holdings Limited,,植华集团投资控股有限公司: Grown Up Group Investment Holdings Limited,2026-06-04T15:46:21.470779
01843,HK,akshare_eastmoney_company_profile,company_profile,快餐帝国控股有限公司: SNACK EMPIRE HOLDINGS LIMITED,,快餐帝国控股有限公司: SNACK EMPIRE HOLDINGS LIMITED,2026-06-04T15:46:21.757268
01845,HK,akshare_eastmoney_company_profile,company_profile,维港环保科技控股集团有限公司: Weigang Environmental Technology Holding Group Limited,,维港环保科技控股集团有限公司: Weigang Environmental Technology Holding Group Limited,2026-06-04T15:46:21.858831
01846,HK,akshare_eastmoney_company_profile,company_profile,德视佳国际眼科有限公司: EuroEyes International Eye Clinic Limited,,德视佳国际眼科有限公司: EuroEyes International Eye Clinic Limited,2026-06-04T15:46:21.970508
01847,HK,akshare_eastmoney_company_profile,company_profile,云南建投绿色高性能混凝土股份有限公司: YCIH Green High-Performance Concrete Company Limited,,云南建投绿色高性能混凝土股份有限公司: YCIH Green High-Performance Concrete Company Limited,2026-06-04T15:46:22.069282
01848,HK,akshare_eastmoney_company_profile,company_profile,中国飞机租赁集团控股有限公司: CHINA AIRCRAFT LEASING GROUP HOLDINGS LIMITED,,中国飞机租赁集团控股有限公司: CHINA AIRCRAFT LEASING GROUP HOLDINGS LIMITED,2026-06-04T15:46:22.169328
01849,HK,akshare_eastmoney_company_profile,company_profile,秀商时代控股有限公司: AM GROUP HOLDINGS LIMITED,,秀商时代控股有限公司: AM GROUP HOLDINGS LIMITED,2026-06-04T15:46:22.268179
01850,HK,akshare_eastmoney_company_profile,company_profile,鸿盛昌资源集团有限公司: HSC Resources Group Limited,,鸿盛昌资源集团有限公司: HSC Resources Group Limited,2026-06-04T15:46:22.374095
01851,HK,akshare_eastmoney_company_profile,company_profile,中国银杏教育集团有限公司: China Gingko Education Group Company Limited,,中国银杏教育集团有限公司: China Gingko Education Group Company Limited,2026-06-04T15:46:22.469395
01853,HK,akshare_eastmoney_company_profile,company_profile,吉林省春城热力股份有限公司: Jilin Province Chuncheng Heating Company Limited,,吉林省春城热力股份有限公司: Jilin Province Chuncheng Heating Company Limited,2026-06-04T15:46:22.584855
01854,HK,akshare_eastmoney_company_profile,company_profile,中国万天控股有限公司: China Wantian Holdings Limited,,中国万天控股有限公司: China Wantian Holdings Limited,2026-06-04T15:46:22.681303
01855,HK,akshare_eastmoney_company_profile,company_profile,中庆环境股份有限公司: ZONQING Environmental Limited,,中庆环境股份有限公司: ZONQING Environmental Limited,2026-06-04T15:46:22.810410
01856,HK,akshare_eastmoney_company_profile,company_profile,依波路控股有限公司: ERNEST BOREL HOLDINGS LIMITED,,依波路控股有限公司: ERNEST BOREL HOLDINGS LIMITED,2026-06-04T15:46:23.031160
01857,HK,akshare_eastmoney_company_profile,company_profile,中国光大水务有限公司: China Everbright Water Limited,,中国光大水务有限公司: China Everbright Water Limited,2026-06-04T15:46:23.125491
01858,HK,akshare_eastmoney_company_profile,company_profile,"北京市春立正达医疗器械股份有限公司: Beijing Chunlizhengda Medical Instruments Co.,Ltd.",,"北京市春立正达医疗器械股份有限公司: Beijing Chunlizhengda Medical Instruments Co.,Ltd.",2026-06-04T15:46:23.225657
01860,HK,akshare_eastmoney_company_profile,company_profile,汇量科技有限公司: Mobvista Inc.,,汇量科技有限公司: Mobvista Inc.,2026-06-04T15:46:23.319175
01861,HK,akshare_eastmoney_company_profile,company_profile,保宝龙科技控股有限公司: Precious Dragon Technology Holdings Limited,,保宝龙科技控股有限公司: Precious Dragon Technology Holdings Limited,2026-06-04T15:46:23.420300
01862,HK,akshare_eastmoney_company_profile,company_profile,景瑞控股有限公司: JINGRUI HOLDINGS LIMITED,,景瑞控股有限公司: JINGRUI HOLDINGS LIMITED,2026-06-04T15:46:23.536816
01863,HK,akshare_eastmoney_company_profile,company_profile,中国龙天集团有限公司: CHINA LONGEVITY GROUP COMPANY LIMITED,,中国龙天集团有限公司: CHINA LONGEVITY GROUP COMPANY LIMITED,2026-06-04T15:46:23.643525
01865,HK,akshare_eastmoney_company_profile,company_profile,鹏高控股集团有限公司: Pengo Holdings Group Limited,,鹏高控股集团有限公司: Pengo Holdings Group Limited,2026-06-04T15:46:23.738913
01866,HK,akshare_eastmoney_company_profile,company_profile,中国心连心化肥有限公司: China XLX Fertiliser Ltd.,,中国心连心化肥有限公司: China XLX Fertiliser Ltd.,2026-06-04T15:46:23.834241
01867,HK,akshare_eastmoney_company_profile,company_profile,标准发展集团有限公司: Standard Development Group Limited,,标准发展集团有限公司: Standard Development Group Limited,2026-06-04T15:46:23.934995
01868,HK,akshare_eastmoney_company_profile,company_profile,同方友友控股有限公司: Neo-Neon Holdings Limited,,同方友友控股有限公司: Neo-Neon Holdings Limited,2026-06-04T15:46:24.039145
01869,HK,akshare_eastmoney_company_profile,company_profile,猫屎咖啡控股有限公司: Kafelaku Coffee Holding Limited,,猫屎咖啡控股有限公司: Kafelaku Coffee Holding Limited,2026-06-04T15:46:24.144628
01870,HK,akshare_eastmoney_company_profile,company_profile,益美国际控股有限公司: Acme International Holdings Limited,,益美国际控股有限公司: Acme International Holdings Limited,2026-06-04T15:46:24.238525
01871,HK,akshare_eastmoney_company_profile,company_profile,向中国际控股有限公司: China Oriented International Holdings Limited,,向中国际控股有限公司: China Oriented International Holdings Limited,2026-06-04T15:46:24.340668
01872,HK,akshare_eastmoney_company_profile,company_profile,冠轈控股有限公司: Guan Chao Holdings Limited,,冠轈控股有限公司: Guan Chao Holdings Limited,2026-06-04T15:46:24.437486
01873,HK,akshare_eastmoney_company_profile,company_profile,维亚生物科技控股集团: Viva Biotech Holdings,,维亚生物科技控股集团: Viva Biotech Holdings,2026-06-04T15:46:24.538484
01875,HK,akshare_eastmoney_company_profile,company_profile,东曜药业股份有限公司: BioDlink International Company Limited,,东曜药业股份有限公司: BioDlink International Company Limited,2026-06-04T15:46:24.724095
01876,HK,akshare_eastmoney_company_profile,company_profile,百威亚太控股有限公司: Budweiser Brewing Company APAC Limited,,百威亚太控股有限公司: Budweiser Brewing Company APAC Limited,2026-06-04T15:46:24.893818
01877,HK,akshare_eastmoney_company_profile,company_profile,"上海君实生物医药科技股份有限公司: Shanghai Junshi Biosciences Co., Ltd.",,"上海君实生物医药科技股份有限公司: Shanghai Junshi Biosciences Co., Ltd.",2026-06-04T15:46:25.018657
01878,HK,akshare_eastmoney_company_profile,company_profile,南戈壁资源有限公司: SouthGobi Resources Limited,,南戈壁资源有限公司: SouthGobi Resources Limited,2026-06-04T15:46:25.109976
01879,HK,akshare_eastmoney_company_profile,company_profile,"上海曦智科技股份有限公司: Shanghai Xizhi Technology Co., Ltd.",,"上海曦智科技股份有限公司: Shanghai Xizhi Technology Co., Ltd.",2026-06-04T15:46:25.211605
01880,HK,akshare_eastmoney_company_profile,company_profile,中国旅游集团中免股份有限公司: China Tourism Group Duty Free Corporation Limited,,中国旅游集团中免股份有限公司: China Tourism Group Duty Free Corporation Limited,2026-06-04T15:46:25.310589
01881,HK,akshare_eastmoney_company_profile,company_profile,富豪资产管理有限公司: REGAL ASSET MANAGEMENT LIMITED,,富豪资产管理有限公司: REGAL ASSET MANAGEMENT LIMITED,2026-06-04T15:46:25.411436
01882,HK,akshare_eastmoney_company_profile,company_profile,海天国际控股有限公司: Haitian International Holdings Limited,,海天国际控股有限公司: Haitian International Holdings Limited,2026-06-04T15:46:25.538069
01883,HK,akshare_eastmoney_company_profile,company_profile,中信国际电讯集团有限公司: Citic Telecom International Holdings Limited,,中信国际电讯集团有限公司: Citic Telecom International Holdings Limited,2026-06-04T15:46:25.628042
01884,HK,akshare_eastmoney_company_profile,company_profile,eprint集团有限公司: eprint Group Limited,,eprint集团有限公司: eprint Group Limited,2026-06-04T15:46:25.777685
01888,HK,akshare_eastmoney_company_profile,company_profile,建滔积层板控股有限公司: Kingboard Laminates Holdings Limited,,建滔积层板控股有限公司: Kingboard Laminates Holdings Limited,2026-06-04T15:46:25.873203
01889,HK,akshare_eastmoney_company_profile,company_profile,三爱健康产业集团有限公司: Sanai Health Industry Group Company Limited,,三爱健康产业集团有限公司: Sanai Health Industry Group Company Limited,2026-06-04T15:46:25.971958
01890,HK,akshare_eastmoney_company_profile,company_profile,中国科培教育集团有限公司: China Kepei Education Group Limited,,中国科培教育集团有限公司: China Kepei Education Group Limited,2026-06-04T15:46:26.066527
01891,HK,akshare_eastmoney_company_profile,company_profile,兴合控股有限公司: Heng Hup Holdings Limited,,兴合控股有限公司: Heng Hup Holdings Limited,2026-06-04T15:46:26.217934
01894,HK,akshare_eastmoney_company_profile,company_profile,恒益控股有限公司: Hang Yick Holdings Company Limited,,恒益控股有限公司: Hang Yick Holdings Company Limited,2026-06-04T15:46:26.313366
01895,HK,akshare_eastmoney_company_profile,company_profile,鑫苑物业服务集团有限公司: Xinyuan Property Management Service (Cayman) Ltd.,,鑫苑物业服务集团有限公司: Xinyuan Property Management Service (Cayman) Ltd.,2026-06-04T15:46:26.438561
01896,HK,akshare_eastmoney_company_profile,company_profile,猫眼娱乐: Maoyan Entertainment,,猫眼娱乐: Maoyan Entertainment,2026-06-04T15:46:26.541614
01897,HK,akshare_eastmoney_company_profile,company_profile,美亨实业控股有限公司: Million Hope Industries Holdings Limited,,美亨实业控股有限公司: Million Hope Industries Holdings Limited,2026-06-04T15:46:26.632883
01898,HK,akshare_eastmoney_company_profile,company_profile,中国中煤能源股份有限公司: China Coal Energy Company Limited,,中国中煤能源股份有限公司: China Coal Energy Company Limited,2026-06-04T15:46:26.734571
01899,HK,akshare_eastmoney_company_profile,company_profile,兴达国际控股有限公司: Xingda International Holdings Ltd.,,兴达国际控股有限公司: Xingda International Holdings Ltd.,2026-06-04T15:46:26.839775
01900,HK,akshare_eastmoney_company_profile,company_profile,"中国智能交通系统(控股)有限公司: China ITS (Holdings) Co., Ltd",,"中国智能交通系统(控股)有限公司: China ITS (Holdings) Co., Ltd",2026-06-04T15:46:26.937197
01901,HK,akshare_eastmoney_company_profile,company_profile,飞扬国际控股(集团)有限公司: Feiyang International Holdings Group Limited,,飞扬国际控股(集团)有限公司: Feiyang International Holdings Group Limited,2026-06-04T15:46:27.037337
01903,HK,akshare_eastmoney_company_profile,company_profile,JBB BUILDERS INTERNATIONAL LIMITED: JBB BUILDERS INTERNATIONAL LIMITED,,JBB BUILDERS INTERNATIONAL LIMITED: JBB BUILDERS INTERNATIONAL LIMITED,2026-06-04T15:46:27.147198
01905,HK,akshare_eastmoney_company_profile,company_profile,"海通恒信国际融资租赁股份有限公司: Haitong Unitrust International Financial Leasing Co., Ltd.",,"海通恒信国际融资租赁股份有限公司: Haitong Unitrust International Financial Leasing Co., Ltd.",2026-06-04T15:46:27.249050
01906,HK,akshare_eastmoney_company_profile,company_profile,博尼国际控股有限公司: Bonny International Holding Limited,,博尼国际控股有限公司: Bonny International Holding Limited,2026-06-04T15:46:27.822676
01907,HK,akshare_eastmoney_company_profile,company_profile,中国旭阳集团有限公司: China Risun Group Limited,,中国旭阳集团有限公司: China Risun Group Limited,2026-06-04T15:46:27.921490
01908,HK,akshare_eastmoney_company_profile,company_profile,建发国际投资集团有限公司: C&D International Investment Group Limited,,建发国际投资集团有限公司: C&D International Investment Group Limited,2026-06-04T15:46:28.025658
01909,HK,akshare_eastmoney_company_profile,company_profile,火岩控股有限公司: FIRE ROCK HOLDINGS LIMITED,,火岩控股有限公司: FIRE ROCK HOLDINGS LIMITED,2026-06-04T15:46:28.124093
01910,HK,akshare_eastmoney_company_profile,company_profile,新秀丽集团有限公司: Samsonite Group S.A.,,新秀丽集团有限公司: Samsonite Group S.A.,2026-06-04T15:46:28.251150
01911,HK,akshare_eastmoney_company_profile,company_profile,华兴资本控股有限公司: CHINA RENAISSANCE HOLDINGS LIMITED,,华兴资本控股有限公司: CHINA RENAISSANCE HOLDINGS LIMITED,2026-06-04T15:46:28.718035
01912,HK,akshare_eastmoney_company_profile,company_profile,康特隆科技有限公司: Contel Technology Company Limited,,康特隆科技有限公司: Contel Technology Company Limited,2026-06-04T15:46:28.819452
01913,HK,akshare_eastmoney_company_profile,company_profile,PRADA S.p.A.: PRADA S.p.A.,,PRADA S.p.A.: PRADA S.p.A.,2026-06-04T15:46:28.942224
01915,HK,akshare_eastmoney_company_profile,company_profile,扬州市广陵区泰和农村小额贷款股份有限公司: Yangzhou Guangling District Taihe Rural Micro-finance Company Limited,,扬州市广陵区泰和农村小额贷款股份有限公司: Yangzhou Guangling District Taihe Rural Micro-finance Company Limited,2026-06-04T15:46:29.047738
01916,HK,akshare_eastmoney_company_profile,company_profile,"江西银行股份有限公司: Jiangxi Bank Co., Ltd.",,"江西银行股份有限公司: Jiangxi Bank Co., Ltd.",2026-06-04T15:46:29.152434
01917,HK,akshare_eastmoney_company_profile,company_profile,豆盟科技有限公司: Doumob,,豆盟科技有限公司: Doumob,2026-06-04T15:46:29.246669
01918,HK,akshare_eastmoney_company_profile,company_profile,融创中国控股有限公司: SUNAC CHINA HOLDINGS LIMITED,,融创中国控股有限公司: SUNAC CHINA HOLDINGS LIMITED,2026-06-04T15:46:29.355666
01919,HK,akshare_eastmoney_company_profile,company_profile,"中远海运控股股份有限公司: COSCO SHIPPING Holdings Co.,Ltd.",,"中远海运控股股份有限公司: COSCO SHIPPING Holdings Co.,Ltd.",2026-06-04T15:46:29.453899
01920,HK,akshare_eastmoney_company_profile,company_profile,巨美集团(中国)股份有限公司: JUNWEA GROUP (CHINA) COMPANY LIMITED,,巨美集团(中国)股份有限公司: JUNWEA GROUP (CHINA) COMPANY LIMITED,2026-06-04T15:46:29.541643
01921,HK,akshare_eastmoney_company_profile,company_profile,达力普控股有限公司: Dalipal Holdings Limited,,达力普控股有限公司: Dalipal Holdings Limited,2026-06-04T15:46:29.651063
01925,HK,akshare_eastmoney_company_profile,company_profile,旷世芳香控股有限公司: Kwung’s Aroma Holdings Limited,,旷世芳香控股有限公司: Kwung’s Aroma Holdings Limited,2026-06-04T15:46:29.735780
01927,HK,akshare_eastmoney_company_profile,company_profile,久久王食品国际有限公司: Jiujiuwang Food International Limited,,久久王食品国际有限公司: Jiujiuwang Food International Limited,2026-06-04T15:46:29.823647
01928,HK,akshare_eastmoney_company_profile,company_profile,金沙中国有限公司: Sands China Ltd.,,金沙中国有限公司: Sands China Ltd.,2026-06-04T15:46:29.916921
01929,HK,akshare_eastmoney_company_profile,company_profile,周大福珠宝集团有限公司: CHOW TAI FOOK JEWELLERY GROUP LIMITED,,周大福珠宝集团有限公司: CHOW TAI FOOK JEWELLERY GROUP LIMITED,2026-06-04T15:46:30.010015
01930,HK,akshare_eastmoney_company_profile,company_profile,勋龙汽车轻量化应用有限公司: Shinelong Automotive Lightweight Application Limited,,勋龙汽车轻量化应用有限公司: Shinelong Automotive Lightweight Application Limited,2026-06-04T15:46:30.543185
01931,HK,akshare_eastmoney_company_profile,company_profile,华检医疗控股有限公司: ETHK Labs Inc.,,华检医疗控股有限公司: ETHK Labs Inc.,2026-06-04T15:46:30.812657
01932,HK,akshare_eastmoney_company_profile,company_profile,中漆集团有限公司: CPM GROUP LIMITED,,中漆集团有限公司: CPM GROUP LIMITED,2026-06-04T15:46:30.966438
01933,HK,akshare_eastmoney_company_profile,company_profile,元力控股有限公司: OneForce Holdings Limited,,元力控股有限公司: OneForce Holdings Limited,2026-06-04T15:46:31.070523
01935,HK,akshare_eastmoney_company_profile,company_profile,嘉宏教育科技有限公司: JH Educational Technology INC.,,嘉宏教育科技有限公司: JH Educational Technology INC.,2026-06-04T15:46:31.166402
01936,HK,akshare_eastmoney_company_profile,company_profile,利特米有限公司: Ritamix Global Limited,,利特米有限公司: Ritamix Global Limited,2026-06-04T15:46:31.266591
01937,HK,akshare_eastmoney_company_profile,company_profile,佳辰控股集团有限公司: JiaChen Holding Group Limited,,佳辰控股集团有限公司: JiaChen Holding Group Limited,2026-06-04T15:46:31.391129
01938,HK,akshare_eastmoney_company_profile,company_profile,珠江石油天然气钢管控股有限公司: Chu Kong Petroleum and Natural Gas Steel Pipe Holdings Ltd.,,珠江石油天然气钢管控股有限公司: Chu Kong Petroleum and Natural Gas Steel Pipe Holdings Ltd.,2026-06-04T15:46:31.495228
01939,HK,akshare_eastmoney_company_profile,company_profile,上善黄金国际控股有限公司: Shangshan Gold International Holdings Limited,,上善黄金国际控股有限公司: Shangshan Gold International Holdings Limited,2026-06-04T15:46:31.591803
01940,HK,akshare_eastmoney_company_profile,company_profile,CHINA GAS INDUSTRY INVESTMENT HOLDINGS CO. LTD.: CHINA GAS INDUSTRY INVESTMENT HOLDINGS CO. LTD.,,CHINA GAS INDUSTRY INVESTMENT HOLDINGS CO. LTD.: CHINA GAS INDUSTRY INVESTMENT HOLDINGS CO. LTD.,2026-06-04T15:46:31.716888
01941,HK,akshare_eastmoney_company_profile,company_profile,烨星集团控股有限公司: Ye Xing Group Holdings Limited,,烨星集团控股有限公司: Ye Xing Group Holdings Limited,2026-06-04T15:46:31.825141
01942,HK,akshare_eastmoney_company_profile,company_profile,马可数字科技控股有限公司: MOG Digitech Holdings Limited,,马可数字科技控股有限公司: MOG Digitech Holdings Limited,2026-06-04T15:46:31.924467
01943,HK,akshare_eastmoney_company_profile,company_profile,金石控股集团有限公司: King‘s Stone Holdings Group Limited,,金石控股集团有限公司: King‘s Stone Holdings Group Limited,2026-06-04T15:46:32.025200
01945,HK,akshare_eastmoney_company_profile,company_profile,清科控股有限公司: ZERO2IPO HOLDINGS INC.,,清科控股有限公司: ZERO2IPO HOLDINGS INC.,2026-06-04T15:46:32.122797
01947,HK,akshare_eastmoney_company_profile,company_profile,"美皓医疗集团有限公司: Meihao Medical Group Co., Ltd",,"美皓医疗集团有限公司: Meihao Medical Group Co., Ltd",2026-06-04T15:46:32.222936
01948,HK,akshare_eastmoney_company_profile,company_profile,优矩控股有限公司: UJU HOLDING LIMITED,,优矩控股有限公司: UJU HOLDING LIMITED,2026-06-04T15:46:32.328100
01949,HK,akshare_eastmoney_company_profile,company_profile,佰达国际控股有限公司: Platt Nera International Limited,,佰达国际控股有限公司: Platt Nera International Limited,2026-06-04T15:46:32.592315
01950,HK,akshare_eastmoney_company_profile,company_profile,帝王实业控股有限公司: Diwang Industrial Holdings Limited,,帝王实业控股有限公司: Diwang Industrial Holdings Limited,2026-06-04T15:46:32.689057
01951,HK,akshare_eastmoney_company_profile,company_profile,锦欣生殖医疗集团有限公司: Jinxin Fertility Group Limited,,锦欣生殖医疗集团有限公司: Jinxin Fertility Group Limited,2026-06-04T15:46:32.788522
01952,HK,akshare_eastmoney_company_profile,company_profile,云顶新耀有限公司: Everest Medicines Limited,,云顶新耀有限公司: Everest Medicines Limited,2026-06-04T15:46:32.933741
01953,HK,akshare_eastmoney_company_profile,company_profile,Rimbaco Group Global Limited: Rimbaco Group Global Limited,,Rimbaco Group Global Limited: Rimbaco Group Global Limited,2026-06-04T15:46:33.031289
01955,HK,akshare_eastmoney_company_profile,company_profile,"香港庄臣控股有限公司: Hong Kong Johnson Holdings Co., Ltd.",,"香港庄臣控股有限公司: Hong Kong Johnson Holdings Co., Ltd.",2026-06-04T15:46:34.911818
01957,HK,akshare_eastmoney_company_profile,company_profile,中国大人国际有限公司: MBV International Limited,,中国大人国际有限公司: MBV International Limited,2026-06-04T15:46:35.013259
01958,HK,akshare_eastmoney_company_profile,company_profile,北京汽车股份有限公司: BAIC MOTOR CORPORATION LIMITED,,北京汽车股份有限公司: BAIC MOTOR CORPORATION LIMITED,2026-06-04T15:46:35.112791
01959,HK,akshare_eastmoney_company_profile,company_profile,中聚投资集团有限公司: Zhong Ju Investment Group Limited,,中聚投资集团有限公司: Zhong Ju Investment Group Limited,2026-06-04T15:46:35.209026
01960,HK,akshare_eastmoney_company_profile,company_profile,TBK & Sons Holdings Limited: TBK & Sons Holdings Limited,,TBK & Sons Holdings Limited: TBK & Sons Holdings Limited,2026-06-04T15:46:35.310847
01961,HK,akshare_eastmoney_company_profile,company_profile,多牛科技国际(开曼)集团有限公司: Infinities Technology International (Cayman) Holding Limited,,多牛科技国际(开曼)集团有限公司: Infinities Technology International (Cayman) Holding Limited,2026-06-04T15:46:35.409829
01962,HK,akshare_eastmoney_company_profile,company_profile,训修实业集团有限公司: Evergreen Products Group Limited,,训修实业集团有限公司: Evergreen Products Group Limited,2026-06-04T15:46:35.516161
01963,HK,akshare_eastmoney_company_profile,company_profile,"重庆银行股份有限公司: BANK OF CHONGQING CO., LTD.",,"重庆银行股份有限公司: BANK OF CHONGQING CO., LTD.",2026-06-04T15:46:35.623209
01965,HK,akshare_eastmoney_company_profile,company_profile,朗诗绿色生活服务有限公司: Landsea Green Life Service Company Limited,,朗诗绿色生活服务有限公司: Landsea Green Life Service Company Limited,2026-06-04T15:46:35.730781
01966,HK,akshare_eastmoney_company_profile,company_profile,中骏集团控股有限公司: China SCE Group Holdings Limited,,中骏集团控股有限公司: China SCE Group Holdings Limited,2026-06-04T15:46:35.829120
01967,HK,akshare_eastmoney_company_profile,company_profile,信恳智能控股有限公司: Confidence Intelligence Holdings Limited,,信恳智能控股有限公司: Confidence Intelligence Holdings Limited,2026-06-04T15:46:35.943715
01968,HK,akshare_eastmoney_company_profile,company_profile,兴纺控股有限公司: HINGTEX HOLDINGS LIMITED,,兴纺控股有限公司: HINGTEX HOLDINGS LIMITED,2026-06-04T15:46:36.047933
01969,HK,akshare_eastmoney_company_profile,company_profile,"中国春来教育集团有限公司: CHINA CHUNLAI EDUCATION GROUP CO., LTD.",,"中国春来教育集团有限公司: CHINA CHUNLAI EDUCATION GROUP CO., LTD.",2026-06-04T15:46:36.294192
01970,HK,akshare_eastmoney_company_profile,company_profile,"IMAX China Holding, Inc.: IMAX China Holding, Inc.",,"IMAX China Holding, Inc.: IMAX China Holding, Inc.",2026-06-04T15:46:36.403867
01971,HK,akshare_eastmoney_company_profile,company_profile,弘阳服务集团有限公司: Redsun Services Group Limited,,弘阳服务集团有限公司: Redsun Services Group Limited,2026-06-04T15:46:36.517472
01972,HK,akshare_eastmoney_company_profile,company_profile,太古地产有限公司: SWIRE PROPERTIES LIMITED,,太古地产有限公司: SWIRE PROPERTIES LIMITED,2026-06-04T15:46:36.631245
01973,HK,akshare_eastmoney_company_profile,company_profile,"深圳市天图投资管理股份有限公司: Tian Tu Capital Co., Ltd.",,"深圳市天图投资管理股份有限公司: Tian Tu Capital Co., Ltd.",2026-06-04T15:46:36.729261
01975,HK,akshare_eastmoney_company_profile,company_profile,新兴印刷控股有限公司: Sun Hing Printing Holdings Limited,,新兴印刷控股有限公司: Sun Hing Printing Holdings Limited,2026-06-04T15:46:36.831605
01977,HK,akshare_eastmoney_company_profile,company_profile,安乐工程集团有限公司: ANALOGUE HOLDINGS LIMITED,,安乐工程集团有限公司: ANALOGUE HOLDINGS LIMITED,2026-06-04T15:46:36.932598
01978,HK,akshare_eastmoney_company_profile,company_profile,叙福楼集团有限公司: LH GROUP LIMITED,,叙福楼集团有限公司: LH GROUP LIMITED,2026-06-04T15:46:37.029492
01979,HK,akshare_eastmoney_company_profile,company_profile,天宝集团控股有限公司: TEN PAO GROUP HOLDINGS LIMITED,,天宝集团控股有限公司: TEN PAO GROUP HOLDINGS LIMITED,2026-06-04T15:46:37.145264
01980,HK,akshare_eastmoney_company_profile,company_profile,天鸽互动控股有限公司: Tian Ge Interactive Holdings Limited,,天鸽互动控股有限公司: Tian Ge Interactive Holdings Limited,2026-06-04T15:46:37.248637
01981,HK,akshare_eastmoney_company_profile,company_profile,华夏集团控股有限公司: Cathay Group Holdings Inc.,,华夏集团控股有限公司: Cathay Group Holdings Inc.,2026-06-04T15:46:37.357794
01982,HK,akshare_eastmoney_company_profile,company_profile,南旋控股有限公司: Nameson Holdings Limited,,南旋控股有限公司: Nameson Holdings Limited,2026-06-04T15:46:37.449832
01983,HK,akshare_eastmoney_company_profile,company_profile,"泸州银行股份有限公司: Luzhou Bank Co., Ltd.",,"泸州银行股份有限公司: Luzhou Bank Co., Ltd.",2026-06-04T15:46:37.546116
01985,HK,akshare_eastmoney_company_profile,company_profile,美高域集团有限公司: Microware Group Limited,,美高域集团有限公司: Microware Group Limited,2026-06-04T15:46:37.645155
01986,HK,akshare_eastmoney_company_profile,company_profile,"彩客新能源科技有限公司: Tsaker New Energy Tech Co., Limited",,"彩客新能源科技有限公司: Tsaker New Energy Tech Co., Limited",2026-06-04T15:46:37.741280
01987,HK,akshare_eastmoney_company_profile,company_profile,Beng Soon Machinery Holdings Limited: Beng Soon Machinery Holdings Limited,,Beng Soon Machinery Holdings Limited: Beng Soon Machinery Holdings Limited,2026-06-04T15:46:37.896849
01988,HK,akshare_eastmoney_company_profile,company_profile,"中国民生银行股份有限公司: CHINA MINSHENG BANKING CORP., LTD.",,"中国民生银行股份有限公司: CHINA MINSHENG BANKING CORP., LTD.",2026-06-04T15:46:37.999462
01989,HK,akshare_eastmoney_company_profile,company_profile,广州广合科技股份有限公司: Delton Technology (Guangzhou) Inc.,,广州广合科技股份有限公司: Delton Technology (Guangzhou) Inc.,2026-06-04T15:46:38.099720
01991,HK,akshare_eastmoney_company_profile,company_profile,大洋集团控股有限公司: Ta Yang Group Holdings Limited,,大洋集团控股有限公司: Ta Yang Group Holdings Limited,2026-06-04T15:46:38.209475
01993,HK,akshare_eastmoney_company_profile,company_profile,雅仕维传媒集团有限公司: Asiaray Media Group Limited,,雅仕维传媒集团有限公司: Asiaray Media Group Limited,2026-06-04T15:46:38.450756
01995,HK,akshare_eastmoney_company_profile,company_profile,永升服务集团有限公司: Ever Sunshine Services Group Limited,,永升服务集团有限公司: Ever Sunshine Services Group Limited,2026-06-04T15:46:38.910419
01996,HK,akshare_eastmoney_company_profile,company_profile,弘阳地产集团有限公司: Redsun Properties Group Limited,,弘阳地产集团有限公司: Redsun Properties Group Limited,2026-06-04T15:46:39.022771
01997,HK,akshare_eastmoney_company_profile,company_profile,九龙仓置业地产投资有限公司: WHARF REAL ESTATE INVESTMENT COMPANY LIMITED,,九龙仓置业地产投资有限公司: WHARF REAL ESTATE INVESTMENT COMPANY LIMITED,2026-06-04T15:46:39.124954
01999,HK,akshare_eastmoney_company_profile,company_profile,敏华控股有限公司: Man Wah Holdings Limited,,敏华控股有限公司: Man Wah Holdings Limited,2026-06-04T15:46:39.227022
02000,HK,akshare_eastmoney_company_profile,company_profile,晨讯科技集团有限公司: SIM Technology Group Limited,,晨讯科技集团有限公司: SIM Technology Group Limited,2026-06-04T15:46:39.335840
02001,HK,akshare_eastmoney_company_profile,company_profile,中国新高教集团有限公司: China New Higher Education Group Limited,,中国新高教集团有限公司: China New Higher Education Group Limited,2026-06-04T15:46:39.435517
02002,HK,akshare_eastmoney_company_profile,company_profile,中国阳光纸业控股有限公司: China Sunshine Paper Holdings Company Limited,,中国阳光纸业控股有限公司: China Sunshine Paper Holdings Company Limited,2026-06-04T15:46:39.535603
02003,HK,akshare_eastmoney_company_profile,company_profile,维信金科控股有限公司: VCREDIT HOLDINGS LIMITED,,维信金科控股有限公司: VCREDIT HOLDINGS LIMITED,2026-06-04T15:46:39.638119
02005,HK,akshare_eastmoney_company_profile,company_profile,石四药集团有限公司: SSY Group Limited,,石四药集团有限公司: SSY Group Limited,2026-06-04T15:46:39.740812
02007,HK,akshare_eastmoney_company_profile,company_profile,碧桂园控股有限公司: Country Garden Holdings Company Limited,,碧桂园控股有限公司: Country Garden Holdings Company Limited,2026-06-04T15:46:39.838285
02008,HK,akshare_eastmoney_company_profile,company_profile,凤凰卫视投资(控股)有限公司: Phoenix Media Investment (Holdings) Limited,,凤凰卫视投资(控股)有限公司: Phoenix Media Investment (Holdings) Limited,2026-06-04T15:46:39.958587
02009,HK,akshare_eastmoney_company_profile,company_profile,北京金隅集团股份有限公司: BBMG Corporation,,北京金隅集团股份有限公司: BBMG Corporation,2026-06-04T15:46:40.061630
02011,HK,akshare_eastmoney_company_profile,company_profile,进腾集团有限公司: Gilston Group Limited,,进腾集团有限公司: Gilston Group Limited,2026-06-04T15:46:40.168774
02012,HK,akshare_eastmoney_company_profile,company_profile,阳光油砂有限公司: Sunshine Oilsands Ltd.,,阳光油砂有限公司: Sunshine Oilsands Ltd.,2026-06-04T15:46:40.423140
02013,HK,akshare_eastmoney_company_profile,company_profile,微盟集团: WEIMOB INC.,,微盟集团: WEIMOB INC.,2026-06-04T15:46:40.710339
02015,HK,akshare_eastmoney_company_profile,company_profile,理想汽车: Li Auto Inc.,,理想汽车: Li Auto Inc.,2026-06-04T15:46:40.812804
02016,HK,akshare_eastmoney_company_profile,company_profile,"浙商银行股份有限公司: CHINA ZHESHANG BANK CO., LTD.",,"浙商银行股份有限公司: CHINA ZHESHANG BANK CO., LTD.",2026-06-04T15:46:40.904403
02017,HK,akshare_eastmoney_company_profile,company_profile,沧海控股有限公司: Chanhigh Holdings Limited,,沧海控股有限公司: Chanhigh Holdings Limited,2026-06-04T15:46:41.000896
02018,HK,akshare_eastmoney_company_profile,company_profile,瑞声科技控股有限公司: AAC Technologies Holdings Inc.,,瑞声科技控股有限公司: AAC Technologies Holdings Inc.,2026-06-04T15:46:41.100280
02019,HK,akshare_eastmoney_company_profile,company_profile,德信中国控股有限公司: Dexin China Holdings Company Limited,,德信中国控股有限公司: Dexin China Holdings Company Limited,2026-06-04T15:46:41.196233
02020,HK,akshare_eastmoney_company_profile,company_profile,安踏体育用品有限公司: ANTA Sports Products Limited,,安踏体育用品有限公司: ANTA Sports Products Limited,2026-06-04T15:46:41.290314
02022,HK,akshare_eastmoney_company_profile,company_profile,游莱互动集团有限公司: DIGITAL HOLLYWOOD INTERACTIVE LIMITED,,游莱互动集团有限公司: DIGITAL HOLLYWOOD INTERACTIVE LIMITED,2026-06-04T15:46:41.387647
02023,HK,akshare_eastmoney_company_profile,company_profile,中国绿岛科技有限公司: China Ludao Technology Company Limited,,中国绿岛科技有限公司: China Ludao Technology Company Limited,2026-06-04T15:46:41.481396
02025,HK,akshare_eastmoney_company_profile,company_profile,瑞丰动力集团有限公司: Ruifeng Power Group Company Limited,,瑞丰动力集团有限公司: Ruifeng Power Group Company Limited,2026-06-04T15:46:41.580681
02026,HK,akshare_eastmoney_company_profile,company_profile,小马智行: Pony AI Inc.,,小马智行: Pony AI Inc.,2026-06-04T15:46:41.675179
02028,HK,akshare_eastmoney_company_profile,company_profile,映美控股有限公司: Jolimark Holdings Limited,,映美控股有限公司: Jolimark Holdings Limited,2026-06-04T15:46:41.778962
02030,HK,akshare_eastmoney_company_profile,company_profile,卡宾服饰有限公司: CABBEEN FASHION LIMITED,,卡宾服饰有限公司: CABBEEN FASHION LIMITED,2026-06-04T15:46:41.881871
02031,HK,akshare_eastmoney_company_profile,company_profile,澳至尊国际控股有限公司: Ausupreme International Holdings Limited,,澳至尊国际控股有限公司: Ausupreme International Holdings Limited,2026-06-04T15:46:41.980423
02033,HK,akshare_eastmoney_company_profile,company_profile,时计宝投资有限公司: Time Watch Investments Limited,,时计宝投资有限公司: Time Watch Investments Limited,2026-06-04T15:46:42.264955
02038,HK,akshare_eastmoney_company_profile,company_profile,富智康集团有限公司: FIH Mobile Limited,,富智康集团有限公司: FIH Mobile Limited,2026-06-04T15:46:42.904725
02039,HK,akshare_eastmoney_company_profile,company_profile,"中国国际海运集装箱(集团)股份有限公司: China International Marine Containers (Group) Co., Ltd.",,"中国国际海运集装箱(集团)股份有限公司: China International Marine Containers (Group) Co., Ltd.",2026-06-04T15:46:42.999898
02048,HK,akshare_eastmoney_company_profile,company_profile,易居(中国)企业控股有限公司: E-House (China) Enterprise Holdings Limited,,易居(中国)企业控股有限公司: E-House (China) Enterprise Holdings Limited,2026-06-04T15:46:43.253037
02050,HK,akshare_eastmoney_company_profile,company_profile,"浙江三花智能控制股份有限公司: Zhejiang Sanhua Intelligent Controls Co.,Ltd.",,"浙江三花智能控制股份有限公司: Zhejiang Sanhua Intelligent Controls Co.,Ltd.",2026-06-04T15:46:43.383103
02051,HK,akshare_eastmoney_company_profile,company_profile,VALA: Vala Inc.,,VALA: Vala Inc.,2026-06-04T15:46:43.490173
02057,HK,akshare_eastmoney_company_profile,company_profile,中通快递(开曼)有限公司: ZTO Express (Cayman) Inc.,,中通快递(开曼)有限公司: ZTO Express (Cayman) Inc.,2026-06-04T15:46:43.591479
02060,HK,akshare_eastmoney_company_profile,company_profile,浦江国际集团有限公司: PUJIANG INTERNATIONAL GROUP LIMITED,,浦江国际集团有限公司: PUJIANG INTERNATIONAL GROUP LIMITED,2026-06-04T15:46:43.703474
02068,HK,akshare_eastmoney_company_profile,company_profile,中铝国际工程股份有限公司: China Aluminum International Engineering Corporation Limited,,中铝国际工程股份有限公司: China Aluminum International Engineering Corporation Limited,2026-06-04T15:46:43.801236
02076,HK,akshare_eastmoney_company_profile,company_profile,看准科技有限公司: KANZHUN LIMITED,,看准科技有限公司: KANZHUN LIMITED,2026-06-04T15:46:43.898789
02078,HK,akshare_eastmoney_company_profile,company_profile,荣阳实业集团有限公司: PanAsialum Holdings Company Limited,,荣阳实业集团有限公司: PanAsialum Holdings Company Limited,2026-06-04T15:46:44.004566
02080,HK,akshare_eastmoney_company_profile,company_profile,奥克斯国际控股有限公司: AUX International Holdings Limited,,奥克斯国际控股有限公司: AUX International Holdings Limited,2026-06-04T15:46:44.117211
02086,HK,akshare_eastmoney_company_profile,company_profile,高维科技投资集团有限公司: Leadway Technology Investment Group Limited,,高维科技投资集团有限公司: Leadway Technology Investment Group Limited,2026-06-04T15:46:44.217663
02088,HK,akshare_eastmoney_company_profile,company_profile,西王置业控股有限公司: Xiwang Property Holdings Company Limited,,西王置业控股有限公司: Xiwang Property Holdings Company Limited,2026-06-04T15:46:44.353464
02096,HK,akshare_eastmoney_company_profile,company_profile,先声药业集团有限公司: Simcere Pharmaceutical Group Limited,,先声药业集团有限公司: Simcere Pharmaceutical Group Limited,2026-06-04T15:46:44.454676
02097,HK,akshare_eastmoney_company_profile,company_profile,蜜雪冰城股份有限公司: MIXUE Group,,蜜雪冰城股份有限公司: MIXUE Group,2026-06-04T15:46:44.556965
02098,HK,akshare_eastmoney_company_profile,company_profile,卓尔智联集团有限公司: Zall Smart Commerce Group Ltd.,,卓尔智联集团有限公司: Zall Smart Commerce Group Ltd.,2026-06-04T15:46:44.648758
02099,HK,akshare_eastmoney_company_profile,company_profile,中国黄金国际资源有限公司: CHINA GOLD INTERNATIONAL RESOURCES CORP. LTD.,,中国黄金国际资源有限公司: CHINA GOLD INTERNATIONAL RESOURCES CORP. LTD.,2026-06-04T15:46:44.745519
02100,HK,akshare_eastmoney_company_profile,company_profile,百奥家庭互动有限公司: Baioo Family Interactive Limited,,百奥家庭互动有限公司: Baioo Family Interactive Limited,2026-06-04T15:46:44.848542
02101,HK,akshare_eastmoney_company_profile,company_profile,福禄控股有限公司: Fulu Holdings Limited,,福禄控股有限公司: Fulu Holdings Limited,2026-06-04T15:46:44.957342
02102,HK,akshare_eastmoney_company_profile,company_profile,德利机械控股有限公司: Tak Lee Machinery Holdings Limited,,德利机械控股有限公司: Tak Lee Machinery Holdings Limited,2026-06-04T15:46:45.062911
02105,HK,akshare_eastmoney_company_profile,company_profile,"来凯医药有限公司: Laekna, Inc.",,"来凯医药有限公司: Laekna, Inc.",2026-06-04T15:46:45.176502
02107,HK,akshare_eastmoney_company_profile,company_profile,第一服务控股有限公司: First Service Holding Limited,,第一服务控股有限公司: First Service Holding Limited,2026-06-04T15:46:45.278342
02108,HK,akshare_eastmoney_company_profile,company_profile,K2 F&B Holdings Limited: K2 F&B Holdings Limited,,K2 F&B Holdings Limited: K2 F&B Holdings Limited,2026-06-04T15:46:45.564717
02110,HK,akshare_eastmoney_company_profile,company_profile,天成控股有限公司: Tian Cheng Holdings Limited,,天成控股有限公司: Tian Cheng Holdings Limited,2026-06-04T15:46:45.659531
02111,HK,akshare_eastmoney_company_profile,company_profile,超盈国际控股有限公司: Best Pacific International Holdings Limited,,超盈国际控股有限公司: Best Pacific International Holdings Limited,2026-06-04T15:46:45.757373
02112,HK,akshare_eastmoney_company_profile,company_profile,恩典生命科技控股有限公司: Grace Life-tech Holdings Limited,,恩典生命科技控股有限公司: Grace Life-tech Holdings Limited,2026-06-04T15:46:45.857896
02113,HK,akshare_eastmoney_company_profile,company_profile,世纪集团国际控股有限公司: Century Group International Holdings Limited,,世纪集团国际控股有限公司: Century Group International Holdings Limited,2026-06-04T15:46:45.978549
02116,HK,akshare_eastmoney_company_profile,company_profile,江苏创新环保新材料有限公司: Jiangsu Innovative Ecological New Materials Limited,,江苏创新环保新材料有限公司: Jiangsu Innovative Ecological New Materials Limited,2026-06-04T15:46:46.138701
02119,HK,akshare_eastmoney_company_profile,company_profile,捷荣国际控股有限公司: Tsit Wing International Holdings Limited,,捷荣国际控股有限公司: Tsit Wing International Holdings Limited,2026-06-04T15:46:46.244844
02120,HK,akshare_eastmoney_company_profile,company_profile,"温州康宁医院股份有限公司: Wenzhou Kangning Hospital Co., Ltd.",,"温州康宁医院股份有限公司: Wenzhou Kangning Hospital Co., Ltd.",2026-06-04T15:46:46.354258
02121,HK,akshare_eastmoney_company_profile,company_profile,"创新奇智科技集团股份有限公司: AInnovation Technology Group Co., Ltd",,"创新奇智科技集团股份有限公司: AInnovation Technology Group Co., Ltd",2026-06-04T15:46:46.446896
02122,HK,akshare_eastmoney_company_profile,company_profile,凯知乐国际控股有限公司: Kidsland International Holdings Limited,,凯知乐国际控股有限公司: Kidsland International Holdings Limited,2026-06-04T15:46:46.541449
02125,HK,akshare_eastmoney_company_profile,company_profile,稻草熊娱乐集团: Strawbear Entertainment Group,,稻草熊娱乐集团: Strawbear Entertainment Group,2026-06-04T15:46:46.653700
02126,HK,akshare_eastmoney_company_profile,company_profile,药明巨诺(开曼)有限公司: JW (Cayman) Therapeutics Co. Ltd,,药明巨诺(开曼)有限公司: JW (Cayman) Therapeutics Co. Ltd,2026-06-04T15:46:46.747626
02127,HK,akshare_eastmoney_company_profile,company_profile,汇森股份集团有限公司: Huisen Shares Group Limited,,汇森股份集团有限公司: Huisen Shares Group Limited,2026-06-04T15:46:46.846323
02128,HK,akshare_eastmoney_company_profile,company_profile,中国联塑集团控股有限公司: China Lesso Group Holdings Limited,,中国联塑集团控股有限公司: China Lesso Group Holdings Limited,2026-06-04T15:46:46.945301
02129,HK,akshare_eastmoney_company_profile,company_profile,LEGION CONSORTIUM LIMITED: LEGION CONSORTIUM LIMITED,,LEGION CONSORTIUM LIMITED: LEGION CONSORTIUM LIMITED,2026-06-04T15:46:47.051601
02130,HK,akshare_eastmoney_company_profile,company_profile,嘉泓物流国际控股有限公司: CN Logistics International Holdings Limited,,嘉泓物流国际控股有限公司: CN Logistics International Holdings Limited,2026-06-04T15:46:47.154140
02131,HK,akshare_eastmoney_company_profile,company_profile,云想科技控股有限公司: NETJOY HOLDINGS LIMITED,,云想科技控股有限公司: NETJOY HOLDINGS LIMITED,2026-06-04T15:46:47.255380
02132,HK,akshare_eastmoney_company_profile,company_profile,誉燊丰控股有限公司: LANDRICH HOLDING LIMITED,,誉燊丰控股有限公司: LANDRICH HOLDING LIMITED,2026-06-04T15:46:47.352150
02135,HK,akshare_eastmoney_company_profile,company_profile,瑞丽医美国际控股有限公司: Raily Aesthetic Medicine International Holdings Limited,,瑞丽医美国际控股有限公司: Raily Aesthetic Medicine International Holdings Limited,2026-06-04T15:46:47.460779
02136,HK,akshare_eastmoney_company_profile,company_profile,利福中国集团有限公司: LIFESTYLE CHINA GROUP LIMITED,,利福中国集团有限公司: LIFESTYLE CHINA GROUP LIMITED,2026-06-04T15:46:47.568145
02137,HK,akshare_eastmoney_company_profile,company_profile,腾盛博药生物科技有限公司: Brii Biosciences Limited,,腾盛博药生物科技有限公司: Brii Biosciences Limited,2026-06-04T15:46:47.669430
02138,HK,akshare_eastmoney_company_profile,company_profile,医思健康: EC Healthcare,,医思健康: EC Healthcare,2026-06-04T15:46:47.776850
02139,HK,akshare_eastmoney_company_profile,company_profile,"甘肃银行股份有限公司: BANK OF GANSU CO.,LTD.",,"甘肃银行股份有限公司: BANK OF GANSU CO.,LTD.",2026-06-04T15:46:47.874315
02142,HK,akshare_eastmoney_company_profile,company_profile,和铂医药控股有限公司: HBM Holdings Limited,,和铂医药控股有限公司: HBM Holdings Limited,2026-06-04T15:46:48.022292
02145,HK,akshare_eastmoney_company_profile,company_profile,"上海上美化妆品股份有限公司: Shanghai Chicmax Cosmetic Co., Ltd.",,"上海上美化妆品股份有限公司: Shanghai Chicmax Cosmetic Co., Ltd.",2026-06-04T15:46:48.116980
02146,HK,akshare_eastmoney_company_profile,company_profile,"荣万家生活服务股份有限公司: Roiserv Lifestyle Services Co., Ltd.",,"荣万家生活服务股份有限公司: Roiserv Lifestyle Services Co., Ltd.",2026-06-04T15:46:48.267785
02147,HK,akshare_eastmoney_company_profile,company_profile,正味集团控股有限公司: Zhengwei Group Holdings Company Limited,,正味集团控股有限公司: Zhengwei Group Holdings Company Limited,2026-06-04T15:46:48.369856
02149,HK,akshare_eastmoney_company_profile,company_profile,"苏州贝克微电子股份有限公司: BaTeLab Co., Ltd.",,"苏州贝克微电子股份有限公司: BaTeLab Co., Ltd.",2026-06-04T15:46:48.573478
02150,HK,akshare_eastmoney_company_profile,company_profile,奈雪的茶控股有限公司: Nayuki Holdings Limited,,奈雪的茶控股有限公司: Nayuki Holdings Limited,2026-06-04T15:46:48.756878
02152,HK,akshare_eastmoney_company_profile,company_profile,"苏新美好生活服务股份有限公司: Suxin Joyful Life Services Co., Ltd.",,"苏新美好生活服务股份有限公司: Suxin Joyful Life Services Co., Ltd.",2026-06-04T15:46:48.863524
02153,HK,akshare_eastmoney_company_profile,company_profile,"达丰设备服务有限公司: Tat Hong Equipment Service Co., Ltd.",,"达丰设备服务有限公司: Tat Hong Equipment Service Co., Ltd.",2026-06-04T15:46:48.958080
02155,HK,akshare_eastmoney_company_profile,company_profile,森松国际控股有限公司: Morimatsu International Holdings Company Limited,,森松国际控股有限公司: Morimatsu International Holdings Company Limited,2026-06-04T15:46:49.066000
02156,HK,akshare_eastmoney_company_profile,company_profile,"建发物业管理集团有限公司: C&D Property Management Group Co., Ltd",,"建发物业管理集团有限公司: C&D Property Management Group Co., Ltd",2026-06-04T15:46:49.157580
02157,HK,akshare_eastmoney_company_profile,company_profile,"乐普生物科技股份有限公司: LEPU BIOPHARMA CO., LTD.",,"乐普生物科技股份有限公司: LEPU BIOPHARMA CO., LTD.",2026-06-04T15:46:49.255155
02158,HK,akshare_eastmoney_company_profile,company_profile,医渡科技有限公司: Yidu Tech Inc.,,医渡科技有限公司: Yidu Tech Inc.,2026-06-04T15:46:49.347187
02159,HK,akshare_eastmoney_company_profile,company_profile,麦迪卫康健康医疗管理科技股份有限公司: Mediwelcome Healthcare Management & Technology Inc.,,麦迪卫康健康医疗管理科技股份有限公司: Mediwelcome Healthcare Management & Technology Inc.,2026-06-04T15:46:49.447407
02160,HK,akshare_eastmoney_company_profile,company_profile,微创心通医疗科技有限公司: MICROPORT CARDIOFLOW MEDTECH CORPORATION,,微创心通医疗科技有限公司: MICROPORT CARDIOFLOW MEDTECH CORPORATION,2026-06-04T15:46:49.550386
02161,HK,akshare_eastmoney_company_profile,company_profile,健倍苗苗(保健)有限公司: JBM (HEALTHCARE) LIMITED,,健倍苗苗(保健)有限公司: JBM (HEALTHCARE) LIMITED,2026-06-04T15:46:49.654162
02162,HK,akshare_eastmoney_company_profile,company_profile,康诺亚生物医药科技有限公司: Keymed Biosciences Inc.,,康诺亚生物医药科技有限公司: Keymed Biosciences Inc.,2026-06-04T15:46:49.763821
02163,HK,akshare_eastmoney_company_profile,company_profile,"长沙远大住宅工业集团股份有限公司: Changsha Broad Homes Industrial Group Co., Ltd.",,"长沙远大住宅工业集团股份有限公司: Changsha Broad Homes Industrial Group Co., Ltd.",2026-06-04T15:46:49.863929
02165,HK,akshare_eastmoney_company_profile,company_profile,领悦服务集团有限公司: Ling Yue Services Group Limited,,领悦服务集团有限公司: Ling Yue Services Group Limited,2026-06-04T15:46:49.967610
02166,HK,akshare_eastmoney_company_profile,company_profile,芯智控股有限公司: SMART-CORE HOLDINGS LIMITED,,芯智控股有限公司: SMART-CORE HOLDINGS LIMITED,2026-06-04T15:46:50.069585
02167,HK,akshare_eastmoney_company_profile,company_profile,天润云股份有限公司: TI Cloud Inc.,,天润云股份有限公司: TI Cloud Inc.,2026-06-04T15:46:50.164702
02168,HK,akshare_eastmoney_company_profile,company_profile,佳兆业美好集团有限公司: Kaisa Prosperity Holdings Limited,,佳兆业美好集团有限公司: Kaisa Prosperity Holdings Limited,2026-06-04T15:46:50.310118
02169,HK,akshare_eastmoney_company_profile,company_profile,沧港铁路有限公司: Canggang Railway Limited,,沧港铁路有限公司: Canggang Railway Limited,2026-06-04T15:46:50.405024
02170,HK,akshare_eastmoney_company_profile,company_profile,苏州贝康医疗股份有限公司: Suzhou Basecare Medical Corporation Limited,,苏州贝康医疗股份有限公司: Suzhou Basecare Medical Corporation Limited,2026-06-04T15:46:50.501814
02171,HK,akshare_eastmoney_company_profile,company_profile,科济药业控股有限公司: CARsgen Therapeutics Holdings Limited,,科济药业控股有限公司: CARsgen Therapeutics Holdings Limited,2026-06-04T15:46:50.750596
02172,HK,akshare_eastmoney_company_profile,company_profile,微创脑科学有限公司: MicroPort NeuroScientific Corporation,,微创脑科学有限公司: MicroPort NeuroScientific Corporation,2026-06-04T15:46:50.843004
02175,HK,akshare_eastmoney_company_profile,company_profile,中国通才教育集团有限公司: China General Education Group Limited,,中国通才教育集团有限公司: China General Education Group Limited,2026-06-04T15:46:50.939168
02176,HK,akshare_eastmoney_company_profile,company_profile,赛迪顾问股份有限公司: CCID Consulting Co. Limited,,赛迪顾问股份有限公司: CCID Consulting Co. Limited,2026-06-04T15:46:51.135417
02177,HK,akshare_eastmoney_company_profile,company_profile,优趣汇控股有限公司: UNQ Holdings Limited,,优趣汇控股有限公司: UNQ Holdings Limited,2026-06-04T15:46:51.232658
02178,HK,akshare_eastmoney_company_profile,company_profile,百勤油田服务有限公司: Petro-king Oilfield Services Limited,,百勤油田服务有限公司: Petro-king Oilfield Services Limited,2026-06-04T15:46:51.325459
02179,HK,akshare_eastmoney_company_profile,company_profile,"江苏瑞科生物技术股份有限公司: Jiangsu Recbio Technology Co., Ltd.",,"江苏瑞科生物技术股份有限公司: Jiangsu Recbio Technology Co., Ltd.",2026-06-04T15:46:51.431049
02180,HK,akshare_eastmoney_company_profile,company_profile,万宝盛华大中华有限公司: MANPOWERGROUP GREATER CHINA LIMITED,,万宝盛华大中华有限公司: MANPOWERGROUP GREATER CHINA LIMITED,2026-06-04T15:46:51.540558
02181,HK,akshare_eastmoney_company_profile,company_profile,迈博药业有限公司: Mabpharm Limited,,迈博药业有限公司: Mabpharm Limited,2026-06-04T15:46:51.646876
02182,HK,akshare_eastmoney_company_profile,company_profile,天长集团控股有限公司: Tian Chang Group Holdings Ltd.,,天长集团控股有限公司: Tian Chang Group Holdings Ltd.,2026-06-04T15:46:51.761549
02185,HK,akshare_eastmoney_company_profile,company_profile,"上海百心安生物技术股份有限公司: Shanghai Bio-heart Biological Technology Co., Ltd.",,"上海百心安生物技术股份有限公司: Shanghai Bio-heart Biological Technology Co., Ltd.",2026-06-04T15:46:51.860894
02186,HK,akshare_eastmoney_company_profile,company_profile,绿叶制药集团有限公司: LUYE PHARMA GROUP LTD.,,绿叶制药集团有限公司: LUYE PHARMA GROUP LTD.,2026-06-04T15:46:51.958340
02187,HK,akshare_eastmoney_company_profile,company_profile,智欣集团控股有限公司: Zhixin Group Holding Limited,,智欣集团控股有限公司: Zhixin Group Holding Limited,2026-06-04T15:46:52.070199
02188,HK,akshare_eastmoney_company_profile,company_profile,"中国泰坦能源技术集团有限公司: China Titans Energy Technology Group Co., Ltd",,"中国泰坦能源技术集团有限公司: China Titans Energy Technology Group Co., Ltd",2026-06-04T15:46:52.317345
02189,HK,akshare_eastmoney_company_profile,company_profile,嘉涛(香港)控股有限公司: Kato (Hong Kong) Holdings Limited,,嘉涛(香港)控股有限公司: Kato (Hong Kong) Holdings Limited,2026-06-04T15:46:52.560316
02190,HK,akshare_eastmoney_company_profile,company_profile,"归创通桥医疗科技股份有限公司: Zylox-Tonbridge Medical Technology Co., Ltd.",,"归创通桥医疗科技股份有限公司: Zylox-Tonbridge Medical Technology Co., Ltd.",2026-06-04T15:46:52.659104
02192,HK,akshare_eastmoney_company_profile,company_profile,"医脉通科技有限公司: Medlive Technology Co., Ltd.",,"医脉通科技有限公司: Medlive Technology Co., Ltd.",2026-06-04T15:46:52.753658
02193,HK,akshare_eastmoney_company_profile,company_profile,万景控股有限公司: MAN KING HOLDINGS LIMITED,,万景控股有限公司: MAN KING HOLDINGS LIMITED,2026-06-04T15:46:52.846919
02195,HK,akshare_eastmoney_company_profile,company_profile,盈汇企业控股有限公司: Unity Enterprise Holdings Limited,,盈汇企业控股有限公司: Unity Enterprise Holdings Limited,2026-06-04T15:46:52.958434
02196,HK,akshare_eastmoney_company_profile,company_profile,"上海复星医药(集团)股份有限公司: Shanghai Fosun Pharmaceutical (Group) Co.,Ltd.",,"上海复星医药(集团)股份有限公司: Shanghai Fosun Pharmaceutical (Group) Co.,Ltd.",2026-06-04T15:46:53.129200
02197,HK,akshare_eastmoney_company_profile,company_profile,"三叶草生物制药有限公司: Clover Biopharmaceuticals, Ltd.",,"三叶草生物制药有限公司: Clover Biopharmaceuticals, Ltd.",2026-06-04T15:46:53.227590
02198,HK,akshare_eastmoney_company_profile,company_profile,中国三江精细化工有限公司: CHINA SANJIANG FINE CHEMICALS COMPANY LIMITED,,中国三江精细化工有限公司: CHINA SANJIANG FINE CHEMICALS COMPANY LIMITED,2026-06-04T15:46:53.586371
02199,HK,akshare_eastmoney_company_profile,company_profile,维珍妮国际(控股)有限公司: Regina Miracle International (Holdings) Limited,,维珍妮国际(控股)有限公司: Regina Miracle International (Holdings) Limited,2026-06-04T15:46:53.683189
02202,HK,akshare_eastmoney_company_profile,company_profile,"万科企业股份有限公司: CHINA VANKE CO., LTD.",,"万科企业股份有限公司: CHINA VANKE CO., LTD.",2026-06-04T15:46:53.779166
02203,HK,akshare_eastmoney_company_profile,company_profile,脑洞科技有限公司: Brainhole Technology Limited,,脑洞科技有限公司: Brainhole Technology Limited,2026-06-04T15:46:53.891567
02205,HK,akshare_eastmoney_company_profile,company_profile,康桥悦生活集团有限公司: Kangqiao Service Group Limited,,康桥悦生活集团有限公司: Kangqiao Service Group Limited,2026-06-04T15:46:53.995952
02208,HK,akshare_eastmoney_company_profile,company_profile,"金风科技股份有限公司: GOLDWIND SCIENCE&TECHNOLOGY CO., LTD.",,"金风科技股份有限公司: GOLDWIND SCIENCE&TECHNOLOGY CO., LTD.",2026-06-04T15:46:54.101631
02209,HK,akshare_eastmoney_company_profile,company_profile,喆丽控股有限公司: YesAsia Holdings Limited,,喆丽控股有限公司: YesAsia Holdings Limited,2026-06-04T15:46:54.209385
02210,HK,akshare_eastmoney_company_profile,company_profile,"北京京城佳业物业股份有限公司: Beijing Capital Jiaye Property Services Co., Limited",,"北京京城佳业物业股份有限公司: Beijing Capital Jiaye Property Services Co., Limited",2026-06-04T15:46:54.312349
02211,HK,akshare_eastmoney_company_profile,company_profile,大健康国际集团控股有限公司: Universal Health International Group Holding Limited,,大健康国际集团控股有限公司: Universal Health International Group Holding Limited,2026-06-04T15:46:54.449246
02212,HK,akshare_eastmoney_company_profile,company_profile,高鹏矿业控股有限公司: Future Bright Mining Holdings Limited,,高鹏矿业控股有限公司: Future Bright Mining Holdings Limited,2026-06-04T15:46:54.554144
02215,HK,akshare_eastmoney_company_profile,company_profile,德信服务集团有限公司: Dexin Services Group Limited,,德信服务集团有限公司: Dexin Services Group Limited,2026-06-04T15:46:54.804669
02216,HK,akshare_eastmoney_company_profile,company_profile,堃博医疗控股有限公司: Broncus Holding Corporation,,堃博医疗控股有限公司: Broncus Holding Corporation,2026-06-04T15:46:54.895560
02218,HK,akshare_eastmoney_company_profile,company_profile,"烟台北方安德利果汁股份有限公司: Yantai North Andre Juice Co., Ltd.",,"烟台北方安德利果汁股份有限公司: Yantai North Andre Juice Co., Ltd.",2026-06-04T15:46:54.993241
02219,HK,akshare_eastmoney_company_profile,company_profile,朝聚眼科医疗控股有限公司: Chaoju Eye Care Holdings Limited,,朝聚眼科医疗控股有限公司: Chaoju Eye Care Holdings Limited,2026-06-04T15:46:55.114977
02221,HK,akshare_eastmoney_company_profile,company_profile,创业集团(控股)有限公司: NEW CONCEPTS HOLDINGS LIMITED,,创业集团(控股)有限公司: NEW CONCEPTS HOLDINGS LIMITED,2026-06-04T15:46:55.363252
02222,HK,akshare_eastmoney_company_profile,company_profile,雷士国际控股有限公司: NVC International Holdings Limited,,雷士国际控股有限公司: NVC International Holdings Limited,2026-06-04T15:46:55.462761
02223,HK,akshare_eastmoney_company_profile,company_profile,卡撒天娇集团有限公司: Casablanca Group Limited,,卡撒天娇集团有限公司: Casablanca Group Limited,2026-06-04T15:46:55.568506
02225,HK,akshare_eastmoney_company_profile,company_profile,今海医疗科技股份有限公司: Jinhai Medical Technology Limited,,今海医疗科技股份有限公司: Jinhai Medical Technology Limited,2026-06-04T15:46:55.668154
02226,HK,akshare_eastmoney_company_profile,company_profile,老恒和酿造有限公司: Honworld Group Limited,,老恒和酿造有限公司: Honworld Group Limited,2026-06-04T15:46:55.767415
02227,HK,akshare_eastmoney_company_profile,company_profile,守益控股有限公司: SOLIS HOLDINGS LIMITED,,守益控股有限公司: SOLIS HOLDINGS LIMITED,2026-06-04T15:46:55.872928
02228,HK,akshare_eastmoney_company_profile,company_profile,晶泰控股有限公司: XtalPi Holdings Limited,,晶泰控股有限公司: XtalPi Holdings Limited,2026-06-04T15:46:55.974247
02230,HK,akshare_eastmoney_company_profile,company_profile,羚邦集团有限公司: MEDIALINK GROUP LIMITED,,羚邦集团有限公司: MEDIALINK GROUP LIMITED,2026-06-04T15:46:56.074289
02231,HK,akshare_eastmoney_company_profile,company_profile,景业名邦集团控股有限公司: JY GRANDMARK HOLDINGS LIMITED,,景业名邦集团控股有限公司: JY GRANDMARK HOLDINGS LIMITED,2026-06-04T15:46:56.274447
02232,HK,akshare_eastmoney_company_profile,company_profile,晶苑国际集团有限公司: Crystal International Group Limited,,晶苑国际集团有限公司: Crystal International Group Limited,2026-06-04T15:46:56.446848
02233,HK,akshare_eastmoney_company_profile,company_profile,中国西部水泥有限公司: WEST CHINA CEMENT LIMITED,,中国西部水泥有限公司: WEST CHINA CEMENT LIMITED,2026-06-04T15:46:56.549365
02235,HK,akshare_eastmoney_company_profile,company_profile,"微泰医疗器械(杭州)股份有限公司: MicroTech Medical (Hangzhou) Co., Ltd.",,"微泰医疗器械(杭州)股份有限公司: MicroTech Medical (Hangzhou) Co., Ltd.",2026-06-04T15:46:56.657502
02236,HK,akshare_eastmoney_company_profile,company_profile,惠生工程技术服务有限公司: WISON ENGINEERING SERVICES CO. LTD.,,惠生工程技术服务有限公司: WISON ENGINEERING SERVICES CO. LTD.,2026-06-04T15:46:56.749416
02237,HK,akshare_eastmoney_company_profile,company_profile,中国石墨集团有限公司: China Graphite Group Limited,,中国石墨集团有限公司: China Graphite Group Limited,2026-06-04T15:46:56.844225
02238,HK,akshare_eastmoney_company_profile,company_profile,"广州汽车集团股份有限公司: GUANGZHOU AUTOMOBILE GROUP CO., LTD",,"广州汽车集团股份有限公司: GUANGZHOU AUTOMOBILE GROUP CO., LTD",2026-06-04T15:46:56.941253
02239,HK,akshare_eastmoney_company_profile,company_profile,国微控股有限公司: SMIT HOLDINGS LIMITED,,国微控股有限公司: SMIT HOLDINGS LIMITED,2026-06-04T15:46:57.066687
02245,HK,akshare_eastmoney_company_profile,company_profile,"宁波力勤资源科技股份有限公司: Lygend Resources & Technology Co., Ltd.",,"宁波力勤资源科技股份有限公司: Lygend Resources & Technology Co., Ltd.",2026-06-04T15:46:57.193229
02246,HK,akshare_eastmoney_company_profile,company_profile,快狗打车控股有限公司: GOGOX HOLDINGS LIMITED,,快狗打车控股有限公司: GOGOX HOLDINGS LIMITED,2026-06-04T15:46:57.292642
02250,HK,akshare_eastmoney_company_profile,company_profile,小黄鸭德盈控股国际有限公司: B.Duck Semk Holdings Inter national Limited,,小黄鸭德盈控股国际有限公司: B.Duck Semk Holdings Inter national Limited,2026-06-04T15:46:57.464025
02251,HK,akshare_eastmoney_company_profile,company_profile,"北京鹰瞳科技发展股份有限公司: Beijing Airdoc Technology Co., Ltd.",,"北京鹰瞳科技发展股份有限公司: Beijing Airdoc Technology Co., Ltd.",2026-06-04T15:46:57.570197
02252,HK,akshare_eastmoney_company_profile,company_profile,"上海微创医疗机器人(集团)股份有限公司: Shanghai MicroPort MedBot (Group) Co., Ltd.",,"上海微创医疗机器人(集团)股份有限公司: Shanghai MicroPort MedBot (Group) Co., Ltd.",2026-06-04T15:46:57.675998
02255,HK,akshare_eastmoney_company_profile,company_profile,海昌海洋公园控股有限公司: Haichang Ocean Park Holdings Ltd.,,海昌海洋公园控股有限公司: Haichang Ocean Park Holdings Ltd.,2026-06-04T15:46:57.777894
02256,HK,akshare_eastmoney_company_profile,company_profile,和誉开曼有限责任公司: Abbisko Cayman Limited,,和誉开曼有限责任公司: Abbisko Cayman Limited,2026-06-04T15:46:57.882960
02257,HK,akshare_eastmoney_company_profile,company_profile,圣诺医药: Sirnaomics Ltd.,,圣诺医药: Sirnaomics Ltd.,2026-06-04T15:46:58.012546
02258,HK,akshare_eastmoney_company_profile,company_profile,华滋国际海洋股份有限公司: Watts International Maritime Company Limited,,华滋国际海洋股份有限公司: Watts International Maritime Company Limited,2026-06-04T15:46:58.122901
02259,HK,akshare_eastmoney_company_profile,company_profile,紫金黄金国际有限公司: ZIJIN GOLD INTERNATIONAL COMPANY LIMITED,,紫金黄金国际有限公司: ZIJIN GOLD INTERNATIONAL COMPANY LIMITED,2026-06-04T15:46:58.218742
02260,HK,akshare_eastmoney_company_profile,company_profile,环龙控股有限公司: Vanov Holdings Company Limited,,环龙控股有限公司: Vanov Holdings Company Limited,2026-06-04T15:46:58.316448
02262,HK,akshare_eastmoney_company_profile,company_profile,梁志天设计集团有限公司: STEVE LEUNG DESIGN GROUP LIMITED,,梁志天设计集团有限公司: STEVE LEUNG DESIGN GROUP LIMITED,2026-06-04T15:46:58.422568
02263,HK,akshare_eastmoney_company_profile,company_profile,富石金融控股有限公司: Fu Shek Financial Holdings Limited,,富石金融控股有限公司: Fu Shek Financial Holdings Limited,2026-06-04T15:46:58.725576
02265,HK,akshare_eastmoney_company_profile,company_profile,鸿承环保科技有限公司: HONGCHENG ENVIRONMENTAL TECHNOLOGY COMPANY LIMITED,,鸿承环保科技有限公司: HONGCHENG ENVIRONMENTAL TECHNOLOGY COMPANY LIMITED,2026-06-04T15:46:58.829156
02266,HK,akshare_eastmoney_company_profile,company_profile,黎氏企业控股有限公司: Lai Si Enterprise Holding Limited,,黎氏企业控股有限公司: Lai Si Enterprise Holding Limited,2026-06-04T15:46:58.932768
02268,HK,akshare_eastmoney_company_profile,company_profile,药明合联生物技术有限公司: WuXi XDC Cayman Inc.,,药明合联生物技术有限公司: WuXi XDC Cayman Inc.,2026-06-04T15:46:59.034313
02269,HK,akshare_eastmoney_company_profile,company_profile,药明生物技术有限公司: WUXI BIOLOGICS (CAYMAN) INC.,,药明生物技术有限公司: WUXI BIOLOGICS (CAYMAN) INC.,2026-06-04T15:46:59.130896
02270,HK,akshare_eastmoney_company_profile,company_profile,"德商产投服务集团有限公司: Desun Real Estate Investment Services Group Co., Ltd.",,"德商产投服务集团有限公司: Desun Real Estate Investment Services Group Co., Ltd.",2026-06-04T15:46:59.223154
02271,HK,akshare_eastmoney_company_profile,company_profile,众安智慧生活服务有限公司: Zhong An Intelligent Living Service Limited,,众安智慧生活服务有限公司: Zhong An Intelligent Living Service Limited,2026-06-04T15:46:59.412038
02273,HK,akshare_eastmoney_company_profile,company_profile,固生堂控股有限公司: GUSHENGTANG HOLDINGS LIMITED,,固生堂控股有限公司: GUSHENGTANG HOLDINGS LIMITED,2026-06-04T15:46:59.520103
02276,HK,akshare_eastmoney_company_profile,company_profile,"上海康耐特光学科技集团股份有限公司: Shanghai Conant Optical Co., Ltd.",,"上海康耐特光学科技集团股份有限公司: Shanghai Conant Optical Co., Ltd.",2026-06-04T15:46:59.621872
02279,HK,akshare_eastmoney_company_profile,company_profile,"雍禾医疗集团有限公司: Yonghe Medical Group Co., Ltd.",,"雍禾医疗集团有限公司: Yonghe Medical Group Co., Ltd.",2026-06-04T15:46:59.718620
02280,HK,akshare_eastmoney_company_profile,company_profile,慧聪集团有限公司: HC Group Inc.,,慧聪集团有限公司: HC Group Inc.,2026-06-04T15:46:59.816971
02281,HK,akshare_eastmoney_company_profile,company_profile,"泸州市兴泸水务(集团)股份有限公司: Luzhou Xinglu Water (Group) Co., Ltd.",,"泸州市兴泸水务(集团)股份有限公司: Luzhou Xinglu Water (Group) Co., Ltd.",2026-06-04T15:46:59.921733
02282,HK,akshare_eastmoney_company_profile,company_profile,美高梅中国控股有限公司: MGM China Holdings Limited,,美高梅中国控股有限公司: MGM China Holdings Limited,2026-06-04T15:47:00.025659
02283,HK,akshare_eastmoney_company_profile,company_profile,东江集团(控股)有限公司: TK GROUP (HOLDINGS) LIMITED,,东江集团(控股)有限公司: TK GROUP (HOLDINGS) LIMITED,2026-06-04T15:47:00.125820
02285,HK,akshare_eastmoney_company_profile,company_profile,泉峰控股有限公司: Chervon Holdings Limited,,泉峰控股有限公司: Chervon Holdings Limited,2026-06-04T15:47:00.220893
02286,HK,akshare_eastmoney_company_profile,company_profile,辰兴发展控股有限公司: Chen Xing Development Holdings Limited,,辰兴发展控股有限公司: Chen Xing Development Holdings Limited,2026-06-04T15:47:00.456843
02288,HK,akshare_eastmoney_company_profile,company_profile,宏基资本有限公司: Rykadan Capital Limited,,宏基资本有限公司: Rykadan Capital Limited,2026-06-04T15:47:00.609383
02289,HK,akshare_eastmoney_company_profile,company_profile,"创美药业股份有限公司: Charmacy Pharmaceutical Co., Ltd.",,"创美药业股份有限公司: Charmacy Pharmaceutical Co., Ltd.",2026-06-04T15:47:00.776203
02291,HK,akshare_eastmoney_company_profile,company_profile,"乐普心泰医疗科技(上海)股份有限公司: LEPU SCIENTECH MEDICAL TECHNOLOGY (SHANGHAI) CO., LTD.",,"乐普心泰医疗科技(上海)股份有限公司: LEPU SCIENTECH MEDICAL TECHNOLOGY (SHANGHAI) CO., LTD.",2026-06-04T15:47:01.080871
02293,HK,akshare_eastmoney_company_profile,company_profile,百本医护控股有限公司: BAMBOOS HEALTH CARE HOLDINGS LIMITED,,百本医护控股有限公司: BAMBOOS HEALTH CARE HOLDINGS LIMITED,2026-06-04T15:47:01.196706
02295,HK,akshare_eastmoney_company_profile,company_profile,丰城控股有限公司: Maxicity Holdings Limited,,丰城控股有限公司: Maxicity Holdings Limited,2026-06-04T15:47:01.818984
02297,HK,akshare_eastmoney_company_profile,company_profile,润迈德医疗有限公司: Rainmed Medical Limited,,润迈德医疗有限公司: Rainmed Medical Limited,2026-06-04T15:47:02.311309
02298,HK,akshare_eastmoney_company_profile,company_profile,都市丽人(中国)控股有限公司: Cosmo Lady (China) Holdings Company Limited,,都市丽人(中国)控股有限公司: Cosmo Lady (China) Holdings Company Limited,2026-06-04T15:47:02.976878
02299,HK,akshare_eastmoney_company_profile,company_profile,百宏实业控股有限公司: BILLION INDUSTRIAL HOLDINGS LIMITED,,百宏实业控股有限公司: BILLION INDUSTRIAL HOLDINGS LIMITED,2026-06-04T15:47:03.347794
02302,HK,akshare_eastmoney_company_profile,company_profile,中核国际有限公司: CNNC International Limited,,中核国际有限公司: CNNC International Limited,2026-06-04T15:47:03.455827
02306,HK,akshare_eastmoney_company_profile,company_profile,乐华娱乐集团: YH Entertainment Group,,乐华娱乐集团: YH Entertainment Group,2026-06-04T15:47:03.558525
02307,HK,akshare_eastmoney_company_profile,company_profile,锦兴国际控股有限公司: Kam Hing International Holdings Limited,,锦兴国际控股有限公司: Kam Hing International Holdings Limited,2026-06-04T15:47:03.662305
02309,HK,akshare_eastmoney_company_profile,company_profile,大象未来集团: ZO Future Group,,大象未来集团: ZO Future Group,2026-06-04T15:47:03.758427
02310,HK,akshare_eastmoney_company_profile,company_profile,时代环球集团控股有限公司: Times Universal Group Holdings Limited,,时代环球集团控股有限公司: Times Universal Group Holdings Limited,2026-06-04T15:47:03.850820
02312,HK,akshare_eastmoney_company_profile,company_profile,Long 投资集团: Long Investment Corp,,Long 投资集团: Long Investment Corp,2026-06-04T15:47:04.000216
02313,HK,akshare_eastmoney_company_profile,company_profile,申洲国际集团控股有限公司: Shenzhou International Group Holdings Ltd.,,申洲国际集团控股有限公司: Shenzhou International Group Holdings Ltd.,2026-06-04T15:47:04.113932
02314,HK,akshare_eastmoney_company_profile,company_profile,理文造纸有限公司: Lee & Man Paper Manufacturing Ltd.,,理文造纸有限公司: Lee & Man Paper Manufacturing Ltd.,2026-06-04T15:47:04.201219
02315,HK,akshare_eastmoney_company_profile,company_profile,"百奥赛图(北京)医药科技股份有限公司: Biocytogen Pharmaceuticals (Beijing) Co., Ltd.",,"百奥赛图(北京)医药科技股份有限公司: Biocytogen Pharmaceuticals (Beijing) Co., Ltd.",2026-06-04T15:47:04.387359
02317,HK,akshare_eastmoney_company_profile,company_profile,味丹国际(控股)有限公司: Vedan International (Holdings) Ltd.,,味丹国际(控股)有限公司: Vedan International (Holdings) Ltd.,2026-06-04T15:47:04.487793
02318,HK,akshare_eastmoney_company_profile,company_profile,"中国平安保险(集团)股份有限公司: Ping An Insurance (Group) Company of China, Ltd.",,"中国平安保险(集团)股份有限公司: Ping An Insurance (Group) Company of China, Ltd.",2026-06-04T15:47:04.586786
02319,HK,akshare_eastmoney_company_profile,company_profile,中国蒙牛乳业有限公司: China Mengniu Dairy Company Limited,,中国蒙牛乳业有限公司: China Mengniu Dairy Company Limited,2026-06-04T15:47:04.689966
02320,HK,akshare_eastmoney_company_profile,company_profile,合丰集团控股有限公司: Hop Fung Group Holdings Ltd.,,合丰集团控股有限公司: Hop Fung Group Holdings Ltd.,2026-06-04T15:47:04.813328
02321,HK,akshare_eastmoney_company_profile,company_profile,双财庄有限公司: Swang Chai Chuan Limited,,双财庄有限公司: Swang Chai Chuan Limited,2026-06-04T15:47:04.903686
02322,HK,akshare_eastmoney_company_profile,company_profile,新质数字科技有限公司: Modern Innovative Digital Technology Company Limited,,新质数字科技有限公司: Modern Innovative Digital Technology Company Limited,2026-06-04T15:47:05.001834
02323,HK,akshare_eastmoney_company_profile,company_profile,融科控股集团有限公司: Renco Holdings Group Limited,,融科控股集团有限公司: Renco Holdings Group Limited,2026-06-04T15:47:05.105307
02324,HK,akshare_eastmoney_company_profile,company_profile,首都创投有限公司: Capital VC Limited,,首都创投有限公司: Capital VC Limited,2026-06-04T15:47:05.251370
02325,HK,akshare_eastmoney_company_profile,company_profile,云康集团有限公司: Yunkang Group Limited,,云康集团有限公司: Yunkang Group Limited,2026-06-04T15:47:05.350214
02326,HK,akshare_eastmoney_company_profile,company_profile,新源万恒控股有限公司: New Provenance Everlasting Holdings Limited,,新源万恒控股有限公司: New Provenance Everlasting Holdings Limited,2026-06-04T15:47:05.455056
02327,HK,akshare_eastmoney_company_profile,company_profile,美瑞健康国际产业集团有限公司: Meilleure Health International Industry Group Limited,,美瑞健康国际产业集团有限公司: Meilleure Health International Industry Group Limited,2026-06-04T15:47:05.563642
02328,HK,akshare_eastmoney_company_profile,company_profile,中国人民财产保险股份有限公司: PICC Property and Casualty Company Limited,,中国人民财产保险股份有限公司: PICC Property and Casualty Company Limited,2026-06-04T15:47:05.659377
02329,HK,akshare_eastmoney_company_profile,company_profile,国瑞健康产业有限公司: Glory Health Industry Limited,,国瑞健康产业有限公司: Glory Health Industry Limited,2026-06-04T15:47:05.759020
02330,HK,akshare_eastmoney_company_profile,company_profile,中国上城集团有限公司: China Uptown Group Company Limited,,中国上城集团有限公司: China Uptown Group Company Limited,2026-06-04T15:47:05.854395
02331,HK,akshare_eastmoney_company_profile,company_profile,李宁有限公司: LI NING COMPANY LIMITED,,李宁有限公司: LI NING COMPANY LIMITED,2026-06-04T15:47:05.946763
02333,HK,akshare_eastmoney_company_profile,company_profile,长城汽车股份有限公司: Great Wall Motor Company Limited,,长城汽车股份有限公司: Great Wall Motor Company Limited,2026-06-04T15:47:06.043844
02336,HK,akshare_eastmoney_company_profile,company_profile,硕奥国际控股有限公司: Shuoao International Holdings Limited,,硕奥国际控股有限公司: Shuoao International Holdings Limited,2026-06-04T15:47:06.141679
02337,HK,akshare_eastmoney_company_profile,company_profile,众诚能源控股有限公司: UNITED STRENGTH POWER HOLDINGS LIMITED,,众诚能源控股有限公司: UNITED STRENGTH POWER HOLDINGS LIMITED,2026-06-04T15:47:06.244108
02338,HK,akshare_eastmoney_company_profile,company_profile,"潍柴动力股份有限公司: Weichai Power Co., Ltd.",,"潍柴动力股份有限公司: Weichai Power Co., Ltd.",2026-06-04T15:47:06.355654
02339,HK,akshare_eastmoney_company_profile,company_profile,京西重工国际有限公司: BeijingWest Industries International Limited,,京西重工国际有限公司: BeijingWest Industries International Limited,2026-06-04T15:47:06.464569
02340,HK,akshare_eastmoney_company_profile,company_profile,昇柏控股有限公司: ISP Holdings Limited,,昇柏控股有限公司: ISP Holdings Limited,2026-06-04T15:47:06.571459
02342,HK,akshare_eastmoney_company_profile,company_profile,京信通信系统控股有限公司: Comba Telecom Systems Holdings Ltd.,,京信通信系统控股有限公司: Comba Telecom Systems Holdings Ltd.,2026-06-04T15:47:06.670566
02343,HK,akshare_eastmoney_company_profile,company_profile,太平洋航运集团有限公司: Pacific Basin Shipping Limited,,太平洋航运集团有限公司: Pacific Basin Shipping Limited,2026-06-04T15:47:06.815349
02347,HK,akshare_eastmoney_company_profile,company_profile,友和集团控股有限公司: Yoho Group Holdings Limited,,友和集团控股有限公司: Yoho Group Holdings Limited,2026-06-04T15:47:06.997351
02348,HK,akshare_eastmoney_company_profile,company_profile,东瑞制药(控股)有限公司: Dawnrays Pharmaceutical (Holdings) Ltd,,东瑞制药(控股)有限公司: Dawnrays Pharmaceutical (Holdings) Ltd,2026-06-04T15:47:07.155169
02349,HK,akshare_eastmoney_company_profile,company_profile,中国城市基础设施集团有限公司: China City Infrastructure Group Limited,,中国城市基础设施集团有限公司: China City Infrastructure Group Limited,2026-06-04T15:47:07.261607
02350,HK,akshare_eastmoney_company_profile,company_profile,数科集团控股有限公司: MTT GROUP HOLDINGS LIMITED,,数科集团控股有限公司: MTT GROUP HOLDINGS LIMITED,2026-06-04T15:47:07.359164
02352,HK,akshare_eastmoney_company_profile,company_profile,东原仁知城市运营服务集团股份有限公司: DOWELL SERVICE GROUP CO. LIMITED,,东原仁知城市运营服务集团股份有限公司: DOWELL SERVICE GROUP CO. LIMITED,2026-06-04T15:47:07.456431
02355,HK,akshare_eastmoney_company_profile,company_profile,宝业集团股份有限公司: Baoye Group Co. Limited,,宝业集团股份有限公司: Baoye Group Co. Limited,2026-06-04T15:47:07.555021
02356,HK,akshare_eastmoney_company_profile,company_profile,大新银行集团有限公司: Dah Sing Banking Group Ltd.,,大新银行集团有限公司: Dah Sing Banking Group Ltd.,2026-06-04T15:47:07.649887
02357,HK,akshare_eastmoney_company_profile,company_profile,中国航空科技工业股份有限公司: AviChina Industry & Technology Company Limited,,中国航空科技工业股份有限公司: AviChina Industry & Technology Company Limited,2026-06-04T15:47:07.754520
02358,HK,akshare_eastmoney_company_profile,company_profile,久融控股有限公司: Jiu Rong Holdings Limited,,久融控股有限公司: Jiu Rong Holdings Limited,2026-06-04T15:47:07.837687
02359,HK,akshare_eastmoney_company_profile,company_profile,"无锡药明康德新药开发股份有限公司: WuXi AppTec Co., Ltd.",,"无锡药明康德新药开发股份有限公司: WuXi AppTec Co., Ltd.",2026-06-04T15:47:07.928309
02360,HK,akshare_eastmoney_company_profile,company_profile,优品360控股有限公司: Best Mart 360 Holdings Limited,,优品360控股有限公司: Best Mart 360 Holdings Limited,2026-06-04T15:47:08.026129
02361,HK,akshare_eastmoney_company_profile,company_profile,中康科技控股有限公司: Sinohealth Technology Holdings Limited,,中康科技控股有限公司: Sinohealth Technology Holdings Limited,2026-06-04T15:47:08.135291
02362,HK,akshare_eastmoney_company_profile,company_profile,金川集团国际资源有限公司: Jinchuan Group International Resources Co. Ltd,,金川集团国际资源有限公司: Jinchuan Group International Resources Co. Ltd,2026-06-04T15:47:08.239737
02363,HK,akshare_eastmoney_company_profile,company_profile,通达宏泰控股有限公司: Tongda Hong Tai Holdings Limited,,通达宏泰控股有限公司: Tongda Hong Tai Holdings Limited,2026-06-04T15:47:08.598174
02367,HK,akshare_eastmoney_company_profile,company_profile,"巨子生物控股有限公司: GIANT BIOGENE HOLDING CO., LTD",,"巨子生物控股有限公司: GIANT BIOGENE HOLDING CO., LTD",2026-06-04T15:47:08.695904
02368,HK,akshare_eastmoney_company_profile,company_profile,鹰美(国际)控股有限公司: Eagle Nice (International) Holdings Ltd.,,鹰美(国际)控股有限公司: Eagle Nice (International) Holdings Ltd.,2026-06-04T15:47:08.861621
02369,HK,akshare_eastmoney_company_profile,company_profile,酷派集团有限公司: Coolpad Group Limited,,酷派集团有限公司: Coolpad Group Limited,2026-06-04T15:47:08.954146
02370,HK,akshare_eastmoney_company_profile,company_profile,力高健康生活有限公司: Redco Healthy Living Company Limited,,力高健康生活有限公司: Redco Healthy Living Company Limited,2026-06-04T15:47:09.056211
02371,HK,akshare_eastmoney_company_profile,company_profile,创联控股有限公司: Chuanglian Holdings Limited,,创联控股有限公司: Chuanglian Holdings Limited,2026-06-04T15:47:09.157878
02372,HK,akshare_eastmoney_company_profile,company_profile,伟立控股有限公司: WEIli Holdings Limited,,伟立控股有限公司: WEIli Holdings Limited,2026-06-04T15:47:09.264134
02373,HK,akshare_eastmoney_company_profile,company_profile,美丽田园医疗健康产业有限公司: Beauty Farm Medical and Health Industry Inc.,,美丽田园医疗健康产业有限公司: Beauty Farm Medical and Health Industry Inc.,2026-06-04T15:47:09.395305
02376,HK,akshare_eastmoney_company_profile,company_profile,"鲁商生活服务股份有限公司: Lushang Life Services Co., Ltd.",,"鲁商生活服务股份有限公司: Lushang Life Services Co., Ltd.",2026-06-04T15:47:10.924230
02377,HK,akshare_eastmoney_company_profile,company_profile,"中国博奇环保(控股)有限公司: China Boqi Environmental (Holding) Co., Ltd.",,"中国博奇环保(控股)有限公司: China Boqi Environmental (Holding) Co., Ltd.",2026-06-04T15:47:11.010363
02378,HK,akshare_eastmoney_company_profile,company_profile,保诚有限公司: Prudential Plc,,保诚有限公司: Prudential Plc,2026-06-04T15:47:11.105049
02380,HK,akshare_eastmoney_company_profile,company_profile,中国电力国际发展有限公司: China Power International Development Limited,,中国电力国际发展有限公司: China Power International Development Limited,2026-06-04T15:47:11.241565
02381,HK,akshare_eastmoney_company_profile,company_profile,蚬壳电业有限公司: SMC ELECTRIC LIMITED,,蚬壳电业有限公司: SMC ELECTRIC LIMITED,2026-06-04T15:47:11.333497
02382,HK,akshare_eastmoney_company_profile,company_profile,舜宇光学科技(集团)有限公司: Sunny Optical Technology (Group) Company Limited,,舜宇光学科技(集团)有限公司: Sunny Optical Technology (Group) Company Limited,2026-06-04T15:47:11.434027
02383,HK,akshare_eastmoney_company_profile,company_profile,TOM集团有限公司: TOM Group Ltd.,,TOM集团有限公司: TOM Group Ltd.,2026-06-04T15:47:11.532089
02385,HK,akshare_eastmoney_company_profile,company_profile,读书郎教育控股有限公司: Readboy Education Holding Company Limited,,读书郎教育控股有限公司: Readboy Education Holding Company Limited,2026-06-04T15:47:14.808155
02386,HK,akshare_eastmoney_company_profile,company_profile,"中石化炼化工程(集团)股份有限公司: SINOPEC Engineering (Group) Co., Ltd.",,"中石化炼化工程(集团)股份有限公司: SINOPEC Engineering (Group) Co., Ltd.",2026-06-04T15:47:14.905205
02388,HK,akshare_eastmoney_company_profile,company_profile,中银香港(控股)有限公司: BOC HONG KONG (HOLDINGS) LIMITED,,中银香港(控股)有限公司: BOC HONG KONG (HOLDINGS) LIMITED,2026-06-04T15:47:15.139307
02389,HK,akshare_eastmoney_company_profile,company_profile,北京健康(控股)有限公司: Beijing Health (Holdings) Limited,,北京健康(控股)有限公司: Beijing Health (Holdings) Limited,2026-06-04T15:47:15.238533
02390,HK,akshare_eastmoney_company_profile,company_profile,知乎: Zhihu Inc.,,知乎: Zhihu Inc.,2026-06-04T15:47:15.333604
02391,HK,akshare_eastmoney_company_profile,company_profile,涂鸦智能: Tuya Inc.,,涂鸦智能: Tuya Inc.,2026-06-04T15:47:15.430878
02392,HK,akshare_eastmoney_company_profile,company_profile,玄武云科技控股有限公司: Xuan Wu Cloud Technology Holdings Limited,,玄武云科技控股有限公司: Xuan Wu Cloud Technology Holdings Limited,2026-06-04T15:47:15.528396
02393,HK,akshare_eastmoney_company_profile,company_profile,巨星医疗控股有限公司: Yestar Healthcare Holdings Company Limited,,巨星医疗控股有限公司: Yestar Healthcare Holdings Company Limited,2026-06-04T15:47:22.169413
02396,HK,akshare_eastmoney_company_profile,company_profile,华芢生物科技(青岛)股份有限公司: B&K CORPORATION LIMITED,,华芢生物科技(青岛)股份有限公司: B&K CORPORATION LIMITED,2026-06-04T15:47:22.270073
02399,HK,akshare_eastmoney_company_profile,company_profile,中国安储能源集团有限公司: China Anchu Energy Storage Group Limited,,中国安储能源集团有限公司: China Anchu Energy Storage Group Limited,2026-06-04T15:47:22.359340
02400,HK,akshare_eastmoney_company_profile,company_profile,心动有限公司: XD Inc.,,心动有限公司: XD Inc.,2026-06-04T15:47:22.459523
02402,HK,akshare_eastmoney_company_profile,company_profile,"北京亿华通科技股份有限公司: Beijing SinoHytec Co.,Ltd.",,"北京亿华通科技股份有限公司: Beijing SinoHytec Co.,Ltd.",2026-06-04T15:47:22.557202
02405,HK,akshare_eastmoney_company_profile,company_profile,力盟科技集团有限公司: POWERWIN TECH GROUP LIMITED,,力盟科技集团有限公司: POWERWIN TECH GROUP LIMITED,2026-06-04T15:47:22.661832
02407,HK,akshare_eastmoney_company_profile,company_profile,高视医疗科技有限公司: Gaush Meditech Ltd,,高视医疗科技有限公司: Gaush Meditech Ltd,2026-06-04T15:47:22.899592
02408,HK,akshare_eastmoney_company_profile,company_profile,"广州遇见小面餐饮股份有限公司: Guangzhou Xiao Noodles Catering Management Co., Ltd.",,"广州遇见小面餐饮股份有限公司: Guangzhou Xiao Noodles Catering Management Co., Ltd.",2026-06-04T15:47:23.000294
02409,HK,akshare_eastmoney_company_profile,company_profile,洲际船务集团控股有限公司: Seacon Shipping Group Holdings Limited,,洲际船务集团控股有限公司: Seacon Shipping Group Holdings Limited,2026-06-04T15:47:23.100457
02410,HK,akshare_eastmoney_company_profile,company_profile,"浙江同源康医药股份有限公司: TYK Medicines, Inc",,"浙江同源康医药股份有限公司: TYK Medicines, Inc",2026-06-04T15:47:23.201053
02411,HK,akshare_eastmoney_company_profile,company_profile,深圳百果园实业(集团)股份有限公司: Shenzhen Pagoda Industrial (Group) Corporation Limited,,深圳百果园实业(集团)股份有限公司: Shenzhen Pagoda Industrial (Group) Corporation Limited,2026-06-04T15:47:23.340416
02415,HK,akshare_eastmoney_company_profile,company_profile,梅斯健康控股有限公司: MedSci Healthcare Holdings Limited,,梅斯健康控股有限公司: MedSci Healthcare Holdings Limited,2026-06-04T15:47:23.438010
02416,HK,akshare_eastmoney_company_profile,company_profile,易点云有限公司: Edianyun Limited,,易点云有限公司: Edianyun Limited,2026-06-04T15:47:23.554039
02418,HK,akshare_eastmoney_company_profile,company_profile,"德银天下股份有限公司: DEEWIN TIANXIA CO., LTD",,"德银天下股份有限公司: DEEWIN TIANXIA CO., LTD",2026-06-04T15:47:23.648619
02419,HK,akshare_eastmoney_company_profile,company_profile,四川德康农牧食品集团股份有限公司: DEKON FOOD AND AGRICULTURE GROUP,,四川德康农牧食品集团股份有限公司: DEKON FOOD AND AGRICULTURE GROUP,2026-06-04T15:47:23.743433
02420,HK,akshare_eastmoney_company_profile,company_profile,子不语集团有限公司: Zibuyu Group Limited,,子不语集团有限公司: Zibuyu Group Limited,2026-06-04T15:47:23.835857
02421,HK,akshare_eastmoney_company_profile,company_profile,嘉创房地产控股有限公司: KRP Development Holdings Limited,,嘉创房地产控股有限公司: KRP Development Holdings Limited,2026-06-04T15:47:23.934425
02422,HK,akshare_eastmoney_company_profile,company_profile,"润歌互动有限公司: Rego Interactive Co., Ltd",,"润歌互动有限公司: Rego Interactive Co., Ltd",2026-06-04T15:47:24.038795
02423,HK,akshare_eastmoney_company_profile,company_profile,贝壳控股有限公司: KE Holdings Inc.,,贝壳控股有限公司: KE Holdings Inc.,2026-06-04T15:47:24.135814
02425,HK,akshare_eastmoney_company_profile,company_profile,澳亚集团有限公司: AustAsia Group Ltd.,,澳亚集团有限公司: AustAsia Group Ltd.,2026-06-04T15:47:24.237129
02427,HK,akshare_eastmoney_company_profile,company_profile,"Guanze Medical Information Industry (Holding) Co., Ltd.: Guanze Medical Information Industry (Holding) Co., Ltd.",,"Guanze Medical Information Industry (Holding) Co., Ltd.: Guanze Medical Information Industry (Holding) Co., Ltd.",2026-06-04T15:47:24.325435
02429,HK,akshare_eastmoney_company_profile,company_profile,北京友宝在线科技股份有限公司: Beijing UBOX Online Technology Corp.,,北京友宝在线科技股份有限公司: Beijing UBOX Online Technology Corp.,2026-06-04T15:47:24.418843
02431,HK,akshare_eastmoney_company_profile,company_profile,"深圳佑驾创新科技股份有限公司: Minieye Technology Co., Ltd.",,"深圳佑驾创新科技股份有限公司: Minieye Technology Co., Ltd.",2026-06-04T15:47:24.851813
02432,HK,akshare_eastmoney_company_profile,company_profile,深圳市越疆科技股份有限公司: SHENZHEN DOBOT CORP LTD,,深圳市越疆科技股份有限公司: SHENZHEN DOBOT CORP LTD,2026-06-04T15:47:24.946123
02433,HK,akshare_eastmoney_company_profile,company_profile,中天建设(湖南)集团有限公司: Zhongtian Construction (Hunan) Group Limited,,中天建设(湖南)集团有限公司: Zhongtian Construction (Hunan) Group Limited,2026-06-04T15:47:25.050765
02436,HK,akshare_eastmoney_company_profile,company_profile,凌雄科技集团有限公司: LX Technology Group Limited,,凌雄科技集团有限公司: LX Technology Group Limited,2026-06-04T15:47:25.142523
02438,HK,akshare_eastmoney_company_profile,company_profile,出门问问有限公司: Mobvoi Inc.,,出门问问有限公司: Mobvoi Inc.,2026-06-04T15:47:25.333403
02439,HK,akshare_eastmoney_company_profile,company_profile,中宝新材集团有限公司: China Treasures New Materials Group Ltd.,,中宝新材集团有限公司: China Treasures New Materials Group Ltd.,2026-06-04T15:47:25.480317
02440,HK,akshare_eastmoney_company_profile,company_profile,"迷策略: MemeStrategy, Inc.",,"迷策略: MemeStrategy, Inc.",2026-06-04T15:47:25.573872
02442,HK,akshare_eastmoney_company_profile,company_profile,怡俊集团控股有限公司: Easy Smart Group Holdings Limited,,怡俊集团控股有限公司: Easy Smart Group Holdings Limited,2026-06-04T15:47:25.671519
02443,HK,akshare_eastmoney_company_profile,company_profile,汽车街发展有限公司: Autostreets Development Limited,,汽车街发展有限公司: Autostreets Development Limited,2026-06-04T15:47:25.773757
02450,HK,akshare_eastmoney_company_profile,company_profile,"淮北绿金产业投资股份有限公司: Huaibei GreenGold Industry Investment Co., Ltd.",,"淮北绿金产业投资股份有限公司: Huaibei GreenGold Industry Investment Co., Ltd.",2026-06-04T15:47:25.862331
02451,HK,akshare_eastmoney_company_profile,company_profile,绿源集团控股(开曼)有限公司: Luyuan Group Holding (Cayman) Limited,,绿源集团控股(开曼)有限公司: Luyuan Group Holding (Cayman) Limited,2026-06-04T15:47:25.953971
02453,HK,akshare_eastmoney_company_profile,company_profile,"美中嘉和医学技术发展集团股份有限公司: Concord Healthcare Group Co., Ltd.",,"美中嘉和医学技术发展集团股份有限公司: Concord Healthcare Group Co., Ltd.",2026-06-04T15:47:26.057498
02455,HK,akshare_eastmoney_company_profile,company_profile,润华生活服务集团控股有限公司: Runhua Living Service Group Holdings Limited,,润华生活服务集团控股有限公司: Runhua Living Service Group Holdings Limited,2026-06-04T15:47:26.159614
02457,HK,akshare_eastmoney_company_profile,company_profile,步阳国际控股有限公司: Buyang International Holding Inc,,步阳国际控股有限公司: Buyang International Holding Inc,2026-06-04T15:47:26.375449
02458,HK,akshare_eastmoney_company_profile,company_profile,望尘科技控股有限公司: Gala Technology Holding Limited,,望尘科技控股有限公司: Gala Technology Holding Limited,2026-06-04T15:47:26.469273
02459,HK,akshare_eastmoney_company_profile,company_profile,升能集团有限公司: SANERGY GROUP LIMITED,,升能集团有限公司: SANERGY GROUP LIMITED,2026-06-04T15:47:26.571145
02460,HK,akshare_eastmoney_company_profile,company_profile,华润饮料(控股)有限公司: China Resources Beverage (Holdings) Company Limited,,华润饮料(控股)有限公司: China Resources Beverage (Holdings) Company Limited,2026-06-04T15:47:26.675505
02461,HK,akshare_eastmoney_company_profile,company_profile,狮腾控股有限公司: Synagistics Limited,,狮腾控股有限公司: Synagistics Limited,2026-06-04T15:47:26.770681
02465,HK,akshare_eastmoney_company_profile,company_profile,"江苏龙蟠科技集团股份有限公司: Jiangsu Lopal Tech. Group Co., Ltd.",,"江苏龙蟠科技集团股份有限公司: Jiangsu Lopal Tech. Group Co., Ltd.",2026-06-04T15:47:26.865776
02469,HK,akshare_eastmoney_company_profile,company_profile,粉笔有限公司: Fenbi Ltd.,,粉笔有限公司: Fenbi Ltd.,2026-06-04T15:47:26.957631
02473,HK,akshare_eastmoney_company_profile,company_profile,喜相逢集团控股有限公司: XXF Group Holdings Limited,,喜相逢集团控股有限公司: XXF Group Holdings Limited,2026-06-04T15:47:27.051482
02476,HK,akshare_eastmoney_company_profile,company_profile,"胜宏科技(惠州)股份有限公司: Victory Giant Technology (HuiZhou)Co.,Ltd.",,"胜宏科技(惠州)股份有限公司: Victory Giant Technology (HuiZhou)Co.,Ltd.",2026-06-04T15:47:27.290099
02477,HK,akshare_eastmoney_company_profile,company_profile,"经纬天地控股有限公司: WellCell Holdings Co., Limited",,"经纬天地控股有限公司: WellCell Holdings Co., Limited",2026-06-04T15:47:27.386090
02478,HK,akshare_eastmoney_company_profile,company_profile,亚太资源有限公司: APAC Resources Limited,,亚太资源有限公司: APAC Resources Limited,2026-06-04T15:47:27.495041
02479,HK,akshare_eastmoney_company_profile,company_profile,"天聚地合(苏州)科技股份有限公司: Tianju Dihe (Suzhou) Technology Co., Ltd.",,"天聚地合(苏州)科技股份有限公司: Tianju Dihe (Suzhou) Technology Co., Ltd.",2026-06-04T15:47:27.741886
02480,HK,akshare_eastmoney_company_profile,company_profile,"北京绿竹生物技术股份有限公司: Beijing Luzhu Biotechnology Co., Ltd.",,"北京绿竹生物技术股份有限公司: Beijing Luzhu Biotechnology Co., Ltd.",2026-06-04T15:47:27.836233
02481,HK,akshare_eastmoney_company_profile,company_profile,"江苏双良睿能能源股份有限公司: Wise Living Technology Co., Ltd",,"江苏双良睿能能源股份有限公司: Wise Living Technology Co., Ltd",2026-06-04T15:47:27.935968
02482,HK,akshare_eastmoney_company_profile,company_profile,"合肥维天运通信息科技股份有限公司: Logory Logistics Technology Co., Ltd.",,"合肥维天运通信息科技股份有限公司: Logory Logistics Technology Co., Ltd.",2026-06-04T15:47:28.073604
02483,HK,akshare_eastmoney_company_profile,company_profile,K CASH 集团有限公司: K Cash Corporation Limited,,K CASH 集团有限公司: K Cash Corporation Limited,2026-06-04T15:47:28.176115
02486,HK,akshare_eastmoney_company_profile,company_profile,普乐师集团控股有限公司: Plus Group Holdings Inc.,,普乐师集团控股有限公司: Plus Group Holdings Inc.,2026-06-04T15:47:28.275995
02487,HK,akshare_eastmoney_company_profile,company_profile,科笛集团: Cutia Therapeutics,,科笛集团: Cutia Therapeutics,2026-06-04T15:47:28.377507
02488,HK,akshare_eastmoney_company_profile,company_profile,深圳市元征科技股份有限公司: Launch Tech. Company Limited,,深圳市元征科技股份有限公司: Launch Tech. Company Limited,2026-06-04T15:47:28.482731
02489,HK,akshare_eastmoney_company_profile,company_profile,集海黄金集团有限公司: Persistence Gold Group Ltd,,集海黄金集团有限公司: Persistence Gold Group Ltd,2026-06-04T15:47:28.589990
02490,HK,akshare_eastmoney_company_profile,company_profile,"乐舱物流股份有限公司: LC Logistics, Inc.",,"乐舱物流股份有限公司: LC Logistics, Inc.",2026-06-04T15:47:28.696142
02493,HK,akshare_eastmoney_company_profile,company_profile,"迈威(上海)生物科技股份有限公司: Mabwell (Shanghai) Bioscience Co., Ltd.",,"迈威(上海)生物科技股份有限公司: Mabwell (Shanghai) Bioscience Co., Ltd.",2026-06-04T15:47:28.788005
02495,HK,akshare_eastmoney_company_profile,company_profile,"声通科技股份有限公司: Voicecomm Technology Co., Ltd.",,"声通科技股份有限公司: Voicecomm Technology Co., Ltd.",2026-06-04T15:47:28.881805
02496,HK,akshare_eastmoney_company_profile,company_profile,"武汉友芝友生物制药股份有限公司: WUHAN YZY BIOPHARMA CO., LTD.",,"武汉友芝友生物制药股份有限公司: WUHAN YZY BIOPHARMA CO., LTD.",2026-06-04T15:47:28.976553
02497,HK,akshare_eastmoney_company_profile,company_profile,"富景中国控股有限公司: Fujing Holdings Co., Limited",,"富景中国控股有限公司: Fujing Holdings Co., Limited",2026-06-04T15:47:29.068225
02498,HK,akshare_eastmoney_company_profile,company_profile,"速腾聚创科技有限公司: ROBOSENSE TECHNOLOGY CO., LTD",,"速腾聚创科技有限公司: ROBOSENSE TECHNOLOGY CO., LTD",2026-06-04T15:47:29.176201
02499,HK,akshare_eastmoney_company_profile,company_profile,"广州佛朗斯股份有限公司: FOLANGSI CO., LTD",,"广州佛朗斯股份有限公司: FOLANGSI CO., LTD",2026-06-04T15:47:29.267955
02500,HK,akshare_eastmoney_company_profile,company_profile,杭州启明医疗器械股份有限公司: Venus Medtech (Hangzhou) Inc.,,杭州启明医疗器械股份有限公司: Venus Medtech (Hangzhou) Inc.,2026-06-04T15:47:29.357573
02501,HK,akshare_eastmoney_company_profile,company_profile,迈越科技股份有限公司: MAIYUE TECHNOLOGY LIMITED,,迈越科技股份有限公司: MAIYUE TECHNOLOGY LIMITED,2026-06-04T15:47:29.461413
02502,HK,akshare_eastmoney_company_profile,company_profile,"河南金源氢化化工股份有限公司: Henan Jinyuan Hydrogenated Chemicals Co., Ltd.",,"河南金源氢化化工股份有限公司: Henan Jinyuan Hydrogenated Chemicals Co., Ltd.",2026-06-04T15:47:29.555239
02503,HK,akshare_eastmoney_company_profile,company_profile,中深建业控股有限公司: Zhongshen Jianye Holding Limited,,中深建业控股有限公司: Zhongshen Jianye Holding Limited,2026-06-04T15:47:29.644369
02505,HK,akshare_eastmoney_company_profile,company_profile,EDA集团控股有限公司: EDA GROUP HOLDINGS LIMITED,,EDA集团控股有限公司: EDA GROUP HOLDINGS LIMITED,2026-06-04T15:47:29.738506
02506,HK,akshare_eastmoney_company_profile,company_profile,"讯飞医疗科技股份有限公司: Xunfei Healthcare Technology Co., Ltd.",,"讯飞医疗科技股份有限公司: Xunfei Healthcare Technology Co., Ltd.",2026-06-04T15:47:29.839520
02507,HK,akshare_eastmoney_company_profile,company_profile,西锐飞机有限公司: Cirrus Aircraft Limited,,西锐飞机有限公司: Cirrus Aircraft Limited,2026-06-04T15:47:29.935209
02508,HK,akshare_eastmoney_company_profile,company_profile,圣贝拉集团有限公司: SAINT BELLA GROUP LIMITED,,圣贝拉集团有限公司: SAINT BELLA GROUP LIMITED,2026-06-04T15:47:30.032756
02509,HK,akshare_eastmoney_company_profile,company_profile,"江苏荃信生物医药股份有限公司: Qyuns Therapeutics Co., Ltd.",,"江苏荃信生物医药股份有限公司: Qyuns Therapeutics Co., Ltd.",2026-06-04T15:47:30.193703
02510,HK,akshare_eastmoney_company_profile,company_profile,德翔海运有限公司: T.S. Lines Limited,,德翔海运有限公司: T.S. Lines Limited,2026-06-04T15:47:30.297747
02511,HK,akshare_eastmoney_company_profile,company_profile,"君圣泰医药: HighTide Therapeutics, Inc.",,"君圣泰医药: HighTide Therapeutics, Inc.",2026-06-04T15:47:30.390631
02512,HK,akshare_eastmoney_company_profile,company_profile,云工场科技控股有限公司: Cloud Factory Technology Holdings Limited,,云工场科技控股有限公司: Cloud Factory Technology Holdings Limited,2026-06-04T15:47:30.578625
02513,HK,akshare_eastmoney_company_profile,company_profile,北京智谱华章科技股份有限公司: Knowledge Atlas Technology Joint Stock Company Limited,,北京智谱华章科技股份有限公司: Knowledge Atlas Technology Joint Stock Company Limited,2026-06-04T15:47:30.687060
02515,HK,akshare_eastmoney_company_profile,company_profile,"天津建设发展集团股份公司: Tianjin Construction Development Group Co., Ltd.",,"天津建设发展集团股份公司: Tianjin Construction Development Group Co., Ltd.",2026-06-04T15:47:30.887397
02516,HK,akshare_eastmoney_company_profile,company_profile,泛远国际控股集团有限公司: FAR International Holdings Group Company Limited,,泛远国际控股集团有限公司: FAR International Holdings Group Company Limited,2026-06-04T15:47:30.994817
02517,HK,akshare_eastmoney_company_profile,company_profile,"锅圈食品(上海)股份有限公司: GUOQUAN FOOD (SHANGHAI) CO., LTD.",,"锅圈食品(上海)股份有限公司: GUOQUAN FOOD (SHANGHAI) CO., LTD.",2026-06-04T15:47:31.638625
02518,HK,akshare_eastmoney_company_profile,company_profile,汽车之家: Autohome Inc.,,汽车之家: Autohome Inc.,2026-06-04T15:47:31.736539
02519,HK,akshare_eastmoney_company_profile,company_profile,"傲基(深圳)跨境商务股份有限公司: AuGroup (SHENZHEN) Cross-Border Business Co., Ltd.",,"傲基(深圳)跨境商务股份有限公司: AuGroup (SHENZHEN) Cross-Border Business Co., Ltd.",2026-06-04T15:47:31.828971
02520,HK,akshare_eastmoney_company_profile,company_profile,"山西省安装集团股份有限公司: Shanxi Installation Group Co., Ltd.",,"山西省安装集团股份有限公司: Shanxi Installation Group Co., Ltd.",2026-06-04T15:47:31.926551
02521,HK,akshare_eastmoney_company_profile,company_profile,升辉清洁集团控股有限公司: Shenghui Cleanness Group Holdings Limited,,升辉清洁集团控股有限公司: Shenghui Cleanness Group Holdings Limited,2026-06-04T15:47:32.035835
02522,HK,akshare_eastmoney_company_profile,company_profile,"江西一脉阳光集团股份有限公司: Jiangxi Rimag Group Co., Ltd.",,"江西一脉阳光集团股份有限公司: Jiangxi Rimag Group Co., Ltd.",2026-06-04T15:47:32.154450
02525,HK,akshare_eastmoney_company_profile,company_profile,禾赛科技: Hesai Group,,禾赛科技: Hesai Group,2026-06-04T15:47:32.327295
02526,HK,akshare_eastmoney_company_profile,company_profile,"杭州德适生物科技股份有限公司: Hangzhou Diagens Biotechnology Co., Ltd.",,"杭州德适生物科技股份有限公司: Hangzhou Diagens Biotechnology Co., Ltd.",2026-06-04T15:47:32.433964
02528,HK,akshare_eastmoney_company_profile,company_profile,尚晋(国际)控股有限公司: Forward Fashion (International) Holdings Company Limited,,尚晋(国际)控股有限公司: Forward Fashion (International) Holdings Company Limited,2026-06-04T15:47:32.533720
02529,HK,akshare_eastmoney_company_profile,company_profile,"泓盈城市运营服务集团股份有限公司: HOLLWIN URBAN OPERATION SERVICE GROUP CO., LTD.",,"泓盈城市运营服务集团股份有限公司: HOLLWIN URBAN OPERATION SERVICE GROUP CO., LTD.",2026-06-04T15:47:32.629442
02530,HK,akshare_eastmoney_company_profile,company_profile,纽曼思健康食品控股有限公司: Numans Health Food Holdings Company Limited,,纽曼思健康食品控股有限公司: Numans Health Food Holdings Company Limited,2026-06-04T15:47:32.727752
02531,HK,akshare_eastmoney_company_profile,company_profile,广联科技控股有限公司: GL-Carlink Technology Holding Limited,,广联科技控股有限公司: GL-Carlink Technology Holding Limited,2026-06-04T15:47:32.835126
02533,HK,akshare_eastmoney_company_profile,company_profile,黑芝麻智能国际控股有限公司: Black Sesame International Holding Limited,,黑芝麻智能国际控股有限公司: Black Sesame International Holding Limited,2026-06-04T15:47:32.930706
02535,HK,akshare_eastmoney_company_profile,company_profile,泓基集团(控股)有限公司: WK Group (Holdings) Limited,,泓基集团(控股)有限公司: WK Group (Holdings) Limited,2026-06-04T15:47:33.027143
02536,HK,akshare_eastmoney_company_profile,company_profile,百乐皇宫控股有限公司: Palasino Holdings Limited,,百乐皇宫控股有限公司: Palasino Holdings Limited,2026-06-04T15:47:33.218791
02539,HK,akshare_eastmoney_company_profile,company_profile,"乐摩科技服务股份有限公司: Lemo Services Co., Ltd",,"乐摩科技服务股份有限公司: Lemo Services Co., Ltd",2026-06-04T15:47:33.315759
02540,HK,akshare_eastmoney_company_profile,company_profile,乐思集团有限公司: Lesi Group Limited,,乐思集团有限公司: Lesi Group Limited,2026-06-04T15:47:33.427458
02543,HK,akshare_eastmoney_company_profile,company_profile,"大行科工(深圳)股份有限公司: DAHON TECH (SHENZHEN) CO., LTD.",,"大行科工(深圳)股份有限公司: DAHON TECH (SHENZHEN) CO., LTD.",2026-06-04T15:47:33.588932
02545,HK,akshare_eastmoney_company_profile,company_profile,中赣通信(集团)控股有限公司: Zhonggan Communication (Group) Holdings Limited,,中赣通信(集团)控股有限公司: Zhonggan Communication (Group) Holdings Limited,2026-06-04T15:47:33.681268
02546,HK,akshare_eastmoney_company_profile,company_profile,"西藏智汇矿业股份有限公司: XIZANG ZHIHUI MINING CO., LTD.",,"西藏智汇矿业股份有限公司: XIZANG ZHIHUI MINING CO., LTD.",2026-06-04T15:47:33.779608
02549,HK,akshare_eastmoney_company_profile,company_profile,卡罗特(商业)有限公司: Carote Ltd,,卡罗特(商业)有限公司: Carote Ltd,2026-06-04T15:47:33.872521
02550,HK,akshare_eastmoney_company_profile,company_profile,宜搜科技控股有限公司: Easou Technology Holdings Limited,,宜搜科技控股有限公司: Easou Technology Holdings Limited,2026-06-04T15:47:33.965092
02551,HK,akshare_eastmoney_company_profile,company_profile,"广东晶科电子股份有限公司: APT Electronics Co., Ltd.",,"广东晶科电子股份有限公司: APT Electronics Co., Ltd.",2026-06-04T15:47:34.065841
02552,HK,akshare_eastmoney_company_profile,company_profile,华领医药: Hua Medicine,,华领医药: Hua Medicine,2026-06-04T15:47:34.171222
02555,HK,akshare_eastmoney_company_profile,company_profile,"四川百茶百道实业股份有限公司: Sichuan Baicha Baidao Industrial Co., Ltd.",,"四川百茶百道实业股份有限公司: Sichuan Baicha Baidao Industrial Co., Ltd.",2026-06-04T15:47:34.279781
02556,HK,akshare_eastmoney_company_profile,company_profile,迈富时管理有限公司: Marketingforce Management Ltd,,迈富时管理有限公司: Marketingforce Management Ltd,2026-06-04T15:47:34.387856
02558,HK,akshare_eastmoney_company_profile,company_profile,"晋商银行股份有限公司: JINSHANG BANK CO., LTD.",,"晋商银行股份有限公司: JINSHANG BANK CO., LTD.",2026-06-04T15:47:34.481363
02559,HK,akshare_eastmoney_company_profile,company_profile,嘀嗒出行: Dida Inc.,,嘀嗒出行: Dida Inc.,2026-06-04T15:47:34.586718
02560,HK,akshare_eastmoney_company_profile,company_profile,"安徽海螺材料科技股份有限公司: Anhui Conch Material Technology Co., Ltd.",,"安徽海螺材料科技股份有限公司: Anhui Conch Material Technology Co., Ltd.",2026-06-04T15:47:34.686363
02561,HK,akshare_eastmoney_company_profile,company_profile,维昇药业: VISEN Pharmaceuticals,,维昇药业: VISEN Pharmaceuticals,2026-06-04T15:47:34.782533
02562,HK,akshare_eastmoney_company_profile,company_profile,狮腾控股有限公司: Synagistics Limited,,狮腾控股有限公司: Synagistics Limited,2026-06-04T15:47:34.881245
02563,HK,akshare_eastmoney_company_profile,company_profile,"北京华昊中天生物医药股份有限公司: Beijing Biostar Pharmaceuticals Co., Ltd.",,"北京华昊中天生物医药股份有限公司: Beijing Biostar Pharmaceuticals Co., Ltd.",2026-06-04T15:47:35.117041
02565,HK,akshare_eastmoney_company_profile,company_profile,"派格生物医药(杭州)股份有限公司: PegBio Co., Ltd.",,"派格生物医药(杭州)股份有限公司: PegBio Co., Ltd.",2026-06-04T15:47:35.217532
02566,HK,akshare_eastmoney_company_profile,company_profile,"杭州九源基因生物医药股份有限公司: Hangzhou Jiuyuan Genetic Biopharmaceutical Co., Ltd.",,"杭州九源基因生物医药股份有限公司: Hangzhou Jiuyuan Genetic Biopharmaceutical Co., Ltd.",2026-06-04T15:47:35.323477
02567,HK,akshare_eastmoney_company_profile,company_profile,七牛智能科技有限公司: Qiniu Limited,,七牛智能科技有限公司: Qiniu Limited,2026-06-04T15:47:35.420244
02569,HK,akshare_eastmoney_company_profile,company_profile,舒宝国际集团有限公司: Soft International Group Ltd,,舒宝国际集团有限公司: Soft International Group Ltd,2026-06-04T15:47:35.515193
02570,HK,akshare_eastmoney_company_profile,company_profile,上海重塑能源集团股份有限公司: Shanghai REFIRE Group Limited,,上海重塑能源集团股份有限公司: Shanghai REFIRE Group Limited,2026-06-04T15:47:35.647142
02571,HK,akshare_eastmoney_company_profile,company_profile,"北京赛目科技股份有限公司: Beijing Saimo Technology Co., Ltd.",,"北京赛目科技股份有限公司: Beijing Saimo Technology Co., Ltd.",2026-06-04T15:47:35.747993
02572,HK,akshare_eastmoney_company_profile,company_profile,找钢网集团: ZG GROUP,,找钢网集团: ZG GROUP,2026-06-04T15:47:35.850192
02573,HK,akshare_eastmoney_company_profile,company_profile,"新琪安集团股份有限公司: Newtrend Group Holding Co., Ltd.",,"新琪安集团股份有限公司: Newtrend Group Holding Co., Ltd.",2026-06-04T15:47:35.944470
02575,HK,akshare_eastmoney_company_profile,company_profile,"轩竹生物科技股份有限公司: Xuanzhu Biopharmaceutical Co., Ltd.",,"轩竹生物科技股份有限公司: Xuanzhu Biopharmaceutical Co., Ltd.",2026-06-04T15:47:36.048209
02576,HK,akshare_eastmoney_company_profile,company_profile,"浙江太美医疗科技股份有限公司: Zhejiang Taimei Medical Technology Co., Ltd.",,"浙江太美医疗科技股份有限公司: Zhejiang Taimei Medical Technology Co., Ltd.",2026-06-04T15:47:36.142795
02577,HK,akshare_eastmoney_company_profile,company_profile,"英诺赛科(苏州)科技股份有限公司: InnoScience (Suzhou) Technology Holding Co., Ltd.",,"英诺赛科(苏州)科技股份有限公司: InnoScience (Suzhou) Technology Holding Co., Ltd.",2026-06-04T15:47:36.241114
02579,HK,akshare_eastmoney_company_profile,company_profile,"中伟新材料股份有限公司: CNGR Advanced Material Co., Ltd.",,"中伟新材料股份有限公司: CNGR Advanced Material Co., Ltd.",2026-06-04T15:47:36.473044
02580,HK,akshare_eastmoney_company_profile,company_profile,"奥克斯电气有限公司: AUX ELECTRIC CO., LTD.",,"奥克斯电气有限公司: AUX ELECTRIC CO., LTD.",2026-06-04T15:47:36.565622
02581,HK,akshare_eastmoney_company_profile,company_profile,明基医院集团股份有限公司: BenQ BM Holding Cayman Corp.,,明基医院集团股份有限公司: BenQ BM Holding Cayman Corp.,2026-06-04T15:47:36.679465
02582,HK,akshare_eastmoney_company_profile,company_profile,"江苏国富氢能技术装备股份有限公司: Jiangsu Guofu Hydrogen Energy Equipment Co., Ltd.",,"江苏国富氢能技术装备股份有限公司: Jiangsu Guofu Hydrogen Energy Equipment Co., Ltd.",2026-06-04T15:47:36.779004
02583,HK,akshare_eastmoney_company_profile,company_profile,"深圳西普尼精密科技股份有限公司: SHENZHEN HIPINE PRECISION TECHNOLOGY CO., LTD.",,"深圳西普尼精密科技股份有限公司: SHENZHEN HIPINE PRECISION TECHNOLOGY CO., LTD.",2026-06-04T15:47:36.938784
02585,HK,akshare_eastmoney_company_profile,company_profile,"梦金园黄金珠宝集团股份有限公司: Mokingran Jewellery Group Co., Ltd",,"梦金园黄金珠宝集团股份有限公司: Mokingran Jewellery Group Co., Ltd",2026-06-04T15:47:37.043009
02586,HK,akshare_eastmoney_company_profile,company_profile,多点数智有限公司: Dmall Inc.,,多点数智有限公司: Dmall Inc.,2026-06-04T15:47:37.147705
02587,HK,akshare_eastmoney_company_profile,company_profile,健康之路股份有限公司: HealthyWay Inc.,,健康之路股份有限公司: HealthyWay Inc.,2026-06-04T15:47:37.281152
02588,HK,akshare_eastmoney_company_profile,company_profile,中银航空租赁有限公司: BOC AVIATION LIMITED,,中银航空租赁有限公司: BOC AVIATION LIMITED,2026-06-04T15:47:37.383694
02589,HK,akshare_eastmoney_company_profile,company_profile,"沪上阿姨(上海)实业股份有限公司: Auntea Jenny (Shanghai) Industrial Co., Ltd.",,"沪上阿姨(上海)实业股份有限公司: Auntea Jenny (Shanghai) Industrial Co., Ltd.",2026-06-04T15:47:37.470736
02590,HK,akshare_eastmoney_company_profile,company_profile,"北京极智嘉科技股份有限公司: Beijing Geekplus Technology Co., Ltd.",,"北京极智嘉科技股份有限公司: Beijing Geekplus Technology Co., Ltd.",2026-06-04T15:47:37.569815
02591,HK,akshare_eastmoney_company_profile,company_profile,"广州银诺医药集团股份有限公司: Guangzhou Innogen Pharmaceutical Group Co., Ltd.",,"广州银诺医药集团股份有限公司: Guangzhou Innogen Pharmaceutical Group Co., Ltd.",2026-06-04T15:47:37.728895
02592,HK,akshare_eastmoney_company_profile,company_profile,拨康视云制药有限公司: CLOUDBREAK PHARMA INC.,,拨康视云制药有限公司: CLOUDBREAK PHARMA INC.,2026-06-04T15:47:37.833834
02593,HK,akshare_eastmoney_company_profile,company_profile,草姬集团控股有限公司: Herbs Generation Group Holdings Limited,,草姬集团控股有限公司: Herbs Generation Group Holdings Limited,2026-06-04T15:47:37.940955
02595,HK,akshare_eastmoney_company_profile,company_profile,劲方医药科技(上海)股份有限公司: GenFleet Therapeutics (Shanghai) Inc.,,劲方医药科技(上海)股份有限公司: GenFleet Therapeutics (Shanghai) Inc.,2026-06-04T15:47:38.046307
02596,HK,akshare_eastmoney_company_profile,company_profile,"宜宾市商业银行股份有限公司: YIBIN CITY COMMERCIAL BANK CO., LTD",,"宜宾市商业银行股份有限公司: YIBIN CITY COMMERCIAL BANK CO., LTD",2026-06-04T15:47:38.143499
02597,HK,akshare_eastmoney_company_profile,company_profile,"北京讯众通信技术股份有限公司: Beijing Xunzhong Communication Technology Co., Ltd.",,"北京讯众通信技术股份有限公司: Beijing Xunzhong Communication Technology Co., Ltd.",2026-06-04T15:47:38.244267
02598,HK,akshare_eastmoney_company_profile,company_profile,"连连数字科技股份有限公司: Lianlian DigiTech Co., Ltd.",,"连连数字科技股份有限公司: Lianlian DigiTech Co., Ltd.",2026-06-04T15:47:38.345469
02600,HK,akshare_eastmoney_company_profile,company_profile,中国铝业股份有限公司: ALUMINUM CORPORATION OF CHINA LIMITED,,中国铝业股份有限公司: ALUMINUM CORPORATION OF CHINA LIMITED,2026-06-04T15:47:38.474247
02601,HK,akshare_eastmoney_company_profile,company_profile,"中国太平洋保险(集团)股份有限公司: China Pacific Insurance (Group) Co., Ltd.",,"中国太平洋保险(集团)股份有限公司: China Pacific Insurance (Group) Co., Ltd.",2026-06-04T15:47:38.580301
02602,HK,akshare_eastmoney_company_profile,company_profile,万物云空间科技服务股份有限公司: Onewo Inc.,,万物云空间科技服务股份有限公司: Onewo Inc.,2026-06-04T15:47:38.809642
02603,HK,akshare_eastmoney_company_profile,company_profile,"厦门吉宏科技股份有限公司: Xiamen Jihong Co., Ltd",,"厦门吉宏科技股份有限公司: Xiamen Jihong Co., Ltd",2026-06-04T15:47:38.902374
02605,HK,akshare_eastmoney_company_profile,company_profile,元光科技: MetaLight Inc.,,元光科技: MetaLight Inc.,2026-06-04T15:47:39.012321
02607,HK,akshare_eastmoney_company_profile,company_profile,"上海医药集团股份有限公司: Shanghai Pharmaceuticals Holding Co.,Ltd.",,"上海医药集团股份有限公司: Shanghai Pharmaceuticals Holding Co.,Ltd.",2026-06-04T15:47:39.113082
02608,HK,akshare_eastmoney_company_profile,company_profile,阳光100中国控股有限公司: Sunshine 100 China Holdings Ltd,,阳光100中国控股有限公司: Sunshine 100 China Holdings Ltd,2026-06-04T15:47:39.209309
02609,HK,akshare_eastmoney_company_profile,company_profile,佰泽医疗集团: Bayzed Health Group Inc,,佰泽医疗集团: Bayzed Health Group Inc,2026-06-04T15:47:39.527474
02610,HK,akshare_eastmoney_company_profile,company_profile,南山铝业国际控股有限公司: Nanshan Aluminium International Holdings Limited,,南山铝业国际控股有限公司: Nanshan Aluminium International Holdings Limited,2026-06-04T15:47:39.631737
02611,HK,akshare_eastmoney_company_profile,company_profile,"国泰海通证券股份有限公司: GUOTAI HAITONG SECURITIES CO., LTD.",,"国泰海通证券股份有限公司: GUOTAI HAITONG SECURITIES CO., LTD.",2026-06-04T15:47:39.768581
02612,HK,akshare_eastmoney_company_profile,company_profile,资本策略地产有限公司: CSI Properties Limited,,资本策略地产有限公司: CSI Properties Limited,2026-06-04T15:47:39.901702
02613,HK,akshare_eastmoney_company_profile,company_profile,"上海汇舸环保科技集团股份有限公司: CONTIOCEAN ENVIRONMENT TECH GROUP CO., LTD.",,"上海汇舸环保科技集团股份有限公司: CONTIOCEAN ENVIRONMENT TECH GROUP CO., LTD.",2026-06-04T15:47:40.003713
02616,HK,akshare_eastmoney_company_profile,company_profile,基石药业: CStone Pharmaceuticals,,基石药业: CStone Pharmaceuticals,2026-06-04T15:47:40.103199
02617,HK,akshare_eastmoney_company_profile,company_profile,"药捷安康(南京)科技股份有限公司: TransThera Sciences (Nanjing), Inc.",,"药捷安康(南京)科技股份有限公司: TransThera Sciences (Nanjing), Inc.",2026-06-04T15:47:40.199210
02618,HK,akshare_eastmoney_company_profile,company_profile,"京东物流股份有限公司: JD Logistics, Inc.",,"京东物流股份有限公司: JD Logistics, Inc.",2026-06-04T15:47:40.302944
02619,HK,akshare_eastmoney_company_profile,company_profile,"湖北香江电器集团股份有限公司: X.J. Electrics (Hu Bei) Group Co., Ltd",,"湖北香江电器集团股份有限公司: X.J. Electrics (Hu Bei) Group Co., Ltd",2026-06-04T15:47:40.403550
02621,HK,akshare_eastmoney_company_profile,company_profile,手回集团有限公司: Shouhui Group Limited,,手回集团有限公司: Shouhui Group Limited,2026-06-04T15:47:40.500298
02623,HK,akshare_eastmoney_company_profile,company_profile,香港黄金产业集团有限公司: Hong Kong Gold Industry Group Limited,,香港黄金产业集团有限公司: Hong Kong Gold Industry Group Limited,2026-06-04T15:47:40.604385
02625,HK,akshare_eastmoney_company_profile,company_profile,江苏宏信超市连锁股份有限公司: JIANGSU HORIZON CHAIN SUPERMARKET COMPANY LIMITED,,江苏宏信超市连锁股份有限公司: JIANGSU HORIZON CHAIN SUPERMARKET COMPANY LIMITED,2026-06-04T15:47:40.963151
02627,HK,akshare_eastmoney_company_profile,company_profile,"江苏中慧元通生物科技股份有限公司: Ab&B Bio-Tech CO., LTD. JS",,"江苏中慧元通生物科技股份有限公司: Ab&B Bio-Tech CO., LTD. JS",2026-06-04T15:47:41.066464
02628,HK,akshare_eastmoney_company_profile,company_profile,中国人寿保险股份有限公司: China Life Insurance Company Limited,,中国人寿保险股份有限公司: China Life Insurance Company Limited,2026-06-04T15:47:41.175568
02629,HK,akshare_eastmoney_company_profile,company_profile,Mirxes Holding Company Limited: Mirxes Holding Company Limited,,Mirxes Holding Company Limited: Mirxes Holding Company Limited,2026-06-04T15:47:41.270233
02630,HK,akshare_eastmoney_company_profile,company_profile,"苏州旺山旺水生物医药股份有限公司: Vigonvita Life Sciences Co., Ltd.",,"苏州旺山旺水生物医药股份有限公司: Vigonvita Life Sciences Co., Ltd.",2026-06-04T15:47:41.375895
02631,HK,akshare_eastmoney_company_profile,company_profile,"山东天岳先进科技股份有限公司: SICC CO., LTD.",,"山东天岳先进科技股份有限公司: SICC CO., LTD.",2026-06-04T15:47:41.474297
02632,HK,akshare_eastmoney_company_profile,company_profile,"江苏泽景汽车电子股份有限公司: JIANGSU NEW VISION AUTOMOTIVE ELECTRONICS CO., LTD.",,"江苏泽景汽车电子股份有限公司: JIANGSU NEW VISION AUTOMOTIVE ELECTRONICS CO., LTD.",2026-06-04T15:47:41.566740
02633,HK,akshare_eastmoney_company_profile,company_profile,雅各臣科研制药有限公司: Jacobson Pharma Corporation Limited,,雅各臣科研制药有限公司: Jacobson Pharma Corporation Limited,2026-06-04T15:47:41.662419
02635,HK,akshare_eastmoney_company_profile,company_profile,"诺比侃人工智能科技(成都)股份有限公司: Nuobikan Artificial Intelligence Technology (Chengdu) Co., Ltd.",,"诺比侃人工智能科技(成都)股份有限公司: Nuobikan Artificial Intelligence Technology (Chengdu) Co., Ltd.",2026-06-04T15:47:41.816018
02637,HK,akshare_eastmoney_company_profile,company_profile,"福建海西新药创制股份有限公司: Fujian Haixi Pharmaceuticals Co., Ltd.",,"福建海西新药创制股份有限公司: Fujian Haixi Pharmaceuticals Co., Ltd.",2026-06-04T15:47:41.906618
02638,HK,akshare_eastmoney_company_profile,company_profile,港灯电力投资与港灯电力投资有限公司: Hk Electric Investments And Hk Electric Investments Limited,,港灯电力投资与港灯电力投资有限公司: Hk Electric Investments And Hk Electric Investments Limited,2026-06-04T15:47:42.003101
02643,HK,akshare_eastmoney_company_profile,company_profile,曹操出行有限公司: CaoCao Inc.,,曹操出行有限公司: CaoCao Inc.,2026-06-04T15:47:42.102422
02648,HK,akshare_eastmoney_company_profile,company_profile,"安井食品集团股份有限公司: ANJOY FOODS GROUP CO.,LTD.",,"安井食品集团股份有限公司: ANJOY FOODS GROUP CO.,LTD.",2026-06-04T15:47:42.330756
02649,HK,akshare_eastmoney_company_profile,company_profile,"苏州优乐赛共享服务股份有限公司: ALSCO Pooling Service Co., Ltd.",,"苏州优乐赛共享服务股份有限公司: ALSCO Pooling Service Co., Ltd.",2026-06-04T15:47:42.606689
02650,HK,akshare_eastmoney_company_profile,company_profile,"上海挚达科技发展股份有限公司: Shanghai Zhida Technology Development Co., Ltd.",,"上海挚达科技发展股份有限公司: Shanghai Zhida Technology Development Co., Ltd.",2026-06-04T15:47:42.707099
02651,HK,akshare_eastmoney_company_profile,company_profile,"武汉大众口腔医疗股份有限公司: Wuhan Dazhong Dental Medical Co., Ltd.",,"武汉大众口腔医疗股份有限公司: Wuhan Dazhong Dental Medical Co., Ltd.",2026-06-04T15:47:42.808598
02652,HK,akshare_eastmoney_company_profile,company_profile,"长风药业股份有限公司: CF PharmTech, Inc.",,"长风药业股份有限公司: CF PharmTech, Inc.",2026-06-04T15:47:42.906558
02655,HK,akshare_eastmoney_company_profile,company_profile,"果下科技股份有限公司: Guoxia Technology Co., Ltd.",,"果下科技股份有限公司: Guoxia Technology Co., Ltd.",2026-06-04T15:47:43.009342
02656,HK,akshare_eastmoney_company_profile,company_profile,健康160国际有限公司: 160 Health International Limited,,健康160国际有限公司: 160 Health International Limited,2026-06-04T15:47:43.111711
02657,HK,akshare_eastmoney_company_profile,company_profile,"上海林清轩化妆品集团股份有限公司: Shanghai Forest Cabin Cosmetics Group Co., Ltd.",,"上海林清轩化妆品集团股份有限公司: Shanghai Forest Cabin Cosmetics Group Co., Ltd.",2026-06-04T15:47:43.220978
02658,HK,akshare_eastmoney_company_profile,company_profile,"广东天域半导体股份有限公司: Guangdong Tianyu Semiconductor Co., Ltd.",,"广东天域半导体股份有限公司: Guangdong Tianyu Semiconductor Co., Ltd.",2026-06-04T15:47:43.346970
02659,HK,akshare_eastmoney_company_profile,company_profile,"上海宝济药业股份有限公司: Shanghai Bao Pharmaceuticals Co., Ltd.",,"上海宝济药业股份有限公司: Shanghai Bao Pharmaceuticals Co., Ltd.",2026-06-04T15:47:43.450181
02660,HK,akshare_eastmoney_company_profile,company_profile,禅游科技控股有限公司: Zengame Technology Holding Limited,,禅游科技控股有限公司: Zengame Technology Holding Limited,2026-06-04T15:47:43.550208
02661,HK,akshare_eastmoney_company_profile,company_profile,轻松健康集团: QingSong Health Corporation,,轻松健康集团: QingSong Health Corporation,2026-06-04T15:47:43.649817
02663,HK,akshare_eastmoney_company_profile,company_profile,应力控股有限公司: KPa-BM Holdings Limited,,应力控股有限公司: KPa-BM Holdings Limited,2026-06-04T15:47:43.985353
02665,HK,akshare_eastmoney_company_profile,company_profile,Seyond Holdings Ltd.: Seyond Holdings Ltd.,,Seyond Holdings Ltd.: Seyond Holdings Ltd.,2026-06-04T15:47:44.084700
02666,HK,akshare_eastmoney_company_profile,company_profile,通用环球医疗集团有限公司: Genertec Universal Medical Group Company Limited,,通用环球医疗集团有限公司: Genertec Universal Medical Group Company Limited,2026-06-04T15:47:44.183412
02668,HK,akshare_eastmoney_company_profile,company_profile,百德国际有限公司: Pak Tak International Limited,,百德国际有限公司: Pak Tak International Limited,2026-06-04T15:47:44.276319
02669,HK,akshare_eastmoney_company_profile,company_profile,中海物业集团有限公司: CHINA OVERSEAS PROPERTY HOLDINGS LIMITED,,中海物业集团有限公司: CHINA OVERSEAS PROPERTY HOLDINGS LIMITED,2026-06-04T15:47:44.463142
02670,HK,akshare_eastmoney_company_profile,company_profile,"北京云迹科技股份有限公司: Beijing Yunji Technology Co., Ltd.",,"北京云迹科技股份有限公司: Beijing Yunji Technology Co., Ltd.",2026-06-04T15:47:44.555563
02671,HK,akshare_eastmoney_company_profile,company_profile,"美联钢结构建筑系统(上海)股份有限公司: USAS Building System (Shanghai) Co., Ltd.",,"美联钢结构建筑系统(上海)股份有限公司: USAS Building System (Shanghai) Co., Ltd.",2026-06-04T15:47:44.652839
02673,HK,akshare_eastmoney_company_profile,company_profile,Seyond Holdings Ltd.: Seyond Holdings Ltd.,,Seyond Holdings Ltd.: Seyond Holdings Ltd.,2026-06-04T15:47:44.813960
02675,HK,akshare_eastmoney_company_profile,company_profile,"深圳市精锋医疗科技股份有限公司: Shenzhen Edge Medical Co., Ltd.",,"深圳市精锋医疗科技股份有限公司: Shenzhen Edge Medical Co., Ltd.",2026-06-04T15:47:44.908993
02676,HK,akshare_eastmoney_company_profile,company_profile,"苏州纳芯微电子股份有限公司: Suzhou Novosense Microelectronics Co., Ltd.",,"苏州纳芯微电子股份有限公司: Suzhou Novosense Microelectronics Co., Ltd.",2026-06-04T15:47:45.148237
02677,HK,akshare_eastmoney_company_profile,company_profile,卓正医疗控股有限公司: Distinct Healthcare Holdings Limited,,卓正医疗控股有限公司: Distinct Healthcare Holdings Limited,2026-06-04T15:47:45.247390
02678,HK,akshare_eastmoney_company_profile,company_profile,天虹国际集团有限公司: Texhong International Group Limited,,天虹国际集团有限公司: Texhong International Group Limited,2026-06-04T15:47:45.347162
02680,HK,akshare_eastmoney_company_profile,company_profile,创陞控股有限公司: INNOVAX HOLDINGS LIMITED,,创陞控股有限公司: INNOVAX HOLDINGS LIMITED,2026-06-04T15:47:45.491634
02682,HK,akshare_eastmoney_company_profile,company_profile,润利海事集团控股有限公司: Yun Lee Marine Group Holdings Limited,,润利海事集团控股有限公司: Yun Lee Marine Group Holdings Limited,2026-06-04T15:47:45.605531
02683,HK,akshare_eastmoney_company_profile,company_profile,华新手袋国际控股有限公司: WAH SUN HANDBAGS INTERNATIONAL HOLDINGS LIMITED,,华新手袋国际控股有限公司: WAH SUN HANDBAGS INTERNATIONAL HOLDINGS LIMITED,2026-06-04T15:47:45.696890
02685,HK,akshare_eastmoney_company_profile,company_profile,量化派控股有限公司: Quantgroup Holding Limited,,量化派控股有限公司: Quantgroup Holding Limited,2026-06-04T15:47:45.796625
02687,HK,akshare_eastmoney_company_profile,company_profile,"上海卓越睿新数码科技股份有限公司: SHANGHAI ABLE DIGITAL SCIENCE&TECH CO., LTD.",,"上海卓越睿新数码科技股份有限公司: SHANGHAI ABLE DIGITAL SCIENCE&TECH CO., LTD.",2026-06-04T15:47:45.972683
02688,HK,akshare_eastmoney_company_profile,company_profile,新奥能源控股有限公司: ENN Energy Holdings Limited,,新奥能源控股有限公司: ENN Energy Holdings Limited,2026-06-04T15:47:46.067793
02689,HK,akshare_eastmoney_company_profile,company_profile,玖龙纸业(控股)有限公司: Nine Dragons Paper (Holdings) Limited,,玖龙纸业(控股)有限公司: Nine Dragons Paper (Holdings) Limited,2026-06-04T15:47:46.164992
02691,HK,akshare_eastmoney_company_profile,company_profile,"南华期货股份有限公司: Nanhua Futures Co., Ltd.",,"南华期货股份有限公司: Nanhua Futures Co., Ltd.",2026-06-04T15:47:46.290012
02692,HK,akshare_eastmoney_company_profile,company_profile,"深圳市兆威机电股份有限公司: Shenzhen Zhaowei Machinery & Electronics Co., Ltd.",,"深圳市兆威机电股份有限公司: Shenzhen Zhaowei Machinery & Electronics Co., Ltd.",2026-06-04T15:47:46.437080
02693,HK,akshare_eastmoney_company_profile,company_profile,"安徽金岩高岭土新材料股份有限公司: Anhui Jinyan Kaolin New Materials Co.,Ltd",,"安徽金岩高岭土新材料股份有限公司: Anhui Jinyan Kaolin New Materials Co.,Ltd",2026-06-04T15:47:46.535734
02695,HK,akshare_eastmoney_company_profile,company_profile,"印象大红袍股份有限公司: Impression Dahongpao Co., Ltd.",,"印象大红袍股份有限公司: Impression Dahongpao Co., Ltd.",2026-06-04T15:47:46.654501
02696,HK,akshare_eastmoney_company_profile,company_profile,"上海复宏汉霖生物技术股份有限公司: Shanghai Henlius Biotech Co., Ltd.",,"上海复宏汉霖生物技术股份有限公司: Shanghai Henlius Biotech Co., Ltd.",2026-06-04T15:47:46.745849
02698,HK,akshare_eastmoney_company_profile,company_profile,乐舒适有限公司: Softcare Limited,,乐舒适有限公司: Softcare Limited,2026-06-04T15:47:46.928080
02699,HK,akshare_eastmoney_company_profile,company_profile,新明中国控股有限公司: Xinming China Holdings Limited,,新明中国控股有限公司: Xinming China Holdings Limited,2026-06-04T15:47:47.018720
02700,HK,akshare_eastmoney_company_profile,company_profile,格林国际控股有限公司: Green International Holdings Limited,,格林国际控股有限公司: Green International Holdings Limited,2026-06-04T15:47:47.142822
02701,HK,akshare_eastmoney_company_profile,company_profile,国民技术股份有限公司: NSING TECHNOLOGIES INC.,,国民技术股份有限公司: NSING TECHNOLOGIES INC.,2026-06-04T15:47:47.230300
02706,HK,akshare_eastmoney_company_profile,company_profile,"北京海致科技集团股份有限公司: Beijing Haizhi Technology Group Co., Ltd.",,"北京海致科技集团股份有限公司: Beijing Haizhi Technology Group Co., Ltd.",2026-06-04T15:47:47.318246
02708,HK,akshare_eastmoney_company_profile,company_profile,艾伯科技股份有限公司: IBO TECHNOLOGY COMPANY LIMITED,,艾伯科技股份有限公司: IBO TECHNOLOGY COMPANY LIMITED,2026-06-04T15:47:47.409430
02714,HK,akshare_eastmoney_company_profile,company_profile,"牧原食品集团股份有限公司: MUYUAN FOODS GROUP CO.,LTD.",,"牧原食品集团股份有限公司: MUYUAN FOODS GROUP CO.,LTD.",2026-06-04T15:47:47.508445
02715,HK,akshare_eastmoney_company_profile,company_profile,"南京埃斯顿自动化股份有限公司: ESTUN AUTOMATION CO., LTD",,"南京埃斯顿自动化股份有限公司: ESTUN AUTOMATION CO., LTD",2026-06-04T15:47:47.603920
02718,HK,akshare_eastmoney_company_profile,company_profile,明略科技: Mininglamp Technology,,明略科技: Mininglamp Technology,2026-06-04T15:47:47.695955
02720,HK,akshare_eastmoney_company_profile,company_profile,乐欣户外国际有限公司: Ridge Outdoor International Limited,,乐欣户外国际有限公司: Ridge Outdoor International Limited,2026-06-04T15:47:47.796837
02722,HK,akshare_eastmoney_company_profile,company_profile,"重庆机电股份有限公司: Chongqing Machinery & Electric Co., Ltd.",,"重庆机电股份有限公司: Chongqing Machinery & Electric Co., Ltd.",2026-06-04T15:47:47.938859
02723,HK,akshare_eastmoney_company_profile,company_profile,"北京深演智能科技股份有限公司: Beijing DeepZero Technology Co., Ltd.",,"北京深演智能科技股份有限公司: Beijing DeepZero Technology Co., Ltd.",2026-06-04T15:47:48.035070
02726,HK,akshare_eastmoney_company_profile,company_profile,"瀚天天成电子科技(厦门)股份有限公司: EpiWorld International Co., Ltd.",,"瀚天天成电子科技(厦门)股份有限公司: EpiWorld International Co., Ltd.",2026-06-04T15:47:48.129600
02727,HK,akshare_eastmoney_company_profile,company_profile,上海电气集团股份有限公司: Shanghai Electric Group Company Limited,,上海电气集团股份有限公司: Shanghai Electric Group Company Limited,2026-06-04T15:47:48.231713
02728,HK,akshare_eastmoney_company_profile,company_profile,金泰能源控股有限公司: Jintai Energy Holdings Limited,,金泰能源控股有限公司: Jintai Energy Holdings Limited,2026-06-04T15:47:48.558767
02729,HK,akshare_eastmoney_company_profile,company_profile,"浙江凯乐士科技集团股份有限公司: Zhejiang Galaxis Technology Group Co., Ltd.",,"浙江凯乐士科技集团股份有限公司: Zhejiang Galaxis Technology Group Co., Ltd.",2026-06-04T15:47:48.656845
02738,HK,akshare_eastmoney_company_profile,company_profile,华津国际控股有限公司: Huajin International Holdings Limited,,华津国际控股有限公司: Huajin International Holdings Limited,2026-06-04T15:47:48.757066
02768,HK,akshare_eastmoney_company_profile,company_profile,"青岛国恩科技股份有限公司: Qingdao Gon Technology Co.,Ltd.",,"青岛国恩科技股份有限公司: Qingdao Gon Technology Co.,Ltd.",2026-06-04T15:47:48.853515
02772,HK,akshare_eastmoney_company_profile,company_profile,中梁控股集团有限公司: Zhongliang Holdings Group Company Limited,,中梁控股集团有限公司: Zhongliang Holdings Group Company Limited,2026-06-04T15:47:48.947008
02777,HK,akshare_eastmoney_company_profile,company_profile,"广州富力地产股份有限公司: Guangzhou R&F Properties Co.,Ltd.",,"广州富力地产股份有限公司: Guangzhou R&F Properties Co.,Ltd.",2026-06-04T15:47:49.041540
02778,HK,akshare_eastmoney_company_profile,company_profile,鹰君资产管理(冠君)有限公司: Eagle Asset Management,,鹰君资产管理(冠君)有限公司: Eagle Asset Management,2026-06-04T15:47:49.133382
02779,HK,akshare_eastmoney_company_profile,company_profile,中国新华教育集团有限公司: China Xinhua Education Group Limited,,中国新华教育集团有限公司: China Xinhua Education Group Limited,2026-06-04T15:47:49.229896
02788,HK,akshare_eastmoney_company_profile,company_profile,创新实业集团有限公司: Chuangxin Industries Holdings Limited,,创新实业集团有限公司: Chuangxin Industries Holdings Limited,2026-06-04T15:47:49.313354
02789,HK,akshare_eastmoney_company_profile,company_profile,远大中国控股有限公司: Yuanda China Holdings Limited,,远大中国控股有限公司: Yuanda China Holdings Limited,2026-06-04T15:47:49.411328
02798,HK,akshare_eastmoney_company_profile,company_profile,久泰邦达能源控股有限公司: Perennial Energy Holdings Limited,,久泰邦达能源控股有限公司: Perennial Energy Holdings Limited,2026-06-04T15:47:49.502399
02799,HK,akshare_eastmoney_company_profile,company_profile,"中国中信金融资产管理股份有限公司: China CITIC Financial Asset Management Co., Ltd.",,"中国中信金融资产管理股份有限公司: China CITIC Financial Asset Management Co., Ltd.",2026-06-04T15:47:49.596843
02800,HK,akshare_eastmoney_company_profile,company_profile,恒生投资管理有限公司: Hang Seng Investment Management Ltd,,恒生投资管理有限公司: Hang Seng Investment Management Ltd,2026-06-04T15:47:49.697219
02801,HK,akshare_eastmoney_company_profile,company_profile,贝莱德资产管理北亚有限公司: Blackrock Asset Management North Asia Limited,,贝莱德资产管理北亚有限公司: Blackrock Asset Management North Asia Limited,2026-06-04T15:47:49.797367
02802,HK,akshare_eastmoney_company_profile,company_profile,南方东英资产管理有限公司: CSOP Asset Management Limited,,南方东英资产管理有限公司: CSOP Asset Management Limited,2026-06-04T15:47:49.901422
02803,HK,akshare_eastmoney_company_profile,company_profile,睿亚资产管理有限公司: Premia Partners Company Limited,,睿亚资产管理有限公司: Premia Partners Company Limited,2026-06-04T15:47:49.995127
02804,HK,akshare_eastmoney_company_profile,company_profile,睿亚资产管理有限公司: Premia Partners Company Limited,,睿亚资产管理有限公司: Premia Partners Company Limited,2026-06-04T15:47:50.092551
02805,HK,akshare_eastmoney_company_profile,company_profile,"博时基金(国际)有限公司: Bosera Asset Management (International) Co., Limited",,"博时基金(国际)有限公司: Bosera Asset Management (International) Co., Limited",2026-06-04T15:47:50.188631
02806,HK,akshare_eastmoney_company_profile,company_profile,未来资产环球投资(香港)有限公司: Mirae Asset Global Investments (Hong Kong) Limited,,未来资产环球投资(香港)有限公司: Mirae Asset Global Investments (Hong Kong) Limited,2026-06-04T15:47:50.295561
02807,HK,akshare_eastmoney_company_profile,company_profile,未来资产环球投资(香港)有限公司: Mirae Asset Global Investments (Hong Kong) Limited,,未来资产环球投资(香港)有限公司: Mirae Asset Global Investments (Hong Kong) Limited,2026-06-04T15:47:50.423325
02809,HK,akshare_eastmoney_company_profile,company_profile,未来资产环球投资(香港)有限公司: Mirae Asset Global Investments (Hong Kong) Limited,,未来资产环球投资(香港)有限公司: Mirae Asset Global Investments (Hong Kong) Limited,2026-06-04T15:47:50.519552
02810,HK,akshare_eastmoney_company_profile,company_profile,睿亚资产管理有限公司: Premia Partners Company Limited,,睿亚资产管理有限公司: Premia Partners Company Limited,2026-06-04T15:47:50.611865
02812,HK,akshare_eastmoney_company_profile,company_profile,三星资产运用(香港)有限公司: Samsung Asset Management (Hong Kong) Limited,,三星资产运用(香港)有限公司: Samsung Asset Management (Hong Kong) Limited,2026-06-04T15:47:50.738198
02814,HK,akshare_eastmoney_company_profile,company_profile,三星资产运用(香港)有限公司: Samsung Asset Management (Hong Kong) Limited,,三星资产运用(香港)有限公司: Samsung Asset Management (Hong Kong) Limited,2026-06-04T15:47:50.834133
02815,HK,akshare_eastmoney_company_profile,company_profile,未来资产环球投资(香港)有限公司: Mirae Asset Global Investments (Hong Kong) Limited,,未来资产环球投资(香港)有限公司: Mirae Asset Global Investments (Hong Kong) Limited,2026-06-04T15:47:50.927266
02817,HK,akshare_eastmoney_company_profile,company_profile,睿亚资产管理有限公司: Premia Partners Company Limited,,睿亚资产管理有限公司: Premia Partners Company Limited,2026-06-04T15:47:51.024444
02818,HK,akshare_eastmoney_company_profile,company_profile,潘渡有限公司: Pando Finance Limited,,潘渡有限公司: Pando Finance Limited,2026-06-04T15:47:51.116323
02819,HK,akshare_eastmoney_company_profile,company_profile,汇丰投资基金(香港)有限公司: HSBC Investment Funds (Hong Kong) Ltd.,,汇丰投资基金(香港)有限公司: HSBC Investment Funds (Hong Kong) Ltd.,2026-06-04T15:47:51.213827
02820,HK,akshare_eastmoney_company_profile,company_profile,未来资产环球投资(香港)有限公司: Mirae Asset Global Investments (Hong Kong) Limited,,未来资产环球投资(香港)有限公司: Mirae Asset Global Investments (Hong Kong) Limited,2026-06-04T15:47:51.312320
02821,HK,akshare_eastmoney_company_profile,company_profile,道富环球投资管理新加坡有限公司 Singapore 新加坡,,道富环球投资管理新加坡有限公司 Singapore 新加坡,2026-06-04T15:47:58.273783
02822,HK,akshare_eastmoney_company_profile,company_profile,南方东英资产管理有限公司: CSOP Asset Management Limited,,南方东英资产管理有限公司: CSOP Asset Management Limited,2026-06-04T15:47:58.383449
02823,HK,akshare_eastmoney_company_profile,company_profile,贝莱德资产管理北亚有限公司: Blackrock Asset Management North Asia Limited,,贝莱德资产管理北亚有限公司: Blackrock Asset Management North Asia Limited,2026-06-04T15:47:58.485384
02824,HK,akshare_eastmoney_company_profile,company_profile,易方达资产管理(香港)有限公司: E Fund Asset Management (Hong Kong) Limited,,易方达资产管理(香港)有限公司: E Fund Asset Management (Hong Kong) Limited,2026-06-04T15:47:58.594672
02825,HK,akshare_eastmoney_company_profile,company_profile,中银国际英国保诚资产管理有限公司: BOCI-Prudential Asset Management Limited,,中银国际英国保诚资产管理有限公司: BOCI-Prudential Asset Management Limited,2026-06-04T15:47:58.809849
02826,HK,akshare_eastmoney_company_profile,company_profile,未来资产环球投资(香港)有限公司: Mirae Asset Global Investments (Hong Kong) Limited,,未来资产环球投资(香港)有限公司: Mirae Asset Global Investments (Hong Kong) Limited,2026-06-04T15:47:58.907527
02827,HK,akshare_eastmoney_company_profile,company_profile,中银国际英国保诚资产管理有限公司: BOCI-Prudential Asset Management Limited,,中银国际英国保诚资产管理有限公司: BOCI-Prudential Asset Management Limited,2026-06-04T15:47:58.995482
02828,HK,akshare_eastmoney_company_profile,company_profile,恒生投资管理有限公司: Hang Seng Investment Management Ltd,,恒生投资管理有限公司: Hang Seng Investment Management Ltd,2026-06-04T15:47:59.102196
02829,HK,akshare_eastmoney_company_profile,company_profile,贝莱德资产管理北亚有限公司: Blackrock Asset Management North Asia Limited,,贝莱德资产管理北亚有限公司: Blackrock Asset Management North Asia Limited,2026-06-04T15:47:59.205017
02830,HK,akshare_eastmoney_company_profile,company_profile,南方东英资产管理有限公司: CSOP Asset Management Limited,,南方东英资产管理有限公司: CSOP Asset Management Limited,2026-06-04T15:47:59.309665
02832,HK,akshare_eastmoney_company_profile,company_profile,"博时基金(国际)有限公司: Bosera Asset Management (International) Co., Limited",,"博时基金(国际)有限公司: Bosera Asset Management (International) Co., Limited",2026-06-04T15:47:59.413546
02834,HK,akshare_eastmoney_company_profile,company_profile,贝莱德资产管理北亚有限公司: Blackrock Asset Management North Asia Limited,,贝莱德资产管理北亚有限公司: Blackrock Asset Management North Asia Limited,2026-06-04T15:47:59.505138
02835,HK,akshare_eastmoney_company_profile,company_profile,辉立资本管理(香港)有限公司: Phillip Capital Management (HK) Ltd,,辉立资本管理(香港)有限公司: Phillip Capital Management (HK) Ltd,2026-06-04T15:47:59.597823
02836,HK,akshare_eastmoney_company_profile,company_profile,贝莱德资产管理北亚有限公司: Blackrock Asset Management North Asia Limited,,贝莱德资产管理北亚有限公司: Blackrock Asset Management North Asia Limited,2026-06-04T15:47:59.682642
02837,HK,akshare_eastmoney_company_profile,company_profile,未来资产环球投资(香港)有限公司: Mirae Asset Global Investments (Hong Kong) Limited,,未来资产环球投资(香港)有限公司: Mirae Asset Global Investments (Hong Kong) Limited,2026-06-04T15:47:59.783115
02838,HK,akshare_eastmoney_company_profile,company_profile,恒生投资管理有限公司: Hang Seng Investment Management Ltd,,恒生投资管理有限公司: Hang Seng Investment Management Ltd,2026-06-04T15:47:59.882451
02839,HK,akshare_eastmoney_company_profile,company_profile,华夏基金(香港)有限公司: China Asset Management (Hong Kong) Limited,,华夏基金(香港)有限公司: China Asset Management (Hong Kong) Limited,2026-06-04T15:47:59.990347
02840,HK,akshare_eastmoney_company_profile,company_profile,World Gold Trust Services LLC/USA: World Gold Trust Services LLC/USA,,World Gold Trust Services LLC/USA: World Gold Trust Services LLC/USA,2026-06-04T15:48:00.086588
02841,HK,akshare_eastmoney_company_profile,company_profile,未来资产环球投资(香港)有限公司: Mirae Asset Global Investments (Hong Kong) Limited,,未来资产环球投资(香港)有限公司: Mirae Asset Global Investments (Hong Kong) Limited,2026-06-04T15:48:00.279774
02843,HK,akshare_eastmoney_company_profile,company_profile,东方汇理资产管理香港有限公司: Amundi Hong Kong Limited,,东方汇理资产管理香港有限公司: Amundi Hong Kong Limited,2026-06-04T15:48:00.374654
02845,HK,akshare_eastmoney_company_profile,company_profile,未来资产环球投资(香港)有限公司: Mirae Asset Global Investments (Hong Kong) Limited,,未来资产环球投资(香港)有限公司: Mirae Asset Global Investments (Hong Kong) Limited,2026-06-04T15:48:00.746617
02846,HK,akshare_eastmoney_company_profile,company_profile,贝莱德资产管理北亚有限公司: Blackrock Asset Management North Asia Limited,,贝莱德资产管理北亚有限公司: Blackrock Asset Management North Asia Limited,2026-06-04T15:48:00.847302
02848,HK,akshare_eastmoney_company_profile,company_profile,DWS Investment S.A.: DWS Investment S.A.,,DWS Investment S.A.: DWS Investment S.A.,2026-06-04T15:48:00.945462
02858,HK,akshare_eastmoney_company_profile,company_profile,易鑫集团有限公司: YIXIN GROUP LIMITED,,易鑫集团有限公司: YIXIN GROUP LIMITED,2026-06-04T15:48:01.045435
02863,HK,akshare_eastmoney_company_profile,company_profile,高丰集团控股有限公司: Golden Faith Group Holdings Limited,,高丰集团控股有限公司: Golden Faith Group Holdings Limited,2026-06-04T15:48:01.292313
02865,HK,akshare_eastmoney_company_profile,company_profile,"海南钧达新能源科技股份有限公司: Hainan Drinda New Energy Technology Co., Ltd.",,"海南钧达新能源科技股份有限公司: Hainan Drinda New Energy Technology Co., Ltd.",2026-06-04T15:48:01.655047
02866,HK,akshare_eastmoney_company_profile,company_profile,中远海运发展股份有限公司: COSCO SHIPPING Development Company Limited,,中远海运发展股份有限公司: COSCO SHIPPING Development Company Limited,2026-06-04T15:48:02.418444
02869,HK,akshare_eastmoney_company_profile,company_profile,绿城服务集团有限公司: Greentown Service Group Co. Ltd.,,绿城服务集团有限公司: Greentown Service Group Co. Ltd.,2026-06-04T15:48:02.512456
02877,HK,akshare_eastmoney_company_profile,company_profile,中国神威药业集团有限公司: China Shineway Pharmaceutical Group Limited,,中国神威药业集团有限公司: China Shineway Pharmaceutical Group Limited,2026-06-04T15:48:02.602069
02878,HK,akshare_eastmoney_company_profile,company_profile,晶门半导体有限公司: SOLOMON SYSTECH (INTERNATIONAL) LIMITED,,晶门半导体有限公司: SOLOMON SYSTECH (INTERNATIONAL) LIMITED,2026-06-04T15:48:03.024328
02880,HK,akshare_eastmoney_company_profile,company_profile,"辽宁港口股份有限公司: Liaoning Port Co., Ltd.",,"辽宁港口股份有限公司: Liaoning Port Co., Ltd.",2026-06-04T15:48:03.592935
02881,HK,akshare_eastmoney_company_profile,company_profile,武汉有机控股有限公司: Wuhan Youji Holdings Ltd.,,武汉有机控股有限公司: Wuhan Youji Holdings Ltd.,2026-06-04T15:48:03.690400
02882,HK,akshare_eastmoney_company_profile,company_profile,金至尊集团(国际)有限公司: 3DG HOLDINGS (INTERNATIONAL) LIMITED,,金至尊集团(国际)有限公司: 3DG HOLDINGS (INTERNATIONAL) LIMITED,2026-06-04T15:48:03.871214
02883,HK,akshare_eastmoney_company_profile,company_profile,中海油田服务股份有限公司: China Oilfield Services Limited,,中海油田服务股份有限公司: China Oilfield Services Limited,2026-06-04T15:48:03.975887
02885,HK,akshare_eastmoney_company_profile,company_profile,彼岸控股有限公司: Peiport Holdings Ltd.,,彼岸控股有限公司: Peiport Holdings Ltd.,2026-06-04T15:48:04.079450
02886,HK,akshare_eastmoney_company_profile,company_profile,滨海投资有限公司: Binhai Investment Company Limited,,滨海投资有限公司: Binhai Investment Company Limited,2026-06-04T15:48:04.168993
02888,HK,akshare_eastmoney_company_profile,company_profile,渣打集团有限公司: Standard Chartered Plc,,渣打集团有限公司: Standard Chartered Plc,2026-06-04T15:48:04.270411
02889,HK,akshare_eastmoney_company_profile,company_profile,博泰车联网科技(上海)股份有限公司: PATEO CONNECT Technology (Shanghai) Corporation,,博泰车联网科技(上海)股份有限公司: PATEO CONNECT Technology (Shanghai) Corporation,2026-06-04T15:48:04.368537
02892,HK,akshare_eastmoney_company_profile,company_profile,万城控股有限公司: Million Cities Holdings Limited,,万城控股有限公司: Million Cities Holdings Limited,2026-06-04T15:48:04.687609
02898,HK,akshare_eastmoney_company_profile,company_profile,"盛禾生物控股有限公司: Sunho Biologics, Inc.",,"盛禾生物控股有限公司: Sunho Biologics, Inc.",2026-06-04T15:48:04.788524
02899,HK,akshare_eastmoney_company_profile,company_profile,紫金矿业集团股份有限公司: Zijin Mining Group Company Limited,,紫金矿业集团股份有限公司: Zijin Mining Group Company Limited,2026-06-04T15:48:04.898980
02905,HK,akshare_eastmoney_company_profile,company_profile,恒益控股有限公司: Hang Yick Holdings Company Limited,,恒益控股有限公司: Hang Yick Holdings Company Limited,2026-06-04T15:48:04.994855
02909,HK,akshare_eastmoney_company_profile,company_profile,沪光国际上海发展投资有限公司: Shanghai International Shanghai Growth Investment Ltd.,,沪光国际上海发展投资有限公司: Shanghai International Shanghai Growth Investment Ltd.,2026-06-04T15:48:05.256395
02923,HK,akshare_eastmoney_company_profile,company_profile,中建富通集团有限公司: CCT Fortis Holdings Limited,,中建富通集团有限公司: CCT Fortis Holdings Limited,2026-06-04T15:48:05.513204
02926,HK,research_error,research_error,'NoneType' object is not subscriptable,,,2026-06-04T15:48:05.735689
02934,HK,akshare_eastmoney_company_profile,company_profile,圣马丁国际控股有限公司: Sandmartin International Holdings Limited,,圣马丁国际控股有限公司: Sandmartin International Holdings Limited,2026-06-04T15:48:05.736630
02935,HK,akshare_eastmoney_company_profile,company_profile,环球华商俱乐部: Global Chinese Business Club,,环球华商俱乐部: Global Chinese Business Club,2026-06-04T15:48:05.834420
02940,HK,akshare_eastmoney_company_profile,company_profile,"经纬天地控股有限公司: WellCell Holdings Co., Limited",,"经纬天地控股有限公司: WellCell Holdings Co., Limited",2026-06-04T15:48:05.958185
02941,HK,akshare_eastmoney_company_profile,company_profile,中国新零售供应链集团有限公司: China Next-Gen Commerce and Supply Chain Limited,,中国新零售供应链集团有限公司: China Next-Gen Commerce and Supply Chain Limited,2026-06-04T15:48:06.056957
02942,HK,akshare_eastmoney_company_profile,company_profile,龙升集团控股有限公司: DRAGON RISE GROUP HOLDINGS LIMITED,,龙升集团控股有限公司: DRAGON RISE GROUP HOLDINGS LIMITED,2026-06-04T15:48:06.150776
02943,HK,research_error,research_error,'NoneType' object is not subscriptable,,,2026-06-04T15:48:06.390459
02944,HK,akshare_eastmoney_company_profile,company_profile,中科集团控股有限公司: ZhongKe Group Holdings Limited,,中科集团控股有限公司: ZhongKe Group Holdings Limited,2026-06-04T15:48:06.391480
02945,HK,akshare_eastmoney_company_profile,company_profile,中国星集团有限公司: China Star Entertainment Ltd.,,中国星集团有限公司: China Star Entertainment Ltd.,2026-06-04T15:48:06.729278
02946,HK,akshare_eastmoney_company_profile,company_profile,谊和股份有限公司: Easyhold Group Holdings Limited,,谊和股份有限公司: Easyhold Group Holdings Limited,2026-06-04T15:48:06.825762
02947,HK,akshare_eastmoney_company_profile,company_profile,铸帝控股集团有限公司: FEG Holdings Corporation Limited,,铸帝控股集团有限公司: FEG Holdings Corporation Limited,2026-06-04T15:48:06.921471
02948,HK,akshare_eastmoney_company_profile,company_profile,稀美资源控股有限公司: XIMEI RESOURCES HOLDING LIMITED,,稀美资源控股有限公司: XIMEI RESOURCES HOLDING LIMITED,2026-06-04T15:48:07.016654
02949,HK,akshare_eastmoney_company_profile,company_profile,百信国际控股有限公司: Pa Shun International Holdings Limited,,百信国际控股有限公司: Pa Shun International Holdings Limited,2026-06-04T15:48:07.109073
02950,HK,akshare_eastmoney_company_profile,company_profile,升能集团有限公司: SANERGY GROUP LIMITED,,升能集团有限公司: SANERGY GROUP LIMITED,2026-06-04T15:48:07.290591
02951,HK,akshare_eastmoney_company_profile,company_profile,京玖医疗健康有限公司: SoftMedX Healthcare Limited,,京玖医疗健康有限公司: SoftMedX Healthcare Limited,2026-06-04T15:48:07.399685
02952,HK,akshare_eastmoney_company_profile,company_profile,杭品生活科技股份有限公司: Hang Pin Living Technology Company Limited,,杭品生活科技股份有限公司: Hang Pin Living Technology Company Limited,2026-06-04T15:48:07.504521
02955,HK,akshare_eastmoney_company_profile,company_profile,国富量子创新有限公司: GoFintech Quantum Innovation Limited,,国富量子创新有限公司: GoFintech Quantum Innovation Limited,2026-06-04T15:48:07.604927
02956,HK,akshare_eastmoney_company_profile,company_profile,中国健康科技集团控股有限公司: China Health Technology Group Holding Company Limited,,中国健康科技集团控股有限公司: China Health Technology Group Holding Company Limited,2026-06-04T15:48:07.702809
02957,HK,akshare_eastmoney_company_profile,company_profile,中国金融国际投资有限公司: China Financial International Investments Limited,,中国金融国际投资有限公司: China Financial International Investments Limited,2026-06-04T15:48:07.802939
02958,HK,akshare_eastmoney_company_profile,company_profile,远见控股有限公司: Vision Values Holdings Limited,,远见控股有限公司: Vision Values Holdings Limited,2026-06-04T15:48:07.908428
02959,HK,akshare_eastmoney_company_profile,company_profile,杜甫酒业集团有限公司: Dufu Liquor Group Limited,,杜甫酒业集团有限公司: Dufu Liquor Group Limited,2026-06-04T15:48:08.017806
02960,HK,akshare_eastmoney_company_profile,company_profile,爱高集团有限公司: Alco Holdings Limited,,爱高集团有限公司: Alco Holdings Limited,2026-06-04T15:48:08.121738
02961,HK,akshare_eastmoney_company_profile,company_profile,中深建业控股有限公司: Zhongshen Jianye Holding Limited,,中深建业控股有限公司: Zhongshen Jianye Holding Limited,2026-06-04T15:48:08.226196
02974,HK,akshare_eastmoney_company_profile,company_profile,"粤港湾智算科技有限公司: Greater Bay Area AI Computing Tech Co. , Ltd.",,"粤港湾智算科技有限公司: Greater Bay Area AI Computing Tech Co. , Ltd.",2026-06-04T15:48:08.325645
02979,HK,akshare_eastmoney_company_profile,company_profile,万国黄金集团有限公司: Wanguo Gold Group Limited,,万国黄金集团有限公司: Wanguo Gold Group Limited,2026-06-04T15:48:08.417722
02983,HK,akshare_eastmoney_company_profile,company_profile,中加国信控股股份有限公司: Zhong Jia Guo Xin Holdings Company Limited,,中加国信控股股份有限公司: Zhong Jia Guo Xin Holdings Company Limited,2026-06-04T15:48:08.533417
02998,HK,akshare_eastmoney_company_profile,company_profile,世界数字经济产业集团有限公司: World Digital Economy Asset Group Limited,,世界数字经济产业集团有限公司: World Digital Economy Asset Group Limited,2026-06-04T15:48:08.636061
03001,HK,akshare_eastmoney_company_profile,company_profile,睿亚资产管理有限公司: Premia Partners Company Limited,,睿亚资产管理有限公司: Premia Partners Company Limited,2026-06-04T15:48:08.793658
03003,HK,akshare_eastmoney_company_profile,company_profile,南方东英资产管理有限公司: CSOP Asset Management Limited,,南方东英资产管理有限公司: CSOP Asset Management Limited,2026-06-04T15:48:08.890978
03004,HK,akshare_eastmoney_company_profile,company_profile,南方东英资产管理有限公司: CSOP Asset Management Limited,,南方东英资产管理有限公司: CSOP Asset Management Limited,2026-06-04T15:48:08.989336
03005,HK,akshare_eastmoney_company_profile,company_profile,南方东英资产管理有限公司: CSOP Asset Management Limited,,南方东英资产管理有限公司: CSOP Asset Management Limited,2026-06-04T15:48:09.094404
03006,HK,akshare_eastmoney_company_profile,company_profile,未来资产环球投资(香港)有限公司: Mirae Asset Global Investments (Hong Kong) Limited,,未来资产环球投资(香港)有限公司: Mirae Asset Global Investments (Hong Kong) Limited,2026-06-04T15:48:09.201659
03007,HK,akshare_eastmoney_company_profile,company_profile,DWS Investment S.A.: DWS Investment S.A.,,DWS Investment S.A.: DWS Investment S.A.,2026-06-04T15:48:09.373857
03008,HK,akshare_eastmoney_company_profile,company_profile,"博时基金(国际)有限公司: Bosera Asset Management (International) Co., Limited",,"博时基金(国际)有限公司: Bosera Asset Management (International) Co., Limited",2026-06-04T15:48:09.465011
03009,HK,akshare_eastmoney_company_profile,company_profile,"博时基金(国际)有限公司: Bosera Asset Management (International) Co., Limited",,"博时基金(国际)有限公司: Bosera Asset Management (International) Co., Limited",2026-06-04T15:48:09.612883
03010,HK,akshare_eastmoney_company_profile,company_profile,贝莱德资产管理北亚有限公司: Blackrock Asset Management North Asia Limited,,贝莱德资产管理北亚有限公司: Blackrock Asset Management North Asia Limited,2026-06-04T15:48:09.721762
03011,HK,akshare_eastmoney_company_profile,company_profile,中国国际金融香港资产管理有限公司: China International Capital Corporation Hong Kong Asset Management Limited,,中国国际金融香港资产管理有限公司: China International Capital Corporation Hong Kong Asset Management Limited,2026-06-04T15:48:09.813545
03012,HK,akshare_eastmoney_company_profile,company_profile,东方汇理资产管理香港有限公司: Amundi Hong Kong Limited,,东方汇理资产管理香港有限公司: Amundi Hong Kong Limited,2026-06-04T15:48:09.906140
03015,HK,akshare_eastmoney_company_profile,company_profile,DWS Investment S.A.: DWS Investment S.A.,,DWS Investment S.A.: DWS Investment S.A.,2026-06-04T15:48:10.006482
03020,HK,akshare_eastmoney_company_profile,company_profile,DWS Investment S.A.: DWS Investment S.A.,,DWS Investment S.A.: DWS Investment S.A.,2026-06-04T15:48:10.097714
03024,HK,akshare_eastmoney_company_profile,company_profile,中银国际英国保诚资产管理有限公司: BOCI-Prudential Asset Management Limited,,中银国际英国保诚资产管理有限公司: BOCI-Prudential Asset Management Limited,2026-06-04T15:48:10.196133
03029,HK,akshare_eastmoney_company_profile,company_profile,未来资产环球投资(香港)有限公司: Mirae Asset Global Investments (Hong Kong) Limited,,未来资产环球投资(香港)有限公司: Mirae Asset Global Investments (Hong Kong) Limited,2026-06-04T15:48:10.324273
03030,HK,akshare_eastmoney_company_profile,company_profile,南方东英资产管理有限公司: CSOP Asset Management Limited,,南方东英资产管理有限公司: CSOP Asset Management Limited,2026-06-04T15:48:10.489088
03031,HK,akshare_eastmoney_company_profile,company_profile,富国资产管理(香港)有限公司: Fullgoal Asset Management (hk) Limited,,富国资产管理(香港)有限公司: Fullgoal Asset Management (hk) Limited,2026-06-04T15:48:10.650582
03032,HK,akshare_eastmoney_company_profile,company_profile,恒生投资管理有限公司: Hang Seng Investment Management Ltd,,恒生投资管理有限公司: Hang Seng Investment Management Ltd,2026-06-04T15:48:10.756781
03033,HK,akshare_eastmoney_company_profile,company_profile,南方东英资产管理有限公司: CSOP Asset Management Limited,,南方东英资产管理有限公司: CSOP Asset Management Limited,2026-06-04T15:48:10.852822
03034,HK,akshare_eastmoney_company_profile,company_profile,南方东英资产管理有限公司: CSOP Asset Management Limited,,南方东英资产管理有限公司: CSOP Asset Management Limited,2026-06-04T15:48:10.951557
03036,HK,akshare_eastmoney_company_profile,company_profile,DWS Investment S.A.: DWS Investment S.A.,,DWS Investment S.A.: DWS Investment S.A.,2026-06-04T15:48:11.152646
03037,HK,akshare_eastmoney_company_profile,company_profile,南方东英资产管理有限公司: CSOP Asset Management Limited,,南方东英资产管理有限公司: CSOP Asset Management Limited,2026-06-04T15:48:11.251328
03038,HK,akshare_eastmoney_company_profile,company_profile,恒生投资管理有限公司: Hang Seng Investment Management Ltd,,恒生投资管理有限公司: Hang Seng Investment Management Ltd,2026-06-04T15:48:11.344870
03039,HK,akshare_eastmoney_company_profile,company_profile,易方达资产管理(香港)有限公司: E Fund Asset Management (Hong Kong) Limited,,易方达资产管理(香港)有限公司: E Fund Asset Management (Hong Kong) Limited,2026-06-04T15:48:11.443921
03040,HK,akshare_eastmoney_company_profile,company_profile,未来资产环球投资(香港)有限公司: Mirae Asset Global Investments (Hong Kong) Limited,,未来资产环球投资(香港)有限公司: Mirae Asset Global Investments (Hong Kong) Limited,2026-06-04T15:48:11.540470
03042,HK,akshare_eastmoney_company_profile,company_profile,华夏基金(香港)有限公司: China Asset Management (Hong Kong) Limited,,华夏基金(香港)有限公司: China Asset Management (Hong Kong) Limited,2026-06-04T15:48:11.634600
03046,HK,akshare_eastmoney_company_profile,company_profile,华夏基金(香港)有限公司: China Asset Management (Hong Kong) Limited,,华夏基金(香港)有限公司: China Asset Management (Hong Kong) Limited,2026-06-04T15:48:11.727456
03047,HK,akshare_eastmoney_company_profile,company_profile,山证国际资产管理有限公司: SSIF ASSET MANAGEMENT LIMITED,,山证国际资产管理有限公司: SSIF ASSET MANAGEMENT LIMITED,2026-06-04T15:48:11.812734
03050,HK,akshare_eastmoney_company_profile,company_profile,未来资产环球投资(香港)有限公司: Mirae Asset Global Investments (Hong Kong) Limited,,未来资产环球投资(香港)有限公司: Mirae Asset Global Investments (Hong Kong) Limited,2026-06-04T15:48:11.908906
03053,HK,akshare_eastmoney_company_profile,company_profile,南方东英资产管理有限公司: CSOP Asset Management Limited,,南方东英资产管理有限公司: CSOP Asset Management Limited,2026-06-04T15:48:11.997874
03056,HK,akshare_eastmoney_company_profile,company_profile,潘渡有限公司: Pando Finance Limited,,潘渡有限公司: Pando Finance Limited,2026-06-04T15:48:12.085808
03059,HK,akshare_eastmoney_company_profile,company_profile,未来资产环球投资(香港)有限公司: Mirae Asset Global Investments (Hong Kong) Limited,,未来资产环球投资(香港)有限公司: Mirae Asset Global Investments (Hong Kong) Limited,2026-06-04T15:48:12.178887
03064,HK,akshare_eastmoney_company_profile,company_profile,未来资产环球投资(香港)有限公司: Mirae Asset Global Investments (Hong Kong) Limited,,未来资产环球投资(香港)有限公司: Mirae Asset Global Investments (Hong Kong) Limited,2026-06-04T15:48:12.277251
03066,HK,akshare_eastmoney_company_profile,company_profile,南方东英资产管理有限公司: CSOP Asset Management Limited,,南方东英资产管理有限公司: CSOP Asset Management Limited,2026-06-04T15:48:12.367443
03067,HK,akshare_eastmoney_company_profile,company_profile,贝莱德资产管理北亚有限公司: Blackrock Asset Management North Asia Limited,,贝莱德资产管理北亚有限公司: Blackrock Asset Management North Asia Limited,2026-06-04T15:48:12.466820
03068,HK,akshare_eastmoney_company_profile,company_profile,南方东英资产管理有限公司: CSOP Asset Management Limited,,南方东英资产管理有限公司: CSOP Asset Management Limited,2026-06-04T15:48:12.659802
03069,HK,akshare_eastmoney_company_profile,company_profile,华夏基金(香港)有限公司: China Asset Management (Hong Kong) Limited,,华夏基金(香港)有限公司: China Asset Management (Hong Kong) Limited,2026-06-04T15:48:12.756823
03070,HK,akshare_eastmoney_company_profile,company_profile,"中国平安资产管理(香港)有限公司: China PingAn Asset Management (HongKong) Co.,Ltd.",,"中国平安资产管理(香港)有限公司: China PingAn Asset Management (HongKong) Co.,Ltd.",2026-06-04T15:48:12.848401
03071,HK,akshare_eastmoney_company_profile,company_profile,中国国际金融香港资产管理有限公司: China International Capital Corporation Hong Kong Asset Management Limited,,中国国际金融香港资产管理有限公司: China International Capital Corporation Hong Kong Asset Management Limited,2026-06-04T15:48:12.939374
03072,HK,akshare_eastmoney_company_profile,company_profile,奥明资产管理香港有限公司 中国香港特别行政区 www.nikkoam.com/english/ 00852-39403900 00852-39403904,,奥明资产管理香港有限公司 中国香港特别行政区 www.nikkoam.com/english/ 00852-39403900 00852-39403904,2026-06-04T15:48:13.068583
03074,HK,akshare_eastmoney_company_profile,company_profile,贝莱德资产管理北亚有限公司: Blackrock Asset Management North Asia Limited,,贝莱德资产管理北亚有限公司: Blackrock Asset Management North Asia Limited,2026-06-04T15:48:13.170770
03075,HK,akshare_eastmoney_company_profile,company_profile,未来资产环球投资(香港)有限公司: Mirae Asset Global Investments (Hong Kong) Limited,,未来资产环球投资(香港)有限公司: Mirae Asset Global Investments (Hong Kong) Limited,2026-06-04T15:48:13.259845
03076,HK,akshare_eastmoney_company_profile,company_profile,富邦基金管理(香港)有限公司 中国香港特别行政区 1979-12-04,,富邦基金管理(香港)有限公司 中国香港特别行政区 1979-12-04,2026-06-04T15:48:13.354442
03077,HK,akshare_eastmoney_company_profile,company_profile,睿亚资产管理有限公司: Premia Partners Company Limited,,睿亚资产管理有限公司: Premia Partners Company Limited,2026-06-04T15:48:13.448547
03081,HK,akshare_eastmoney_company_profile,company_profile,盛宝资产管理香港有限公司 中国香港特别行政区 2008,,盛宝资产管理香港有限公司 中国香港特别行政区 2008,2026-06-04T15:48:13.551386
03084,HK,akshare_eastmoney_company_profile,company_profile,未来资产环球投资(香港)有限公司: Mirae Asset Global Investments (Hong Kong) Limited,,未来资产环球投资(香港)有限公司: Mirae Asset Global Investments (Hong Kong) Limited,2026-06-04T15:48:13.645069
03085,HK,akshare_eastmoney_company_profile,company_profile,潘渡有限公司: Pando Finance Limited,,潘渡有限公司: Pando Finance Limited,2026-06-04T15:48:13.786700
03086,HK,akshare_eastmoney_company_profile,company_profile,华夏基金(香港)有限公司: China Asset Management (Hong Kong) Limited,,华夏基金(香港)有限公司: China Asset Management (Hong Kong) Limited,2026-06-04T15:48:13.876352
03087,HK,akshare_eastmoney_company_profile,company_profile,DWS Investment S.A.: DWS Investment S.A.,,DWS Investment S.A.: DWS Investment S.A.,2026-06-04T15:48:13.978717
03088,HK,akshare_eastmoney_company_profile,company_profile,华夏基金(香港)有限公司: China Asset Management (Hong Kong) Limited,,华夏基金(香港)有限公司: China Asset Management (Hong Kong) Limited,2026-06-04T15:48:14.083144
03096,HK,akshare_eastmoney_company_profile,company_profile,南方东英资产管理有限公司: CSOP Asset Management Limited,,南方东英资产管理有限公司: CSOP Asset Management Limited,2026-06-04T15:48:14.188505
03097,HK,akshare_eastmoney_company_profile,company_profile,未来资产环球投资(香港)有限公司: Mirae Asset Global Investments (Hong Kong) Limited,,未来资产环球投资(香港)有限公司: Mirae Asset Global Investments (Hong Kong) Limited,2026-06-04T15:48:14.292228
03101,HK,akshare_eastmoney_company_profile,company_profile,南方东英资产管理有限公司: CSOP Asset Management Limited,,南方东英资产管理有限公司: CSOP Asset Management Limited,2026-06-04T15:48:14.460923
03102,HK,akshare_eastmoney_company_profile,company_profile,工银瑞信资产管理(国际)有限公司: ICBC Credit Suisse Asset Management (International) limited,,工银瑞信资产管理(国际)有限公司: ICBC Credit Suisse Asset Management (International) limited,2026-06-04T15:48:14.568081
03104,HK,akshare_eastmoney_company_profile,company_profile,未来资产环球投资(香港)有限公司: Mirae Asset Global Investments (Hong Kong) Limited,,未来资产环球投资(香港)有限公司: Mirae Asset Global Investments (Hong Kong) Limited,2026-06-04T15:48:14.719403
03108,HK,akshare_eastmoney_company_profile,company_profile,嘉实国际资产管理有限公司: Harvest Global Investments Limited,,嘉实国际资产管理有限公司: Harvest Global Investments Limited,2026-06-04T15:48:14.812268
03109,HK,akshare_eastmoney_company_profile,company_profile,南方东英资产管理有限公司: CSOP Asset Management Limited,,南方东英资产管理有限公司: CSOP Asset Management Limited,2026-06-04T15:48:14.907962
03110,HK,akshare_eastmoney_company_profile,company_profile,未来资产环球投资(香港)有限公司: Mirae Asset Global Investments (Hong Kong) Limited,,未来资产环球投资(香港)有限公司: Mirae Asset Global Investments (Hong Kong) Limited,2026-06-04T15:48:15.001207
03111,HK,akshare_eastmoney_company_profile,company_profile,易方达资产管理(香港)有限公司: E Fund Asset Management (Hong Kong) Limited,,易方达资产管理(香港)有限公司: E Fund Asset Management (Hong Kong) Limited,2026-06-04T15:48:15.164754
03112,HK,akshare_eastmoney_company_profile,company_profile,潘渡有限公司: Pando Finance Limited,,潘渡有限公司: Pando Finance Limited,2026-06-04T15:48:15.272758
03115,HK,akshare_eastmoney_company_profile,company_profile,贝莱德资产管理北亚有限公司: Blackrock Asset Management North Asia Limited,,贝莱德资产管理北亚有限公司: Blackrock Asset Management North Asia Limited,2026-06-04T15:48:15.371896
03116,HK,akshare_eastmoney_company_profile,company_profile,未来资产环球投资(香港)有限公司: Mirae Asset Global Investments (Hong Kong) Limited,,未来资产环球投资(香港)有限公司: Mirae Asset Global Investments (Hong Kong) Limited,2026-06-04T15:48:15.478698
03118,HK,akshare_eastmoney_company_profile,company_profile,嘉实国际资产管理有限公司: Harvest Global Investments Limited,,嘉实国际资产管理有限公司: Harvest Global Investments Limited,2026-06-04T15:48:15.584135
03119,HK,akshare_eastmoney_company_profile,company_profile,未来资产环球投资(香港)有限公司: Mirae Asset Global Investments (Hong Kong) Limited,,未来资产环球投资(香港)有限公司: Mirae Asset Global Investments (Hong Kong) Limited,2026-06-04T15:48:15.690389
03122,HK,akshare_eastmoney_company_profile,company_profile,南方东英资产管理有限公司: CSOP Asset Management Limited,,南方东英资产管理有限公司: CSOP Asset Management Limited,2026-06-04T15:48:15.781415
03128,HK,akshare_eastmoney_company_profile,company_profile,恒生投资管理有限公司: Hang Seng Investment Management Ltd,,恒生投资管理有限公司: Hang Seng Investment Management Ltd,2026-06-04T15:48:16.332266
03129,HK,akshare_eastmoney_company_profile,company_profile,中银国际英国保诚资产管理有限公司: BOCI-Prudential Asset Management Limited,,中银国际英国保诚资产管理有限公司: BOCI-Prudential Asset Management Limited,2026-06-04T15:48:16.426498
03132,HK,akshare_eastmoney_company_profile,company_profile,三星资产运用(香港)有限公司: Samsung Asset Management (Hong Kong) Limited,,三星资产运用(香港)有限公司: Samsung Asset Management (Hong Kong) Limited,2026-06-04T15:48:16.539312
03133,HK,akshare_eastmoney_company_profile,company_profile,南方东英资产管理有限公司: CSOP Asset Management Limited,,南方东英资产管理有限公司: CSOP Asset Management Limited,2026-06-04T15:48:16.643338
03134,HK,akshare_eastmoney_company_profile,company_profile,南方东英资产管理有限公司: CSOP Asset Management Limited,,南方东英资产管理有限公司: CSOP Asset Management Limited,2026-06-04T15:48:16.778790
03135,HK,akshare_eastmoney_company_profile,company_profile,三星资产运用(香港)有限公司: Samsung Asset Management (Hong Kong) Limited,,三星资产运用(香港)有限公司: Samsung Asset Management (Hong Kong) Limited,2026-06-04T15:48:16.877691
03136,HK,akshare_eastmoney_company_profile,company_profile,恒生投资管理有限公司: Hang Seng Investment Management Ltd,,恒生投资管理有限公司: Hang Seng Investment Management Ltd,2026-06-04T15:48:16.982620
03137,HK,akshare_eastmoney_company_profile,company_profile,未来资产环球投资(香港)有限公司: Mirae Asset Global Investments (Hong Kong) Limited,,未来资产环球投资(香港)有限公司: Mirae Asset Global Investments (Hong Kong) Limited,2026-06-04T15:48:17.128444
03139,HK,akshare_eastmoney_company_profile,company_profile,未来资产环球投资(香港)有限公司: Mirae Asset Global Investments (Hong Kong) Limited,,未来资产环球投资(香港)有限公司: Mirae Asset Global Investments (Hong Kong) Limited,2026-06-04T15:48:17.223694
03140,HK,akshare_eastmoney_company_profile,company_profile,华夏基金(香港)有限公司: China Asset Management (Hong Kong) Limited,,华夏基金(香港)有限公司: China Asset Management (Hong Kong) Limited,2026-06-04T15:48:17.424068
03141,HK,akshare_eastmoney_company_profile,company_profile,华夏基金(香港)有限公司: China Asset Management (Hong Kong) Limited,,华夏基金(香港)有限公司: China Asset Management (Hong Kong) Limited,2026-06-04T15:48:17.522314
03145,HK,akshare_eastmoney_company_profile,company_profile,华夏基金(香港)有限公司: China Asset Management (Hong Kong) Limited,,华夏基金(香港)有限公司: China Asset Management (Hong Kong) Limited,2026-06-04T15:48:17.616134
03146,HK,akshare_eastmoney_company_profile,company_profile,华夏基金(香港)有限公司: China Asset Management (Hong Kong) Limited,,华夏基金(香港)有限公司: China Asset Management (Hong Kong) Limited,2026-06-04T15:48:17.719482
03147,HK,akshare_eastmoney_company_profile,company_profile,南方东英资产管理有限公司: CSOP Asset Management Limited,,南方东英资产管理有限公司: CSOP Asset Management Limited,2026-06-04T15:48:17.823748
03150,HK,akshare_eastmoney_company_profile,company_profile,未来资产环球投资(香港)有限公司: Mirae Asset Global Investments (Hong Kong) Limited,,未来资产环球投资(香港)有限公司: Mirae Asset Global Investments (Hong Kong) Limited,2026-06-04T15:48:17.923245
03151,HK,akshare_eastmoney_company_profile,company_profile,睿亚资产管理有限公司: Premia Partners Company Limited,,睿亚资产管理有限公司: Premia Partners Company Limited,2026-06-04T15:48:18.014872
03152,HK,akshare_eastmoney_company_profile,company_profile,"博时基金(国际)有限公司: Bosera Asset Management (International) Co., Limited",,"博时基金(国际)有限公司: Bosera Asset Management (International) Co., Limited",2026-06-04T15:48:18.258877
03153,HK,akshare_eastmoney_company_profile,company_profile,南方东英资产管理有限公司: CSOP Asset Management Limited,,南方东英资产管理有限公司: CSOP Asset Management Limited,2026-06-04T15:48:18.351206
03156,HK,akshare_eastmoney_company_profile,company_profile,"博时基金(国际)有限公司: Bosera Asset Management (International) Co., Limited",,"博时基金(国际)有限公司: Bosera Asset Management (International) Co., Limited",2026-06-04T15:48:18.569471
03158,HK,akshare_eastmoney_company_profile,company_profile,未来资产环球投资(香港)有限公司: Mirae Asset Global Investments (Hong Kong) Limited,,未来资产环球投资(香港)有限公司: Mirae Asset Global Investments (Hong Kong) Limited,2026-06-04T15:48:18.660018
03160,HK,akshare_eastmoney_company_profile,company_profile,华夏基金(香港)有限公司: China Asset Management (Hong Kong) Limited,,华夏基金(香港)有限公司: China Asset Management (Hong Kong) Limited,2026-06-04T15:48:18.749758
03161,HK,akshare_eastmoney_company_profile,company_profile,华夏基金(香港)有限公司: China Asset Management (Hong Kong) Limited,,华夏基金(香港)有限公司: China Asset Management (Hong Kong) Limited,2026-06-04T15:48:18.847767
03165,HK,akshare_eastmoney_company_profile,company_profile,华夏基金(香港)有限公司: China Asset Management (Hong Kong) Limited,,华夏基金(香港)有限公司: China Asset Management (Hong Kong) Limited,2026-06-04T15:48:18.942389
03167,HK,akshare_eastmoney_company_profile,company_profile,南方东英资产管理有限公司: CSOP Asset Management Limited,,南方东英资产管理有限公司: CSOP Asset Management Limited,2026-06-04T15:48:19.048264
03169,HK,akshare_eastmoney_company_profile,company_profile,嘉实国际资产管理有限公司: Harvest Global Investments Limited,,嘉实国际资产管理有限公司: Harvest Global Investments Limited,2026-06-04T15:48:19.140601
03170,HK,akshare_eastmoney_company_profile,company_profile,恒生投资管理有限公司: Hang Seng Investment Management Ltd,,恒生投资管理有限公司: Hang Seng Investment Management Ltd,2026-06-04T15:48:19.239417
03171,HK,akshare_eastmoney_company_profile,company_profile,三星资产运用(香港)有限公司: Samsung Asset Management (Hong Kong) Limited,,三星资产运用(香港)有限公司: Samsung Asset Management (Hong Kong) Limited,2026-06-04T15:48:19.351799
03173,HK,akshare_eastmoney_company_profile,company_profile,睿亚资产管理有限公司: Premia Partners Company Limited,,睿亚资产管理有限公司: Premia Partners Company Limited,2026-06-04T15:48:19.448105
03174,HK,akshare_eastmoney_company_profile,company_profile,南方东英资产管理有限公司: CSOP Asset Management Limited,,南方东英资产管理有限公司: CSOP Asset Management Limited,2026-06-04T15:48:19.671667
03175,HK,akshare_eastmoney_company_profile,company_profile,三星资产运用(香港)有限公司: Samsung Asset Management (Hong Kong) Limited,,三星资产运用(香港)有限公司: Samsung Asset Management (Hong Kong) Limited,2026-06-04T15:48:19.775445
03176,HK,akshare_eastmoney_company_profile,company_profile,泰康资产管理(香港)有限公司: Taikang Asset Management (Hong Kong) Corporation,,泰康资产管理(香港)有限公司: Taikang Asset Management (Hong Kong) Corporation,2026-06-04T15:48:19.880627
03179,HK,akshare_eastmoney_company_profile,company_profile,嘉实国际资产管理有限公司: Harvest Global Investments Limited,,嘉实国际资产管理有限公司: Harvest Global Investments Limited,2026-06-04T15:48:19.976429
03181,HK,akshare_eastmoney_company_profile,company_profile,睿亚资产管理有限公司: Premia Partners Company Limited,,睿亚资产管理有限公司: Premia Partners Company Limited,2026-06-04T15:48:20.073499
03182,HK,akshare_eastmoney_company_profile,company_profile,中银国际英国保诚资产管理有限公司: BOCI-Prudential Asset Management Limited,,中银国际英国保诚资产管理有限公司: BOCI-Prudential Asset Management Limited,2026-06-04T15:48:20.175196
03184,HK,akshare_eastmoney_company_profile,company_profile,未来资产环球投资(香港)有限公司: Mirae Asset Global Investments (Hong Kong) Limited,,未来资产环球投资(香港)有限公司: Mirae Asset Global Investments (Hong Kong) Limited,2026-06-04T15:48:20.278784
03185,HK,akshare_eastmoney_company_profile,company_profile,未来资产环球投资(香港)有限公司: Mirae Asset Global Investments (Hong Kong) Limited,,未来资产环球投资(香港)有限公司: Mirae Asset Global Investments (Hong Kong) Limited,2026-06-04T15:48:20.379952
03186,HK,akshare_eastmoney_company_profile,company_profile,易方达资产管理(香港)有限公司: E Fund Asset Management (Hong Kong) Limited,,易方达资产管理(香港)有限公司: E Fund Asset Management (Hong Kong) Limited,2026-06-04T15:48:20.513442
03188,HK,akshare_eastmoney_company_profile,company_profile,华夏基金(香港)有限公司: China Asset Management (Hong Kong) Limited,,华夏基金(香港)有限公司: China Asset Management (Hong Kong) Limited,2026-06-04T15:48:20.608216
03189,HK,akshare_eastmoney_company_profile,company_profile,易方达资产管理(香港)有限公司: E Fund Asset Management (Hong Kong) Limited,,易方达资产管理(香港)有限公司: E Fund Asset Management (Hong Kong) Limited,2026-06-04T15:48:20.751067
03190,HK,akshare_eastmoney_company_profile,company_profile,富邦基金管理(香港)有限公司 中国香港特别行政区 1979-12-04,,富邦基金管理(香港)有限公司 中国香港特别行政区 1979-12-04,2026-06-04T15:48:20.853742
03191,HK,akshare_eastmoney_company_profile,company_profile,未来资产环球投资(香港)有限公司: Mirae Asset Global Investments (Hong Kong) Limited,,未来资产环球投资(香港)有限公司: Mirae Asset Global Investments (Hong Kong) Limited,2026-06-04T15:48:20.944231
03192,HK,akshare_eastmoney_company_profile,company_profile,"博时基金(国际)有限公司: Bosera Asset Management (International) Co., Limited",,"博时基金(国际)有限公司: Bosera Asset Management (International) Co., Limited",2026-06-04T15:48:21.342984
03193,HK,akshare_eastmoney_company_profile,company_profile,南方东英资产管理有限公司: CSOP Asset Management Limited,,南方东英资产管理有限公司: CSOP Asset Management Limited,2026-06-04T15:48:21.454674
03195,HK,akshare_eastmoney_company_profile,company_profile,恒生投资管理有限公司: Hang Seng Investment Management Ltd,,恒生投资管理有限公司: Hang Seng Investment Management Ltd,2026-06-04T15:48:21.555715
03196,HK,akshare_eastmoney_company_profile,company_profile,"博时基金(国际)有限公司: Bosera Asset Management (International) Co., Limited",,"博时基金(国际)有限公司: Bosera Asset Management (International) Co., Limited",2026-06-04T15:48:21.661577
03199,HK,akshare_eastmoney_company_profile,company_profile,南方东英资产管理有限公司: CSOP Asset Management Limited,,南方东英资产管理有限公司: CSOP Asset Management Limited,2026-06-04T15:48:21.759940
03200,HK,akshare_eastmoney_company_profile,company_profile,"深圳市大族数控科技股份有限公司: SHENZHEN HAN’S CNC TECHNOLOGY CO., LTD.",,"深圳市大族数控科技股份有限公司: SHENZHEN HAN’S CNC TECHNOLOGY CO., LTD.",2026-06-04T15:48:21.858426
03268,HK,akshare_eastmoney_company_profile,company_profile,"美格智能技术股份有限公司: MeiG Smart Technology Co., Ltd",,"美格智能技术股份有限公司: MeiG Smart Technology Co., Ltd",2026-06-04T15:48:21.945734
03277,HK,akshare_eastmoney_company_profile,company_profile,长春长光辰芯微电子股份有限公司: Gpixel Changchun Microelectronics Inc.,,长春长光辰芯微电子股份有限公司: Gpixel Changchun Microelectronics Inc.,2026-06-04T15:48:22.041053
03288,HK,akshare_eastmoney_company_profile,company_profile,佛山市海天调味食品股份有限公司: Foshan Haitian Flavouring and Food Company Ltd.,,佛山市海天调味食品股份有限公司: Foshan Haitian Flavouring and Food Company Ltd.,2026-06-04T15:48:22.143934
03296,HK,akshare_eastmoney_company_profile,company_profile,"华勤技术股份有限公司: Huaqin Co., Ltd.",,"华勤技术股份有限公司: Huaqin Co., Ltd.",2026-06-04T15:48:22.337913
03300,HK,akshare_eastmoney_company_profile,company_profile,中国玻璃控股有限公司: China Glass Holdings Limited,,中国玻璃控股有限公司: China Glass Holdings Limited,2026-06-04T15:48:22.622666
03301,HK,akshare_eastmoney_company_profile,company_profile,融信中国控股有限公司: Ronshine China Holdings Limited,,融信中国控股有限公司: Ronshine China Holdings Limited,2026-06-04T15:48:22.729471
03302,HK,akshare_eastmoney_company_profile,company_profile,精技集团有限公司: Kinergy Corporation Ltd.,,精技集团有限公司: Kinergy Corporation Ltd.,2026-06-04T15:48:22.828951
03303,HK,akshare_eastmoney_company_profile,company_profile,巨涛海洋石油服务有限公司: Jutal Offshore Oil Services Limited,,巨涛海洋石油服务有限公司: Jutal Offshore Oil Services Limited,2026-06-04T15:48:22.962521
03306,HK,akshare_eastmoney_company_profile,company_profile,江南布衣有限公司: JNBY Design Limited,,江南布衣有限公司: JNBY Design Limited,2026-06-04T15:48:23.067620
03309,HK,akshare_eastmoney_company_profile,company_profile,希玛医疗控股有限公司: C-MER Medical Holdings Limited,,希玛医疗控股有限公司: C-MER Medical Holdings Limited,2026-06-04T15:48:23.342959
03310,HK,akshare_eastmoney_company_profile,company_profile,"云英谷科技股份有限公司: Viewtrix Technology Co., Ltd.",,"云英谷科技股份有限公司: Viewtrix Technology Co., Ltd.",2026-06-04T15:48:23.450353
03311,HK,akshare_eastmoney_company_profile,company_profile,中国建筑国际集团有限公司: CHINA STATE CONSTRUCTION INTERNATIONAL HOLDINGS LIMITED,,中国建筑国际集团有限公司: CHINA STATE CONSTRUCTION INTERNATIONAL HOLDINGS LIMITED,2026-06-04T15:48:23.549377
03313,HK,akshare_eastmoney_company_profile,company_profile,雅高控股有限公司: ArtGo Holdings Limited,,雅高控股有限公司: ArtGo Holdings Limited,2026-06-04T15:48:23.645098
03315,HK,akshare_eastmoney_company_profile,company_profile,金邦达宝嘉控股有限公司: Goldpac Group Limited,,金邦达宝嘉控股有限公司: Goldpac Group Limited,2026-06-04T15:48:23.743067
03316,HK,akshare_eastmoney_company_profile,company_profile,滨江服务集团有限公司: Binjiang Service Group Co. Ltd.,,滨江服务集团有限公司: Binjiang Service Group Co. Ltd.,2026-06-04T15:48:23.838310
03317,HK,akshare_eastmoney_company_profile,company_profile,"深圳迅策科技股份有限公司: Shenzhen Xunce Technology Co., Ltd.",,"深圳迅策科技股份有限公司: Shenzhen Xunce Technology Co., Ltd.",2026-06-04T15:48:23.948732
03318,HK,akshare_eastmoney_company_profile,company_profile,中国波顿集团有限公司: China Boton Group Company Limited,,中国波顿集团有限公司: China Boton Group Company Limited,2026-06-04T15:48:24.402918
03319,HK,akshare_eastmoney_company_profile,company_profile,"雅生活智慧城市服务股份有限公司: A-Living Smart City Services Co., Ltd.",,"雅生活智慧城市服务股份有限公司: A-Living Smart City Services Co., Ltd.",2026-06-04T15:48:24.518382
03320,HK,akshare_eastmoney_company_profile,company_profile,华润医药集团有限公司: China Resources Pharmaceutical Group Limited,,华润医药集团有限公司: China Resources Pharmaceutical Group Limited,2026-06-04T15:48:24.663260
03321,HK,akshare_eastmoney_company_profile,company_profile,中科集团控股有限公司: ZhongKe Group Holdings Limited,,中科集团控股有限公司: ZhongKe Group Holdings Limited,2026-06-04T15:48:24.777134
03322,HK,akshare_eastmoney_company_profile,company_profile,永嘉集团控股有限公司: Win Hanverky Holdings Limited,,永嘉集团控股有限公司: Win Hanverky Holdings Limited,2026-06-04T15:48:24.873609
03323,HK,akshare_eastmoney_company_profile,company_profile,中国建材股份有限公司: China National Building Material Company Limited,,中国建材股份有限公司: China National Building Material Company Limited,2026-06-04T15:48:24.966004
03326,HK,akshare_eastmoney_company_profile,company_profile,保发集团国际控股有限公司: Perfect Group International Holdings Limited,,保发集团国际控股有限公司: Perfect Group International Holdings Limited,2026-06-04T15:48:25.063832
03328,HK,akshare_eastmoney_company_profile,company_profile,"交通银行股份有限公司: Bank of Communications Co.,Ltd.",,"交通银行股份有限公司: Bank of Communications Co.,Ltd.",2026-06-04T15:48:25.165851
03329,HK,akshare_eastmoney_company_profile,company_profile,交银国际控股有限公司: BOCOM INTERNATIONAL HOLDINGS COMPANY LIMITED,,交银国际控股有限公司: BOCOM INTERNATIONAL HOLDINGS COMPANY LIMITED,2026-06-04T15:48:25.263416
03330,HK,akshare_eastmoney_company_profile,company_profile,灵宝黄金集团股份有限公司: Lingbao Gold Group Company Ltd.,,灵宝黄金集团股份有限公司: Lingbao Gold Group Company Ltd.,2026-06-04T15:48:25.365167
03332,HK,akshare_eastmoney_company_profile,company_profile,南京中生联合股份有限公司: NANJING SINOLIFE UNITED COMPANY LIMITED,,南京中生联合股份有限公司: NANJING SINOLIFE UNITED COMPANY LIMITED,2026-06-04T15:48:25.466790
03333,HK,akshare_eastmoney_company_profile,company_profile,中国恒大集团: China Evergrande Group,,中国恒大集团: China Evergrande Group,2026-06-04T15:48:25.561516
03336,HK,akshare_eastmoney_company_profile,company_profile,巨腾国际控股有限公司: Ju Teng International Holdings Limited,,巨腾国际控股有限公司: Ju Teng International Holdings Limited,2026-06-04T15:48:25.659750
03337,HK,akshare_eastmoney_company_profile,company_profile,安东油田服务集团: Anton Oilfield Services Group,,安东油田服务集团: Anton Oilfield Services Group,2026-06-04T15:48:25.761246
03339,HK,akshare_eastmoney_company_profile,company_profile,中国龙工控股有限公司: Lonking Holdings Limited,,中国龙工控股有限公司: Lonking Holdings Limited,2026-06-04T15:48:25.865360
03347,HK,akshare_eastmoney_company_profile,company_profile,"杭州泰格医药科技股份有限公司: Hangzhou Tigermed Consulting Co., Ltd.",,"杭州泰格医药科技股份有限公司: Hangzhou Tigermed Consulting Co., Ltd.",2026-06-04T15:48:25.996655
03348,HK,akshare_eastmoney_company_profile,company_profile,中国鹏飞集团有限公司: China PengFei Group Limited,,中国鹏飞集团有限公司: China PengFei Group Limited,2026-06-04T15:48:26.102774
03355,HK,akshare_eastmoney_company_profile,company_profile,深圳市飞速创新技术股份有限公司: FS.COM LIMITED,,深圳市飞速创新技术股份有限公司: FS.COM LIMITED,2026-06-04T15:48:26.203173
03360,HK,akshare_eastmoney_company_profile,company_profile,远东宏信有限公司: FAR EAST HORIZON LIMITED,,远东宏信有限公司: FAR EAST HORIZON LIMITED,2026-06-04T15:48:26.330791
03363,HK,akshare_eastmoney_company_profile,company_profile,正业国际控股有限公司: Zhengye International Holdings Company Limited,,正业国际控股有限公司: Zhengye International Holdings Company Limited,2026-06-04T15:48:26.434764
03366,HK,akshare_eastmoney_company_profile,company_profile,华侨城(亚洲)控股有限公司: Overseas Chinese Town (Asia) Holdings Limited,,华侨城(亚洲)控股有限公司: Overseas Chinese Town (Asia) Holdings Limited,2026-06-04T15:48:26.582097
03368,HK,akshare_eastmoney_company_profile,company_profile,百盛商业集团有限公司: Parkson Retail Group Limited,,百盛商业集团有限公司: Parkson Retail Group Limited,2026-06-04T15:48:26.686876
03369,HK,akshare_eastmoney_company_profile,company_profile,"秦皇岛港股份有限公司: QINHUANGDAO PORT CO., LTD.",,"秦皇岛港股份有限公司: QINHUANGDAO PORT CO., LTD.",2026-06-04T15:48:26.782373
03377,HK,akshare_eastmoney_company_profile,company_profile,远洋集团控股有限公司: Sino-Ocean Group Holding Limited,,远洋集团控股有限公司: Sino-Ocean Group Holding Limited,2026-06-04T15:48:26.882906
03378,HK,akshare_eastmoney_company_profile,company_profile,"翰思艾泰生物医药科技(武汉)股份有限公司: Hanx Biopharmaceuticals (Wuhan) Co., Ltd.",,"翰思艾泰生物医药科技(武汉)股份有限公司: Hanx Biopharmaceuticals (Wuhan) Co., Ltd.",2026-06-04T15:48:26.984263
03380,HK,akshare_eastmoney_company_profile,company_profile,龙光集团有限公司: Logan Group Company Limited,,龙光集团有限公司: Logan Group Company Limited,2026-06-04T15:48:27.449669
03382,HK,akshare_eastmoney_company_profile,company_profile,天津港发展控股有限公司: Tianjin Port Development Holdings Limited,,天津港发展控股有限公司: Tianjin Port Development Holdings Limited,2026-06-04T15:48:27.708788
03383,HK,akshare_eastmoney_company_profile,company_profile,雅居乐集团控股有限公司: Agile Group Holdings Limited,,雅居乐集团控股有限公司: Agile Group Holdings Limited,2026-06-04T15:48:27.808811
03388,HK,akshare_eastmoney_company_profile,company_profile,"深圳市创想三维科技股份有限公司: Shenzhen Creality 3D Technology Co., Ltd.",,"深圳市创想三维科技股份有限公司: Shenzhen Creality 3D Technology Co., Ltd.",2026-06-04T15:48:27.911105
03389,HK,akshare_eastmoney_company_profile,company_profile,亨得利控股有限公司: Hengdeli Holdings Limited,,亨得利控股有限公司: Hengdeli Holdings Limited,2026-06-04T15:48:28.003571
03390,HK,akshare_eastmoney_company_profile,company_profile,满贯集团控股有限公司: Tycoon Group Holdings Limited,,满贯集团控股有限公司: Tycoon Group Holdings Limited,2026-06-04T15:48:28.104712
03393,HK,akshare_eastmoney_company_profile,company_profile,威胜控股有限公司: Wasion Holdings Limited,,威胜控股有限公司: Wasion Holdings Limited,2026-06-04T15:48:28.199288
03395,HK,akshare_eastmoney_company_profile,company_profile,吉星新能源有限责任公司: JX Energy Ltd.,,吉星新能源有限责任公司: JX Energy Ltd.,2026-06-04T15:48:29.026674
03396,HK,akshare_eastmoney_company_profile,company_profile,联想控股股份有限公司: Legend Holdings Corporation,,联想控股股份有限公司: Legend Holdings Corporation,2026-06-04T15:48:29.401430
03398,HK,akshare_eastmoney_company_profile,company_profile,华鼎集团控股有限公司: China Ting Group Holdings Ltd.,,华鼎集团控股有限公司: China Ting Group Holdings Ltd.,2026-06-04T15:48:29.504933
03399,HK,akshare_eastmoney_company_profile,company_profile,广东粤运交通股份有限公司: Guangdong Yueyun Transportation Company Limited,,广东粤运交通股份有限公司: Guangdong Yueyun Transportation Company Limited,2026-06-04T15:48:29.607386
03401,HK,akshare_eastmoney_company_profile,company_profile,未来资产环球投资(香港)有限公司: Mirae Asset Global Investments (Hong Kong) Limited,,未来资产环球投资(香港)有限公司: Mirae Asset Global Investments (Hong Kong) Limited,2026-06-04T15:48:29.701834
03402,HK,akshare_eastmoney_company_profile,company_profile,未来资产环球投资(香港)有限公司: Mirae Asset Global Investments (Hong Kong) Limited,,未来资产环球投资(香港)有限公司: Mirae Asset Global Investments (Hong Kong) Limited,2026-06-04T15:48:29.803634
03403,HK,akshare_eastmoney_company_profile,company_profile,华夏基金(香港)有限公司: China Asset Management (Hong Kong) Limited,,华夏基金(香港)有限公司: China Asset Management (Hong Kong) Limited,2026-06-04T15:48:29.900012
03404,HK,akshare_eastmoney_company_profile,company_profile,华夏基金(香港)有限公司: China Asset Management (Hong Kong) Limited,,华夏基金(香港)有限公司: China Asset Management (Hong Kong) Limited,2026-06-04T15:48:29.999408
03406,HK,akshare_eastmoney_company_profile,company_profile,"中国平安资产管理(香港)有限公司: China PingAn Asset Management (HongKong) Co.,Ltd.",,"中国平安资产管理(香港)有限公司: China PingAn Asset Management (HongKong) Co.,Ltd.",2026-06-04T15:48:30.102277
03410,HK,akshare_eastmoney_company_profile,company_profile,恒生投资管理有限公司: Hang Seng Investment Management Ltd,,恒生投资管理有限公司: Hang Seng Investment Management Ltd,2026-06-04T15:48:30.208228
03411,HK,akshare_eastmoney_company_profile,company_profile,睿亚资产管理有限公司: Premia Partners Company Limited,,睿亚资产管理有限公司: Premia Partners Company Limited,2026-06-04T15:48:30.518538
03412,HK,akshare_eastmoney_company_profile,company_profile,都会金融香港有限公司: Doo Financial HK Limited,,都会金融香港有限公司: Doo Financial HK Limited,2026-06-04T15:48:30.636221
03413,HK,akshare_eastmoney_company_profile,company_profile,都会金融香港有限公司: Doo Financial HK Limited,,都会金融香港有限公司: Doo Financial HK Limited,2026-06-04T15:48:30.737092
03415,HK,akshare_eastmoney_company_profile,company_profile,未来资产环球投资(香港)有限公司: Mirae Asset Global Investments (Hong Kong) Limited,,未来资产环球投资(香港)有限公司: Mirae Asset Global Investments (Hong Kong) Limited,2026-06-04T15:48:30.840373
03416,HK,akshare_eastmoney_company_profile,company_profile,未来资产环球投资(香港)有限公司: Mirae Asset Global Investments (Hong Kong) Limited,,未来资产环球投资(香港)有限公司: Mirae Asset Global Investments (Hong Kong) Limited,2026-06-04T15:48:31.022697
03417,HK,akshare_eastmoney_company_profile,company_profile,未来资产环球投资(香港)有限公司: Mirae Asset Global Investments (Hong Kong) Limited,,未来资产环球投资(香港)有限公司: Mirae Asset Global Investments (Hong Kong) Limited,2026-06-04T15:48:31.126012
03418,HK,akshare_eastmoney_company_profile,company_profile,华夏基金(香港)有限公司: China Asset Management (Hong Kong) Limited,,华夏基金(香港)有限公司: China Asset Management (Hong Kong) Limited,2026-06-04T15:48:31.294688
03419,HK,akshare_eastmoney_company_profile,company_profile,未来资产环球投资(香港)有限公司: Mirae Asset Global Investments (Hong Kong) Limited,,未来资产环球投资(香港)有限公司: Mirae Asset Global Investments (Hong Kong) Limited,2026-06-04T15:48:31.390385
03420,HK,akshare_eastmoney_company_profile,company_profile,惠理基金管理香港有限公司: Value partners HongKong Limited,,惠理基金管理香港有限公司: Value partners HongKong Limited,2026-06-04T15:48:31.482102
03421,HK,akshare_eastmoney_company_profile,company_profile,惠理基金管理香港有限公司: Value partners HongKong Limited,,惠理基金管理香港有限公司: Value partners HongKong Limited,2026-06-04T15:48:31.576617
03422,HK,akshare_eastmoney_company_profile,company_profile,未来资产环球投资(香港)有限公司: Mirae Asset Global Investments (Hong Kong) Limited,,未来资产环球投资(香港)有限公司: Mirae Asset Global Investments (Hong Kong) Limited,2026-06-04T15:48:31.676983
03423,HK,akshare_eastmoney_company_profile,company_profile,"招商证券资产管理(香港)有限公司: CMS ASSET MANAGEMENT (HK) CO., LIMITED",,"招商证券资产管理(香港)有限公司: CMS ASSET MANAGEMENT (HK) CO., LIMITED",2026-06-04T15:48:31.774866
03425,HK,akshare_eastmoney_company_profile,company_profile,小飞资产管理有限公司: MicroBit Capital Management Limited,,小飞资产管理有限公司: MicroBit Capital Management Limited,2026-06-04T15:48:31.867178
03426,HK,akshare_eastmoney_company_profile,company_profile,都会金融香港有限公司: Doo Financial HK Limited,,都会金融香港有限公司: Doo Financial HK Limited,2026-06-04T15:48:32.256312
03427,HK,akshare_eastmoney_company_profile,company_profile,富邦基金管理(香港)有限公司 中国香港特别行政区 1979-12-04,,富邦基金管理(香港)有限公司 中国香港特别行政区 1979-12-04,2026-06-04T15:48:32.417519
03428,HK,akshare_eastmoney_company_profile,company_profile,未来资产环球投资(香港)有限公司: Mirae Asset Global Investments (Hong Kong) Limited,,未来资产环球投资(香港)有限公司: Mirae Asset Global Investments (Hong Kong) Limited,2026-06-04T15:48:32.557476
03430,HK,akshare_eastmoney_company_profile,company_profile,小飞资产管理有限公司: MicroBit Capital Management Limited,,小飞资产管理有限公司: MicroBit Capital Management Limited,2026-06-04T15:48:32.687026
03431,HK,akshare_eastmoney_company_profile,company_profile,南方东英资产管理有限公司: CSOP Asset Management Limited,,南方东英资产管理有限公司: CSOP Asset Management Limited,2026-06-04T15:48:32.777110
03432,HK,akshare_eastmoney_company_profile,company_profile,南方东英资产管理有限公司: CSOP Asset Management Limited,,南方东英资产管理有限公司: CSOP Asset Management Limited,2026-06-04T15:48:32.905327
03433,HK,akshare_eastmoney_company_profile,company_profile,南方东英资产管理有限公司: CSOP Asset Management Limited,,南方东英资产管理有限公司: CSOP Asset Management Limited,2026-06-04T15:48:33.009972
03434,HK,akshare_eastmoney_company_profile,company_profile,易方达资产管理(香港)有限公司: E Fund Asset Management (Hong Kong) Limited,,易方达资产管理(香港)有限公司: E Fund Asset Management (Hong Kong) Limited,2026-06-04T15:48:33.112370
03435,HK,akshare_eastmoney_company_profile,company_profile,恒生投资管理有限公司: Hang Seng Investment Management Ltd,,恒生投资管理有限公司: Hang Seng Investment Management Ltd,2026-06-04T15:48:33.212913
03436,HK,akshare_eastmoney_company_profile,company_profile,恒生投资管理有限公司: Hang Seng Investment Management Ltd,,恒生投资管理有限公司: Hang Seng Investment Management Ltd,2026-06-04T15:48:33.545604
03437,HK,akshare_eastmoney_company_profile,company_profile,"博时基金(国际)有限公司: Bosera Asset Management (International) Co., Limited",,"博时基金(国际)有限公司: Bosera Asset Management (International) Co., Limited",2026-06-04T15:48:33.646731
03439,HK,akshare_eastmoney_company_profile,company_profile,嘉实国际资产管理有限公司: Harvest Global Investments Limited,,嘉实国际资产管理有限公司: Harvest Global Investments Limited,2026-06-04T15:48:33.756980
03440,HK,akshare_eastmoney_company_profile,company_profile,未来资产环球投资(香港)有限公司: Mirae Asset Global Investments (Hong Kong) Limited,,未来资产环球投资(香港)有限公司: Mirae Asset Global Investments (Hong Kong) Limited,2026-06-04T15:48:33.847053
03441,HK,akshare_eastmoney_company_profile,company_profile,南方东英资产管理有限公司: CSOP Asset Management Limited,,南方东英资产管理有限公司: CSOP Asset Management Limited,2026-06-04T15:48:33.971125
03442,HK,akshare_eastmoney_company_profile,company_profile,南方东英资产管理有限公司: CSOP Asset Management Limited,,南方东英资产管理有限公司: CSOP Asset Management Limited,2026-06-04T15:48:34.066711
03443,HK,akshare_eastmoney_company_profile,company_profile,南方东英资产管理有限公司: CSOP Asset Management Limited,,南方东英资产管理有限公司: CSOP Asset Management Limited,2026-06-04T15:48:34.220759
03444,HK,akshare_eastmoney_company_profile,company_profile,恒生投资管理有限公司: Hang Seng Investment Management Ltd,,恒生投资管理有限公司: Hang Seng Investment Management Ltd,2026-06-04T15:48:34.313936
03448,HK,akshare_eastmoney_company_profile,company_profile,未来资产环球投资(香港)有限公司: Mirae Asset Global Investments (Hong Kong) Limited,,未来资产环球投资(香港)有限公司: Mirae Asset Global Investments (Hong Kong) Limited,2026-06-04T15:48:34.427176
03450,HK,akshare_eastmoney_company_profile,company_profile,未来资产环球投资(香港)有限公司: Mirae Asset Global Investments (Hong Kong) Limited,,未来资产环球投资(香港)有限公司: Mirae Asset Global Investments (Hong Kong) Limited,2026-06-04T15:48:34.584078
03451,HK,akshare_eastmoney_company_profile,company_profile,未来资产环球投资(香港)有限公司: Mirae Asset Global Investments (Hong Kong) Limited,,未来资产环球投资(香港)有限公司: Mirae Asset Global Investments (Hong Kong) Limited,2026-06-04T15:48:35.421403
03453,HK,akshare_eastmoney_company_profile,company_profile,睿亚资产管理有限公司: Premia Partners Company Limited,,睿亚资产管理有限公司: Premia Partners Company Limited,2026-06-04T15:48:35.549701
03454,HK,akshare_eastmoney_company_profile,company_profile,南方东英资产管理有限公司: CSOP Asset Management Limited,,南方东英资产管理有限公司: CSOP Asset Management Limited,2026-06-04T15:48:35.650179
03455,HK,akshare_eastmoney_company_profile,company_profile,Invesco Capital Management LLC: Invesco Capital Management LLC,,Invesco Capital Management LLC: Invesco Capital Management LLC,2026-06-04T15:48:35.745758
03457,HK,akshare_eastmoney_company_profile,company_profile,泰康资产管理(香港)有限公司: Taikang Asset Management (Hong Kong) Corporation,,泰康资产管理(香港)有限公司: Taikang Asset Management (Hong Kong) Corporation,2026-06-04T15:48:35.842842
03460,HK,akshare_eastmoney_company_profile,company_profile,华夏基金(香港)有限公司: China Asset Management (Hong Kong) Limited,,华夏基金(香港)有限公司: China Asset Management (Hong Kong) Limited,2026-06-04T15:48:35.939134
03461,HK,akshare_eastmoney_company_profile,company_profile,华夏基金(香港)有限公司: China Asset Management (Hong Kong) Limited,,华夏基金(香港)有限公司: China Asset Management (Hong Kong) Limited,2026-06-04T15:48:36.562482
03466,HK,akshare_eastmoney_company_profile,company_profile,恒生投资管理有限公司: Hang Seng Investment Management Ltd,,恒生投资管理有限公司: Hang Seng Investment Management Ltd,2026-06-04T15:48:36.657194
03469,HK,akshare_eastmoney_company_profile,company_profile,南方东英资产管理有限公司: CSOP Asset Management Limited,,南方东英资产管理有限公司: CSOP Asset Management Limited,2026-06-04T15:48:36.773733
03470,HK,akshare_eastmoney_company_profile,company_profile,未来资产环球投资(香港)有限公司: Mirae Asset Global Investments (Hong Kong) Limited,,未来资产环球投资(香港)有限公司: Mirae Asset Global Investments (Hong Kong) Limited,2026-06-04T15:48:36.866398
03471,HK,akshare_eastmoney_company_profile,company_profile,华夏基金(香港)有限公司: China Asset Management (Hong Kong) Limited,,华夏基金(香港)有限公司: China Asset Management (Hong Kong) Limited,2026-06-04T15:48:36.963191
03472,HK,akshare_eastmoney_company_profile,company_profile,华夏基金(香港)有限公司: China Asset Management (Hong Kong) Limited,,华夏基金(香港)有限公司: China Asset Management (Hong Kong) Limited,2026-06-04T15:48:37.060774
03473,HK,akshare_eastmoney_company_profile,company_profile,南方东英资产管理有限公司: CSOP Asset Management Limited,,南方东英资产管理有限公司: CSOP Asset Management Limited,2026-06-04T15:48:37.151705
03476,HK,akshare_eastmoney_company_profile,company_profile,恒生投资管理有限公司: Hang Seng Investment Management Ltd,,恒生投资管理有限公司: Hang Seng Investment Management Ltd,2026-06-04T15:48:37.253112
03477,HK,akshare_eastmoney_company_profile,company_profile,"中国平安资产管理(香港)有限公司: China PingAn Asset Management (HongKong) Co.,Ltd.",,"中国平安资产管理(香港)有限公司: China PingAn Asset Management (HongKong) Co.,Ltd.",2026-06-04T15:48:37.379416
03478,HK,akshare_eastmoney_company_profile,company_profile,睿亚资产管理有限公司: Premia Partners Company Limited,,睿亚资产管理有限公司: Premia Partners Company Limited,2026-06-04T15:48:37.478927
03480,HK,akshare_eastmoney_company_profile,company_profile,惠理基金管理香港有限公司: Value partners HongKong Limited,,惠理基金管理香港有限公司: Value partners HongKong Limited,2026-06-04T15:48:37.574934
03483,HK,akshare_eastmoney_company_profile,company_profile,易方达资产管理(香港)有限公司: E Fund Asset Management (Hong Kong) Limited,,易方达资产管理(香港)有限公司: E Fund Asset Management (Hong Kong) Limited,2026-06-04T15:48:37.694819
03486,HK,akshare_eastmoney_company_profile,company_profile,易方达资产管理(香港)有限公司: E Fund Asset Management (Hong Kong) Limited,,易方达资产管理(香港)有限公司: E Fund Asset Management (Hong Kong) Limited,2026-06-04T15:48:37.822032
03488,HK,akshare_eastmoney_company_profile,company_profile,惠理基金管理香港有限公司: Value partners HongKong Limited,,惠理基金管理香港有限公司: Value partners HongKong Limited,2026-06-04T15:48:37.924501
03489,HK,akshare_eastmoney_company_profile,company_profile,易方达资产管理(香港)有限公司: E Fund Asset Management (Hong Kong) Limited,,易方达资产管理(香港)有限公司: E Fund Asset Management (Hong Kong) Limited,2026-06-04T15:48:38.026382
03519,HK,akshare_eastmoney_company_profile,company_profile,恒生投资管理有限公司: Hang Seng Investment Management Ltd,,恒生投资管理有限公司: Hang Seng Investment Management Ltd,2026-06-04T15:48:38.148228
03533,HK,akshare_eastmoney_company_profile,company_profile,未来资产环球投资(香港)有限公司: Mirae Asset Global Investments (Hong Kong) Limited,,未来资产环球投资(香港)有限公司: Mirae Asset Global Investments (Hong Kong) Limited,2026-06-04T15:48:38.243122
03535,HK,akshare_eastmoney_company_profile,company_profile,南方东英资产管理有限公司: CSOP Asset Management Limited,,南方东英资产管理有限公司: CSOP Asset Management Limited,2026-06-04T15:48:38.336030
03589,HK,akshare_eastmoney_company_profile,company_profile,恒生投资管理有限公司: Hang Seng Investment Management Ltd,,恒生投资管理有限公司: Hang Seng Investment Management Ltd,2026-06-04T15:48:38.432392
03600,HK,akshare_eastmoney_company_profile,company_profile,现代牙科集团有限公司: MODERN DENTAL GROUP LIMITED,,现代牙科集团有限公司: MODERN DENTAL GROUP LIMITED,2026-06-04T15:48:38.532865
03601,HK,akshare_eastmoney_company_profile,company_profile,360鲁大师控股有限公司: 360 LUDASHI HOLDINGS LIMITED,,360鲁大师控股有限公司: 360 LUDASHI HOLDINGS LIMITED,2026-06-04T15:48:38.635243
03603,HK,akshare_eastmoney_company_profile,company_profile,"信基沙溪集团股份有限公司: XINJI SHAXI GROUP CO., LTD",,"信基沙溪集团股份有限公司: XINJI SHAXI GROUP CO., LTD",2026-06-04T15:48:38.754956
03606,HK,akshare_eastmoney_company_profile,company_profile,"福耀玻璃工业集团股份有限公司: FUYAO GLASS INDUSTRY GROUP CO.,LTD.",,"福耀玻璃工业集团股份有限公司: FUYAO GLASS INDUSTRY GROUP CO.,LTD.",2026-06-04T15:48:38.941590
03613,HK,akshare_eastmoney_company_profile,company_profile,北京同仁堂国药有限公司: BEIJING TONG REN TANG CHINESE MEDICINE COMPANY LIMITED,,北京同仁堂国药有限公司: BEIJING TONG REN TANG CHINESE MEDICINE COMPANY LIMITED,2026-06-04T15:48:39.044505
03616,HK,akshare_eastmoney_company_profile,company_profile,恒达集团(控股)有限公司: Ever Reach Group (Holdings) Company Limited,,恒达集团(控股)有限公司: Ever Reach Group (Holdings) Company Limited,2026-06-04T15:48:39.138909
03618,HK,akshare_eastmoney_company_profile,company_profile,"重庆农村商业银行股份有限公司: Chongqing Rural Commercial Bank Co., Ltd.",,"重庆农村商业银行股份有限公司: Chongqing Rural Commercial Bank Co., Ltd.",2026-06-04T15:48:39.397742
03623,HK,akshare_eastmoney_company_profile,company_profile,中国金融发展(控股)有限公司: China Success Finance Group Holdings Limited,,中国金融发展(控股)有限公司: China Success Finance Group Holdings Limited,2026-06-04T15:48:39.519453
03625,HK,akshare_eastmoney_company_profile,company_profile,"上海傅里叶半导体股份有限公司: Shanghai FourSemi Semiconductor Co., Ltd.",,"上海傅里叶半导体股份有限公司: Shanghai FourSemi Semiconductor Co., Ltd.",2026-06-04T15:48:39.666194
03626,HK,akshare_eastmoney_company_profile,company_profile,启明东方控股有限公司: East Nova Holdings Limited,,启明东方控股有限公司: East Nova Holdings Limited,2026-06-04T15:48:39.759286
03628,HK,akshare_eastmoney_company_profile,company_profile,仁恒实业控股有限公司: Renheng Enterprise Holdings Limited,,仁恒实业控股有限公司: Renheng Enterprise Holdings Limited,2026-06-04T15:48:39.854228
03633,HK,akshare_eastmoney_company_profile,company_profile,中裕能源控股有限公司: Zhongyu Energy Holdings Limited,,中裕能源控股有限公司: Zhongyu Energy Holdings Limited,2026-06-04T15:48:39.953602
03636,HK,akshare_eastmoney_company_profile,company_profile,"云南金浔资源股份有限公司: Yunnan Jinxun Resources Co., Ltd.",,"云南金浔资源股份有限公司: Yunnan Jinxun Resources Co., Ltd.",2026-06-04T15:48:40.058418
03638,HK,akshare_eastmoney_company_profile,company_profile,亨利加集团有限公司: Hunlicar Group Limited,,亨利加集团有限公司: Hunlicar Group Limited,2026-06-04T15:48:40.275975
03639,HK,akshare_eastmoney_company_profile,company_profile,亿达中国控股有限公司: YIDA CHINA HOLDINGS LIMITED,,亿达中国控股有限公司: YIDA CHINA HOLDINGS LIMITED,2026-06-04T15:48:40.516140
03650,HK,akshare_eastmoney_company_profile,company_profile,Keep Inc.: Keep Inc.,,Keep Inc.: Keep Inc.,2026-06-04T15:48:40.901523
03658,HK,akshare_eastmoney_company_profile,company_profile,新希望服务控股有限公司: New Hope Service Holdings Limited,,新希望服务控股有限公司: New Hope Service Holdings Limited,2026-06-04T15:48:41.157992
03660,HK,akshare_eastmoney_company_profile,company_profile,"奇富科技股份有限公司: Qfin Holdings, Inc.",,"奇富科技股份有限公司: Qfin Holdings, Inc.",2026-06-04T15:48:41.254774
03662,HK,akshare_eastmoney_company_profile,company_profile,星悦康旅股份有限公司: Starjoy Wellness and Travel Company Limited,,星悦康旅股份有限公司: Starjoy Wellness and Travel Company Limited,2026-06-04T15:48:41.380311
03666,HK,akshare_eastmoney_company_profile,company_profile,上海小南国控股有限公司: Shanghai XNG Holdings Limited,,上海小南国控股有限公司: Shanghai XNG Holdings Limited,2026-06-04T15:48:41.502094
03668,HK,akshare_eastmoney_company_profile,company_profile,兖煤澳大利亚有限公司: Yancoal Australia Ltd.,,兖煤澳大利亚有限公司: Yancoal Australia Ltd.,2026-06-04T15:48:41.596727
03669,HK,akshare_eastmoney_company_profile,company_profile,中国永达汽车服务控股有限公司: China Yongda Automobiles Services Holdings Limited,,中国永达汽车服务控股有限公司: China Yongda Automobiles Services Holdings Limited,2026-06-04T15:48:41.702098
03677,HK,akshare_eastmoney_company_profile,company_profile,"江苏正力新能电池技术股份有限公司: Jiangsu Zenergy Battery Technologies Group Co., Ltd.",,"江苏正力新能电池技术股份有限公司: Jiangsu Zenergy Battery Technologies Group Co., Ltd.",2026-06-04T15:48:41.802348
03678,HK,akshare_eastmoney_company_profile,company_profile,"苏豪弘业期货股份有限公司: Soho Holly Futures Co., Ltd.",,"苏豪弘业期货股份有限公司: Soho Holly Futures Co., Ltd.",2026-06-04T15:48:41.903557
03680,HK,akshare_eastmoney_company_profile,company_profile,瑞和数智科技控股有限公司: Ruihe Data Technology Holdings Limited,,瑞和数智科技控股有限公司: Ruihe Data Technology Holdings Limited,2026-06-04T15:48:41.997944
03681,HK,akshare_eastmoney_company_profile,company_profile,中国抗体制药有限公司: SinoMab BioScience Limited,,中国抗体制药有限公司: SinoMab BioScience Limited,2026-06-04T15:48:42.103890
03683,HK,akshare_eastmoney_company_profile,company_profile,荣丰亿控股有限公司: Great Harvest Maeta Holdings Limited,,荣丰亿控股有限公司: Great Harvest Maeta Holdings Limited,2026-06-04T15:48:42.200097
03686,HK,akshare_eastmoney_company_profile,company_profile,祈福生活服务控股有限公司: CLIFFORD MODERN LIVING HOLDINGS LIMITED,,祈福生活服务控股有限公司: CLIFFORD MODERN LIVING HOLDINGS LIMITED,2026-06-04T15:48:42.506151
03688,HK,akshare_eastmoney_company_profile,company_profile,莱蒙国际集团有限公司: Top Spring International Holdings Limited,,莱蒙国际集团有限公司: Top Spring International Holdings Limited,2026-06-04T15:48:42.603541
03689,HK,akshare_eastmoney_company_profile,company_profile,"广东康华医疗集团股份有限公司: Guangdong Kanghua Healthcare Group Co., Ltd.",,"广东康华医疗集团股份有限公司: Guangdong Kanghua Healthcare Group Co., Ltd.",2026-06-04T15:48:42.695028
03690,HK,akshare_eastmoney_company_profile,company_profile,美团: Meituan,,美团: Meituan,2026-06-04T15:48:42.804486
03692,HK,akshare_eastmoney_company_profile,company_profile,翰森制药集团有限公司: Hansoh Pharmaceutical Group Company Limited,,翰森制药集团有限公司: Hansoh Pharmaceutical Group Company Limited,2026-06-04T15:48:42.902180
03696,HK,akshare_eastmoney_company_profile,company_profile,英矽智能: InSilico Medicine Cayman TopCo,,英矽智能: InSilico Medicine Cayman TopCo,2026-06-04T15:48:42.996195
03698,HK,akshare_eastmoney_company_profile,company_profile,徽商银行股份有限公司: Huishang Bank Corporation Limited,,徽商银行股份有限公司: Huishang Bank Corporation Limited,2026-06-04T15:48:43.094518
03699,HK,akshare_eastmoney_company_profile,company_profile,光大永年有限公司: Everbright Grand China Assets Limited,,光大永年有限公司: Everbright Grand China Assets Limited,2026-06-04T15:48:43.206147
03700,HK,akshare_eastmoney_company_profile,company_profile,映宇宙集团有限公司: Inkeverse Group Limited,,映宇宙集团有限公司: Inkeverse Group Limited,2026-06-04T15:48:43.310475
03708,HK,akshare_eastmoney_company_profile,company_profile,世界数字经济产业集团有限公司: World Digital Economy Asset Group Limited,,世界数字经济产业集团有限公司: World Digital Economy Asset Group Limited,2026-06-04T15:48:43.409900
03709,HK,akshare_eastmoney_company_profile,company_profile,赢家时尚控股有限公司: EEKA Fashion Holdings Limited,,赢家时尚控股有限公司: EEKA Fashion Holdings Limited,2026-06-04T15:48:43.563750
03718,HK,akshare_eastmoney_company_profile,company_profile,北控城市资源集团有限公司: Beijing Enterprises Urban Resources Group Limited,,北控城市资源集团有限公司: Beijing Enterprises Urban Resources Group Limited,2026-06-04T15:48:43.661318
03728,HK,akshare_eastmoney_company_profile,company_profile,正利控股有限公司: Ching Lee Holdings Limited,,正利控股有限公司: Ching Lee Holdings Limited,2026-06-04T15:48:44.099795
03737,HK,akshare_eastmoney_company_profile,company_profile,中智药业控股有限公司: Zhongzhi Pharmaceutical Holdings Limited,,中智药业控股有限公司: Zhongzhi Pharmaceutical Holdings Limited,2026-06-04T15:48:44.201771
03738,HK,akshare_eastmoney_company_profile,company_profile,阜博集团有限公司: Vobile Group Limited,,阜博集团有限公司: Vobile Group Limited,2026-06-04T15:48:44.327222
03750,HK,akshare_eastmoney_company_profile,company_profile,"宁德时代新能源科技股份有限公司: Contemporary Amperex Technology Co., Ltd.",,"宁德时代新能源科技股份有限公司: Contemporary Amperex Technology Co., Ltd.",2026-06-04T15:48:44.446329
03759,HK,akshare_eastmoney_company_profile,company_profile,"康龙化成(北京)新药技术股份有限公司: Pharmaron Beijing Co., Ltd.",,"康龙化成(北京)新药技术股份有限公司: Pharmaron Beijing Co., Ltd.",2026-06-04T15:48:44.544085
03768,HK,akshare_eastmoney_company_profile,company_profile,"昆明滇池水务股份有限公司: Kunming Dianchi Water Treatment Co., Ltd.",,"昆明滇池水务股份有限公司: Kunming Dianchi Water Treatment Co., Ltd.",2026-06-04T15:48:44.646340
03773,HK,akshare_eastmoney_company_profile,company_profile,银盛数惠数字有限公司: Yinsheng Digifavor Company Limited,,银盛数惠数字有限公司: Yinsheng Digifavor Company Limited,2026-06-04T15:48:44.910126
03778,HK,akshare_eastmoney_company_profile,company_profile,中国织材控股有限公司: CHINA WEAVING MATERIALS HOLDINGS LIMITED,,中国织材控股有限公司: CHINA WEAVING MATERIALS HOLDINGS LIMITED,2026-06-04T15:48:48.314827
03788,HK,akshare_eastmoney_company_profile,company_profile,罕王黄金国际有限公司: Hanking Gold International Limited,,罕王黄金国际有限公司: Hanking Gold International Limited,2026-06-04T15:48:48.416655
03789,HK,akshare_eastmoney_company_profile,company_profile,御佳控股有限公司: ROYAL DELUXE HOLDINGS LIMITED,,御佳控股有限公司: ROYAL DELUXE HOLDINGS LIMITED,2026-06-04T15:48:48.511507
03798,HK,akshare_eastmoney_company_profile,company_profile,家乡互动科技有限公司: Homeland Interactive Technology Ltd.,,家乡互动科技有限公司: Homeland Interactive Technology Ltd.,2026-06-04T15:48:48.609153
03800,HK,akshare_eastmoney_company_profile,company_profile,协鑫科技控股有限公司: GCL Technology Holdings Limited,,协鑫科技控股有限公司: GCL Technology Holdings Limited,2026-06-04T15:48:48.716532
03808,HK,akshare_eastmoney_company_profile,company_profile,中国重汽(香港)有限公司: SINOTRUK (HONG KONG) LIMITED,,中国重汽(香港)有限公司: SINOTRUK (HONG KONG) LIMITED,2026-06-04T15:48:48.948553
03813,HK,akshare_eastmoney_company_profile,company_profile,宝胜国际(控股)有限公司: POU SHENG INTERNATIONAL (HOLDINGS) LIMITED,,宝胜国际(控股)有限公司: POU SHENG INTERNATIONAL (HOLDINGS) LIMITED,2026-06-04T15:48:49.046618
03816,HK,akshare_eastmoney_company_profile,company_profile,KFM金德控股有限公司: KFM KINGDOM HOLDINGS LIMITED,,KFM金德控股有限公司: KFM KINGDOM HOLDINGS LIMITED,2026-06-04T15:48:49.154739
03818,HK,akshare_eastmoney_company_profile,company_profile,"中国动向(集团)有限公司: China Dongxiang (Group) Co., Ltd.",,"中国动向(集团)有限公司: China Dongxiang (Group) Co., Ltd.",2026-06-04T15:48:49.259475
03822,HK,akshare_eastmoney_company_profile,company_profile,三和建筑集团有限公司: SAM WOO CONSTRUCTION GROUP LIMITED,,三和建筑集团有限公司: SAM WOO CONSTRUCTION GROUP LIMITED,2026-06-04T15:48:49.361872
03828,HK,akshare_eastmoney_company_profile,company_profile,明辉国际控股有限公司: Ming Fai International Holdings Limited,,明辉国际控股有限公司: Ming Fai International Holdings Limited,2026-06-04T15:48:49.468761
03830,HK,akshare_eastmoney_company_profile,company_profile,童园国际有限公司: Kiddieland International Limited,,童园国际有限公司: Kiddieland International Limited,2026-06-04T15:48:49.571348
03833,HK,akshare_eastmoney_company_profile,company_profile,"新疆新鑫矿业股份有限公司: Xinjiang Xinxin Mining Industry Co., Ltd.",,"新疆新鑫矿业股份有限公司: Xinjiang Xinxin Mining Industry Co., Ltd.",2026-06-04T15:48:49.665438
03836,HK,akshare_eastmoney_company_profile,company_profile,中国和谐汽车控股有限公司: China Harmony Auto Holding Limited,,中国和谐汽车控股有限公司: China Harmony Auto Holding Limited,2026-06-04T15:48:49.831750
03838,HK,akshare_eastmoney_company_profile,company_profile,中国淀粉控股有限公司: China Starch Holdings Ltd.,,中国淀粉控股有限公司: China Starch Holdings Ltd.,2026-06-04T15:48:49.943101
03839,HK,akshare_eastmoney_company_profile,company_profile,正大企业国际有限公司: Chia Tai Enterprises International Limited,,正大企业国际有限公司: Chia Tai Enterprises International Limited,2026-06-04T15:48:50.139185
03848,HK,akshare_eastmoney_company_profile,company_profile,浩森金融科技集团有限公司: Haosen Fintech Group Limited,,浩森金融科技集团有限公司: Haosen Fintech Group Limited,2026-06-04T15:48:50.232552
03858,HK,akshare_eastmoney_company_profile,company_profile,佳鑫国际资源投资有限公司: Jiaxin International Resources Investment Limited,,佳鑫国际资源投资有限公司: Jiaxin International Resources Investment Limited,2026-06-04T15:48:50.323050
03860,HK,akshare_eastmoney_company_profile,company_profile,EPS创健科技集团有限公司: EPS Creative Health Technology Group Limited,,EPS创健科技集团有限公司: EPS Creative Health Technology Group Limited,2026-06-04T15:48:50.420731
03866,HK,akshare_eastmoney_company_profile,company_profile,"青岛银行股份有限公司: BANK OF QINGDAO CO., LTD.",,"青岛银行股份有限公司: BANK OF QINGDAO CO., LTD.",2026-06-04T15:48:50.527990
03868,HK,akshare_eastmoney_company_profile,company_profile,信义能源控股有限公司: XINYI ENERGY HOLDINGS LIMITED,,信义能源控股有限公司: XINYI ENERGY HOLDINGS LIMITED,2026-06-04T15:48:50.625721
03869,HK,akshare_eastmoney_company_profile,company_profile,弘和仁爱医疗集团有限公司: Hospital Corporation of China Limited,,弘和仁爱医疗集团有限公司: Hospital Corporation of China Limited,2026-06-04T15:48:50.720086
03877,HK,akshare_eastmoney_company_profile,company_profile,中国船舶集团(香港)航运租赁有限公司: CSSC (Hong Kong) Shipping Company Limited,,中国船舶集团(香港)航运租赁有限公司: CSSC (Hong Kong) Shipping Company Limited,2026-06-04T15:48:50.811251
03878,HK,akshare_eastmoney_company_profile,company_profile,VICON HOLDINGS LIMITED: VICON HOLDINGS LIMITED,,VICON HOLDINGS LIMITED: VICON HOLDINGS LIMITED,2026-06-04T15:48:50.910243
03880,HK,akshare_eastmoney_company_profile,company_profile,泰德医药(浙江)股份有限公司: Medtide Inc.,,泰德医药(浙江)股份有限公司: Medtide Inc.,2026-06-04T15:48:51.004569
03881,HK,akshare_eastmoney_company_profile,company_profile,希迪智驾科技股份有限公司: CiDi Inc.,,希迪智驾科技股份有限公司: CiDi Inc.,2026-06-04T15:48:51.095401
03882,HK,akshare_eastmoney_company_profile,company_profile,天彩控股有限公司: SKY LIGHT HOLDINGS LIMITED,,天彩控股有限公司: SKY LIGHT HOLDINGS LIMITED,2026-06-04T15:48:51.189533
03883,HK,akshare_eastmoney_company_profile,company_profile,中国奥园集团股份有限公司: China Aoyuan Group Limited,,中国奥园集团股份有限公司: China Aoyuan Group Limited,2026-06-04T15:48:51.291489
03886,HK,akshare_eastmoney_company_profile,company_profile,康健国际医疗集团有限公司: Town Health International Medical Group Limited,,康健国际医疗集团有限公司: Town Health International Medical Group Limited,2026-06-04T15:48:51.408292
03887,HK,akshare_eastmoney_company_profile,company_profile,HashKey Holdings Limited: HashKey Holdings Limited,,HashKey Holdings Limited: HashKey Holdings Limited,2026-06-04T15:48:51.561567
03888,HK,akshare_eastmoney_company_profile,company_profile,金山软件有限公司: Kingsoft Corporation Limited,,金山软件有限公司: Kingsoft Corporation Limited,2026-06-04T15:48:51.668054
03889,HK,akshare_eastmoney_company_profile,company_profile,大成玉米集团有限公司: Global Corn Group Limited,,大成玉米集团有限公司: Global Corn Group Limited,2026-06-04T15:48:51.779811
03893,HK,akshare_eastmoney_company_profile,company_profile,易纬集团控股有限公司: CROSSTEC Group Holdings Limited,,易纬集团控股有限公司: CROSSTEC Group Holdings Limited,2026-06-04T15:48:52.020437
03896,HK,akshare_eastmoney_company_profile,company_profile,金山云控股有限公司: Kingsoft Cloud Holdings Limited,,金山云控股有限公司: Kingsoft Cloud Holdings Limited,2026-06-04T15:48:52.115926
03898,HK,akshare_eastmoney_company_profile,company_profile,"株洲中车时代电气股份有限公司: Zhuzhou CRRC Times Electric Co., Ltd.",,"株洲中车时代电气股份有限公司: Zhuzhou CRRC Times Electric Co., Ltd.",2026-06-04T15:48:52.223087
03899,HK,akshare_eastmoney_company_profile,company_profile,中集安瑞科控股有限公司: CIMC Enric Holdings Limited,,中集安瑞科控股有限公司: CIMC Enric Holdings Limited,2026-06-04T15:48:52.338292
03900,HK,akshare_eastmoney_company_profile,company_profile,绿城中国控股有限公司: Greentown China Holdings Limited,,绿城中国控股有限公司: Greentown China Holdings Limited,2026-06-04T15:48:52.448713
03903,HK,akshare_eastmoney_company_profile,company_profile,"瀚华金控股份有限公司: Hanhua Financial Holding Co., Ltd.",,"瀚华金控股份有限公司: Hanhua Financial Holding Co., Ltd.",2026-06-04T15:48:52.546985
03908,HK,akshare_eastmoney_company_profile,company_profile,中国国际金融股份有限公司: China International Capital Corporation Limited,,中国国际金融股份有限公司: China International Capital Corporation Limited,2026-06-04T15:48:52.783785
03913,HK,akshare_eastmoney_company_profile,company_profile,合景悠活集团控股有限公司: KWG Living Group Holdings Limited,,合景悠活集团控股有限公司: KWG Living Group Holdings Limited,2026-06-04T15:48:52.942725
03918,HK,akshare_eastmoney_company_profile,company_profile,金界控股有限公司: NAGACORP LTD.,,金界控股有限公司: NAGACORP LTD.,2026-06-04T15:48:53.037359
03919,HK,akshare_eastmoney_company_profile,company_profile,金力集团控股有限公司: Golden Power Group Holdings Limited,,金力集团控股有限公司: Golden Power Group Holdings Limited,2026-06-04T15:48:53.191141
03928,HK,akshare_eastmoney_company_profile,company_profile,中国新零售供应链集团有限公司: China Next-Gen Commerce and Supply Chain Limited,,中国新零售供应链集团有限公司: China Next-Gen Commerce and Supply Chain Limited,2026-06-04T15:48:53.298471
03931,HK,akshare_eastmoney_company_profile,company_profile,"中创新航科技集团股份有限公司: CALB Group Co., Ltd.",,"中创新航科技集团股份有限公司: CALB Group Co., Ltd.",2026-06-04T15:48:53.405372
03933,HK,akshare_eastmoney_company_profile,company_profile,联邦制药国际控股有限公司: The United Laboratories International Holdings Ltd,,联邦制药国际控股有限公司: The United Laboratories International Holdings Ltd,2026-06-04T15:48:53.502341
03938,HK,akshare_eastmoney_company_profile,company_profile,LFG投资控股有限公司: LFG Investment Holdings Limited,,LFG投资控股有限公司: LFG Investment Holdings Limited,2026-06-04T15:48:53.604298
03939,HK,akshare_eastmoney_company_profile,company_profile,万国黄金集团有限公司: Wanguo Gold Group Limited,,万国黄金集团有限公司: Wanguo Gold Group Limited,2026-06-04T15:48:53.700461
03958,HK,akshare_eastmoney_company_profile,company_profile,东方证券股份有限公司: Orient Securities Company Limited,,东方证券股份有限公司: Orient Securities Company Limited,2026-06-04T15:48:53.858428
03963,HK,akshare_eastmoney_company_profile,company_profile,中国融众金融控股有限公司: China Rongzhong Financial Holdings Company Limited,,中国融众金融控股有限公司: China Rongzhong Financial Holdings Company Limited,2026-06-04T15:48:53.959829
03968,HK,akshare_eastmoney_company_profile,company_profile,"招商银行股份有限公司: China Merchants Bank Co., Ltd.",,"招商银行股份有限公司: China Merchants Bank Co., Ltd.",2026-06-04T15:48:54.066114
03969,HK,akshare_eastmoney_company_profile,company_profile,中国铁路通信信号股份有限公司: China Railway Signal & Communication Corporation Limited,,中国铁路通信信号股份有限公司: China Railway Signal & Communication Corporation Limited,2026-06-04T15:48:54.162867
03978,HK,akshare_eastmoney_company_profile,company_profile,卓越教育集团: China Beststudy Education Group,,卓越教育集团: China Beststudy Education Group,2026-06-04T15:48:54.250274
03983,HK,akshare_eastmoney_company_profile,company_profile,中海石油化学股份有限公司: China BlueChemical Ltd.,,中海石油化学股份有限公司: China BlueChemical Ltd.,2026-06-04T15:48:54.345844
03986,HK,akshare_eastmoney_company_profile,company_profile,兆易创新科技集团股份有限公司: GigaDevice Semiconductor Inc.,,兆易创新科技集团股份有限公司: GigaDevice Semiconductor Inc.,2026-06-04T15:48:54.485685
03988,HK,akshare_eastmoney_company_profile,company_profile,中国银行股份有限公司: BANK OF CHINA LIMITED,,中国银行股份有限公司: BANK OF CHINA LIMITED,2026-06-04T15:48:54.579302
03989,HK,akshare_eastmoney_company_profile,company_profile,首创环境控股有限公司: Capital Environment Holdings Limited,,首创环境控股有限公司: Capital Environment Holdings Limited,2026-06-04T15:48:54.679478
03990,HK,akshare_eastmoney_company_profile,company_profile,美的置业控股有限公司: Midea Real Estate Holding Limited,,美的置业控股有限公司: Midea Real Estate Holding Limited,2026-06-04T15:48:54.908307
03991,HK,akshare_eastmoney_company_profile,company_profile,长虹佳华控股有限公司: Changhong Jiahua Holdings Limited,,长虹佳华控股有限公司: Changhong Jiahua Holdings Limited,2026-06-04T15:48:55.011121
03993,HK,akshare_eastmoney_company_profile,company_profile,洛阳栾川钼业集团股份有限公司: CMOC Group Limited,,洛阳栾川钼业集团股份有限公司: CMOC Group Limited,2026-06-04T15:48:55.116640
03996,HK,akshare_eastmoney_company_profile,company_profile,中国能源建设股份有限公司: China Energy Engineering Corporation Limited,,中国能源建设股份有限公司: China Energy Engineering Corporation Limited,2026-06-04T15:48:55.208008
03997,HK,akshare_eastmoney_company_profile,company_profile,电讯首科控股有限公司: Telecom Service One Holdings Limited,,电讯首科控股有限公司: Telecom Service One Holdings Limited,2026-06-04T15:48:55.384782
03998,HK,akshare_eastmoney_company_profile,company_profile,波司登国际控股有限公司: Bosideng International Holdings Ltd.,,波司登国际控股有限公司: Bosideng International Holdings Ltd.,2026-06-04T15:48:55.486930
03999,HK,akshare_eastmoney_company_profile,company_profile,大成食品(亚洲)有限公司: DaChan Food (Asia) Limited,,大成食品(亚洲)有限公司: DaChan Food (Asia) Limited,2026-06-04T15:48:55.581379
04332,HK,akshare_eastmoney_company_profile,company_profile,安进公司: Amgen Inc.,,安进公司: Amgen Inc.,2026-06-04T15:48:55.675249
04333,HK,akshare_eastmoney_company_profile,company_profile,"思科系统公司: Cisco Systems, Inc.",,"思科系统公司: Cisco Systems, Inc.",2026-06-04T15:48:55.773473
04335,HK,akshare_eastmoney_company_profile,company_profile,英特尔公司: Intel Corporation,,英特尔公司: Intel Corporation,2026-06-04T15:48:55.921614
04336,HK,akshare_eastmoney_company_profile,company_profile,"应用材料公司: Applied Materials, Inc.",,"应用材料公司: Applied Materials, Inc.",2026-06-04T15:48:56.017241
04337,HK,akshare_eastmoney_company_profile,company_profile,星巴克公司: Starbucks Corporation,,星巴克公司: Starbucks Corporation,2026-06-04T15:48:56.115396
04338,HK,akshare_eastmoney_company_profile,company_profile,微软公司: Microsoft Corporation,,微软公司: Microsoft Corporation,2026-06-04T15:48:56.596103
04621,HK,akshare_eastmoney_company_profile,company_profile,"中国信达资产管理股份有限公司: China Cinda Asset Management Co., Ltd.",,"中国信达资产管理股份有限公司: China Cinda Asset Management Co., Ltd.",2026-06-04T15:48:56.693287
04855,HK,akshare_eastmoney_company_profile,company_profile,TechStar Acquisition Corporation: TechStar Acquisition Corporation,,TechStar Acquisition Corporation: TechStar Acquisition Corporation,2026-06-04T15:48:56.791159
06030,HK,akshare_eastmoney_company_profile,company_profile,中信证券股份有限公司: Citic Securities Company Limited,,中信证券股份有限公司: Citic Securities Company Limited,2026-06-04T15:48:56.902780
06031,HK,akshare_eastmoney_company_profile,company_profile,"三一重工股份有限公司: Sany Heavy Industry Co.,Ltd.",,"三一重工股份有限公司: Sany Heavy Industry Co.,Ltd.",2026-06-04T15:48:57.003631
06033,HK,akshare_eastmoney_company_profile,company_profile,电讯数码控股有限公司: Telecom Digital Holdings Limited,,电讯数码控股有限公司: Telecom Digital Holdings Limited,2026-06-04T15:48:57.095445
06036,HK,akshare_eastmoney_company_profile,company_profile,光丽科技控股有限公司: Apex Ace Holding Limited,,光丽科技控股有限公司: Apex Ace Holding Limited,2026-06-04T15:48:57.194555
06038,HK,akshare_eastmoney_company_profile,company_profile,信越控股有限公司: G & M Holdings Limited,,信越控股有限公司: G & M Holdings Limited,2026-06-04T15:48:57.300117
06049,HK,akshare_eastmoney_company_profile,company_profile,"保利物业服务股份有限公司: POLY PROPERTY SERVICES CO., LTD.",,"保利物业服务股份有限公司: POLY PROPERTY SERVICES CO., LTD.",2026-06-04T15:48:57.400251
06051,HK,akshare_eastmoney_company_profile,company_profile,有赞科技有限公司: Youzan Technology Limited,,有赞科技有限公司: Youzan Technology Limited,2026-06-04T15:48:57.548466
06055,HK,akshare_eastmoney_company_profile,company_profile,中烟国际(香港)有限公司: China Tobacco International (HK) Company Limited,,中烟国际(香港)有限公司: China Tobacco International (HK) Company Limited,2026-06-04T15:48:57.657621
06058,HK,akshare_eastmoney_company_profile,company_profile,兴证国际金融集团有限公司: China Industrial Securities International Financial Group Limited,,兴证国际金融集团有限公司: China Industrial Securities International Financial Group Limited,2026-06-04T15:48:57.748933
06060,HK,akshare_eastmoney_company_profile,company_profile,"众安在线财产保险股份有限公司: ZHONGAN ONLINE P & C INSURANCE CO., LTD.",,"众安在线财产保险股份有限公司: ZHONGAN ONLINE P & C INSURANCE CO., LTD.",2026-06-04T15:48:57.844235
06063,HK,akshare_eastmoney_company_profile,company_profile,智中国际控股有限公司: LOTUS HORIZON HOLDINGS LIMITED,,智中国际控股有限公司: LOTUS HORIZON HOLDINGS LIMITED,2026-06-04T15:48:57.945834
06066,HK,akshare_eastmoney_company_profile,company_profile,"中信建投证券股份有限公司: China Securities Co., Ltd.",,"中信建投证券股份有限公司: China Securities Co., Ltd.",2026-06-04T15:48:58.053748
06068,HK,akshare_eastmoney_company_profile,company_profile,光正教育国际控股有限公司: Wisdom Education International Holdings Company Limited,,光正教育国际控股有限公司: Wisdom Education International Holdings Company Limited,2026-06-04T15:48:58.145829
06069,HK,akshare_eastmoney_company_profile,company_profile,盛业控股集团有限公司: SY Holdings Group Limited,,盛业控股集团有限公司: SY Holdings Group Limited,2026-06-04T15:48:58.239142
06078,HK,akshare_eastmoney_company_profile,company_profile,"海吉亚医疗控股有限公司: Hygeia Healthcare Holdings Co., Limited",,"海吉亚医疗控股有限公司: Hygeia Healthcare Holdings Co., Limited",2026-06-04T15:48:58.416622
06080,HK,akshare_eastmoney_company_profile,company_profile,荣智控股有限公司: Wing Chi Holdings Limited,,荣智控股有限公司: Wing Chi Holdings Limited,2026-06-04T15:48:58.520849
06082,HK,akshare_eastmoney_company_profile,company_profile,"上海壁仞科技股份有限公司: Shanghai Biren Technology Co., Ltd.",,"上海壁仞科技股份有限公司: Shanghai Biren Technology Co., Ltd.",2026-06-04T15:48:58.689610
06083,HK,akshare_eastmoney_company_profile,company_profile,环宇物流(亚洲)控股有限公司: WORLD-LINK LOGISTICS (ASIA) HOLDING LIMITED,,环宇物流(亚洲)控股有限公司: WORLD-LINK LOGISTICS (ASIA) HOLDING LIMITED,2026-06-04T15:48:58.784943
06086,HK,akshare_eastmoney_company_profile,company_profile,方舟云康控股有限公司: Fangzhou Inc.,,方舟云康控股有限公司: Fangzhou Inc.,2026-06-04T15:48:58.877195
06088,HK,akshare_eastmoney_company_profile,company_profile,鸿腾六零八八精密科技股份有限公司: FIT Hon Teng Limited,,鸿腾六零八八精密科技股份有限公司: FIT Hon Teng Limited,2026-06-04T15:48:58.975865
06090,HK,akshare_eastmoney_company_profile,company_profile,不同集团: BUTONG GROUP,,不同集团: BUTONG GROUP,2026-06-04T15:48:59.071880
06093,HK,akshare_eastmoney_company_profile,company_profile,和泓服务集团有限公司: Hevol Services Group Co. Limited,,和泓服务集团有限公司: Hevol Services Group Co. Limited,2026-06-04T15:48:59.170096
06098,HK,akshare_eastmoney_company_profile,company_profile,碧桂园服务控股有限公司: Country Garden Services Holdings Company Limited,,碧桂园服务控股有限公司: Country Garden Services Holdings Company Limited,2026-06-04T15:48:59.267482
06099,HK,akshare_eastmoney_company_profile,company_profile,"招商证券股份有限公司: CHINA MERCHANTS SECURITIES CO.,LTD.",,"招商证券股份有限公司: CHINA MERCHANTS SECURITIES CO.,LTD.",2026-06-04T15:48:59.366186
06100,HK,akshare_eastmoney_company_profile,company_profile,同道猎聘集团: Tongdao Liepin Group,,同道猎聘集团: Tongdao Liepin Group,2026-06-04T15:48:59.467459
06108,HK,akshare_eastmoney_company_profile,company_profile,新锐医药国际控股有限公司: New Ray Medicine International Holding Limited,,新锐医药国际控股有限公司: New Ray Medicine International Holding Limited,2026-06-04T15:48:59.567551
06110,HK,akshare_eastmoney_company_profile,company_profile,滔搏国际控股有限公司: Topsports International Holdings Limited,,滔搏国际控股有限公司: Topsports International Holdings Limited,2026-06-04T15:48:59.664051
06113,HK,akshare_eastmoney_company_profile,company_profile,比特策略控股有限公司: BitStrat Holdings Limited,,比特策略控股有限公司: BitStrat Holdings Limited,2026-06-04T15:48:59.763917
06117,HK,akshare_eastmoney_company_profile,company_profile,"日照港裕廊股份有限公司: RIZHAO PORT JURONG CO., LTD.",,"日照港裕廊股份有限公司: RIZHAO PORT JURONG CO., LTD.",2026-06-04T15:48:59.860526
06118,HK,akshare_eastmoney_company_profile,company_profile,奥星生命科技有限公司: Austar Lifesciences Limited,,奥星生命科技有限公司: Austar Lifesciences Limited,2026-06-04T15:48:59.962364
06119,HK,akshare_eastmoney_company_profile,company_profile,天源集团控股有限公司: Tian Yuan Group Holdings Limited,,天源集团控股有限公司: Tian Yuan Group Holdings Limited,2026-06-04T15:49:00.086767
06123,HK,akshare_eastmoney_company_profile,company_profile,圆通国际快递供应链科技有限公司: YTO International Express and Supply Chain Technology Limited,,圆通国际快递供应链科技有限公司: YTO International Express and Supply Chain Technology Limited,2026-06-04T15:49:00.193143
06127,HK,akshare_eastmoney_company_profile,company_profile,"北京昭衍新药研究中心股份有限公司: Joinn Laboratories (China) Co., Ltd.",,"北京昭衍新药研究中心股份有限公司: Joinn Laboratories (China) Co., Ltd.",2026-06-04T15:49:00.378184
06128,HK,akshare_eastmoney_company_profile,company_profile,烯石电动汽车新材料控股有限公司: Graphex Group Limited,,烯石电动汽车新材料控股有限公司: Graphex Group Limited,2026-06-04T15:49:00.544387
06133,HK,akshare_eastmoney_company_profile,company_profile,维太创科控股有限公司: Vital Innovations Holdings Limited,,维太创科控股有限公司: Vital Innovations Holdings Limited,2026-06-04T15:49:00.649317
06136,HK,akshare_eastmoney_company_profile,company_profile,康达国际环保有限公司: KANGDA INTERNATIONAL ENVIRONMENTAL COMPANY LIMITED,,康达国际环保有限公司: KANGDA INTERNATIONAL ENVIRONMENTAL COMPANY LIMITED,2026-06-04T15:49:00.843152
06138,HK,akshare_eastmoney_company_profile,company_profile,"哈尔滨银行股份有限公司: Harbin Bank Co., Ltd.",,"哈尔滨银行股份有限公司: Harbin Bank Co., Ltd.",2026-06-04T15:49:01.103905
06158,HK,akshare_eastmoney_company_profile,company_profile,正荣地产集团有限公司: Zhenro Properties Group Limited,,正荣地产集团有限公司: Zhenro Properties Group Limited,2026-06-04T15:49:01.205349
06160,HK,akshare_eastmoney_company_profile,company_profile,百济神州有限公司: BeOne Medicines Ltd.,,百济神州有限公司: BeOne Medicines Ltd.,2026-06-04T15:49:01.484259
06162,HK,akshare_eastmoney_company_profile,company_profile,"中国天瑞汽车内饰件有限公司: CHINA TIANRUI AUTOMOTIVE INTERIORS CO., LTD",,"中国天瑞汽车内饰件有限公司: CHINA TIANRUI AUTOMOTIVE INTERIORS CO., LTD",2026-06-04T15:49:01.574339
06163,HK,akshare_eastmoney_company_profile,company_profile,彭顺国际有限公司: Gemilang International Limited,,彭顺国际有限公司: Gemilang International Limited,2026-06-04T15:49:01.675888
06166,HK,akshare_eastmoney_company_profile,company_profile,"上海剑桥科技股份有限公司: CIG SHANGHAI CO., LTD.",,"上海剑桥科技股份有限公司: CIG SHANGHAI CO., LTD.",2026-06-04T15:49:02.088085
06168,HK,akshare_eastmoney_company_profile,company_profile,"周六福珠宝股份有限公司: Zhou Liu Fu Jewellery Co., Ltd.",,"周六福珠宝股份有限公司: Zhou Liu Fu Jewellery Co., Ltd.",2026-06-04T15:49:02.182109
06169,HK,akshare_eastmoney_company_profile,company_profile,中国宇华教育集团有限公司: CHINA YUHUA EDUCATION CORPORATION LIMITED,,中国宇华教育集团有限公司: CHINA YUHUA EDUCATION CORPORATION LIMITED,2026-06-04T15:49:02.279994
06178,HK,akshare_eastmoney_company_profile,company_profile,光大证券股份有限公司: Everbright Securities Company Limited,,光大证券股份有限公司: Everbright Securities Company Limited,2026-06-04T15:49:02.383312
06181,HK,akshare_eastmoney_company_profile,company_profile,"老铺黄金股份有限公司: Laopu Gold Co., Ltd.",,"老铺黄金股份有限公司: Laopu Gold Co., Ltd.",2026-06-04T15:49:02.476319
06182,HK,akshare_eastmoney_company_profile,company_profile,乙德投资控股有限公司: TWINTEK INVESTMENT HOLDINGS LIMITED,,乙德投资控股有限公司: TWINTEK INVESTMENT HOLDINGS LIMITED,2026-06-04T15:49:02.576548
06185,HK,akshare_eastmoney_company_profile,company_profile,康希诺生物股份公司: CanSino Biologics Inc.,,康希诺生物股份公司: CanSino Biologics Inc.,2026-06-04T15:49:02.816242
06186,HK,akshare_eastmoney_company_profile,company_profile,中国飞鹤有限公司: China Feihe Limited,,中国飞鹤有限公司: China Feihe Limited,2026-06-04T15:49:02.911639
06188,HK,akshare_eastmoney_company_profile,company_profile,"北京迪信通商贸股份有限公司: Beijing Digital Telecom Co., Ltd.",,"北京迪信通商贸股份有限公司: Beijing Digital Telecom Co., Ltd.",2026-06-04T15:49:03.157651
06189,HK,akshare_eastmoney_company_profile,company_profile,广东爱得威建设(集团)股份有限公司: GUANGDONG ADWAY CONSTRUCTION (GROUP) HOLDINGS COMPANY LIMITED,,广东爱得威建设(集团)股份有限公司: GUANGDONG ADWAY CONSTRUCTION (GROUP) HOLDINGS COMPANY LIMITED,2026-06-04T15:49:03.531278
06190,HK,akshare_eastmoney_company_profile,company_profile,"九江银行股份有限公司: Bank of Jiujiang Co., Ltd.",,"九江银行股份有限公司: Bank of Jiujiang Co., Ltd.",2026-06-04T15:49:03.628900
06193,HK,akshare_eastmoney_company_profile,company_profile,泰林科建控股有限公司: Tailam Tech Construction Holdings Limited,,泰林科建控股有限公司: Tailam Tech Construction Holdings Limited,2026-06-04T15:49:06.891027
06196,HK,akshare_eastmoney_company_profile,company_profile,"郑州银行股份有限公司: BANK OF ZHENGZHOU CO. ,LTD.",,"郑州银行股份有限公司: BANK OF ZHENGZHOU CO. ,LTD.",2026-06-04T15:49:06.986316
06198,HK,akshare_eastmoney_company_profile,company_profile,"青岛港国际股份有限公司: Qingdao Port International Co., Ltd.",,"青岛港国际股份有限公司: Qingdao Port International Co., Ltd.",2026-06-04T15:49:07.085087
06199,HK,akshare_eastmoney_company_profile,company_profile,"贵州银行股份有限公司: Bank of Guizhou Co., Ltd.",,"贵州银行股份有限公司: Bank of Guizhou Co., Ltd.",2026-06-04T15:49:07.178479
06288,HK,akshare_eastmoney_company_profile,company_profile,"迅销有限公司: Fast Retailing Co., Ltd.",,"迅销有限公司: Fast Retailing Co., Ltd.",2026-06-04T15:49:07.268066
06600,HK,akshare_eastmoney_company_profile,company_profile,"卧安机器人(深圳)股份有限公司: OneRobotics (Shenzhen) Co., Ltd.",,"卧安机器人(深圳)股份有限公司: OneRobotics (Shenzhen) Co., Ltd.",2026-06-04T15:49:07.358212
06601,HK,akshare_eastmoney_company_profile,company_profile,朝云集团有限公司: Cheerwin Group Limited,,朝云集团有限公司: Cheerwin Group Limited,2026-06-04T15:49:07.456278
06603,HK,akshare_eastmoney_company_profile,company_profile,IFBH Limited: IFBH Limited,,IFBH Limited: IFBH Limited,2026-06-04T15:49:07.550713
06606,HK,akshare_eastmoney_company_profile,company_profile,诺辉健康: NEW HORIZON HEALTH,,诺辉健康: NEW HORIZON HEALTH,2026-06-04T15:49:07.658562
06608,HK,akshare_eastmoney_company_profile,company_profile,百融云创: Bairong Inc.,,百融云创: Bairong Inc.,2026-06-04T15:49:07.752964
06609,HK,akshare_eastmoney_company_profile,company_profile,上海心玮医疗科技股份有限公司: Shanghai HeartCare Medical Technology Corporation Limited,,上海心玮医疗科技股份有限公司: Shanghai HeartCare Medical Technology Corporation Limited,2026-06-04T15:49:07.849128
06610,HK,akshare_eastmoney_company_profile,company_profile,飞天云动科技有限公司: Flowing Cloud Technology Ltd,,飞天云动科技有限公司: Flowing Cloud Technology Ltd,2026-06-04T15:49:07.945068
06611,HK,akshare_eastmoney_company_profile,company_profile,三巽控股集团有限公司: Sanxun Holdings Group Limited,,三巽控股集团有限公司: Sanxun Holdings Group Limited,2026-06-04T15:49:08.038174
06613,HK,akshare_eastmoney_company_profile,company_profile,"蓝思科技股份有限公司: Lens Technology Co., Ltd.",,"蓝思科技股份有限公司: Lens Technology Co., Ltd.",2026-06-04T15:49:08.141405
06616,HK,akshare_eastmoney_company_profile,company_profile,环球新材国际控股有限公司: GLOBAL NEW MATERIAL INTERNATIONAL HOLDINGS LIMITED,,环球新材国际控股有限公司: GLOBAL NEW MATERIAL INTERNATIONAL HOLDINGS LIMITED,2026-06-04T15:49:08.350647
06618,HK,akshare_eastmoney_company_profile,company_profile,京东健康股份有限公司: JD Health International Inc.,,京东健康股份有限公司: JD Health International Inc.,2026-06-04T15:49:08.472625
06622,HK,akshare_eastmoney_company_profile,company_profile,兆科眼科有限公司: Zhaoke Ophthalmology Limited,,兆科眼科有限公司: Zhaoke Ophthalmology Limited,2026-06-04T15:49:08.598556
06623,HK,akshare_eastmoney_company_profile,company_profile,陆金所控股有限公司: Lufax Holding Ltd,,陆金所控股有限公司: Lufax Holding Ltd,2026-06-04T15:49:08.703391
06626,HK,akshare_eastmoney_company_profile,company_profile,越秀服务集团有限公司: YUEXIU SERVICES GROUP LIMITED,,越秀服务集团有限公司: YUEXIU SERVICES GROUP LIMITED,2026-06-04T15:49:08.795906
06628,HK,akshare_eastmoney_company_profile,company_profile,创胜集团医药有限公司: Transcenta Holding Limited,,创胜集团医药有限公司: Transcenta Holding Limited,2026-06-04T15:49:08.891265
06633,HK,akshare_eastmoney_company_profile,company_profile,青瓷游戏有限公司: Qingci Games Inc.,,青瓷游戏有限公司: Qingci Games Inc.,2026-06-04T15:49:08.998188
06636,HK,akshare_eastmoney_company_profile,company_profile,"山东极视角科技股份有限公司: Shandong Extreme Vision Technology Co., Ltd.",,"山东极视角科技股份有限公司: Shandong Extreme Vision Technology Co., Ltd.",2026-06-04T15:49:09.092436
06638,HK,akshare_eastmoney_company_profile,company_profile,"壹账通金融科技有限公司: ONECONNECT FINANCIAL TECHNOLOGY CO., LTD.",,"壹账通金融科技有限公司: ONECONNECT FINANCIAL TECHNOLOGY CO., LTD.",2026-06-04T15:49:09.203995
06639,HK,akshare_eastmoney_company_profile,company_profile,瑞尔集团有限公司: Arrail Group Limited,,瑞尔集团有限公司: Arrail Group Limited,2026-06-04T15:49:09.441759
06651,HK,akshare_eastmoney_company_profile,company_profile,"北京五一视界数字孪生科技股份有限公司: Beijing 51WORLD Digital Twin Technology Co., Ltd.",,"北京五一视界数字孪生科技股份有限公司: Beijing 51WORLD Digital Twin Technology Co., Ltd.",2026-06-04T15:49:09.562414
06655,HK,akshare_eastmoney_company_profile,company_profile,"华新建材集团股份有限公司: HUAXIN BUILDING MATERIALS GROUP CO., LTD.",,"华新建材集团股份有限公司: HUAXIN BUILDING MATERIALS GROUP CO., LTD.",2026-06-04T15:49:09.653845
06656,HK,akshare_eastmoney_company_profile,company_profile,"思格新能源(上海)股份有限公司: Sigenergy Technology Co., Ltd.",,"思格新能源(上海)股份有限公司: Sigenergy Technology Co., Ltd.",2026-06-04T15:49:09.769873
06657,HK,akshare_eastmoney_company_profile,company_profile,"百望股份有限公司: BAIWANG CO., LTD.",,"百望股份有限公司: BAIWANG CO., LTD.",2026-06-04T15:49:09.929436
06660,HK,akshare_eastmoney_company_profile,company_profile,"艾美疫苗股份有限公司: AIM Vaccine Co., Ltd.",,"艾美疫苗股份有限公司: AIM Vaccine Co., Ltd.",2026-06-04T15:49:10.084248
06661,HK,akshare_eastmoney_company_profile,company_profile,"湖州燃气股份有限公司: Huzhou Gas Co., Ltd.",,"湖州燃气股份有限公司: Huzhou Gas Co., Ltd.",2026-06-04T15:49:10.259391
06663,HK,akshare_eastmoney_company_profile,company_profile,国际永胜集团控股有限公司: IWS Group Holdings Limited,,国际永胜集团控股有限公司: IWS Group Holdings Limited,2026-06-04T15:49:10.461926
06666,HK,akshare_eastmoney_company_profile,company_profile,恒大物业集团有限公司: Evergrande Property Services Group Limited,,恒大物业集团有限公司: Evergrande Property Services Group Limited,2026-06-04T15:49:10.564390
06667,HK,akshare_eastmoney_company_profile,company_profile,美因基因有限公司: Mega Genomics Limited,,美因基因有限公司: Mega Genomics Limited,2026-06-04T15:49:10.799056
06668,HK,akshare_eastmoney_company_profile,company_profile,星盛商业管理股份有限公司: E-Star Commercial Management Company Limited,,星盛商业管理股份有限公司: E-Star Commercial Management Company Limited,2026-06-04T15:49:10.942354
06669,HK,akshare_eastmoney_company_profile,company_profile,先瑞达医疗科技控股有限公司: Acotec Scientific Holdings Limited,,先瑞达医疗科技控股有限公司: Acotec Scientific Holdings Limited,2026-06-04T15:49:11.039387
06676,HK,akshare_eastmoney_company_profile,company_profile,找钢网集团: ZG GROUP,,找钢网集团: ZG GROUP,2026-06-04T15:49:11.132513
06677,HK,akshare_eastmoney_company_profile,company_profile,远洋服务控股有限公司: Sino-Ocean Service Holding Limited,,远洋服务控股有限公司: Sino-Ocean Service Holding Limited,2026-06-04T15:49:11.235776
06680,HK,akshare_eastmoney_company_profile,company_profile,"江西金力永磁科技股份有限公司: JL MAG RARE-EARTH CO., LTD.",,"江西金力永磁科技股份有限公司: JL MAG RARE-EARTH CO., LTD.",2026-06-04T15:49:11.425543
06681,HK,akshare_eastmoney_company_profile,company_profile,脑动极光医疗科技有限公司: BrainAurora Medical Technology Limited,,脑动极光医疗科技有限公司: BrainAurora Medical Technology Limited,2026-06-04T15:49:11.519854
06682,HK,akshare_eastmoney_company_profile,company_profile,"范式智能技术集团股份有限公司: Phancy Group Co., Ltd.",,"范式智能技术集团股份有限公司: Phancy Group Co., Ltd.",2026-06-04T15:49:11.612741
06683,HK,akshare_eastmoney_company_profile,company_profile,巨星传奇集团有限公司: Star Plus Legend Holdings Limited,,巨星传奇集团有限公司: Star Plus Legend Holdings Limited,2026-06-04T15:49:11.700458
06686,HK,akshare_eastmoney_company_profile,company_profile,诺亚控股有限公司: Noah Holdings Limited,,诺亚控股有限公司: Noah Holdings Limited,2026-06-04T15:49:11.792999
06687,HK,akshare_eastmoney_company_profile,company_profile,聚水潭集团股份有限公司: JST Group Corporation Limited,,聚水潭集团股份有限公司: JST Group Corporation Limited,2026-06-04T15:49:11.891800
06690,HK,akshare_eastmoney_company_profile,company_profile,"海尔智家股份有限公司: Haier Smart Home Co., Ltd.",,"海尔智家股份有限公司: Haier Smart Home Co., Ltd.",2026-06-04T15:49:11.983519
06693,HK,akshare_eastmoney_company_profile,company_profile,赤峰吉隆黄金矿业集团股份有限公司: Chifeng Jilong Gold Mining Group Limited,,赤峰吉隆黄金矿业集团股份有限公司: Chifeng Jilong Gold Mining Group Limited,2026-06-04T15:49:12.080434
06696,HK,akshare_eastmoney_company_profile,company_profile,多想云控股有限公司: Many Idea Cloud Holdings Limited,,多想云控股有限公司: Many Idea Cloud Holdings Limited,2026-06-04T15:49:12.178751
06698,HK,akshare_eastmoney_company_profile,company_profile,星空华文控股有限公司: STAR CM Holdings Limited,,星空华文控股有限公司: STAR CM Holdings Limited,2026-06-04T15:49:12.275819
06699,HK,akshare_eastmoney_company_profile,company_profile,时代天使科技有限公司: ANGELALIGN TECHNOLOGY INC.,,时代天使科技有限公司: ANGELALIGN TECHNOLOGY INC.,2026-06-04T15:49:12.367594
06805,HK,akshare_eastmoney_company_profile,company_profile,金茂源环保控股有限公司: Kimou Environmental Holding Limited,,金茂源环保控股有限公司: Kimou Environmental Holding Limited,2026-06-04T15:49:12.579739
06806,HK,akshare_eastmoney_company_profile,company_profile,"申万宏源集团股份有限公司: SHENWAN HONGYUAN GROUP CO., LTD.",,"申万宏源集团股份有限公司: SHENWAN HONGYUAN GROUP CO., LTD.",2026-06-04T15:49:12.675151
06808,HK,akshare_eastmoney_company_profile,company_profile,高鑫零售有限公司: SUN ART RETAIL GROUP LIMITED,,高鑫零售有限公司: SUN ART RETAIL GROUP LIMITED,2026-06-04T15:49:12.765521
06809,HK,akshare_eastmoney_company_profile,company_profile,"澜起科技股份有限公司: Montage Technology Co., Ltd.",,"澜起科技股份有限公司: Montage Technology Co., Ltd.",2026-06-04T15:49:12.860923
06810,HK,akshare_eastmoney_company_profile,company_profile,"上海商米科技集团股份有限公司: Shanghai Sunmi Technology Co., Ltd.",,"上海商米科技集团股份有限公司: Shanghai Sunmi Technology Co., Ltd.",2026-06-04T15:49:12.953031
06811,HK,akshare_eastmoney_company_profile,company_profile,太兴集团控股有限公司: TAI HING GROUP HOLDINGS LIMITED,,太兴集团控股有限公司: TAI HING GROUP HOLDINGS LIMITED,2026-06-04T15:49:13.040303
06812,HK,akshare_eastmoney_company_profile,company_profile,永顺控股香港有限公司: WINSON HOLDINGS HONG KONG LIMITED,,永顺控股香港有限公司: WINSON HOLDINGS HONG KONG LIMITED,2026-06-04T15:49:13.136803
06816,HK,akshare_eastmoney_company_profile,company_profile,瑞港建设控股有限公司: Prosper Construction Holdings Limited,,瑞港建设控股有限公司: Prosper Construction Holdings Limited,2026-06-04T15:49:13.251397
06818,HK,akshare_eastmoney_company_profile,company_profile,中国光大银行股份有限公司: CHINA EVERBRIGHT BANK COMPANY LIMITED,,中国光大银行股份有限公司: CHINA EVERBRIGHT BANK COMPANY LIMITED,2026-06-04T15:49:13.344872
06820,HK,akshare_eastmoney_company_profile,company_profile,友谊时光股份有限公司: FriendTimes Inc.,,友谊时光股份有限公司: FriendTimes Inc.,2026-06-04T15:49:13.427195
06821,HK,akshare_eastmoney_company_profile,company_profile,"凯莱英医药集团(天津)股份有限公司: Asymchem Laboratories (Tianjin) Co., Ltd.",,"凯莱英医药集团(天津)股份有限公司: Asymchem Laboratories (Tianjin) Co., Ltd.",2026-06-04T15:49:13.521898
06822,HK,akshare_eastmoney_company_profile,company_profile,科劲国际(控股)有限公司: King's Flair International (Holdings) Limited,,科劲国际(控股)有限公司: King's Flair International (Holdings) Limited,2026-06-04T15:49:13.620018
06823,HK,akshare_eastmoney_company_profile,company_profile,香港电讯信托与香港电讯有限公司: HKT Trust and HKT Ltd.,,香港电讯信托与香港电讯有限公司: HKT Trust and HKT Ltd.,2026-06-04T15:49:13.725990
06826,HK,akshare_eastmoney_company_profile,company_profile,"上海昊海生物科技股份有限公司: Shanghai Haohai Biological Technology Co., Ltd.",,"上海昊海生物科技股份有限公司: Shanghai Haohai Biological Technology Co., Ltd.",2026-06-04T15:49:13.817203
06828,HK,akshare_eastmoney_company_profile,company_profile,北京燃气蓝天控股有限公司: Beijing Gas Blue Sky Holdings Limited,,北京燃气蓝天控股有限公司: Beijing Gas Blue Sky Holdings Limited,2026-06-04T15:49:13.913629
06829,HK,akshare_eastmoney_company_profile,company_profile,龙升集团控股有限公司: DRAGON RISE GROUP HOLDINGS LIMITED,,龙升集团控股有限公司: DRAGON RISE GROUP HOLDINGS LIMITED,2026-06-04T15:49:14.034889
06830,HK,akshare_eastmoney_company_profile,company_profile,华众车载控股有限公司: Huazhong In-Vehicle Holdings Company Limited,,华众车载控股有限公司: Huazhong In-Vehicle Holdings Company Limited,2026-06-04T15:49:14.133379
06831,HK,akshare_eastmoney_company_profile,company_profile,绿茶集团有限公司: Green Tea Group Limited,,绿茶集团有限公司: Green Tea Group Limited,2026-06-04T15:49:14.304247
06833,HK,akshare_eastmoney_company_profile,company_profile,兴科蓉医药控股有限公司: Sinco Pharmaceuticals Holdings Limited,,兴科蓉医药控股有限公司: Sinco Pharmaceuticals Holdings Limited,2026-06-04T15:49:14.459717
06838,HK,akshare_eastmoney_company_profile,company_profile,盈利时控股有限公司: Winox Holdings Limited,,盈利时控股有限公司: Winox Holdings Limited,2026-06-04T15:49:14.560096
06839,HK,akshare_eastmoney_company_profile,company_profile,"云南水务投资股份有限公司: Yunnan Water Investment Co., Limited",,"云南水务投资股份有限公司: Yunnan Water Investment Co., Limited",2026-06-04T15:49:14.659384
06855,HK,akshare_eastmoney_company_profile,company_profile,亚盛医药集团: Ascentage Pharma Group International,,亚盛医药集团: Ascentage Pharma Group International,2026-06-04T15:49:14.754891
06858,HK,akshare_eastmoney_company_profile,company_profile,本间高尔夫有限公司: Honma Golf Limited,,本间高尔夫有限公司: Honma Golf Limited,2026-06-04T15:49:14.861187
06860,HK,akshare_eastmoney_company_profile,company_profile,指尖悦动控股有限公司: FingerTango Inc.,,指尖悦动控股有限公司: FingerTango Inc.,2026-06-04T15:49:15.170386
06862,HK,akshare_eastmoney_company_profile,company_profile,海底捞国际控股有限公司: HAIDILAO INTERNATIONAL HOLDING LTD.,,海底捞国际控股有限公司: HAIDILAO INTERNATIONAL HOLDING LTD.,2026-06-04T15:49:15.375406
06865,HK,akshare_eastmoney_company_profile,company_profile,"福莱特玻璃集团股份有限公司: Flat Glass Group CO.,LTD.",,"福莱特玻璃集团股份有限公司: Flat Glass Group CO.,LTD.",2026-06-04T15:49:15.573328
06866,HK,akshare_eastmoney_company_profile,company_profile,佐力科创股份有限公司: Zuoli Kechuang Company Limited,,佐力科创股份有限公司: Zuoli Kechuang Company Limited,2026-06-04T15:49:15.735746
06868,HK,akshare_eastmoney_company_profile,company_profile,天福(开曼)控股有限公司: Tenfu (Cayman) Holdings Company Limited,,天福(开曼)控股有限公司: Tenfu (Cayman) Holdings Company Limited,2026-06-04T15:49:15.927735
06869,HK,akshare_eastmoney_company_profile,company_profile,长飞光纤光缆股份有限公司: Yangtze Optical Fibre and Cable Joint Stock Limited Company,,长飞光纤光缆股份有限公司: Yangtze Optical Fibre and Cable Joint Stock Limited Company,2026-06-04T15:49:16.015879
06871,HK,akshare_eastmoney_company_profile,company_profile,"浙江翼菲智能科技股份有限公司: ROBOTPHOENIX INTELLIGENT TECHNOLOGY CO., LTD.",,"浙江翼菲智能科技股份有限公司: ROBOTPHOENIX INTELLIGENT TECHNOLOGY CO., LTD.",2026-06-04T15:49:16.133754
06872,HK,akshare_eastmoney_company_profile,company_profile,丹诺医药(苏州)股份有限公司: TenNor Therapeutics (Suzhou) Limited,,丹诺医药(苏州)股份有限公司: TenNor Therapeutics (Suzhou) Limited,2026-06-04T15:49:16.245164
06877,HK,akshare_eastmoney_company_profile,company_profile,Top Eminent Healthcare Group Limited: Top Eminent Healthcare Group Limited,,Top Eminent Healthcare Group Limited: Top Eminent Healthcare Group Limited,2026-06-04T15:49:16.343307
06878,HK,akshare_eastmoney_company_profile,company_profile,鼎丰集团汽车有限公司: Differ Group Auto Limited,,鼎丰集团汽车有限公司: Differ Group Auto Limited,2026-06-04T15:49:16.443858
06881,HK,akshare_eastmoney_company_profile,company_profile,"中国银河证券股份有限公司: China Galaxy Securities Co., Ltd.",,"中国银河证券股份有限公司: China Galaxy Securities Co., Ltd.",2026-06-04T15:49:16.550015
06882,HK,akshare_eastmoney_company_profile,company_profile,东瀛游控股有限公司: EGL Holdings Company Limited,,东瀛游控股有限公司: EGL Holdings Company Limited,2026-06-04T15:49:16.644834
06883,HK,akshare_eastmoney_company_profile,company_profile,颖通控股有限公司: Eternal Beauty Holdings Limited,,颖通控股有限公司: Eternal Beauty Holdings Limited,2026-06-04T15:49:16.737977
06885,HK,akshare_eastmoney_company_profile,company_profile,河南金马能源股份有限公司: HENAN JINMA ENERGY COMPANY LIMITED,,河南金马能源股份有限公司: HENAN JINMA ENERGY COMPANY LIMITED,2026-06-04T15:49:17.062716
06886,HK,akshare_eastmoney_company_profile,company_profile,"华泰证券股份有限公司: Huatai Securities Co., Ltd.",,"华泰证券股份有限公司: Huatai Securities Co., Ltd.",2026-06-04T15:49:17.157635
06887,HK,akshare_eastmoney_company_profile,company_profile,"广东东阳光药业股份有限公司: SUNSHINE LAKE PHARMA CO., LTD.",,"广东东阳光药业股份有限公司: SUNSHINE LAKE PHARMA CO., LTD.",2026-06-04T15:49:17.389479
06888,HK,akshare_eastmoney_company_profile,company_profile,英达公路再生科技(集团)有限公司: Freetech Road Recycling Technology (Holdings) Limited,,英达公路再生科技(集团)有限公司: Freetech Road Recycling Technology (Holdings) Limited,2026-06-04T15:49:17.479692
06889,HK,akshare_eastmoney_company_profile,company_profile,"Dynam Japan Holdings Co.,Ltd.: Dynam Japan Holdings Co.,Ltd.",,"Dynam Japan Holdings Co.,Ltd.: Dynam Japan Holdings Co.,Ltd.",2026-06-04T15:49:17.571992
06890,HK,akshare_eastmoney_company_profile,company_profile,康利国际控股有限公司: KangLi International Holdings Limited,,康利国际控股有限公司: KangLi International Holdings Limited,2026-06-04T15:49:17.664962
06893,HK,akshare_eastmoney_company_profile,company_profile,衍生集团(国际)控股有限公司: HIN SANG GROUP (INTERNATIONAL) HOLDING CO. LTD.,,衍生集团(国际)控股有限公司: HIN SANG GROUP (INTERNATIONAL) HOLDING CO. LTD.,2026-06-04T15:49:17.757867
06896,HK,akshare_eastmoney_company_profile,company_profile,金嗓子控股集团有限公司: GOLDEN THROAT HOLDINGS GROUP COMPANY LIMITED,,金嗓子控股集团有限公司: GOLDEN THROAT HOLDINGS GROUP COMPANY LIMITED,2026-06-04T15:49:17.858771
06898,HK,akshare_eastmoney_company_profile,company_profile,中国铝罐控股有限公司: China Aluminum Cans Holdings Limited,,中国铝罐控股有限公司: China Aluminum Cans Holdings Limited,2026-06-04T15:49:17.962858
06899,HK,akshare_eastmoney_company_profile,company_profile,联众国际控股有限公司: OURGAME INTERNATIONAL HOLDINGS LIMITED,,联众国际控股有限公司: OURGAME INTERNATIONAL HOLDINGS LIMITED,2026-06-04T15:49:18.065621
06900,HK,akshare_eastmoney_company_profile,company_profile,上坤地产集团有限公司: Sunkwan Properties Group Limited,,上坤地产集团有限公司: Sunkwan Properties Group Limited,2026-06-04T15:49:18.593101
06908,HK,akshare_eastmoney_company_profile,company_profile,宏光半导体有限公司: HG Semiconductor Limited,,宏光半导体有限公司: HG Semiconductor Limited,2026-06-04T15:49:18.696569
06909,HK,akshare_eastmoney_company_profile,company_profile,百得利控股有限公司: BetterLife Holding Limited,,百得利控股有限公司: BetterLife Holding Limited,2026-06-04T15:49:18.851319
06911,HK,akshare_eastmoney_company_profile,company_profile,"普洱澜沧古茶股份有限公司: PU’ER LANCANG ANCIENT TEA CO., LTD.",,"普洱澜沧古茶股份有限公司: PU’ER LANCANG ANCIENT TEA CO., LTD.",2026-06-04T15:49:18.951870
06913,HK,akshare_eastmoney_company_profile,company_profile,中国华南职业教育集团有限公司: SOUTH CHINA VOCATIONAL EDUCATION GROUP COMPANY LIMITED,,中国华南职业教育集团有限公司: SOUTH CHINA VOCATIONAL EDUCATION GROUP COMPANY LIMITED,2026-06-04T15:49:19.053439
06918,HK,akshare_eastmoney_company_profile,company_profile,奇士达控股有限公司: Kidztech Holdings Limited,,奇士达控股有限公司: Kidztech Holdings Limited,2026-06-04T15:49:19.148391
06919,HK,akshare_eastmoney_company_profile,company_profile,人瑞人才科技控股有限公司: Renrui Human Resources Technology Holdings Limited,,人瑞人才科技控股有限公司: Renrui Human Resources Technology Holdings Limited,2026-06-04T15:49:19.239330
06922,HK,akshare_eastmoney_company_profile,company_profile,"康沣生物科技(上海)股份有限公司: Cryofocus Medtech (Shanghai) Co., Ltd.",,"康沣生物科技(上海)股份有限公司: Cryofocus Medtech (Shanghai) Co., Ltd.",2026-06-04T15:49:19.328628
06928,HK,akshare_eastmoney_company_profile,company_profile,万马控股有限公司: TOMO Holdings Limited,,万马控股有限公司: TOMO Holdings Limited,2026-06-04T15:49:19.553632
06929,HK,akshare_eastmoney_company_profile,company_profile,业聚医疗集团控股有限公司: OrbusNeich Medical Group Holdings Limited,,业聚医疗集团控股有限公司: OrbusNeich Medical Group Holdings Limited,2026-06-04T15:49:19.647392
06933,HK,akshare_eastmoney_company_profile,company_profile,新娱科控股有限公司: SINO-ENTERTAINMENT TECHNOLOGY HOLDINGS LIMITED,,新娱科控股有限公司: SINO-ENTERTAINMENT TECHNOLOGY HOLDINGS LIMITED,2026-06-04T15:49:19.745325
06936,HK,akshare_eastmoney_company_profile,company_profile,"顺丰控股股份有限公司: S.F. Holding Co., Ltd.",,"顺丰控股股份有限公司: S.F. Holding Co., Ltd.",2026-06-04T15:49:19.832481
06938,HK,akshare_eastmoney_company_profile,company_profile,"苏州瑞博生物技术股份有限公司: Suzhou Ribo Life Science Co., Ltd.",,"苏州瑞博生物技术股份有限公司: Suzhou Ribo Life Science Co., Ltd.",2026-06-04T15:49:19.927469
06939,HK,akshare_eastmoney_company_profile,company_profile,"美佳音控股有限公司: MEGAIN Holding (Cayman) Co., Ltd.",,"美佳音控股有限公司: MEGAIN Holding (Cayman) Co., Ltd.",2026-06-04T15:49:20.025097
06955,HK,akshare_eastmoney_company_profile,company_profile,"山东博安生物技术股份有限公司: Shandong Boan Biotechnology Co., Ltd.",,"山东博安生物技术股份有限公司: Shandong Boan Biotechnology Co., Ltd.",2026-06-04T15:49:20.142348
06958,HK,akshare_eastmoney_company_profile,company_profile,正荣服务集团有限公司: ZHENRO SERVICES GROUP LIMITED,,正荣服务集团有限公司: ZHENRO SERVICES GROUP LIMITED,2026-06-04T15:49:20.234025
06959,HK,akshare_eastmoney_company_profile,company_profile,长久股份有限公司: Changjiu Holdings Limited,,长久股份有限公司: Changjiu Holdings Limited,2026-06-04T15:49:20.346875
06960,HK,akshare_eastmoney_company_profile,company_profile,"双登集团股份有限公司: SHUANGDENG GROUP CO.,LTD.",,"双登集团股份有限公司: SHUANGDENG GROUP CO.,LTD.",2026-06-04T15:49:20.437872
06963,HK,akshare_eastmoney_company_profile,company_profile,阳光保险集团股份有限公司: Sunshine Insurance Group Company Limited,,阳光保险集团股份有限公司: Sunshine Insurance Group Company Limited,2026-06-04T15:49:20.545909
06966,HK,akshare_eastmoney_company_profile,company_profile,中国万桐园(控股)有限公司: China Wan Tong Yuan (Holdings) Limited,,中国万桐园(控股)有限公司: China Wan Tong Yuan (Holdings) Limited,2026-06-04T15:49:21.158991
06968,HK,akshare_eastmoney_company_profile,company_profile,港龙中国地产集团有限公司: Ganglong China Property Group Limited,,港龙中国地产集团有限公司: Ganglong China Property Group Limited,2026-06-04T15:49:21.262070
06969,HK,akshare_eastmoney_company_profile,company_profile,思摩尔国际控股有限公司: Smoore International Holdings Limited,,思摩尔国际控股有限公司: Smoore International Holdings Limited,2026-06-04T15:49:21.346788
06978,HK,akshare_eastmoney_company_profile,company_profile,永泰生物制药有限公司: Immunotech Biopharm Ltd,,永泰生物制药有限公司: Immunotech Biopharm Ltd,2026-06-04T15:49:21.452761
06979,HK,akshare_eastmoney_company_profile,company_profile,珍酒李渡集团有限公司: ZJLD Group Inc,,珍酒李渡集团有限公司: ZJLD Group Inc,2026-06-04T15:49:21.548557
06980,HK,akshare_eastmoney_company_profile,company_profile,"八马茶业股份有限公司: Bama Tea Co., Ltd.",,"八马茶业股份有限公司: Bama Tea Co., Ltd.",2026-06-04T15:49:21.652644
06988,HK,akshare_eastmoney_company_profile,company_profile,乐享集团有限公司: Joy Spreader Group Inc.,,乐享集团有限公司: Joy Spreader Group Inc.,2026-06-04T15:49:21.747338
06989,HK,akshare_eastmoney_company_profile,company_profile,卓越商企服务集团有限公司: EXCELLENCE COMMERCIAL PROPERTY & FACILITIES MANAGEMENT GROUP LIMITED,,卓越商企服务集团有限公司: EXCELLENCE COMMERCIAL PROPERTY & FACILITIES MANAGEMENT GROUP LIMITED,2026-06-04T15:49:21.854697
06990,HK,akshare_eastmoney_company_profile,company_profile,"四川科伦博泰生物医药股份有限公司: Sichuan Kelun-Biotech Biopharmaceutical Co., Ltd.",,"四川科伦博泰生物医药股份有限公司: Sichuan Kelun-Biotech Biopharmaceutical Co., Ltd.",2026-06-04T15:49:21.946273
06993,HK,akshare_eastmoney_company_profile,company_profile,蓝月亮集团控股有限公司: Blue Moon Group Holdings Limited,,蓝月亮集团控股有限公司: Blue Moon Group Holdings Limited,2026-06-04T15:49:22.044637
06996,HK,akshare_eastmoney_company_profile,company_profile,德琪医药有限公司: Antengene Corporation Limited,,德琪医药有限公司: Antengene Corporation Limited,2026-06-04T15:49:22.143236
06998,HK,akshare_eastmoney_company_profile,company_profile,亿腾嘉和医药集团有限公司: Edding Genor Group Holdings Limited,,亿腾嘉和医药集团有限公司: Edding Genor Group Holdings Limited,2026-06-04T15:49:22.247446
06999,HK,akshare_eastmoney_company_profile,company_profile,领地控股集团有限公司: Leading Holdings Group Limited,,领地控股集团有限公司: Leading Holdings Group Limited,2026-06-04T15:49:22.341343
07200,HK,akshare_eastmoney_company_profile,company_profile,南方东英资产管理有限公司: CSOP Asset Management Limited,,南方东英资产管理有限公司: CSOP Asset Management Limited,2026-06-04T15:49:22.437360
07226,HK,akshare_eastmoney_company_profile,company_profile,南方东英资产管理有限公司: CSOP Asset Management Limited,,南方东英资产管理有限公司: CSOP Asset Management Limited,2026-06-04T15:49:22.530038
07233,HK,akshare_eastmoney_company_profile,company_profile,南方东英资产管理有限公司: CSOP Asset Management Limited,,南方东英资产管理有限公司: CSOP Asset Management Limited,2026-06-04T15:49:22.619703
07234,HK,akshare_eastmoney_company_profile,company_profile,"博时基金(国际)有限公司: Bosera Asset Management (International) Co., Limited",,"博时基金(国际)有限公司: Bosera Asset Management (International) Co., Limited",2026-06-04T15:49:22.772148
07261,HK,akshare_eastmoney_company_profile,company_profile,华夏基金(香港)有限公司: China Asset Management (Hong Kong) Limited,,华夏基金(香港)有限公司: China Asset Management (Hong Kong) Limited,2026-06-04T15:49:22.864590
07262,HK,akshare_eastmoney_company_profile,company_profile,南方东英资产管理有限公司: CSOP Asset Management Limited,,南方东英资产管理有限公司: CSOP Asset Management Limited,2026-06-04T15:49:23.022360
07266,HK,akshare_eastmoney_company_profile,company_profile,南方东英资产管理有限公司: CSOP Asset Management Limited,,南方东英资产管理有限公司: CSOP Asset Management Limited,2026-06-04T15:49:23.120501
07288,HK,akshare_eastmoney_company_profile,company_profile,南方东英资产管理有限公司: CSOP Asset Management Limited,,南方东英资产管理有限公司: CSOP Asset Management Limited,2026-06-04T15:49:23.256103
07299,HK,akshare_eastmoney_company_profile,company_profile,南方东英资产管理有限公司: CSOP Asset Management Limited,,南方东英资产管理有限公司: CSOP Asset Management Limited,2026-06-04T15:49:23.346142
07300,HK,akshare_eastmoney_company_profile,company_profile,南方东英资产管理有限公司: CSOP Asset Management Limited,,南方东英资产管理有限公司: CSOP Asset Management Limited,2026-06-04T15:49:23.440296
07311,HK,akshare_eastmoney_company_profile,company_profile,南方东英资产管理有限公司: CSOP Asset Management Limited,,南方东英资产管理有限公司: CSOP Asset Management Limited,2026-06-04T15:49:23.535995
07332,HK,akshare_eastmoney_company_profile,company_profile,富邦基金管理(香港)有限公司 中国香港特别行政区 1979-12-04,,富邦基金管理(香港)有限公司 中国香港特别行政区 1979-12-04,2026-06-04T15:49:23.852847
07347,HK,akshare_eastmoney_company_profile,company_profile,南方东英资产管理有限公司: CSOP Asset Management Limited,,南方东英资产管理有限公司: CSOP Asset Management Limited,2026-06-04T15:49:23.994288
07366,HK,akshare_eastmoney_company_profile,company_profile,南方东英资产管理有限公司: CSOP Asset Management Limited,,南方东英资产管理有限公司: CSOP Asset Management Limited,2026-06-04T15:49:24.297661
07376,HK,akshare_eastmoney_company_profile,company_profile,南方东英资产管理有限公司: CSOP Asset Management Limited,,南方东英资产管理有限公司: CSOP Asset Management Limited,2026-06-04T15:49:24.394092
07388,HK,akshare_eastmoney_company_profile,company_profile,南方东英资产管理有限公司: CSOP Asset Management Limited,,南方东英资产管理有限公司: CSOP Asset Management Limited,2026-06-04T15:49:24.500689
07399,HK,akshare_eastmoney_company_profile,company_profile,南方东英资产管理有限公司: CSOP Asset Management Limited,,南方东英资产管理有限公司: CSOP Asset Management Limited,2026-06-04T15:49:24.694159
07489,HK,akshare_eastmoney_company_profile,company_profile,"岚图汽车科技股份有限公司: VOYAH AUTOMOTIVE TECHNOLOGY CO., LTD.",,"岚图汽车科技股份有限公司: VOYAH AUTOMOTIVE TECHNOLOGY CO., LTD.",2026-06-04T15:49:24.809532
07500,HK,akshare_eastmoney_company_profile,company_profile,南方东英资产管理有限公司: CSOP Asset Management Limited,,南方东英资产管理有限公司: CSOP Asset Management Limited,2026-06-04T15:49:24.906256
07515,HK,akshare_eastmoney_company_profile,company_profile,南方东英资产管理有限公司: CSOP Asset Management Limited,,南方东英资产管理有限公司: CSOP Asset Management Limited,2026-06-04T15:49:25.007351
07522,HK,akshare_eastmoney_company_profile,company_profile,华夏基金(香港)有限公司: China Asset Management (Hong Kong) Limited,,华夏基金(香港)有限公司: China Asset Management (Hong Kong) Limited,2026-06-04T15:49:25.107589
07552,HK,akshare_eastmoney_company_profile,company_profile,南方东英资产管理有限公司: CSOP Asset Management Limited,,南方东英资产管理有限公司: CSOP Asset Management Limited,2026-06-04T15:49:25.221760
07568,HK,akshare_eastmoney_company_profile,company_profile,南方东英资产管理有限公司: CSOP Asset Management Limited,,南方东英资产管理有限公司: CSOP Asset Management Limited,2026-06-04T15:49:25.325838
07588,HK,akshare_eastmoney_company_profile,company_profile,南方东英资产管理有限公司: CSOP Asset Management Limited,,南方东英资产管理有限公司: CSOP Asset Management Limited,2026-06-04T15:49:25.426528
07618,HK,akshare_eastmoney_company_profile,company_profile,"京东工业股份有限公司: JINGDONG Industrials, Inc.",,"京东工业股份有限公司: JINGDONG Industrials, Inc.",2026-06-04T15:49:25.513131
07630,HK,akshare_eastmoney_company_profile,company_profile,"南京英派药业股份有限公司: IMPACT Therapeutics, Inc.",,"南京英派药业股份有限公司: IMPACT Therapeutics, Inc.",2026-06-04T15:49:25.606037
07666,HK,akshare_eastmoney_company_profile,company_profile,"剂泰科技(北京)股份有限公司: Metis TechBio Co., Ltd.",,"剂泰科技(北京)股份有限公司: Metis TechBio Co., Ltd.",2026-06-04T15:49:25.840162
07688,HK,akshare_eastmoney_company_profile,company_profile,"上海拓璞数控科技股份有限公司: Shanghai Top Numerical Control Technology Co., Ltd.",,"上海拓璞数控科技股份有限公司: Shanghai Top Numerical Control Technology Co., Ltd.",2026-06-04T15:49:25.930493
07709,HK,akshare_eastmoney_company_profile,company_profile,南方东英资产管理有限公司: CSOP Asset Management Limited,,南方东英资产管理有限公司: CSOP Asset Management Limited,2026-06-04T15:49:26.030578
07711,HK,akshare_eastmoney_company_profile,company_profile,南方东英资产管理有限公司: CSOP Asset Management Limited,,南方东英资产管理有限公司: CSOP Asset Management Limited,2026-06-04T15:49:26.121586
07747,HK,akshare_eastmoney_company_profile,company_profile,南方东英资产管理有限公司: CSOP Asset Management Limited,,南方东英资产管理有限公司: CSOP Asset Management Limited,2026-06-04T15:49:26.307918
07766,HK,akshare_eastmoney_company_profile,company_profile,南方东英资产管理有限公司: CSOP Asset Management Limited,,南方东英资产管理有限公司: CSOP Asset Management Limited,2026-06-04T15:49:26.403616
07777,HK,akshare_eastmoney_company_profile,company_profile,南方东英资产管理有限公司: CSOP Asset Management Limited,,南方东英资产管理有限公司: CSOP Asset Management Limited,2026-06-04T15:49:26.497390
07788,HK,akshare_eastmoney_company_profile,company_profile,南方东英资产管理有限公司: CSOP Asset Management Limited,,南方东英资产管理有限公司: CSOP Asset Management Limited,2026-06-04T15:49:26.587796
07799,HK,akshare_eastmoney_company_profile,company_profile,南方东英资产管理有限公司: CSOP Asset Management Limited,,南方东英资产管理有限公司: CSOP Asset Management Limited,2026-06-04T15:49:26.709418
08001,HK,akshare_eastmoney_company_profile,company_profile,东方汇财证券国际控股有限公司: Orient Securities International Holdings Limited,,东方汇财证券国际控股有限公司: Orient Securities International Holdings Limited,2026-06-04T15:49:26.901179
08003,HK,akshare_eastmoney_company_profile,company_profile,世大控股有限公司: Great World Company Holdings Ltd,,世大控股有限公司: Great World Company Holdings Ltd,2026-06-04T15:49:27.014095
08005,HK,akshare_eastmoney_company_profile,company_profile,裕兴科技投资控股有限公司: Yuxing InfoTech Investment Holdings Limited,,裕兴科技投资控股有限公司: Yuxing InfoTech Investment Holdings Limited,2026-06-04T15:49:27.106273
08006,HK,akshare_eastmoney_company_profile,company_profile,中国华泰瑞银控股有限公司: Sino Splendid Holdings Limited,,中国华泰瑞银控股有限公司: Sino Splendid Holdings Limited,2026-06-04T15:49:27.194276
08007,HK,akshare_eastmoney_company_profile,company_profile,环球战略集团有限公司: Global Strategic Group Limited,,环球战略集团有限公司: Global Strategic Group Limited,2026-06-04T15:49:27.294506
08013,HK,akshare_eastmoney_company_profile,company_profile,ECI Technology Holdings Limited: ECI Technology Holdings Limited,,ECI Technology Holdings Limited: ECI Technology Holdings Limited,2026-06-04T15:49:27.394783
08017,HK,akshare_eastmoney_company_profile,company_profile,捷利交易宝金融科技有限公司: TradeGo FinTech Limited,,捷利交易宝金融科技有限公司: TradeGo FinTech Limited,2026-06-04T15:49:27.511471
08018,HK,akshare_eastmoney_company_profile,company_profile,汇财金融投资控股有限公司: Finsoft Financial Investment Holdings Limited,,汇财金融投资控股有限公司: Finsoft Financial Investment Holdings Limited,2026-06-04T15:49:27.611832
08019,HK,akshare_eastmoney_company_profile,company_profile,皓文控股有限公司: Hao Wen Holdings Limited,,皓文控股有限公司: Hao Wen Holdings Limited,2026-06-04T15:49:28.245623
08020,HK,akshare_eastmoney_company_profile,company_profile,宏海控股集团有限公司: Unitas Holdings Limited,,宏海控股集团有限公司: Unitas Holdings Limited,2026-06-04T15:49:28.420499
08021,HK,akshare_eastmoney_company_profile,company_profile,汇隆控股有限公司: WLS Holdings Ltd.,,汇隆控股有限公司: WLS Holdings Ltd.,2026-06-04T15:49:28.656799
08023,HK,akshare_eastmoney_company_profile,company_profile,邝文记集团有限公司: Kwong Man Kee Group Limited,,邝文记集团有限公司: Kwong Man Kee Group Limited,2026-06-04T15:49:28.750368
08026,HK,akshare_eastmoney_company_profile,company_profile,朗华国际集团有限公司: China Brilliant Global Limited,,朗华国际集团有限公司: China Brilliant Global Limited,2026-06-04T15:49:28.882495
08027,HK,akshare_eastmoney_company_profile,company_profile,吉辉控股有限公司: KPM HOLDING LIMITED,,吉辉控股有限公司: KPM HOLDING LIMITED,2026-06-04T15:49:28.977331
08028,HK,akshare_eastmoney_company_profile,company_profile,天时资源控股有限公司: Timeless Resources Holdings Limited,,天时资源控股有限公司: Timeless Resources Holdings Limited,2026-06-04T15:49:29.081805
08029,HK,akshare_eastmoney_company_profile,company_profile,中投金融科技集团有限公司: China Investment Financial Technology Group Limited,,中投金融科技集团有限公司: China Investment Financial Technology Group Limited,2026-06-04T15:49:29.174016
08030,HK,akshare_eastmoney_company_profile,company_profile,丰银禾控股有限公司: Fengyinhe Holdings Limited,,丰银禾控股有限公司: Fengyinhe Holdings Limited,2026-06-04T15:49:29.265131
08031,HK,akshare_eastmoney_company_profile,company_profile,易通讯集团有限公司: ETS Group Limited,,易通讯集团有限公司: ETS Group Limited,2026-06-04T15:49:29.358664
08033,HK,akshare_eastmoney_company_profile,company_profile,爱达利网络控股有限公司: VODATEL NETWORKS HOLDINGS LIMITED,,爱达利网络控股有限公司: VODATEL NETWORKS HOLDINGS LIMITED,2026-06-04T15:49:29.466999
08035,HK,akshare_eastmoney_company_profile,company_profile,骏高控股有限公司: Janco Holdings Limited,,骏高控股有限公司: Janco Holdings Limited,2026-06-04T15:49:29.562556
08036,HK,akshare_eastmoney_company_profile,company_profile,电子交易集团有限公司: eBROKER GROUP LIMITED,,电子交易集团有限公司: eBROKER GROUP LIMITED,2026-06-04T15:49:29.660563
08037,HK,akshare_eastmoney_company_profile,company_profile,中国生物科技服务控股有限公司: China Biotech Services Holdings Limited,,中国生物科技服务控股有限公司: China Biotech Services Holdings Limited,2026-06-04T15:49:29.752203
08039,HK,akshare_eastmoney_company_profile,company_profile,中国来骑哦新能源集团有限公司: China Come Ride New Energy Group Limited,,中国来骑哦新能源集团有限公司: China Come Ride New Energy Group Limited,2026-06-04T15:49:30.249722
08040,HK,akshare_eastmoney_company_profile,company_profile,快意智能股份有限公司: Coolpoint Innonism Holding Limited,,快意智能股份有限公司: Coolpoint Innonism Holding Limited,2026-06-04T15:49:30.343906
08041,HK,akshare_eastmoney_company_profile,company_profile,中微智码(国际)集团有限公司: IntelliMark AI International Limited,,中微智码(国际)集团有限公司: IntelliMark AI International Limited,2026-06-04T15:49:30.687251
08042,HK,akshare_eastmoney_company_profile,company_profile,高奥士国际人才集团有限公司: KOS International Talent Group Limited,,高奥士国际人才集团有限公司: KOS International Talent Group Limited,2026-06-04T15:49:30.789760
08043,HK,akshare_eastmoney_company_profile,company_profile,ATLINKS GROUP LIMITED: ATLINKS GROUP LIMITED,,ATLINKS GROUP LIMITED: ATLINKS GROUP LIMITED,2026-06-04T15:49:30.887806
08047,HK,akshare_eastmoney_company_profile,company_profile,中国海洋集团发展有限公司: China Ocean Group Development Limited,,中国海洋集团发展有限公司: China Ocean Group Development Limited,2026-06-04T15:49:31.167274
08048,HK,akshare_eastmoney_company_profile,company_profile,御德国际控股有限公司: Yu Tak International Holdings Limited,,御德国际控股有限公司: Yu Tak International Holdings Limited,2026-06-04T15:49:31.516963
08049,HK,akshare_eastmoney_company_profile,company_profile,吉林省辉南长龙生化药业股份有限公司: Jilin Province Huinan Changlong Bio-pharmacy Company Limited,,吉林省辉南长龙生化药业股份有限公司: Jilin Province Huinan Changlong Bio-pharmacy Company Limited,2026-06-04T15:49:31.618450
08050,HK,akshare_eastmoney_company_profile,company_profile,城市酷选有限公司: City Coolxuan Company Limited,,城市酷选有限公司: City Coolxuan Company Limited,2026-06-04T15:49:31.707864
08051,HK,akshare_eastmoney_company_profile,company_profile,讯智海国际控股有限公司: CircuTech International Holdings Limited,,讯智海国际控股有限公司: CircuTech International Holdings Limited,2026-06-04T15:49:31.807276
08052,HK,akshare_eastmoney_company_profile,company_profile,陆庆娱乐集团控股有限公司: LUK HING ENTERTAINMENT GROUP HOLDINGS LIMITED,,陆庆娱乐集团控股有限公司: LUK HING ENTERTAINMENT GROUP HOLDINGS LIMITED,2026-06-04T15:49:31.911964
08056,HK,akshare_eastmoney_company_profile,company_profile,生活概念控股有限公司: Life Concepts Holdings Limited,,生活概念控股有限公司: Life Concepts Holdings Limited,2026-06-04T15:49:32.010732
08057,HK,akshare_eastmoney_company_profile,company_profile,麦迪森控股集团有限公司: Madison Holdings Group Limited,,麦迪森控股集团有限公司: Madison Holdings Group Limited,2026-06-04T15:49:32.102082
08059,HK,akshare_eastmoney_company_profile,company_profile,朝威控股有限公司: Glory Flame Holdings Limited,,朝威控股有限公司: Glory Flame Holdings Limited,2026-06-04T15:49:32.229071
08060,HK,akshare_eastmoney_company_profile,company_profile,国联通信控股有限公司: Global Link Communications Holdings Limited,,国联通信控股有限公司: Global Link Communications Holdings Limited,2026-06-04T15:49:32.328151
08062,HK,akshare_eastmoney_company_profile,company_profile,俊盟国际控股有限公司: EFT Solutions Holdings Limited,,俊盟国际控股有限公司: EFT Solutions Holdings Limited,2026-06-04T15:49:32.432303
08063,HK,akshare_eastmoney_company_profile,company_profile,环球大通集团有限公司: Global Mastermind Holdings Limited,,环球大通集团有限公司: Global Mastermind Holdings Limited,2026-06-04T15:49:32.540546
08065,HK,akshare_eastmoney_company_profile,company_profile,高萌科技集团有限公司: KML Technology Group Limited,,高萌科技集团有限公司: KML Technology Group Limited,2026-06-04T15:49:32.680703
08066,HK,akshare_eastmoney_company_profile,company_profile,品创控股有限公司: Phoenitron Holdings Limited,,品创控股有限公司: Phoenitron Holdings Limited,2026-06-04T15:49:32.778478
08067,HK,akshare_eastmoney_company_profile,company_profile,东方大学城控股(香港)有限公司: Oriental University City Holdings (H.K.) Limited,,东方大学城控股(香港)有限公司: Oriental University City Holdings (H.K.) Limited,2026-06-04T15:49:32.872253
08069,HK,akshare_eastmoney_company_profile,company_profile,飞道旅游科技有限公司: Flydoo Technology Holding Limited,,飞道旅游科技有限公司: Flydoo Technology Holding Limited,2026-06-04T15:49:32.964819
08070,HK,akshare_eastmoney_company_profile,company_profile,侨洋国际控股有限公司: KEEN OCEAN INTERNATIONAL HOLDING LIMITED,,侨洋国际控股有限公司: KEEN OCEAN INTERNATIONAL HOLDING LIMITED,2026-06-04T15:49:33.072133
08071,HK,akshare_eastmoney_company_profile,company_profile,中彩网通控股有限公司: China Netcom Technology Holdings Limited,,中彩网通控股有限公司: China Netcom Technology Holdings Limited,2026-06-04T15:49:33.166715
08072,HK,akshare_eastmoney_company_profile,company_profile,兰谷股份: Langu Company Limited,,兰谷股份: Langu Company Limited,2026-06-04T15:49:33.297635
08073,HK,akshare_eastmoney_company_profile,company_profile,中国水发兴业新材料控股有限公司: China Shuifa Singyes New Materials Holdings Limited,,中国水发兴业新材料控股有限公司: China Shuifa Singyes New Materials Holdings Limited,2026-06-04T15:49:33.390902
08076,HK,akshare_eastmoney_company_profile,company_profile,新利软件(集团)股份有限公司: Sing Lee Software (Group) Limited,,新利软件(集团)股份有限公司: Sing Lee Software (Group) Limited,2026-06-04T15:49:33.494236
08079,HK,akshare_eastmoney_company_profile,company_profile,仍志集团控股有限公司: Wisdomcome Group Holdings Limited,,仍志集团控股有限公司: Wisdomcome Group Holdings Limited,2026-06-04T15:49:33.596250
08080,HK,akshare_eastmoney_company_profile,company_profile,北亚策略控股有限公司: North Asia Strategic Holdings Limited,,北亚策略控股有限公司: North Asia Strategic Holdings Limited,2026-06-04T15:49:33.782011
08081,HK,akshare_eastmoney_company_profile,company_profile,白居易控股集团有限公司: Baijuyi Holdings Group Limited,,白居易控股集团有限公司: Baijuyi Holdings Group Limited,2026-06-04T15:49:33.880157
08082,HK,akshare_eastmoney_company_profile,company_profile,擎华控股集团有限公司: Qing Hua Holding Group Company Limited,,擎华控股集团有限公司: Qing Hua Holding Group Company Limited,2026-06-04T15:49:33.969034
08087,HK,akshare_eastmoney_company_profile,company_profile,中国三三传媒集团有限公司: CHINA 33 MEDIA GROUP LIMITED,,中国三三传媒集团有限公司: CHINA 33 MEDIA GROUP LIMITED,2026-06-04T15:49:34.088321
08091,HK,akshare_eastmoney_company_profile,company_profile,奥传思维控股有限公司: OOH Holdings Limited,,奥传思维控股有限公司: OOH Holdings Limited,2026-06-04T15:49:34.186477
08092,HK,akshare_eastmoney_company_profile,company_profile,ITE (Holdings) Limited: ITE (Holdings) Limited,,ITE (Holdings) Limited: ITE (Holdings) Limited,2026-06-04T15:49:34.492632
08093,HK,akshare_eastmoney_company_profile,company_profile,瓦普思瑞元宇宙有限公司: Web3 Meta Limited,,瓦普思瑞元宇宙有限公司: Web3 Meta Limited,2026-06-04T15:49:34.587980
08095,HK,akshare_eastmoney_company_profile,company_profile,北京北大青鸟环宇科技股份有限公司: Beijing Beida Jade Bird Universal Sci-Tech Co. Ltd.,,北京北大青鸟环宇科技股份有限公司: Beijing Beida Jade Bird Universal Sci-Tech Co. Ltd.,2026-06-04T15:49:34.681202
08096,HK,akshare_eastmoney_company_profile,company_profile,赏之味控股有限公司: Tasty Concepts Holding Limited,,赏之味控股有限公司: Tasty Concepts Holding Limited,2026-06-04T15:49:34.777088
08098,HK,akshare_eastmoney_company_profile,company_profile,昌利(控股)有限公司: CL GROUP (HOLDINGS) LIMITED,,昌利(控股)有限公司: CL GROUP (HOLDINGS) LIMITED,2026-06-04T15:49:34.910420
08100,HK,akshare_eastmoney_company_profile,company_profile,名科国际控股有限公司: Famous Tech International Holdings Limited,,名科国际控股有限公司: Famous Tech International Holdings Limited,2026-06-04T15:49:35.006028
08103,HK,akshare_eastmoney_company_profile,company_profile,hmvod视频有限公司: hmvod Limited,,hmvod视频有限公司: hmvod Limited,2026-06-04T15:49:35.312749
08106,HK,akshare_eastmoney_company_profile,company_profile,"浙江芯化兰德科技股份有限公司: Xinhua Lande Scitech Co., Limited",,"浙江芯化兰德科技股份有限公司: Xinhua Lande Scitech Co., Limited",2026-06-04T15:49:35.414210
08107,HK,akshare_eastmoney_company_profile,company_profile,细叶榕科技控股有限公司: Ficus Technology Holdings Limited,,细叶榕科技控股有限公司: Ficus Technology Holdings Limited,2026-06-04T15:49:35.719903
08111,HK,akshare_eastmoney_company_profile,company_profile,中国科技产业集团有限公司: China Technology Industry Group Limited,,中国科技产业集团有限公司: China Technology Industry Group Limited,2026-06-04T15:49:35.823202
08112,HK,akshare_eastmoney_company_profile,company_profile,基石金融控股有限公司: Cornerstone Financial Holdings Limited,,基石金融控股有限公司: Cornerstone Financial Holdings Limited,2026-06-04T15:49:35.925477
08113,HK,akshare_eastmoney_company_profile,company_profile,时腾科技控股有限公司: V&V Technology Holdings Limited,,时腾科技控股有限公司: V&V Technology Holdings Limited,2026-06-04T15:49:36.027483
08115,HK,akshare_eastmoney_company_profile,company_profile,"清大东方集团股份有限公司: QINGDA ORIENTAL GROUP CO ., LTD .",,"清大东方集团股份有限公司: QINGDA ORIENTAL GROUP CO ., LTD .",2026-06-04T15:49:36.123257
08117,HK,akshare_eastmoney_company_profile,company_profile,中国基础能源控股有限公司: China Primary Energy Holdings Limited,,中国基础能源控股有限公司: China Primary Energy Holdings Limited,2026-06-04T15:49:36.278900
08118,HK,akshare_eastmoney_company_profile,company_profile,中资国际控股有限公司: Zhongzi International Holdings Limited,,中资国际控股有限公司: Zhongzi International Holdings Limited,2026-06-04T15:49:36.379032
08120,HK,akshare_eastmoney_company_profile,company_profile,国农金融投资有限公司: China Demeter Financial Investments Limited,,国农金融投资有限公司: China Demeter Financial Investments Limited,2026-06-04T15:49:36.618912
08121,HK,akshare_eastmoney_company_profile,company_profile,国恩控股有限公司: Guoen Holdings Limited,,国恩控股有限公司: Guoen Holdings Limited,2026-06-04T15:49:36.702691
08123,HK,akshare_eastmoney_company_profile,company_profile,华亿金控集团有限公司: Sinofortune Financial Holdings Limited,,华亿金控集团有限公司: Sinofortune Financial Holdings Limited,2026-06-04T15:49:36.916351
08125,HK,akshare_eastmoney_company_profile,company_profile,中新控股有限公司: China New Holdings Limited,,中新控股有限公司: China New Holdings Limited,2026-06-04T15:49:37.019933
08126,HK,akshare_eastmoney_company_profile,company_profile,G.A.控股有限公司: G.A. Holdings Limited,,G.A.控股有限公司: G.A. Holdings Limited,2026-06-04T15:49:37.174463
08128,HK,akshare_eastmoney_company_profile,company_profile,中国恒有源发展集团有限公司: CHYY DEVELOPMENT GROUP LIMITED,,中国恒有源发展集团有限公司: CHYY DEVELOPMENT GROUP LIMITED,2026-06-04T15:49:37.261376
08130,HK,akshare_eastmoney_company_profile,company_profile,大地国际集团有限公司: Dadi International Group Limited,,大地国际集团有限公司: Dadi International Group Limited,2026-06-04T15:49:37.354373
08131,HK,akshare_eastmoney_company_profile,company_profile,辰罡科技有限公司: abc Multiactive Limited,,辰罡科技有限公司: abc Multiactive Limited,2026-06-04T15:49:37.444074
08132,HK,akshare_eastmoney_company_profile,company_profile,百能国际能源控股有限公司: Century Energy International Holdings Limited,,百能国际能源控股有限公司: Century Energy International Holdings Limited,2026-06-04T15:49:37.541848
08133,HK,akshare_eastmoney_company_profile,company_profile,吉盛集团控股有限公司: Jisheng Group Holdings Limited,,吉盛集团控股有限公司: Jisheng Group Holdings Limited,2026-06-04T15:49:37.642946
08136,HK,akshare_eastmoney_company_profile,company_profile,英马斯集团控股有限公司: IMS Group Holdings Limited,,英马斯集团控股有限公司: IMS Group Holdings Limited,2026-06-04T15:49:37.739683
08137,HK,akshare_eastmoney_company_profile,company_profile,洪桥集团有限公司: Honbridge Holdings Limited,,洪桥集团有限公司: Honbridge Holdings Limited,2026-06-04T15:49:37.858060
08139,HK,akshare_eastmoney_company_profile,company_profile,"浙江长安仁恒科技股份有限公司: Zhejiang Chang'an Renheng Technology Co.,Ltd.",,"浙江长安仁恒科技股份有限公司: Zhejiang Chang'an Renheng Technology Co.,Ltd.",2026-06-04T15:49:37.958863
08140,HK,akshare_eastmoney_company_profile,company_profile,人和科技控股有限公司: BOSA TECHNOLOGY HOLDINGS LIMITED,,人和科技控股有限公司: BOSA TECHNOLOGY HOLDINGS LIMITED,2026-06-04T15:49:38.047681
08143,HK,akshare_eastmoney_company_profile,company_profile,金威医疗集团有限公司: Good Fellow Healthcare Holdings Limited,,金威医疗集团有限公司: Good Fellow Healthcare Holdings Limited,2026-06-04T15:49:38.245951
08146,HK,akshare_eastmoney_company_profile,company_profile,怡园酒业控股有限公司: Grace Wine Holdings Limited,,怡园酒业控股有限公司: Grace Wine Holdings Limited,2026-06-04T15:49:38.330805
08147,HK,akshare_eastmoney_company_profile,company_profile,汇思太平洋集团控股有限公司: Millennium Pacific Group Holdings Limited,,汇思太平洋集团控股有限公司: Millennium Pacific Group Holdings Limited,2026-06-04T15:49:38.428412
08148,HK,akshare_eastmoney_company_profile,company_profile,悟喜生活国际控股集团有限公司: Wuxi Life International Holdings Group Limited,,悟喜生活国际控股集团有限公司: Wuxi Life International Holdings Group Limited,2026-06-04T15:49:38.523767
08149,HK,akshare_eastmoney_company_profile,company_profile,浩德控股有限公司: Altus Holdings Limited,,浩德控股有限公司: Altus Holdings Limited,2026-06-04T15:49:38.705705
08152,HK,akshare_eastmoney_company_profile,company_profile,明梁控股集团有限公司: M&L HOLDINGS GROUP LIMITED,,明梁控股集团有限公司: M&L HOLDINGS GROUP LIMITED,2026-06-04T15:49:38.806770
08153,HK,akshare_eastmoney_company_profile,company_profile,嘉鼎国际集团控股有限公司: Jiading International Group Holdings Limited,,嘉鼎国际集团控股有限公司: Jiading International Group Holdings Limited,2026-06-04T15:49:38.900874
08156,HK,akshare_eastmoney_company_profile,company_profile,国药科技股份有限公司: Sinopharm Tech Holdings Limited,,国药科技股份有限公司: Sinopharm Tech Holdings Limited,2026-06-04T15:49:38.999526
08158,HK,akshare_eastmoney_company_profile,company_profile,中国再生医学国际有限公司: China Regenerative Medicine International Limited,,中国再生医学国际有限公司: China Regenerative Medicine International Limited,2026-06-04T15:49:39.105861
08159,HK,akshare_eastmoney_company_profile,company_profile,新华联合投资有限公司: China United Venture Investment Limited,,新华联合投资有限公司: China United Venture Investment Limited,2026-06-04T15:49:39.490773
08160,HK,akshare_eastmoney_company_profile,company_profile,金汇教育集团有限公司: Goldway Education Group Limited,,金汇教育集团有限公司: Goldway Education Group Limited,2026-06-04T15:49:39.585064
08161,HK,akshare_eastmoney_company_profile,company_profile,医汇集团有限公司: MediNet Group Limited,,医汇集团有限公司: MediNet Group Limited,2026-06-04T15:49:39.718421
08162,HK,akshare_eastmoney_company_profile,company_profile,港银控股有限公司: LOCO HONG KONG HOLDINGS LIMITED,,港银控股有限公司: LOCO HONG KONG HOLDINGS LIMITED,2026-06-04T15:49:39.815262
08163,HK,akshare_eastmoney_company_profile,company_profile,声扬集团有限公司: NOIZ Group Limited,,声扬集团有限公司: NOIZ Group Limited,2026-06-04T15:49:39.916673
08168,HK,akshare_eastmoney_company_profile,company_profile,宝积资本控股有限公司: Amasse Capital Holdings Limited,,宝积资本控股有限公司: Amasse Capital Holdings Limited,2026-06-04T15:49:40.014860
08169,HK,akshare_eastmoney_company_profile,company_profile,环康集团有限公司: Eco-Tek Holdings Ltd.,,环康集团有限公司: Eco-Tek Holdings Ltd.,2026-06-04T15:49:40.119304
08172,HK,akshare_eastmoney_company_profile,company_profile,拉近网娱集团有限公司: Lajin Entertainment Network Group Limited,,拉近网娱集团有限公司: Lajin Entertainment Network Group Limited,2026-06-04T15:49:40.222996
08173,HK,akshare_eastmoney_company_profile,company_profile,客思控股有限公司: Hephaestus Holdings Limited,,客思控股有限公司: Hephaestus Holdings Limited,2026-06-04T15:49:40.364234
08176,HK,akshare_eastmoney_company_profile,company_profile,超人智能控股有限公司: SuperRobotics Holdings Limited,,超人智能控股有限公司: SuperRobotics Holdings Limited,2026-06-04T15:49:40.464389
08178,HK,akshare_eastmoney_company_profile,company_profile,中国信息科技发展有限公司: China Information Technology Development Limited,,中国信息科技发展有限公司: China Information Technology Development Limited,2026-06-04T15:49:40.565294
08179,HK,akshare_eastmoney_company_profile,company_profile,百利达集团控股有限公司: Palinda Group Holdings Limited,,百利达集团控股有限公司: Palinda Group Holdings Limited,2026-06-04T15:49:40.750941
08181,HK,akshare_eastmoney_company_profile,company_profile,港深智能管理集团(控股)有限公司: Kong Shum Smart Management Group (Holdings) Limited,,港深智能管理集团(控股)有限公司: Kong Shum Smart Management Group (Holdings) Limited,2026-06-04T15:49:40.846512
08186,HK,akshare_eastmoney_company_profile,company_profile,曼妠有限公司: Almana Limited,,曼妠有限公司: Almana Limited,2026-06-04T15:49:40.938833
08187,HK,akshare_eastmoney_company_profile,company_profile,积木集团有限公司: Jimu Group Limited,,积木集团有限公司: Jimu Group Limited,2026-06-04T15:49:41.040171
08188,HK,akshare_eastmoney_company_profile,company_profile,骏杰集团控股有限公司: GME Group Holdings Limited,,骏杰集团控股有限公司: GME Group Holdings Limited,2026-06-04T15:49:41.140641
08189,HK,akshare_eastmoney_company_profile,company_profile,天津泰达生物医学工程股份有限公司: Tianjin TEDA Biomedical Engineering Company Limited,,天津泰达生物医学工程股份有限公司: Tianjin TEDA Biomedical Engineering Company Limited,2026-06-04T15:49:41.298055
08191,HK,akshare_eastmoney_company_profile,company_profile,鸿伟(亚洲)控股有限公司: Hong Wei (Asia) Holdings Company Limited,,鸿伟(亚洲)控股有限公司: Hong Wei (Asia) Holdings Company Limited,2026-06-04T15:49:41.392094
08193,HK,akshare_eastmoney_company_profile,company_profile,亚太金融投资有限公司: Asia-Pac Financial Investment Company Limited,,亚太金融投资有限公司: Asia-Pac Financial Investment Company Limited,2026-06-04T15:49:41.490223
08195,HK,akshare_eastmoney_company_profile,company_profile,传承教育集团有限公司: Legendary Education Group Limited,,传承教育集团有限公司: Legendary Education Group Limited,2026-06-04T15:49:41.586732
08196,HK,akshare_eastmoney_company_profile,company_profile,福田股份有限公司: Futian Holdings Limited,,福田股份有限公司: Futian Holdings Limited,2026-06-04T15:49:41.687589
08198,HK,akshare_eastmoney_company_profile,company_profile,加幂科技有限公司: Crypto Flow Technology Limited,,加幂科技有限公司: Crypto Flow Technology Limited,2026-06-04T15:49:41.786682
08200,HK,akshare_eastmoney_company_profile,company_profile,修身堂控股有限公司: Sau San Tong Holdings Limited,,修身堂控股有限公司: Sau San Tong Holdings Limited,2026-06-04T15:49:41.881762
08201,HK,akshare_eastmoney_company_profile,company_profile,宝联控股有限公司: PPS International (Holdings) Limited,,宝联控股有限公司: PPS International (Holdings) Limited,2026-06-04T15:49:41.973093
08203,HK,akshare_eastmoney_company_profile,company_profile,凯顺控股有限公司: Kaisun Holdings Limited,,凯顺控股有限公司: Kaisun Holdings Limited,2026-06-04T15:49:42.116617
08205,HK,akshare_eastmoney_company_profile,company_profile,上海交大慧谷信息产业股份有限公司: SHANGHAI JIAODA WITHUB INFORMATION INDUSTRIAL COMPANY LIMITED,,上海交大慧谷信息产业股份有限公司: SHANGHAI JIAODA WITHUB INFORMATION INDUSTRIAL COMPANY LIMITED,2026-06-04T15:49:42.236551
08206,HK,akshare_eastmoney_company_profile,company_profile,神通机器人教育集团有限公司: Shentong Robot Education Group Company Limited,,神通机器人教育集团有限公司: Shentong Robot Education Group Company Limited,2026-06-04T15:49:42.553954
08208,HK,akshare_eastmoney_company_profile,company_profile,永通万国集团控股有限公司: Radiance Global Group Holdings Limited,,永通万国集团控股有限公司: Radiance Global Group Holdings Limited,2026-06-04T15:49:42.647476
08210,HK,akshare_eastmoney_company_profile,company_profile,衍汇亚洲有限公司: DLC Asia Limited,,衍汇亚洲有限公司: DLC Asia Limited,2026-06-04T15:49:42.748936
08211,HK,akshare_eastmoney_company_profile,company_profile,"浙江永安融通控股股份有限公司: Zhejiang Yongan Rongtong Holdings Co., Ltd.",,"浙江永安融通控股股份有限公司: Zhejiang Yongan Rongtong Holdings Co., Ltd.",2026-06-04T15:49:42.870048
08213,HK,akshare_eastmoney_company_profile,company_profile,荣晖控股有限公司: StarGlory Holdings Company Limited,,荣晖控股有限公司: StarGlory Holdings Company Limited,2026-06-04T15:49:42.972880
08217,HK,akshare_eastmoney_company_profile,company_profile,"菊福堂生物控股有限公司: Ju Fu Tang Biotech Holdings Co., Ltd",,"菊福堂生物控股有限公司: Ju Fu Tang Biotech Holdings Co., Ltd",2026-06-04T15:49:43.084085
08218,HK,akshare_eastmoney_company_profile,company_profile,毅高(国际)控股集团有限公司: Echo International Holdings Group Limited,,毅高(国际)控股集团有限公司: Echo International Holdings Group Limited,2026-06-04T15:49:43.299809
08219,HK,akshare_eastmoney_company_profile,company_profile,恒伟集团控股有限公司: HANVEY GROUP HOLDINGS LIMITED,,恒伟集团控股有限公司: HANVEY GROUP HOLDINGS LIMITED,2026-06-04T15:49:43.392328
08220,HK,akshare_eastmoney_company_profile,company_profile,比高集团控股有限公司: Bingo Group Holdings Limited,,比高集团控股有限公司: Bingo Group Holdings Limited,2026-06-04T15:49:43.489940
08221,HK,akshare_eastmoney_company_profile,company_profile,高裕金融集团有限公司: Gaoyu Finance Group Limited,,高裕金融集团有限公司: Gaoyu Finance Group Limited,2026-06-04T15:49:43.573836
08222,HK,akshare_eastmoney_company_profile,company_profile,壹照明集团控股有限公司: E Lighting Group Holdings Limited,,壹照明集团控股有限公司: E Lighting Group Holdings Limited,2026-06-04T15:49:43.667047
08223,HK,akshare_eastmoney_company_profile,company_profile,紫元元控股集团有限公司: ZIYUANYUAN HOLDINGS GROUP LIMITED,,紫元元控股集团有限公司: ZIYUANYUAN HOLDINGS GROUP LIMITED,2026-06-04T15:49:43.802429
08225,HK,akshare_eastmoney_company_profile,company_profile,中国医疗集团有限公司: China Health Group Inc.,,中国医疗集团有限公司: China Health Group Inc.,2026-06-04T15:49:43.888451
08226,HK,akshare_eastmoney_company_profile,company_profile,树熊金融集团有限公司: KOALA Financial Group Limited,,树熊金融集团有限公司: KOALA Financial Group Limited,2026-06-04T15:49:44.066626
08227,HK,akshare_eastmoney_company_profile,company_profile,"西安海天天线科技股份有限公司: Xi’an Haitian Antenna Technologies Co., Ltd.",,"西安海天天线科技股份有限公司: Xi’an Haitian Antenna Technologies Co., Ltd.",2026-06-04T15:49:44.182322
08229,HK,akshare_eastmoney_company_profile,company_profile,未来数据集团有限公司: Future Data Group Limited,,未来数据集团有限公司: Future Data Group Limited,2026-06-04T15:49:44.276582
08232,HK,akshare_eastmoney_company_profile,company_profile,一木集团(控股)有限公司: THAC Group (Holdings) Limited,,一木集团(控股)有限公司: THAC Group (Holdings) Limited,2026-06-04T15:49:44.371852
08237,HK,akshare_eastmoney_company_profile,company_profile,华星控股有限公司: Link Holdings Limited,,华星控股有限公司: Link Holdings Limited,2026-06-04T15:49:44.470229
08238,HK,akshare_eastmoney_company_profile,company_profile,惠陶集团(控股)有限公司: WINTO GROUP (HOLDINGS) LIMITED,,惠陶集团(控股)有限公司: WINTO GROUP (HOLDINGS) LIMITED,2026-06-04T15:49:44.692297
08239,HK,akshare_eastmoney_company_profile,company_profile,首都金融控股有限公司: Capital Finance Holdings Limited,,首都金融控股有限公司: Capital Finance Holdings Limited,2026-06-04T15:49:44.785447
08241,HK,akshare_eastmoney_company_profile,company_profile,英记茶庄集团有限公司: YING KEE TEA HOUSE GROUP LIMITED,,英记茶庄集团有限公司: YING KEE TEA HOUSE GROUP LIMITED,2026-06-04T15:49:44.898688
08245,HK,akshare_eastmoney_company_profile,company_profile,烽翼集团有限公司: Canopy SkyFire Group Limited,,烽翼集团有限公司: Canopy SkyFire Group Limited,2026-06-04T15:49:44.989470
08246,HK,akshare_eastmoney_company_profile,company_profile,中华燃气控股有限公司: Zhonghua Gas Holdings Limited,,中华燃气控股有限公司: Zhonghua Gas Holdings Limited,2026-06-04T15:49:45.086370
08247,HK,akshare_eastmoney_company_profile,company_profile,中生北控生物科技股份有限公司: Biosino Bio-Technology and Science Incorporation,,中生北控生物科技股份有限公司: Biosino Bio-Technology and Science Incorporation,2026-06-04T15:49:45.181991
08249,HK,akshare_eastmoney_company_profile,company_profile,浙江瑞远智控科技股份有限公司: Zhejiang Rui Yuan Intelligent Control Technology Company Limited,,浙江瑞远智控科技股份有限公司: Zhejiang Rui Yuan Intelligent Control Technology Company Limited,2026-06-04T15:49:45.278875
08250,HK,akshare_eastmoney_company_profile,company_profile,都都控股有限公司: Du Du Holdings Limited,,都都控股有限公司: Du Du Holdings Limited,2026-06-04T15:49:45.458983
08262,HK,akshare_eastmoney_company_profile,company_profile,宏强控股有限公司: Super Strong Holdings Limited,,宏强控股有限公司: Super Strong Holdings Limited,2026-06-04T15:49:45.624426
08267,HK,akshare_eastmoney_company_profile,company_profile,"蓝港互动集团有限公司: Linekong Interactive Group Co., Ltd.",,"蓝港互动集团有限公司: Linekong Interactive Group Co., Ltd.",2026-06-04T15:49:45.723492
08268,HK,akshare_eastmoney_company_profile,company_profile,智城发展控股有限公司: Smart City Development Holdings Limited,,智城发展控股有限公司: Smart City Development Holdings Limited,2026-06-04T15:49:45.824570
08269,HK,akshare_eastmoney_company_profile,company_profile,倍升教育科技有限公司: Go Up Education Technology Limited,,倍升教育科技有限公司: Go Up Education Technology Limited,2026-06-04T15:49:45.961592
08270,HK,akshare_eastmoney_company_profile,company_profile,中国煤层气集团有限公司: China CBM Group Company Limited,,中国煤层气集团有限公司: China CBM Group Company Limited,2026-06-04T15:49:46.052164
08271,HK,akshare_eastmoney_company_profile,company_profile,环球数码创意控股有限公司: Global Digital Creations Holdings Limited,,环球数码创意控股有限公司: Global Digital Creations Holdings Limited,2026-06-04T15:49:46.150756
08275,HK,akshare_eastmoney_company_profile,company_profile,中国新消费集团有限公司: China New Consumption Group Limited,,中国新消费集团有限公司: China New Consumption Group Limited,2026-06-04T15:49:46.241265
08276,HK,research_error,research_error,'NoneType' object is not subscriptable,,,2026-06-04T15:49:46.428218
08277,HK,akshare_eastmoney_company_profile,company_profile,骏东(控股)有限公司: STEED ORIENTAL (HOLDINGS) COMPANY LIMITED,,骏东(控股)有限公司: STEED ORIENTAL (HOLDINGS) COMPANY LIMITED,2026-06-04T15:49:46.429277
08279,HK,akshare_eastmoney_company_profile,company_profile,亚博科技控股有限公司: AGTech Holdings Limited,,亚博科技控股有限公司: AGTech Holdings Limited,2026-06-04T15:49:46.782859
08280,HK,akshare_eastmoney_company_profile,company_profile,中国数字视频控股有限公司: China Digital Video Holdings Limited,,中国数字视频控股有限公司: China Digital Video Holdings Limited,2026-06-04T15:49:46.894351
08281,HK,akshare_eastmoney_company_profile,company_profile,中国金典集团有限公司: China Golden Classic Group Limited,,中国金典集团有限公司: China Golden Classic Group Limited,2026-06-04T15:49:46.995153
08282,HK,akshare_eastmoney_company_profile,company_profile,智傲控股有限公司: Gameone Holdings Limited,,智傲控股有限公司: Gameone Holdings Limited,2026-06-04T15:49:47.088417
08283,HK,akshare_eastmoney_company_profile,company_profile,中食民安控股有限公司: Zhongshi Minan Holdings Limited,,中食民安控股有限公司: Zhongshi Minan Holdings Limited,2026-06-04T15:49:47.180486
08285,HK,akshare_eastmoney_company_profile,company_profile,森浩集团股份有限公司: Sling Group Holdings Limited,,森浩集团股份有限公司: Sling Group Holdings Limited,2026-06-04T15:49:47.272177
08286,HK,akshare_eastmoney_company_profile,company_profile,山西长城微光器材股份有限公司: Shanxi Changcheng Microlight Equipment Co. Limited,,山西长城微光器材股份有限公司: Shanxi Changcheng Microlight Equipment Co. Limited,2026-06-04T15:49:47.420489
08290,HK,akshare_eastmoney_company_profile,company_profile,亚势备份软件开发有限公司: Ahsay Backup Software Development Company Limited,,亚势备份软件开发有限公司: Ahsay Backup Software Development Company Limited,2026-06-04T15:49:47.553371
08291,HK,akshare_eastmoney_company_profile,company_profile,港娱国际控股有限公司: Hong Kong Entertainment International Holdings Limited,,港娱国际控股有限公司: Hong Kong Entertainment International Holdings Limited,2026-06-04T15:49:47.656377
08292,HK,akshare_eastmoney_company_profile,company_profile,VSING Limited: VSING Limited,,VSING Limited: VSING Limited,2026-06-04T15:49:47.750817
08293,HK,akshare_eastmoney_company_profile,company_profile,星亚控股有限公司: SINGASIA HOLDINGS LIMITED,,星亚控股有限公司: SINGASIA HOLDINGS LIMITED,2026-06-04T15:49:47.846930
08295,HK,akshare_eastmoney_company_profile,company_profile,金慧科技集团股份有限公司: Kingwisoft Technology Group Company Limited,,金慧科技集团股份有限公司: Kingwisoft Technology Group Company Limited,2026-06-04T15:49:47.949677
08296,HK,akshare_eastmoney_company_profile,company_profile,中国生命集团有限公司: SINO-LIFE GROUP LIMITED,,中国生命集团有限公司: SINO-LIFE GROUP LIMITED,2026-06-04T15:49:48.044697
08297,HK,akshare_eastmoney_company_profile,company_profile,海纳星空科技集团有限公司: Ocean Star Technology Group Limited,,海纳星空科技集团有限公司: Ocean Star Technology Group Limited,2026-06-04T15:49:48.142359
08299,HK,akshare_eastmoney_company_profile,company_profile,大唐黄金控股有限公司: GT Gold Holdings Limited,,大唐黄金控股有限公司: GT Gold Holdings Limited,2026-06-04T15:49:48.243425
08300,HK,akshare_eastmoney_company_profile,company_profile,今米房集团控股有限公司: JIN MI FANG GROUP HOLDINGS LIMITED,,今米房集团控股有限公司: JIN MI FANG GROUP HOLDINGS LIMITED,2026-06-04T15:49:48.336655
08305,HK,akshare_eastmoney_company_profile,company_profile,圣唐控股有限公司: Sheng Tang Holdings Limited,,圣唐控股有限公司: Sheng Tang Holdings Limited,2026-06-04T15:49:48.441175
08307,HK,akshare_eastmoney_company_profile,company_profile,密迪斯肌控股有限公司: MEDICSKIN HOLDINGS LIMITED,,密迪斯肌控股有限公司: MEDICSKIN HOLDINGS LIMITED,2026-06-04T15:49:48.543381
08308,HK,akshare_eastmoney_company_profile,company_profile,古兜控股有限公司: GUDOU HOLDINGS LIMITED,,古兜控股有限公司: GUDOU HOLDINGS LIMITED,2026-06-04T15:49:48.648933
08309,HK,akshare_eastmoney_company_profile,company_profile,万成环球控股有限公司: Man Shing Global Holdings Limited,,万成环球控股有限公司: Man Shing Global Holdings Limited,2026-06-04T15:49:48.754296
08310,HK,akshare_eastmoney_company_profile,company_profile,"盐城港国际股份有限公司: Yancheng Port International Co., Limited",,"盐城港国际股份有限公司: Yancheng Port International Co., Limited",2026-06-04T15:49:48.849123
08311,HK,akshare_eastmoney_company_profile,company_profile,圆美光电有限公司: Perfect Optronics Limited,,圆美光电有限公司: Perfect Optronics Limited,2026-06-04T15:49:49.078797
08313,HK,akshare_eastmoney_company_profile,company_profile,杰地集团有限公司: ZACD GROUP LTD.,,杰地集团有限公司: ZACD GROUP LTD.,2026-06-04T15:49:49.177493
08315,HK,akshare_eastmoney_company_profile,company_profile,新都酒店集团: Century Plaza Hotel Group,,新都酒店集团: Century Plaza Hotel Group,2026-06-04T15:49:49.278990
08316,HK,akshare_eastmoney_company_profile,company_profile,中国红包控股有限公司: China Hongbao Holdings Limited,,中国红包控股有限公司: China Hongbao Holdings Limited,2026-06-04T15:49:49.375138
08317,HK,akshare_eastmoney_company_profile,company_profile,财华社集团有限公司: FINET GROUP LIMITED,,财华社集团有限公司: FINET GROUP LIMITED,2026-06-04T15:49:49.553143
08319,HK,akshare_eastmoney_company_profile,company_profile,思博系统控股有限公司: EXPERT SYSTEMS HOLDINGS LIMITED,,思博系统控股有限公司: EXPERT SYSTEMS HOLDINGS LIMITED,2026-06-04T15:49:49.657820
08320,HK,akshare_eastmoney_company_profile,company_profile,沛然环保顾问有限公司: ALLIED SUSTAINABILITY AND ENVIRONMENTAL CONSULTANTS GROUP LIMITED,,沛然环保顾问有限公司: ALLIED SUSTAINABILITY AND ENVIRONMENTAL CONSULTANTS GROUP LIMITED,2026-06-04T15:49:49.754724
08321,HK,akshare_eastmoney_company_profile,company_profile,泰锦控股有限公司: Tai Kam Holdings Limited,,泰锦控股有限公司: Tai Kam Holdings Limited,2026-06-04T15:49:49.851861
08326,HK,akshare_eastmoney_company_profile,company_profile,同景新能源集团控股有限公司: Tonking New Energy Group Holdings Limited,,同景新能源集团控股有限公司: Tonking New Energy Group Holdings Limited,2026-06-04T15:49:49.954817
08328,HK,akshare_eastmoney_company_profile,company_profile,信义储电控股有限公司: Xinyi Electric Storage Holdings Limited,,信义储电控股有限公司: Xinyi Electric Storage Holdings Limited,2026-06-04T15:49:50.079684
08329,HK,akshare_eastmoney_company_profile,company_profile,深圳市海王英特龙生物技术股份有限公司: SHENZHEN NEPTUNUS INTERLONG BIO-TECHNIQUE COMPANY LIMITED,,深圳市海王英特龙生物技术股份有限公司: SHENZHEN NEPTUNUS INTERLONG BIO-TECHNIQUE COMPANY LIMITED,2026-06-04T15:49:50.174811
08331,HK,akshare_eastmoney_company_profile,company_profile,倍搏集团有限公司: P.B. Group Limited,,倍搏集团有限公司: P.B. Group Limited,2026-06-04T15:49:50.286236
08333,HK,akshare_eastmoney_company_profile,company_profile,阿仕特朗金融控股有限公司: Astrum Financial Holdings Limited,,阿仕特朗金融控股有限公司: Astrum Financial Holdings Limited,2026-06-04T15:49:50.389124
08337,HK,akshare_eastmoney_company_profile,company_profile,直通电讯控股有限公司: DIRECTEL HOLDINGS LIMITED,,直通电讯控股有限公司: DIRECTEL HOLDINGS LIMITED,2026-06-04T15:49:50.489140
08340,HK,akshare_eastmoney_company_profile,company_profile,紫荆国际金融控股有限公司: Zijing International Financial Holdings Limited,,紫荆国际金融控股有限公司: Zijing International Financial Holdings Limited,2026-06-04T15:49:50.591807
08341,HK,akshare_eastmoney_company_profile,company_profile,艾硕控股有限公司: AESO HOLDING LIMITED,,艾硕控股有限公司: AESO HOLDING LIMITED,2026-06-04T15:49:50.697925
08347,HK,akshare_eastmoney_company_profile,company_profile,F8企业(控股)集团有限公司: F8 ENTERPRISES (HOLDINGS) GROUP LIMITED,,F8企业(控股)集团有限公司: F8 ENTERPRISES (HOLDINGS) GROUP LIMITED,2026-06-04T15:49:50.798241
08348,HK,akshare_eastmoney_company_profile,company_profile,天津滨海泰达物流集团股份有限公司: Tianjin Binhai Teda Logistics (Group) Corporation Limited,,天津滨海泰达物流集团股份有限公司: Tianjin Binhai Teda Logistics (Group) Corporation Limited,2026-06-04T15:49:50.895500
08349,HK,akshare_eastmoney_company_profile,company_profile,运鸿硅鑫集团控股有限公司: Yunhong Guixin Group Holdings Limited,,运鸿硅鑫集团控股有限公司: Yunhong Guixin Group Holdings Limited,2026-06-04T15:49:50.997471
08350,HK,akshare_eastmoney_company_profile,company_profile,立桥证券控股有限公司: Well Link Securities Holdings Limited,,立桥证券控股有限公司: Well Link Securities Holdings Limited,2026-06-04T15:49:51.247038
08356,HK,akshare_eastmoney_company_profile,company_profile,进业控股有限公司: Tsun Yip Holdings Limited,,进业控股有限公司: Tsun Yip Holdings Limited,2026-06-04T15:49:51.343036
08357,HK,akshare_eastmoney_company_profile,company_profile,Republic Healthcare Limited: Republic Healthcare Limited,,Republic Healthcare Limited: Republic Healthcare Limited,2026-06-04T15:49:51.660284
08360,HK,akshare_eastmoney_company_profile,company_profile,简朴新生活集团有限公司: Basic House New Life Group Limited,,简朴新生活集团有限公司: Basic House New Life Group Limited,2026-06-04T15:49:51.757217
08362,HK,akshare_eastmoney_company_profile,company_profile,运兴泰集团控股有限公司: Winning Tower Group Holdings Limited,,运兴泰集团控股有限公司: Winning Tower Group Holdings Limited,2026-06-04T15:49:51.881802
08365,HK,akshare_eastmoney_company_profile,company_profile,亦辰集团有限公司: Hatcher Group Limited,,亦辰集团有限公司: Hatcher Group Limited,2026-06-04T15:49:51.978631
08366,HK,akshare_eastmoney_company_profile,company_profile,浙江联合投资控股集团有限公司: Zhejiang United Investment Holdings Group Limited,,浙江联合投资控股集团有限公司: Zhejiang United Investment Holdings Group Limited,2026-06-04T15:49:52.166571
08367,HK,akshare_eastmoney_company_profile,company_profile,倩碧控股有限公司: Simplicity Holding Limited,,倩碧控股有限公司: Simplicity Holding Limited,2026-06-04T15:49:52.276120
08368,HK,akshare_eastmoney_company_profile,company_profile,中国创意控股有限公司: Creative China Holdings Limited,,中国创意控股有限公司: Creative China Holdings Limited,2026-06-04T15:49:52.373098
08370,HK,akshare_eastmoney_company_profile,company_profile,智升集团控股有限公司: ZHI SHENG GROUP HOLDINGS LIMITED,,智升集团控股有限公司: ZHI SHENG GROUP HOLDINGS LIMITED,2026-06-04T15:49:52.471813
08371,HK,akshare_eastmoney_company_profile,company_profile,尝·高美集团有限公司: TASTE · GOURMET GROUP LIMITED,,尝·高美集团有限公司: TASTE · GOURMET GROUP LIMITED,2026-06-04T15:49:52.567346
08372,HK,akshare_eastmoney_company_profile,company_profile,君百延集团控股有限公司: GRAND BRILLIANCE GROUP HOLDINGS LIMITED,,君百延集团控股有限公司: GRAND BRILLIANCE GROUP HOLDINGS LIMITED,2026-06-04T15:49:52.671542
08373,HK,akshare_eastmoney_company_profile,company_profile,靛蓝星控股有限公司: INDIGO STAR HOLDINGS LIMITED,,靛蓝星控股有限公司: INDIGO STAR HOLDINGS LIMITED,2026-06-04T15:49:52.774758
08375,HK,akshare_eastmoney_company_profile,company_profile,数盟资本国际控股集团有限公司: Data Union Capital International Holdings Group Limited,,数盟资本国际控股集团有限公司: Data Union Capital International Holdings Group Limited,2026-06-04T15:49:52.867019
08377,HK,akshare_eastmoney_company_profile,company_profile,维港育马控股有限公司: Harbour Equine Holdings Limited,,维港育马控股有限公司: Harbour Equine Holdings Limited,2026-06-04T15:49:52.972026
08379,HK,akshare_eastmoney_company_profile,company_profile,盈证国际控股有限公司: Prime Intelligence Solutions Group Limited,,盈证国际控股有限公司: Prime Intelligence Solutions Group Limited,2026-06-04T15:49:53.186868
08385,HK,akshare_eastmoney_company_profile,company_profile,万里印刷有限公司: Prosperous Printing Company Limited,,万里印刷有限公司: Prosperous Printing Company Limited,2026-06-04T15:49:53.285639
08391,HK,akshare_eastmoney_company_profile,company_profile,基石科技控股有限公司: Cornerstone Technologies Holdings Limited,,基石科技控股有限公司: Cornerstone Technologies Holdings Limited,2026-06-04T15:49:53.384463
08392,HK,akshare_eastmoney_company_profile,company_profile,舍图控股有限公司: Satu Holdings Limited,,舍图控股有限公司: Satu Holdings Limited,2026-06-04T15:49:53.479388
08395,HK,akshare_eastmoney_company_profile,company_profile,中显智能齐家控股有限公司: ZXZN Qi-House Holdings Limited,,中显智能齐家控股有限公司: ZXZN Qi-House Holdings Limited,2026-06-04T15:49:53.603576
08400,HK,akshare_eastmoney_company_profile,company_profile,亚洲先锋娱乐控股有限公司: Asia Pioneer Entertainment Holdings Limited,,亚洲先锋娱乐控股有限公司: Asia Pioneer Entertainment Holdings Limited,2026-06-04T15:49:53.713148
08401,HK,akshare_eastmoney_company_profile,company_profile,源想集团有限公司: Stream Ideas Group Limited,,源想集团有限公司: Stream Ideas Group Limited,2026-06-04T15:49:53.817390
08402,HK,akshare_eastmoney_company_profile,company_profile,高原之宝有限公司: Plateau Treasures Limited,,高原之宝有限公司: Plateau Treasures Limited,2026-06-04T15:49:53.917986
08403,HK,akshare_eastmoney_company_profile,company_profile,德丰宿来控股有限公司: Defeng Solife Holdings Limited,,德丰宿来控股有限公司: Defeng Solife Holdings Limited,2026-06-04T15:49:54.014483
08406,HK,akshare_eastmoney_company_profile,company_profile,中国口腔产业集团控股有限公司: China Oral Industry Group Holdings Limited,,中国口腔产业集团控股有限公司: China Oral Industry Group Holdings Limited,2026-06-04T15:49:54.121064
08411,HK,akshare_eastmoney_company_profile,company_profile,K W Nelson Interior Design and Contracting Group Limited: K W Nelson Interior Design and Contracting Group Limited,,K W Nelson Interior Design and Contracting Group Limited: K W Nelson Interior Design and Contracting Group Limited,2026-06-04T15:49:54.218474
08412,HK,akshare_eastmoney_company_profile,company_profile,新爱德集团有限公司: New Amante Group Limited,,新爱德集团有限公司: New Amante Group Limited,2026-06-04T15:49:54.384098
08413,HK,akshare_eastmoney_company_profile,company_profile,亚洲富思集团控股有限公司: Asia Grocery Distribution Limited,,亚洲富思集团控股有限公司: Asia Grocery Distribution Limited,2026-06-04T15:49:54.480952
08416,HK,akshare_eastmoney_company_profile,company_profile,HM International Holdings Limited: HM International Holdings Limited,,HM International Holdings Limited: HM International Holdings Limited,2026-06-04T15:49:54.582293
08417,HK,akshare_eastmoney_company_profile,company_profile,大地教育控股有限公司: Dadi Education Holdings Limited,,大地教育控股有限公司: Dadi Education Holdings Limited,2026-06-04T15:49:54.689740
08418,HK,akshare_eastmoney_company_profile,company_profile,傲迪玛汽车集团控股有限公司: Optima Automobile Group Holdings Limited,,傲迪玛汽车集团控股有限公司: Optima Automobile Group Holdings Limited,2026-06-04T15:49:54.788745
08419,HK,akshare_eastmoney_company_profile,company_profile,AV策划推广(控股)有限公司: AV PROMOTIONS HOLDINGS LIMITED,,AV策划推广(控股)有限公司: AV PROMOTIONS HOLDINGS LIMITED,2026-06-04T15:49:54.904619
08420,HK,akshare_eastmoney_company_profile,company_profile,NEXION TECHNOLOGIES LIMITED: NEXION TECHNOLOGIES LIMITED,,NEXION TECHNOLOGIES LIMITED: NEXION TECHNOLOGIES LIMITED,2026-06-04T15:49:55.037524
08422,HK,akshare_eastmoney_company_profile,company_profile,WT集团控股有限公司: WT GROUP HOLDINGS LIMITED,,WT集团控股有限公司: WT GROUP HOLDINGS LIMITED,2026-06-04T15:49:55.149369
08423,HK,akshare_eastmoney_company_profile,company_profile,潪澔发展控股有限公司: CHI HO DEVELOPMENT HOLDINGS LIMITED,,潪澔发展控股有限公司: CHI HO DEVELOPMENT HOLDINGS LIMITED,2026-06-04T15:49:55.267670
08425,HK,akshare_eastmoney_company_profile,company_profile,兴铭控股有限公司: HING MING HOLDINGS LIMITED,,兴铭控股有限公司: HING MING HOLDINGS LIMITED,2026-06-04T15:49:55.359457
08426,HK,akshare_eastmoney_company_profile,company_profile,雅居投资控股有限公司: Modern Living Investments Holdings Limited,,雅居投资控股有限公司: Modern Living Investments Holdings Limited,2026-06-04T15:49:55.458744
08427,HK,akshare_eastmoney_company_profile,company_profile,万顺瑞强集团有限公司: WS-SK Target Group Limited,,万顺瑞强集团有限公司: WS-SK Target Group Limited,2026-06-04T15:49:55.550613
08428,HK,akshare_eastmoney_company_profile,company_profile,汉诺佳池控股有限公司: CBK Holdings Limited,,汉诺佳池控股有限公司: CBK Holdings Limited,2026-06-04T15:49:55.714584
08429,HK,akshare_eastmoney_company_profile,company_profile,华美乐乐有限公司: SV Vision Limited,,华美乐乐有限公司: SV Vision Limited,2026-06-04T15:49:55.813074
08430,HK,akshare_eastmoney_company_profile,company_profile,春能控股有限公司: C&N Holdings Limited,,春能控股有限公司: C&N Holdings Limited,2026-06-04T15:49:55.918168
08431,HK,akshare_eastmoney_company_profile,company_profile,浩柏国际(开曼)有限公司: Hao Bai International (Cayman) Limited,,浩柏国际(开曼)有限公司: Hao Bai International (Cayman) Limited,2026-06-04T15:49:56.015223
08432,HK,akshare_eastmoney_company_profile,company_profile,太平洋酒吧集团控股有限公司: Bar Pacific Group Holdings Limited,,太平洋酒吧集团控股有限公司: Bar Pacific Group Holdings Limited,2026-06-04T15:49:56.129415
08436,HK,akshare_eastmoney_company_profile,company_profile,德宝集团控股有限公司: Takbo Group Holdings Limited,,德宝集团控股有限公司: Takbo Group Holdings Limited,2026-06-04T15:49:56.240512
08437,HK,akshare_eastmoney_company_profile,company_profile,德斯控股有限公司: RMH Holdings Limited,,德斯控股有限公司: RMH Holdings Limited,2026-06-04T15:49:56.471802
08439,HK,akshare_eastmoney_company_profile,company_profile,新百利融资控股有限公司: Somerley Capital Holdings Limited,,新百利融资控股有限公司: Somerley Capital Holdings Limited,2026-06-04T15:49:56.751571
08445,HK,akshare_eastmoney_company_profile,company_profile,怡康泰工程集团控股有限公司: Noble Engineering Group Holdings Limited,,怡康泰工程集团控股有限公司: Noble Engineering Group Holdings Limited,2026-06-04T15:49:56.848350
08446,HK,akshare_eastmoney_company_profile,company_profile,"耀星科技集团股份有限公司: Brightstar Technology Group Co., Ltd",,"耀星科技集团股份有限公司: Brightstar Technology Group Co., Ltd",2026-06-04T15:49:56.962410
08447,HK,akshare_eastmoney_company_profile,company_profile,MS CONCEPT LIMITED: MS CONCEPT LIMITED,,MS CONCEPT LIMITED: MS CONCEPT LIMITED,2026-06-04T15:49:57.174914
08448,HK,akshare_eastmoney_company_profile,company_profile,环球印馆控股有限公司: Universe Printshop Holdings Limited,,环球印馆控股有限公司: Universe Printshop Holdings Limited,2026-06-04T15:49:57.264929
08450,HK,akshare_eastmoney_company_profile,company_profile,钜京控股有限公司: EDICO Holdings Limited,,钜京控股有限公司: EDICO Holdings Limited,2026-06-04T15:49:57.370828
08451,HK,akshare_eastmoney_company_profile,company_profile,日光(1977)控股有限公司: SUNLIGHT (1977) HOLDINGS LIMITED,,日光(1977)控股有限公司: SUNLIGHT (1977) HOLDINGS LIMITED,2026-06-04T15:49:57.480730
08452,HK,akshare_eastmoney_company_profile,company_profile,"富银融资租赁(深圳)股份有限公司: Fullin Financial Leasing CO.,LTD.",,"富银融资租赁(深圳)股份有限公司: Fullin Financial Leasing CO.,LTD.",2026-06-04T15:49:57.724579
08455,HK,akshare_eastmoney_company_profile,company_profile,礼建德集团控股有限公司: Lai Group Holding Company Limited,,礼建德集团控股有限公司: Lai Group Holding Company Limited,2026-06-04T15:49:57.814622
08456,HK,akshare_eastmoney_company_profile,company_profile,民信国际控股有限公司: Mansion International Holdings Limited,,民信国际控股有限公司: Mansion International Holdings Limited,2026-06-04T15:49:57.906304
08460,HK,akshare_eastmoney_company_profile,company_profile,基地锦标集团控股有限公司: Basetrophy Group Holdings Limited,,基地锦标集团控股有限公司: Basetrophy Group Holdings Limited,2026-06-04T15:49:57.994895
08462,HK,akshare_eastmoney_company_profile,company_profile,中安控股集团有限公司: Omnibridge Holdings Limited,,中安控股集团有限公司: Omnibridge Holdings Limited,2026-06-04T15:49:58.264386
08471,HK,akshare_eastmoney_company_profile,company_profile,新达控股有限公司: Reach New Holdings Limited,,新达控股有限公司: Reach New Holdings Limited,2026-06-04T15:49:58.359863
08472,HK,akshare_eastmoney_company_profile,company_profile,立高控股有限公司: Lapco Holdings Limited,,立高控股有限公司: Lapco Holdings Limited,2026-06-04T15:49:58.487008
08473,HK,akshare_eastmoney_company_profile,company_profile,弥明生活百货控股有限公司: MI MING MART HOLDINGS LIMITED,,弥明生活百货控股有限公司: MI MING MART HOLDINGS LIMITED,2026-06-04T15:49:58.592145
08475,HK,akshare_eastmoney_company_profile,company_profile,"易站绿色科技集团有限公司: E-STATION GREEN TECHNOLOGY GROUP CO., LIMITED",,"易站绿色科技集团有限公司: E-STATION GREEN TECHNOLOGY GROUP CO., LIMITED",2026-06-04T15:49:58.695326
08476,HK,akshare_eastmoney_company_profile,company_profile,大洋环球控股有限公司: Ocean One Holding Ltd.,,大洋环球控股有限公司: Ocean One Holding Ltd.,2026-06-04T15:49:58.784648
08480,HK,akshare_eastmoney_company_profile,company_profile,飞霓控股有限公司: FURNIWEB HOLDINGS LIMITED,,飞霓控股有限公司: FURNIWEB HOLDINGS LIMITED,2026-06-04T15:49:58.887517
08481,HK,akshare_eastmoney_company_profile,company_profile,盛龙锦秀国际有限公司: SHENGLONG SPLENDECOR INTERNATIONAL LIMITED,,盛龙锦秀国际有限公司: SHENGLONG SPLENDECOR INTERNATIONAL LIMITED,2026-06-04T15:49:58.978156
08482,HK,akshare_eastmoney_company_profile,company_profile,万励达国际有限公司: WAN LEADER INTERNATIONAL LIMITED,,万励达国际有限公司: WAN LEADER INTERNATIONAL LIMITED,2026-06-04T15:49:59.080147
08483,HK,akshare_eastmoney_company_profile,company_profile,名仕快相集团控股有限公司: Max Sight Group Holdings Limited,,名仕快相集团控股有限公司: Max Sight Group Holdings Limited,2026-06-04T15:49:59.181404
08487,HK,akshare_eastmoney_company_profile,company_profile,ISP Global Limited: ISP Global Limited,,ISP Global Limited: ISP Global Limited,2026-06-04T15:49:59.274382
08489,HK,akshare_eastmoney_company_profile,company_profile,裕程物流集团有限公司: GRAND POWER LOGISTICS GROUP LIMITED,,裕程物流集团有限公司: GRAND POWER LOGISTICS GROUP LIMITED,2026-06-04T15:49:59.374057
08490,HK,akshare_eastmoney_company_profile,company_profile,骏码半导体材料有限公司: Niche-Tech Semiconductor Materials Limited,,骏码半导体材料有限公司: Niche-Tech Semiconductor Materials Limited,2026-06-04T15:49:59.468111
08491,HK,akshare_eastmoney_company_profile,company_profile,Cool Link (Holdings) Limited: Cool Link (Holdings) Limited,,Cool Link (Holdings) Limited: Cool Link (Holdings) Limited,2026-06-04T15:49:59.560221
08493,HK,akshare_eastmoney_company_profile,company_profile,炙龙控股有限公司: Scorching Dragon Holdings Limited,,炙龙控股有限公司: Scorching Dragon Holdings Limited,2026-06-04T15:49:59.668022
08495,HK,akshare_eastmoney_company_profile,company_profile,1957 & Co. (Hospitality) Limited: 1957 & Co. (Hospitality) Limited,,1957 & Co. (Hospitality) Limited: 1957 & Co. (Hospitality) Limited,2026-06-04T15:49:59.838124
08496,HK,akshare_eastmoney_company_profile,company_profile,环球友饮智能控股有限公司: Global Uin Intelligence Holdings Limited,,环球友饮智能控股有限公司: Global Uin Intelligence Holdings Limited,2026-06-04T15:49:59.942262
08500,HK,akshare_eastmoney_company_profile,company_profile,天泓文创国际集团有限公司: Icon Culture Global Company Limited,,天泓文创国际集团有限公司: Icon Culture Global Company Limited,2026-06-04T15:50:00.040982
08501,HK,akshare_eastmoney_company_profile,company_profile,庄皇集团公司: Sanbase Corporation Limited,,庄皇集团公司: Sanbase Corporation Limited,2026-06-04T15:50:00.139623
08502,HK,akshare_eastmoney_company_profile,company_profile,远航港口发展有限公司: OCEAN LINE PORT DEVELOPMENT LIMITED,,远航港口发展有限公司: OCEAN LINE PORT DEVELOPMENT LIMITED,2026-06-04T15:50:00.232845
08507,HK,akshare_eastmoney_company_profile,company_profile,爱世纪集团控股有限公司: i.century Holding Limited,,爱世纪集团控股有限公司: i.century Holding Limited,2026-06-04T15:50:00.438581
08509,HK,akshare_eastmoney_company_profile,company_profile,威扬酒业国际控股有限公司: Wine's Link International Holdings Limited,,威扬酒业国际控股有限公司: Wine's Link International Holdings Limited,2026-06-04T15:50:00.575659
08510,HK,akshare_eastmoney_company_profile,company_profile,Top Standard Corporation: Top Standard Corporation,,Top Standard Corporation: Top Standard Corporation,2026-06-04T15:50:00.704599
08511,HK,akshare_eastmoney_company_profile,company_profile,民富国际控股有限公司: Min Fu International Holding Limited,,民富国际控股有限公司: Min Fu International Holding Limited,2026-06-04T15:50:00.803656
08512,HK,akshare_eastmoney_company_profile,company_profile,凯富善集团控股有限公司: Hyfusin Group Holdings Limited,,凯富善集团控股有限公司: Hyfusin Group Holdings Limited,2026-06-04T15:50:00.904840
08513,HK,akshare_eastmoney_company_profile,company_profile,加和国际控股有限公司: MaxWin International Holdings Limited,,加和国际控股有限公司: MaxWin International Holdings Limited,2026-06-04T15:50:01.010112
08516,HK,akshare_eastmoney_company_profile,company_profile,中盈国际集团有限公司: Zhong Ying International Group Limited,,中盈国际集团有限公司: Zhong Ying International Group Limited,2026-06-04T15:50:01.108982
08519,HK,akshare_eastmoney_company_profile,company_profile,新享时代集团有限公司: Xin Xiang Era Group Company Limited,,新享时代集团有限公司: Xin Xiang Era Group Company Limited,2026-06-04T15:50:01.952671
08521,HK,akshare_eastmoney_company_profile,company_profile,智云国际控股有限公司: WebX International Holdings Company Limited,,智云国际控股有限公司: WebX International Holdings Company Limited,2026-06-04T15:50:02.333470
08523,HK,akshare_eastmoney_company_profile,company_profile,常满控股有限公司: Sheung Moon Holdings Limited,,常满控股有限公司: Sheung Moon Holdings Limited,2026-06-04T15:50:02.533502
08525,HK,akshare_eastmoney_company_profile,company_profile,百应控股集团有限公司: Baiying Holdings Group Limited,,百应控股集团有限公司: Baiying Holdings Group Limited,2026-06-04T15:50:02.836858
08526,HK,akshare_eastmoney_company_profile,company_profile,荣丰集团亚洲有限公司: Wing Fung Group Asia Limited,,荣丰集团亚洲有限公司: Wing Fung Group Asia Limited,2026-06-04T15:50:02.934506
08527,HK,akshare_eastmoney_company_profile,company_profile,聚利宝控股有限公司: JLOGO HOLDINGS LIMITED,,聚利宝控股有限公司: JLOGO HOLDINGS LIMITED,2026-06-04T15:50:03.279492
08529,HK,akshare_eastmoney_company_profile,company_profile,优博控股有限公司: UBoT Holding Limited,,优博控股有限公司: UBoT Holding Limited,2026-06-04T15:50:03.370249
08532,HK,akshare_eastmoney_company_profile,company_profile,宝发控股有限公司: Polyfair Holdings Limited,,宝发控股有限公司: Polyfair Holdings Limited,2026-06-04T15:50:03.727698
08535,HK,akshare_eastmoney_company_profile,company_profile,荧德控股有限公司: VISTAR HOLDINGS LIMITED,,荧德控股有限公司: VISTAR HOLDINGS LIMITED,2026-06-04T15:50:03.866364
08536,HK,akshare_eastmoney_company_profile,company_profile,TL Natural Gas Holdings Limited: TL Natural Gas Holdings Limited,,TL Natural Gas Holdings Limited: TL Natural Gas Holdings Limited,2026-06-04T15:50:03.978109
08537,HK,akshare_eastmoney_company_profile,company_profile,创辉珠宝集团控股有限公司: Chong Fai Jewellery Group Holdings Company Limited,,创辉珠宝集团控股有限公司: Chong Fai Jewellery Group Holdings Company Limited,2026-06-04T15:50:04.197992
08540,HK,akshare_eastmoney_company_profile,company_profile,胜利证券(控股)有限公司: Victory Securities (Holdings) Company Limited,,胜利证券(控股)有限公司: Victory Securities (Holdings) Company Limited,2026-06-04T15:50:04.296072
08545,HK,akshare_eastmoney_company_profile,company_profile,佰悦集团控股有限公司: Amuse Group Holding Limited,,佰悦集团控股有限公司: Amuse Group Holding Limited,2026-06-04T15:50:04.388530
08547,HK,akshare_eastmoney_company_profile,company_profile,Pacific Legend Group Limited: Pacific Legend Group Limited,,Pacific Legend Group Limited: Pacific Legend Group Limited,2026-06-04T15:50:04.548291
08549,HK,akshare_eastmoney_company_profile,company_profile,金叶国际集团有限公司: GOLDEN LEAF INTERNATIONAL GROUP LIMITED,,金叶国际集团有限公司: GOLDEN LEAF INTERNATIONAL GROUP LIMITED,2026-06-04T15:50:04.645405
08551,HK,akshare_eastmoney_company_profile,company_profile,基地锦标集团控股有限公司: Basetrophy Group Holdings Limited,,基地锦标集团控股有限公司: Basetrophy Group Holdings Limited,2026-06-04T15:50:04.743260
08552,HK,akshare_eastmoney_company_profile,company_profile,华亿金控集团有限公司: Sinofortune Financial Holdings Limited,,华亿金控集团有限公司: Sinofortune Financial Holdings Limited,2026-06-04T15:50:04.846098
08553,HK,akshare_eastmoney_company_profile,company_profile,中国三三传媒集团有限公司: CHINA 33 MEDIA GROUP LIMITED,,中国三三传媒集团有限公司: CHINA 33 MEDIA GROUP LIMITED,2026-06-04T15:50:05.014520
08555,HK,akshare_eastmoney_company_profile,company_profile,汇隆控股有限公司: WLS Holdings Ltd.,,汇隆控股有限公司: WLS Holdings Ltd.,2026-06-04T15:50:05.114689
08556,HK,akshare_eastmoney_company_profile,company_profile,NIU Holdings Limited: NIU Holdings Limited,,NIU Holdings Limited: NIU Holdings Limited,2026-06-04T15:50:05.225483
08557,HK,akshare_eastmoney_company_profile,company_profile,飞道旅游科技有限公司: Flydoo Technology Holding Limited,,飞道旅游科技有限公司: Flydoo Technology Holding Limited,2026-06-04T15:50:05.316631
08558,HK,akshare_eastmoney_company_profile,company_profile,麦迪森控股集团有限公司: Madison Holdings Group Limited,,麦迪森控股集团有限公司: Madison Holdings Group Limited,2026-06-04T15:50:05.411351
08559,HK,akshare_eastmoney_company_profile,company_profile,首都金融控股有限公司: Capital Finance Holdings Limited,,首都金融控股有限公司: Capital Finance Holdings Limited,2026-06-04T15:50:05.526880
08560,HK,akshare_eastmoney_company_profile,company_profile,麦迪森控股集团有限公司: Madison Holdings Group Limited,,麦迪森控股集团有限公司: Madison Holdings Group Limited,2026-06-04T15:50:05.625551
08579,HK,akshare_eastmoney_company_profile,company_profile,靛蓝星控股有限公司: INDIGO STAR HOLDINGS LIMITED,,靛蓝星控股有限公司: INDIGO STAR HOLDINGS LIMITED,2026-06-04T15:50:05.771896
08598,HK,research_error,research_error,'NoneType' object is not subscriptable,,,2026-06-04T15:50:06.009233
08600,HK,research_error,research_error,'NoneType' object is not subscriptable,,,2026-06-04T15:50:06.147955
08601,HK,akshare_eastmoney_company_profile,company_profile,宝燵控股有限公司: Boltek Holdings Limited,,宝燵控股有限公司: Boltek Holdings Limited,2026-06-04T15:50:06.149213
08603,HK,akshare_eastmoney_company_profile,company_profile,亮晴控股有限公司: Fameglow Holdings Limited,,亮晴控股有限公司: Fameglow Holdings Limited,2026-06-04T15:50:06.244146
08606,HK,akshare_eastmoney_company_profile,company_profile,倢冠控股有限公司: Kinetix Systems Holdings Limited,,倢冠控股有限公司: Kinetix Systems Holdings Limited,2026-06-04T15:50:06.336613
08610,HK,akshare_eastmoney_company_profile,company_profile,BBSB International Limited: BBSB International Limited,,BBSB International Limited: BBSB International Limited,2026-06-04T15:50:06.430484
08611,HK,akshare_eastmoney_company_profile,company_profile,九福来国际控股有限公司: MINDTELL TECHNOLOGY LIMITED,,九福来国际控股有限公司: MINDTELL TECHNOLOGY LIMITED,2026-06-04T15:50:06.525541
08612,HK,akshare_eastmoney_company_profile,company_profile,维亮控股有限公司: World Super Holdings Limited,,维亮控股有限公司: World Super Holdings Limited,2026-06-04T15:50:06.762524
08613,HK,akshare_eastmoney_company_profile,company_profile,东方支付集团控股有限公司: ORIENTAL PAYMENT GROUP HOLDINGS LIMITED,,东方支付集团控股有限公司: ORIENTAL PAYMENT GROUP HOLDINGS LIMITED,2026-06-04T15:50:06.867925
08616,HK,akshare_eastmoney_company_profile,company_profile,新威工程集团有限公司: Sunray Engineering Group Limited,,新威工程集团有限公司: Sunray Engineering Group Limited,2026-06-04T15:50:07.134849
08619,HK,akshare_eastmoney_company_profile,company_profile,NIU Holdings Limited: NIU Holdings Limited,,NIU Holdings Limited: NIU Holdings Limited,2026-06-04T15:50:07.232538
08620,HK,akshare_eastmoney_company_profile,company_profile,亚洲速运物流控股有限公司: Asia-express Logistics Holdings Limited,,亚洲速运物流控股有限公司: Asia-express Logistics Holdings Limited,2026-06-04T15:50:07.329320
08621,HK,akshare_eastmoney_company_profile,company_profile,Metropolis Capital Holdings Limited: Metropolis Capital Holdings Limited,,Metropolis Capital Holdings Limited: Metropolis Capital Holdings Limited,2026-06-04T15:50:07.421815
08622,HK,akshare_eastmoney_company_profile,company_profile,愉悦集团有限公司: Joyzyme Group Limited,,愉悦集团有限公司: Joyzyme Group Limited,2026-06-04T15:50:07.523864
08623,HK,akshare_eastmoney_company_profile,company_profile,中国蜀塔国际控股集团有限公司: China Saftower International Holding Group Limited,,中国蜀塔国际控股集团有限公司: China Saftower International Holding Group Limited,2026-06-04T15:50:07.623090
08627,HK,akshare_eastmoney_company_profile,company_profile,旅橙文化控股有限公司: Orange Tour Cultural Holding Limited,,旅橙文化控股有限公司: Orange Tour Cultural Holding Limited,2026-06-04T15:50:07.716896
08629,HK,akshare_eastmoney_company_profile,company_profile,"广东集信国控检测认证技术服务中心股份有限公司: GUANGDONG SYNTRUST GK TESTING AND CERTIFICATION TECH SERVICE CENTER CO., LTD.",,"广东集信国控检测认证技术服务中心股份有限公司: GUANGDONG SYNTRUST GK TESTING AND CERTIFICATION TECH SERVICE CENTER CO., LTD.",2026-06-04T15:50:07.818508
08631,HK,akshare_eastmoney_company_profile,company_profile,申港控股有限公司: Sun Kong Holdings Limited,,申港控股有限公司: Sun Kong Holdings Limited,2026-06-04T15:50:07.924195
08635,HK,akshare_eastmoney_company_profile,company_profile,大象控股集团有限公司: Elephant Holdings Group Limited,,大象控股集团有限公司: Elephant Holdings Group Limited,2026-06-04T15:50:08.082600
08637,HK,akshare_eastmoney_company_profile,company_profile,元续科技控股有限公司: METASURFACE TECHNOLOGIES HOLDINGS LIMITED,,元续科技控股有限公司: METASURFACE TECHNOLOGIES HOLDINGS LIMITED,2026-06-04T15:50:08.184073
08645,HK,akshare_eastmoney_company_profile,company_profile,比特元宇宙控股有限公司: Byte Metaverse Holdings Limited,,比特元宇宙控股有限公司: Byte Metaverse Holdings Limited,2026-06-04T15:50:08.469564
08646,HK,akshare_eastmoney_company_profile,company_profile,中国宏光控股有限公司: China Hongguang Holdings Limited,,中国宏光控股有限公司: China Hongguang Holdings Limited,2026-06-04T15:50:08.575090
08657,HK,akshare_eastmoney_company_profile,company_profile,TRUE PARTNER CAPITAL HOLDING LIMITED: TRUE PARTNER CAPITAL HOLDING LIMITED,,TRUE PARTNER CAPITAL HOLDING LIMITED: TRUE PARTNER CAPITAL HOLDING LIMITED,2026-06-04T15:50:08.673203
08659,HK,akshare_eastmoney_company_profile,company_profile,易和国际控股有限公司: Yik Wo International Holdings Limited,,易和国际控股有限公司: Yik Wo International Holdings Limited,2026-06-04T15:50:08.777279
08661,HK,akshare_eastmoney_company_profile,company_profile,中微智码(国际)集团有限公司: IntelliMark AI International Limited,,中微智码(国际)集团有限公司: IntelliMark AI International Limited,2026-06-04T15:50:08.915652
08668,HK,akshare_eastmoney_company_profile,company_profile,瀛海集团控股有限公司: Ying Hai Group Holdings Company Limited,,瀛海集团控股有限公司: Ying Hai Group Holdings Company Limited,2026-06-04T15:50:09.024261
09001,HK,akshare_eastmoney_company_profile,company_profile,睿亚资产管理有限公司: Premia Partners Company Limited,,睿亚资产管理有限公司: Premia Partners Company Limited,2026-06-04T15:50:09.128761
09008,HK,akshare_eastmoney_company_profile,company_profile,"博时基金(国际)有限公司: Bosera Asset Management (International) Co., Limited",,"博时基金(国际)有限公司: Bosera Asset Management (International) Co., Limited",2026-06-04T15:50:09.235645
09009,HK,akshare_eastmoney_company_profile,company_profile,"博时基金(国际)有限公司: Bosera Asset Management (International) Co., Limited",,"博时基金(国际)有限公司: Bosera Asset Management (International) Co., Limited",2026-06-04T15:50:09.342081
09010,HK,akshare_eastmoney_company_profile,company_profile,贝莱德资产管理北亚有限公司: Blackrock Asset Management North Asia Limited,,贝莱德资产管理北亚有限公司: Blackrock Asset Management North Asia Limited,2026-06-04T15:50:09.442362
09011,HK,akshare_eastmoney_company_profile,company_profile,中国国际金融香港资产管理有限公司: China International Capital Corporation Hong Kong Asset Management Limited,,中国国际金融香港资产管理有限公司: China International Capital Corporation Hong Kong Asset Management Limited,2026-06-04T15:50:09.621729
09031,HK,akshare_eastmoney_company_profile,company_profile,富国资产管理(香港)有限公司: Fullgoal Asset Management (hk) Limited,,富国资产管理(香港)有限公司: Fullgoal Asset Management (hk) Limited,2026-06-04T15:50:09.720225
09040,HK,akshare_eastmoney_company_profile,company_profile,未来资产环球投资(香港)有限公司: Mirae Asset Global Investments (Hong Kong) Limited,,未来资产环球投资(香港)有限公司: Mirae Asset Global Investments (Hong Kong) Limited,2026-06-04T15:50:09.825899
09042,HK,akshare_eastmoney_company_profile,company_profile,华夏基金(香港)有限公司: China Asset Management (Hong Kong) Limited,,华夏基金(香港)有限公司: China Asset Management (Hong Kong) Limited,2026-06-04T15:50:09.929719
09046,HK,akshare_eastmoney_company_profile,company_profile,华夏基金(香港)有限公司: China Asset Management (Hong Kong) Limited,,华夏基金(香港)有限公司: China Asset Management (Hong Kong) Limited,2026-06-04T15:50:10.081178
09047,HK,akshare_eastmoney_company_profile,company_profile,山证国际资产管理有限公司: SSIF ASSET MANAGEMENT LIMITED,,山证国际资产管理有限公司: SSIF ASSET MANAGEMENT LIMITED,2026-06-04T15:50:10.181872
09064,HK,akshare_eastmoney_company_profile,company_profile,未来资产环球投资(香港)有限公司: Mirae Asset Global Investments (Hong Kong) Limited,,未来资产环球投资(香港)有限公司: Mirae Asset Global Investments (Hong Kong) Limited,2026-06-04T15:50:10.291503
09067,HK,akshare_eastmoney_company_profile,company_profile,贝莱德资产管理北亚有限公司: Blackrock Asset Management North Asia Limited,,贝莱德资产管理北亚有限公司: Blackrock Asset Management North Asia Limited,2026-06-04T15:50:10.476681
09069,HK,akshare_eastmoney_company_profile,company_profile,华夏基金(香港)有限公司: China Asset Management (Hong Kong) Limited,,华夏基金(香港)有限公司: China Asset Management (Hong Kong) Limited,2026-06-04T15:50:10.566576
09070,HK,akshare_eastmoney_company_profile,company_profile,"中国平安资产管理(香港)有限公司: China PingAn Asset Management (HongKong) Co.,Ltd.",,"中国平安资产管理(香港)有限公司: China PingAn Asset Management (HongKong) Co.,Ltd.",2026-06-04T15:50:10.738499
09072,HK,akshare_eastmoney_company_profile,company_profile,奥明资产管理香港有限公司 中国香港特别行政区 www.nikkoam.com/english/ 00852-39403900 00852-39403904,,奥明资产管理香港有限公司 中国香港特别行政区 www.nikkoam.com/english/ 00852-39403900 00852-39403904,2026-06-04T15:50:10.833202
09074,HK,akshare_eastmoney_company_profile,company_profile,贝莱德资产管理北亚有限公司: Blackrock Asset Management North Asia Limited,,贝莱德资产管理北亚有限公司: Blackrock Asset Management North Asia Limited,2026-06-04T15:50:10.934073
09075,HK,akshare_eastmoney_company_profile,company_profile,未来资产环球投资(香港)有限公司: Mirae Asset Global Investments (Hong Kong) Limited,,未来资产环球投资(香港)有限公司: Mirae Asset Global Investments (Hong Kong) Limited,2026-06-04T15:50:11.174278
09077,HK,akshare_eastmoney_company_profile,company_profile,睿亚资产管理有限公司: Premia Partners Company Limited,,睿亚资产管理有限公司: Premia Partners Company Limited,2026-06-04T15:50:11.336858
09078,HK,akshare_eastmoney_company_profile,company_profile,睿亚资产管理有限公司: Premia Partners Company Limited,,睿亚资产管理有限公司: Premia Partners Company Limited,2026-06-04T15:50:11.440186
09081,HK,akshare_eastmoney_company_profile,company_profile,盛宝资产管理香港有限公司 中国香港特别行政区 2008,,盛宝资产管理香港有限公司 中国香港特别行政区 2008,2026-06-04T15:50:11.530932
09084,HK,akshare_eastmoney_company_profile,company_profile,未来资产环球投资(香港)有限公司: Mirae Asset Global Investments (Hong Kong) Limited,,未来资产环球投资(香港)有限公司: Mirae Asset Global Investments (Hong Kong) Limited,2026-06-04T15:50:11.627264
09086,HK,akshare_eastmoney_company_profile,company_profile,华夏基金(香港)有限公司: China Asset Management (Hong Kong) Limited,,华夏基金(香港)有限公司: China Asset Management (Hong Kong) Limited,2026-06-04T15:50:11.759386
09088,HK,akshare_eastmoney_company_profile,company_profile,华夏基金(香港)有限公司: China Asset Management (Hong Kong) Limited,,华夏基金(香港)有限公司: China Asset Management (Hong Kong) Limited,2026-06-04T15:50:11.856344
09096,HK,akshare_eastmoney_company_profile,company_profile,南方东英资产管理有限公司: CSOP Asset Management Limited,,南方东英资产管理有限公司: CSOP Asset Management Limited,2026-06-04T15:50:11.952148
09102,HK,akshare_eastmoney_company_profile,company_profile,工银瑞信资产管理(国际)有限公司: ICBC Credit Suisse Asset Management (International) limited,,工银瑞信资产管理(国际)有限公司: ICBC Credit Suisse Asset Management (International) limited,2026-06-04T15:50:12.056520
09104,HK,akshare_eastmoney_company_profile,company_profile,未来资产环球投资(香港)有限公司: Mirae Asset Global Investments (Hong Kong) Limited,,未来资产环球投资(香港)有限公司: Mirae Asset Global Investments (Hong Kong) Limited,2026-06-04T15:50:12.213779
09107,HK,akshare_eastmoney_company_profile,company_profile,"博时基金(国际)有限公司: Bosera Asset Management (International) Co., Limited",,"博时基金(国际)有限公司: Bosera Asset Management (International) Co., Limited",2026-06-04T15:50:12.309764
09115,HK,akshare_eastmoney_company_profile,company_profile,贝莱德资产管理北亚有限公司: Blackrock Asset Management North Asia Limited,,贝莱德资产管理北亚有限公司: Blackrock Asset Management North Asia Limited,2026-06-04T15:50:12.503208
09140,HK,akshare_eastmoney_company_profile,company_profile,华夏基金(香港)有限公司: China Asset Management (Hong Kong) Limited,,华夏基金(香港)有限公司: China Asset Management (Hong Kong) Limited,2026-06-04T15:50:12.835454
09141,HK,akshare_eastmoney_company_profile,company_profile,华夏基金(香港)有限公司: China Asset Management (Hong Kong) Limited,,华夏基金(香港)有限公司: China Asset Management (Hong Kong) Limited,2026-06-04T15:50:12.928667
09146,HK,akshare_eastmoney_company_profile,company_profile,华夏基金(香港)有限公司: China Asset Management (Hong Kong) Limited,,华夏基金(香港)有限公司: China Asset Management (Hong Kong) Limited,2026-06-04T15:50:13.136306
09151,HK,akshare_eastmoney_company_profile,company_profile,睿亚资产管理有限公司: Premia Partners Company Limited,,睿亚资产管理有限公司: Premia Partners Company Limited,2026-06-04T15:50:13.243615
09156,HK,akshare_eastmoney_company_profile,company_profile,"博时基金(国际)有限公司: Bosera Asset Management (International) Co., Limited",,"博时基金(国际)有限公司: Bosera Asset Management (International) Co., Limited",2026-06-04T15:50:13.337707
09159,HK,akshare_eastmoney_company_profile,company_profile,睿亚资产管理有限公司: Premia Partners Company Limited,,睿亚资产管理有限公司: Premia Partners Company Limited,2026-06-04T15:50:13.432666
09167,HK,akshare_eastmoney_company_profile,company_profile,南方东英资产管理有限公司: CSOP Asset Management Limited,,南方东英资产管理有限公司: CSOP Asset Management Limited,2026-06-04T15:50:13.544143
09173,HK,akshare_eastmoney_company_profile,company_profile,睿亚资产管理有限公司: Premia Partners Company Limited,,睿亚资产管理有限公司: Premia Partners Company Limited,2026-06-04T15:50:13.635407
09176,HK,akshare_eastmoney_company_profile,company_profile,泰康资产管理(香港)有限公司: Taikang Asset Management (Hong Kong) Corporation,,泰康资产管理(香港)有限公司: Taikang Asset Management (Hong Kong) Corporation,2026-06-04T15:50:13.729802
09177,HK,akshare_eastmoney_company_profile,company_profile,睿亚资产管理有限公司: Premia Partners Company Limited,,睿亚资产管理有限公司: Premia Partners Company Limited,2026-06-04T15:50:13.827321
09179,HK,akshare_eastmoney_company_profile,company_profile,嘉实国际资产管理有限公司: Harvest Global Investments Limited,,嘉实国际资产管理有限公司: Harvest Global Investments Limited,2026-06-04T15:50:13.925728
09181,HK,akshare_eastmoney_company_profile,company_profile,睿亚资产管理有限公司: Premia Partners Company Limited,,睿亚资产管理有限公司: Premia Partners Company Limited,2026-06-04T15:50:14.023633
09188,HK,akshare_eastmoney_company_profile,company_profile,华夏基金(香港)有限公司: China Asset Management (Hong Kong) Limited,,华夏基金(香港)有限公司: China Asset Management (Hong Kong) Limited,2026-06-04T15:50:14.267214
09191,HK,akshare_eastmoney_company_profile,company_profile,未来资产环球投资(香港)有限公司: Mirae Asset Global Investments (Hong Kong) Limited,,未来资产环球投资(香港)有限公司: Mirae Asset Global Investments (Hong Kong) Limited,2026-06-04T15:50:14.379905
09195,HK,akshare_eastmoney_company_profile,company_profile,恒生投资管理有限公司: Hang Seng Investment Management Ltd,,恒生投资管理有限公司: Hang Seng Investment Management Ltd,2026-06-04T15:50:14.489186
09196,HK,akshare_eastmoney_company_profile,company_profile,"博时基金(国际)有限公司: Bosera Asset Management (International) Co., Limited",,"博时基金(国际)有限公司: Bosera Asset Management (International) Co., Limited",2026-06-04T15:50:14.585648
09311,HK,akshare_eastmoney_company_profile,company_profile,南方东英资产管理有限公司: CSOP Asset Management Limited,,南方东英资产管理有限公司: CSOP Asset Management Limited,2026-06-04T15:50:14.685560
09347,HK,akshare_eastmoney_company_profile,company_profile,南方东英资产管理有限公司: CSOP Asset Management Limited,,南方东英资产管理有限公司: CSOP Asset Management Limited,2026-06-04T15:50:14.785971
09366,HK,akshare_eastmoney_company_profile,company_profile,南方东英资产管理有限公司: CSOP Asset Management Limited,,南方东英资产管理有限公司: CSOP Asset Management Limited,2026-06-04T15:50:14.887301
09388,HK,akshare_eastmoney_company_profile,company_profile,南方东英资产管理有限公司: CSOP Asset Management Limited,,南方东英资产管理有限公司: CSOP Asset Management Limited,2026-06-04T15:50:14.990579
09399,HK,akshare_eastmoney_company_profile,company_profile,南方东英资产管理有限公司: CSOP Asset Management Limited,,南方东英资产管理有限公司: CSOP Asset Management Limited,2026-06-04T15:50:15.202970
09403,HK,akshare_eastmoney_company_profile,company_profile,华夏基金(香港)有限公司: China Asset Management (Hong Kong) Limited,,华夏基金(香港)有限公司: China Asset Management (Hong Kong) Limited,2026-06-04T15:50:15.295962
09404,HK,akshare_eastmoney_company_profile,company_profile,华夏基金(香港)有限公司: China Asset Management (Hong Kong) Limited,,华夏基金(香港)有限公司: China Asset Management (Hong Kong) Limited,2026-06-04T15:50:15.395785
09406,HK,akshare_eastmoney_company_profile,company_profile,"中国平安资产管理(香港)有限公司: China PingAn Asset Management (HongKong) Co.,Ltd.",,"中国平安资产管理(香港)有限公司: China PingAn Asset Management (HongKong) Co.,Ltd.",2026-06-04T15:50:15.490769
09411,HK,akshare_eastmoney_company_profile,company_profile,睿亚资产管理有限公司: Premia Partners Company Limited,,睿亚资产管理有限公司: Premia Partners Company Limited,2026-06-04T15:50:15.592020
09415,HK,akshare_eastmoney_company_profile,company_profile,未来资产环球投资(香港)有限公司: Mirae Asset Global Investments (Hong Kong) Limited,,未来资产环球投资(香港)有限公司: Mirae Asset Global Investments (Hong Kong) Limited,2026-06-04T15:50:15.693077
09416,HK,akshare_eastmoney_company_profile,company_profile,未来资产环球投资(香港)有限公司: Mirae Asset Global Investments (Hong Kong) Limited,,未来资产环球投资(香港)有限公司: Mirae Asset Global Investments (Hong Kong) Limited,2026-06-04T15:50:15.791005
09418,HK,akshare_eastmoney_company_profile,company_profile,华夏基金(香港)有限公司: China Asset Management (Hong Kong) Limited,,华夏基金(香港)有限公司: China Asset Management (Hong Kong) Limited,2026-06-04T15:50:15.886938
09425,HK,akshare_eastmoney_company_profile,company_profile,小飞资产管理有限公司: MicroBit Capital Management Limited,,小飞资产管理有限公司: MicroBit Capital Management Limited,2026-06-04T15:50:15.990031
09428,HK,akshare_eastmoney_company_profile,company_profile,未来资产环球投资(香港)有限公司: Mirae Asset Global Investments (Hong Kong) Limited,,未来资产环球投资(香港)有限公司: Mirae Asset Global Investments (Hong Kong) Limited,2026-06-04T15:50:16.093167
09430,HK,akshare_eastmoney_company_profile,company_profile,小飞资产管理有限公司: MicroBit Capital Management Limited,,小飞资产管理有限公司: MicroBit Capital Management Limited,2026-06-04T15:50:16.189653
09434,HK,akshare_eastmoney_company_profile,company_profile,易方达资产管理(香港)有限公司: E Fund Asset Management (Hong Kong) Limited,,易方达资产管理(香港)有限公司: E Fund Asset Management (Hong Kong) Limited,2026-06-04T15:50:16.445471
09437,HK,akshare_eastmoney_company_profile,company_profile,"博时基金(国际)有限公司: Bosera Asset Management (International) Co., Limited",,"博时基金(国际)有限公司: Bosera Asset Management (International) Co., Limited",2026-06-04T15:50:16.540331
09439,HK,akshare_eastmoney_company_profile,company_profile,嘉实国际资产管理有限公司: Harvest Global Investments Limited,,嘉实国际资产管理有限公司: Harvest Global Investments Limited,2026-06-04T15:50:16.641929
09440,HK,akshare_eastmoney_company_profile,company_profile,未来资产环球投资(香港)有限公司: Mirae Asset Global Investments (Hong Kong) Limited,,未来资产环球投资(香港)有限公司: Mirae Asset Global Investments (Hong Kong) Limited,2026-06-04T15:50:16.782607
09446,HK,akshare_eastmoney_company_profile,company_profile,华夏基金(香港)有限公司: China Asset Management (Hong Kong) Limited,,华夏基金(香港)有限公司: China Asset Management (Hong Kong) Limited,2026-06-04T15:50:16.887103
09450,HK,akshare_eastmoney_company_profile,company_profile,未来资产环球投资(香港)有限公司: Mirae Asset Global Investments (Hong Kong) Limited,,未来资产环球投资(香港)有限公司: Mirae Asset Global Investments (Hong Kong) Limited,2026-06-04T15:50:16.990083
09451,HK,akshare_eastmoney_company_profile,company_profile,未来资产环球投资(香港)有限公司: Mirae Asset Global Investments (Hong Kong) Limited,,未来资产环球投资(香港)有限公司: Mirae Asset Global Investments (Hong Kong) Limited,2026-06-04T15:50:17.296765
09455,HK,akshare_eastmoney_company_profile,company_profile,Invesco Capital Management LLC: Invesco Capital Management LLC,,Invesco Capital Management LLC: Invesco Capital Management LLC,2026-06-04T15:50:17.393144
09460,HK,akshare_eastmoney_company_profile,company_profile,华夏基金(香港)有限公司: China Asset Management (Hong Kong) Limited,,华夏基金(香港)有限公司: China Asset Management (Hong Kong) Limited,2026-06-04T15:50:19.007144
09472,HK,akshare_eastmoney_company_profile,company_profile,华夏基金(香港)有限公司: China Asset Management (Hong Kong) Limited,,华夏基金(香港)有限公司: China Asset Management (Hong Kong) Limited,2026-06-04T15:50:19.107439
09477,HK,akshare_eastmoney_company_profile,company_profile,"中国平安资产管理(香港)有限公司: China PingAn Asset Management (HongKong) Co.,Ltd.",,"中国平安资产管理(香港)有限公司: China PingAn Asset Management (HongKong) Co.,Ltd.",2026-06-04T15:50:19.214125
09478,HK,akshare_eastmoney_company_profile,company_profile,睿亚资产管理有限公司: Premia Partners Company Limited,,睿亚资产管理有限公司: Premia Partners Company Limited,2026-06-04T15:50:19.323809
09480,HK,akshare_eastmoney_company_profile,company_profile,惠理基金管理香港有限公司: Value partners HongKong Limited,,惠理基金管理香港有限公司: Value partners HongKong Limited,2026-06-04T15:50:19.420707
09483,HK,akshare_eastmoney_company_profile,company_profile,易方达资产管理(香港)有限公司: E Fund Asset Management (Hong Kong) Limited,,易方达资产管理(香港)有限公司: E Fund Asset Management (Hong Kong) Limited,2026-06-04T15:50:19.514299
09489,HK,akshare_eastmoney_company_profile,company_profile,易方达资产管理(香港)有限公司: E Fund Asset Management (Hong Kong) Limited,,易方达资产管理(香港)有限公司: E Fund Asset Management (Hong Kong) Limited,2026-06-04T15:50:19.606725
09600,HK,akshare_eastmoney_company_profile,company_profile,新纽科技有限公司: NEWLINK TECHNOLOGY INC.,,新纽科技有限公司: NEWLINK TECHNOLOGY INC.,2026-06-04T15:50:19.708701
09606,HK,akshare_eastmoney_company_profile,company_profile,"映恩生物: Duality Biotherapeutics, Inc.",,"映恩生物: Duality Biotherapeutics, Inc.",2026-06-04T15:50:19.807007
09608,HK,akshare_eastmoney_company_profile,company_profile,宋都服务集团有限公司: Sundy Service Group Co. Ltd,,宋都服务集团有限公司: Sundy Service Group Co. Ltd,2026-06-04T15:50:19.893299
09609,HK,akshare_eastmoney_company_profile,company_profile,"河北海伟电子新材料科技股份有限公司: Hebei Haiwei Electronic New Material Technology Co., Ltd.",,"河北海伟电子新材料科技股份有限公司: Hebei Haiwei Electronic New Material Technology Co., Ltd.",2026-06-04T15:50:19.995457
09611,HK,akshare_eastmoney_company_profile,company_profile,"上海龙旗科技股份有限公司: Shanghai Longcheer Technology Co.,Ltd.",,"上海龙旗科技股份有限公司: Shanghai Longcheer Technology Co.,Ltd.",2026-06-04T15:50:20.099551
09616,HK,akshare_eastmoney_company_profile,company_profile,东软睿新科技集团有限公司: Neutech Group Limited,,东软睿新科技集团有限公司: Neutech Group Limited,2026-06-04T15:50:20.383324
09618,HK,akshare_eastmoney_company_profile,company_profile,"京东集团股份有限公司: JD.com, Inc.",,"京东集团股份有限公司: JD.com, Inc.",2026-06-04T15:50:20.552624
09626,HK,akshare_eastmoney_company_profile,company_profile,哔哩哔哩股份有限公司: Bilibili Inc.,,哔哩哔哩股份有限公司: Bilibili Inc.,2026-06-04T15:50:20.650716
09633,HK,akshare_eastmoney_company_profile,company_profile,"农夫山泉股份有限公司: NONGFU SPRING CO., LTD.",,"农夫山泉股份有限公司: NONGFU SPRING CO., LTD.",2026-06-04T15:50:20.741940
09636,HK,akshare_eastmoney_company_profile,company_profile,九方智投控股有限公司: JF SmartInvest Holdings Ltd,,九方智投控股有限公司: JF SmartInvest Holdings Ltd,2026-06-04T15:50:20.843514
09638,HK,akshare_eastmoney_company_profile,company_profile,法拉帝股份有限公司: Ferretti S.p.A.,,法拉帝股份有限公司: Ferretti S.p.A.,2026-06-04T15:50:20.939785
09639,HK,akshare_eastmoney_company_profile,company_profile,荣利营造控股有限公司: Wing Lee Development Construction Holdings Limited,,荣利营造控股有限公司: Wing Lee Development Construction Holdings Limited,2026-06-04T15:50:21.046854
09658,HK,akshare_eastmoney_company_profile,company_profile,特海国际控股有限公司: SUPER HI INTERNATIONAL HOLDING LTD.,,特海国际控股有限公司: SUPER HI INTERNATIONAL HOLDING LTD.,2026-06-04T15:50:21.166866
09660,HK,akshare_eastmoney_company_profile,company_profile,地平线: Horizon Robotics,,地平线: Horizon Robotics,2026-06-04T15:50:21.272567
09663,HK,akshare_eastmoney_company_profile,company_profile,"国鸿氢能科技(嘉兴)股份有限公司: Sino-Synergy Hydrogen Energy Technology (Jiaxing) Co., Ltd.",,"国鸿氢能科技(嘉兴)股份有限公司: Sino-Synergy Hydrogen Energy Technology (Jiaxing) Co., Ltd.",2026-06-04T15:50:21.369084
09666,HK,akshare_eastmoney_company_profile,company_profile,"金科智慧服务集团股份有限公司: Jinke Smart Services Group Co., Ltd.",,"金科智慧服务集团股份有限公司: Jinke Smart Services Group Co., Ltd.",2026-06-04T15:50:21.466673
09668,HK,akshare_eastmoney_company_profile,company_profile,"渤海银行股份有限公司: CHINA BOHAI BANK CO., LTD.",,"渤海银行股份有限公司: CHINA BOHAI BANK CO., LTD.",2026-06-04T15:50:21.575628
09669,HK,akshare_eastmoney_company_profile,company_profile,北森控股有限公司: Beisen Holding Limited,,北森控股有限公司: Beisen Holding Limited,2026-06-04T15:50:21.666877
09676,HK,akshare_eastmoney_company_profile,company_profile,"十月稻田集团股份有限公司: Shiyue Daotian Group Co., Ltd.",,"十月稻田集团股份有限公司: Shiyue Daotian Group Co., Ltd.",2026-06-04T15:50:21.773523
09677,HK,akshare_eastmoney_company_profile,company_profile,"威海银行股份有限公司: WEIHAI BANK CO.,LTD.",,"威海银行股份有限公司: WEIHAI BANK CO.,LTD.",2026-06-04T15:50:21.864284
09678,HK,akshare_eastmoney_company_profile,company_profile,"云知声智能科技股份有限公司: Unisound AI Technology Co., Ltd.",,"云知声智能科技股份有限公司: Unisound AI Technology Co., Ltd.",2026-06-04T15:50:21.967685
09680,HK,akshare_eastmoney_company_profile,company_profile,如祺出行科技有限公司: Chenqi Technology Limited,,如祺出行科技有限公司: Chenqi Technology Limited,2026-06-04T15:50:22.104779
09686,HK,akshare_eastmoney_company_profile,company_profile,熙康云医院控股有限公司: Xikang Cloud Hospital Holdings Inc.,,熙康云医院控股有限公司: Xikang Cloud Hospital Holdings Inc.,2026-06-04T15:50:22.209732
09688,HK,akshare_eastmoney_company_profile,company_profile,再鼎医药有限公司: Zai Lab Limited,,再鼎医药有限公司: Zai Lab Limited,2026-06-04T15:50:22.332928
09689,HK,akshare_eastmoney_company_profile,company_profile,金泰丰国际控股有限公司: JTF INTERNATIONAL HOLDINGS LIMITED,,金泰丰国际控股有限公司: JTF INTERNATIONAL HOLDINGS LIMITED,2026-06-04T15:50:22.431936
09690,HK,akshare_eastmoney_company_profile,company_profile,途虎养车股份有限公司: TUHU Car Inc.,,途虎养车股份有限公司: TUHU Car Inc.,2026-06-04T15:50:22.539134
09696,HK,akshare_eastmoney_company_profile,company_profile,天齐锂业股份有限公司: Tianqi Lithium Corporation,,天齐锂业股份有限公司: Tianqi Lithium Corporation,2026-06-04T15:50:22.642145
09698,HK,akshare_eastmoney_company_profile,company_profile,万国数据控股有限公司: GDS Holdings Limited,,万国数据控股有限公司: GDS Holdings Limited,2026-06-04T15:50:22.751411
09699,HK,akshare_eastmoney_company_profile,company_profile,"杭州顺丰同城实业股份有限公司: Hangzhou SF Intra-city Industrial Co., Ltd.",,"杭州顺丰同城实业股份有限公司: Hangzhou SF Intra-city Industrial Co., Ltd.",2026-06-04T15:50:22.944465
09711,HK,akshare_eastmoney_company_profile,company_profile,南方东英资产管理有限公司: CSOP Asset Management Limited,,南方东英资产管理有限公司: CSOP Asset Management Limited,2026-06-04T15:50:23.058373
09747,HK,akshare_eastmoney_company_profile,company_profile,南方东英资产管理有限公司: CSOP Asset Management Limited,,南方东英资产管理有限公司: CSOP Asset Management Limited,2026-06-04T15:50:23.153966
09766,HK,akshare_eastmoney_company_profile,company_profile,南方东英资产管理有限公司: CSOP Asset Management Limited,,南方东英资产管理有限公司: CSOP Asset Management Limited,2026-06-04T15:50:23.253387
09777,HK,akshare_eastmoney_company_profile,company_profile,南方东英资产管理有限公司: CSOP Asset Management Limited,,南方东英资产管理有限公司: CSOP Asset Management Limited,2026-06-04T15:50:23.415901
09788,HK,akshare_eastmoney_company_profile,company_profile,南方东英资产管理有限公司: CSOP Asset Management Limited,,南方东英资产管理有限公司: CSOP Asset Management Limited,2026-06-04T15:50:23.518026
09799,HK,akshare_eastmoney_company_profile,company_profile,南方东英资产管理有限公司: CSOP Asset Management Limited,,南方东英资产管理有限公司: CSOP Asset Management Limited,2026-06-04T15:50:23.622353
09801,HK,akshare_eastmoney_company_profile,company_profile,贝莱德资产管理北亚有限公司: Blackrock Asset Management North Asia Limited,,贝莱德资产管理北亚有限公司: Blackrock Asset Management North Asia Limited,2026-06-04T15:50:23.716500
09803,HK,akshare_eastmoney_company_profile,company_profile,睿亚资产管理有限公司: Premia Partners Company Limited,,睿亚资产管理有限公司: Premia Partners Company Limited,2026-06-04T15:50:23.922470
09804,HK,akshare_eastmoney_company_profile,company_profile,睿亚资产管理有限公司: Premia Partners Company Limited,,睿亚资产管理有限公司: Premia Partners Company Limited,2026-06-04T15:50:24.013278
09805,HK,akshare_eastmoney_company_profile,company_profile,"博时基金(国际)有限公司: Bosera Asset Management (International) Co., Limited",,"博时基金(国际)有限公司: Bosera Asset Management (International) Co., Limited",2026-06-04T15:50:24.104217
09806,HK,akshare_eastmoney_company_profile,company_profile,未来资产环球投资(香港)有限公司: Mirae Asset Global Investments (Hong Kong) Limited,,未来资产环球投资(香港)有限公司: Mirae Asset Global Investments (Hong Kong) Limited,2026-06-04T15:50:24.198044
09807,HK,akshare_eastmoney_company_profile,company_profile,未来资产环球投资(香港)有限公司: Mirae Asset Global Investments (Hong Kong) Limited,,未来资产环球投资(香港)有限公司: Mirae Asset Global Investments (Hong Kong) Limited,2026-06-04T15:50:24.299290
09809,HK,akshare_eastmoney_company_profile,company_profile,未来资产环球投资(香港)有限公司: Mirae Asset Global Investments (Hong Kong) Limited,,未来资产环球投资(香港)有限公司: Mirae Asset Global Investments (Hong Kong) Limited,2026-06-04T15:50:24.536596
09810,HK,akshare_eastmoney_company_profile,company_profile,睿亚资产管理有限公司: Premia Partners Company Limited,,睿亚资产管理有限公司: Premia Partners Company Limited,2026-06-04T15:50:24.636036
09812,HK,akshare_eastmoney_company_profile,company_profile,三星资产运用(香港)有限公司: Samsung Asset Management (Hong Kong) Limited,,三星资产运用(香港)有限公司: Samsung Asset Management (Hong Kong) Limited,2026-06-04T15:50:24.747955
09814,HK,akshare_eastmoney_company_profile,company_profile,三星资产运用(香港)有限公司: Samsung Asset Management (Hong Kong) Limited,,三星资产运用(香港)有限公司: Samsung Asset Management (Hong Kong) Limited,2026-06-04T15:50:25.083112
09817,HK,akshare_eastmoney_company_profile,company_profile,睿亚资产管理有限公司: Premia Partners Company Limited,,睿亚资产管理有限公司: Premia Partners Company Limited,2026-06-04T15:50:25.438961
09820,HK,akshare_eastmoney_company_profile,company_profile,未来资产环球投资(香港)有限公司: Mirae Asset Global Investments (Hong Kong) Limited,,未来资产环球投资(香港)有限公司: Mirae Asset Global Investments (Hong Kong) Limited,2026-06-04T15:50:25.535745
09824,HK,akshare_eastmoney_company_profile,company_profile,易方达资产管理(香港)有限公司: E Fund Asset Management (Hong Kong) Limited,,易方达资产管理(香港)有限公司: E Fund Asset Management (Hong Kong) Limited,2026-06-04T15:50:25.632122
09826,HK,akshare_eastmoney_company_profile,company_profile,未来资产环球投资(香港)有限公司: Mirae Asset Global Investments (Hong Kong) Limited,,未来资产环球投资(香港)有限公司: Mirae Asset Global Investments (Hong Kong) Limited,2026-06-04T15:50:25.744110
09829,HK,akshare_eastmoney_company_profile,company_profile,贝莱德资产管理北亚有限公司: Blackrock Asset Management North Asia Limited,,贝莱德资产管理北亚有限公司: Blackrock Asset Management North Asia Limited,2026-06-04T15:50:25.836894
09834,HK,akshare_eastmoney_company_profile,company_profile,贝莱德资产管理北亚有限公司: Blackrock Asset Management North Asia Limited,,贝莱德资产管理北亚有限公司: Blackrock Asset Management North Asia Limited,2026-06-04T15:50:25.933543
09836,HK,akshare_eastmoney_company_profile,company_profile,贝莱德资产管理北亚有限公司: Blackrock Asset Management North Asia Limited,,贝莱德资产管理北亚有限公司: Blackrock Asset Management North Asia Limited,2026-06-04T15:50:26.034266
09839,HK,akshare_eastmoney_company_profile,company_profile,华夏基金(香港)有限公司: China Asset Management (Hong Kong) Limited,,华夏基金(香港)有限公司: China Asset Management (Hong Kong) Limited,2026-06-04T15:50:26.136115
09840,HK,akshare_eastmoney_company_profile,company_profile,World Gold Trust Services LLC/USA: World Gold Trust Services LLC/USA,,World Gold Trust Services LLC/USA: World Gold Trust Services LLC/USA,2026-06-04T15:50:26.230577
09845,HK,akshare_eastmoney_company_profile,company_profile,未来资产环球投资(香港)有限公司: Mirae Asset Global Investments (Hong Kong) Limited,,未来资产环球投资(香港)有限公司: Mirae Asset Global Investments (Hong Kong) Limited,2026-06-04T15:50:26.345127
09846,HK,akshare_eastmoney_company_profile,company_profile,贝莱德资产管理北亚有限公司: Blackrock Asset Management North Asia Limited,,贝莱德资产管理北亚有限公司: Blackrock Asset Management North Asia Limited,2026-06-04T15:50:26.445794
09857,HK,akshare_eastmoney_company_profile,company_profile,柠萌影视传媒有限公司: Linmon Media Limited,,柠萌影视传媒有限公司: Linmon Media Limited,2026-06-04T15:50:26.651939
09858,HK,akshare_eastmoney_company_profile,company_profile,中国优然牧业集团有限公司: China Youran Dairy Group Limited,,中国优然牧业集团有限公司: China Youran Dairy Group Limited,2026-06-04T15:50:26.750270
09860,HK,akshare_eastmoney_company_profile,company_profile,艾迪康控股有限公司: ADICON Holdings Limited,,艾迪康控股有限公司: ADICON Holdings Limited,2026-06-04T15:50:26.842171
09863,HK,akshare_eastmoney_company_profile,company_profile,"浙江零跑科技股份有限公司: ZHEJIANG LEAPMOTOR TECHNOLOGY CO., LTD.",,"浙江零跑科技股份有限公司: ZHEJIANG LEAPMOTOR TECHNOLOGY CO., LTD.",2026-06-04T15:50:26.936221
09866,HK,akshare_eastmoney_company_profile,company_profile,蔚来集团: NIO Inc.,,蔚来集团: NIO Inc.,2026-06-04T15:50:27.151855
09868,HK,akshare_eastmoney_company_profile,company_profile,小鹏集团: XPeng Inc.,,小鹏集团: XPeng Inc.,2026-06-04T15:50:27.242051
09869,HK,akshare_eastmoney_company_profile,company_profile,海伦司国际控股有限公司: Helens International Holdings Company Limited,,海伦司国际控股有限公司: Helens International Holdings Company Limited,2026-06-04T15:50:27.333905
09876,HK,akshare_eastmoney_company_profile,company_profile,大洋环球控股有限公司: Ocean One Holding Ltd.,,大洋环球控股有限公司: Ocean One Holding Ltd.,2026-06-04T15:50:27.538870
09877,HK,akshare_eastmoney_company_profile,company_profile,"宁波健世科技股份有限公司: Jenscare Scientific Co., Ltd.",,"宁波健世科技股份有限公司: Jenscare Scientific Co., Ltd.",2026-06-04T15:50:27.636166
09878,HK,akshare_eastmoney_company_profile,company_profile,"汇通达网络股份有限公司: Huitongda Network Co., Ltd.",,"汇通达网络股份有限公司: Huitongda Network Co., Ltd.",2026-06-04T15:50:27.944740
09879,HK,akshare_eastmoney_company_profile,company_profile,米高集团控股有限公司: Migao Group Holdings Limited,,米高集团控股有限公司: Migao Group Holdings Limited,2026-06-04T15:50:28.041699
09880,HK,akshare_eastmoney_company_profile,company_profile,深圳市优必选科技股份有限公司: UBTECH ROBOTICS CORP LTD,,深圳市优必选科技股份有限公司: UBTECH ROBOTICS CORP LTD,2026-06-04T15:50:28.135201
09881,HK,akshare_eastmoney_company_profile,company_profile,"容大合众(厦门)科技集团股份公司: Rongta Technology (Xiamen) Group Co., Ltd.",,"容大合众(厦门)科技集团股份公司: Rongta Technology (Xiamen) Group Co., Ltd.",2026-06-04T15:50:28.235433
09882,HK,akshare_eastmoney_company_profile,company_profile,永联丰集团控股有限公司: BEST LINKING GROUP HOLDINGS LIMITED,,永联丰集团控股有限公司: BEST LINKING GROUP HOLDINGS LIMITED,2026-06-04T15:50:28.338577
09885,HK,akshare_eastmoney_company_profile,company_profile,药师帮股份有限公司: YSB Inc.,,药师帮股份有限公司: YSB Inc.,2026-06-04T15:50:28.442117
09886,HK,akshare_eastmoney_company_profile,company_profile,叮当健康科技集团有限公司: DINGDANG HEALTH TECHNOLOGY GROUP LTD.,,叮当健康科技集团有限公司: DINGDANG HEALTH TECHNOLOGY GROUP LTD.,2026-06-04T15:50:28.622947
09887,HK,akshare_eastmoney_company_profile,company_profile,"南京维立志博生物科技股份有限公司: Nanjing Leads Biolabs Co., Ltd.",,"南京维立志博生物科技股份有限公司: Nanjing Leads Biolabs Co., Ltd.",2026-06-04T15:50:28.729671
09888,HK,akshare_eastmoney_company_profile,company_profile,"百度集团股份有限公司: Baidu, Inc.",,"百度集团股份有限公司: Baidu, Inc.",2026-06-04T15:50:28.849746
09889,HK,akshare_eastmoney_company_profile,company_profile,"东莞农村商业银行股份有限公司: Dongguan Rural Commercial Bank Co., Ltd.",,"东莞农村商业银行股份有限公司: Dongguan Rural Commercial Bank Co., Ltd.",2026-06-04T15:50:28.944413
09890,HK,akshare_eastmoney_company_profile,company_profile,贪玩: Tanwan Inc.,,贪玩: Tanwan Inc.,2026-06-04T15:50:29.038383
09893,HK,akshare_eastmoney_company_profile,company_profile,比优集团控股有限公司: Pizu Group Holdings Limited,,比优集团控股有限公司: Pizu Group Holdings Limited,2026-06-04T15:50:29.133606
09896,HK,akshare_eastmoney_company_profile,company_profile,名创优品集团控股有限公司: MINISO Group Holding Limited,,名创优品集团控股有限公司: MINISO Group Holding Limited,2026-06-04T15:50:29.228812
09898,HK,akshare_eastmoney_company_profile,company_profile,微博股份有限公司: Weibo Corporation,,微博股份有限公司: Weibo Corporation,2026-06-04T15:50:29.325596
09899,HK,akshare_eastmoney_company_profile,company_profile,网易云音乐股份有限公司: NetEase Cloud Music Inc.,,网易云音乐股份有限公司: NetEase Cloud Music Inc.,2026-06-04T15:50:29.430175
09900,HK,akshare_eastmoney_company_profile,company_profile,香港智云科技建设有限公司: HONG KONG ZCLOUD TECHNOLOGY CONSTRUCTION LIMITED,,香港智云科技建设有限公司: HONG KONG ZCLOUD TECHNOLOGY CONSTRUCTION LIMITED,2026-06-04T15:50:29.528079
09901,HK,akshare_eastmoney_company_profile,company_profile,新东方教育科技集团: NEW ORIENTAL EDUCATION & TECHNOLOGY GROUP INC.,,新东方教育科技集团: NEW ORIENTAL EDUCATION & TECHNOLOGY GROUP INC.,2026-06-04T15:50:29.625877
09903,HK,akshare_eastmoney_company_profile,company_profile,"上海天数智芯半导体股份有限公司: Shanghai Iluvatar CoreX Semiconductor Co., Ltd.",,"上海天数智芯半导体股份有限公司: Shanghai Iluvatar CoreX Semiconductor Co., Ltd.",2026-06-04T15:50:29.733989
09906,HK,akshare_eastmoney_company_profile,company_profile,宏力医疗管理集团有限公司: Honliv Healthcare Management Group Company Limited,,宏力医疗管理集团有限公司: Honliv Healthcare Management Group Company Limited,2026-06-04T15:50:30.207115
09908,HK,akshare_eastmoney_company_profile,company_profile,"嘉兴市燃气集团股份有限公司: JiaXing Gas Group Co., Ltd.",,"嘉兴市燃气集团股份有限公司: JiaXing Gas Group Co., Ltd.",2026-06-04T15:50:30.306912
09909,HK,akshare_eastmoney_company_profile,company_profile,宝龙商业管理控股有限公司: Powerlong Commercial Management Holdings Limited,,宝龙商业管理控股有限公司: Powerlong Commercial Management Holdings Limited,2026-06-04T15:50:30.403729
09911,HK,akshare_eastmoney_company_profile,company_profile,赤子城科技有限公司: NEWBORN TOWN INC.,,赤子城科技有限公司: NEWBORN TOWN INC.,2026-06-04T15:50:30.896341
09913,HK,akshare_eastmoney_company_profile,company_profile,智勤控股有限公司: CHI KAN HOLDINGS LIMITED,,智勤控股有限公司: CHI KAN HOLDINGS LIMITED,2026-06-04T15:50:30.997909
09916,HK,akshare_eastmoney_company_profile,company_profile,兴业物联服务集团有限公司: Xingye Wulian Service Group Co. Ltd.,,兴业物联服务集团有限公司: Xingye Wulian Service Group Co. Ltd.,2026-06-04T15:50:31.098605
09918,HK,akshare_eastmoney_company_profile,company_profile,丽年国际控股有限公司: Wise Ally International Holdings Limited,,丽年国际控股有限公司: Wise Ally International Holdings Limited,2026-06-04T15:50:31.201765
09919,HK,akshare_eastmoney_company_profile,company_profile,艾德韦宣集团控股有限公司: Activation Group Holdings Limited,,艾德韦宣集团控股有限公司: Activation Group Holdings Limited,2026-06-04T15:50:31.295305
09922,HK,akshare_eastmoney_company_profile,company_profile,九毛九国际控股有限公司: Jiumaojiu International Holdings Limited,,九毛九国际控股有限公司: Jiumaojiu International Holdings Limited,2026-06-04T15:50:31.392976
09923,HK,akshare_eastmoney_company_profile,company_profile,移卡有限公司: Yeahka Limited,,移卡有限公司: Yeahka Limited,2026-06-04T15:50:31.487656
09926,HK,akshare_eastmoney_company_profile,company_profile,"康方生物科技(开曼)有限公司: Akeso,Inc.",,"康方生物科技(开曼)有限公司: Akeso,Inc.",2026-06-04T15:50:31.585164
09927,HK,akshare_eastmoney_company_profile,company_profile,"赛力斯集团股份有限公司: Seres Group Co.,Ltd.",,"赛力斯集团股份有限公司: Seres Group Co.,Ltd.",2026-06-04T15:50:31.678949
09928,HK,akshare_eastmoney_company_profile,company_profile,时代邻里控股有限公司: Times Neighborhood Holdings Limited,,时代邻里控股有限公司: Times Neighborhood Holdings Limited,2026-06-04T15:50:31.784214
09929,HK,akshare_eastmoney_company_profile,company_profile,澳达控股有限公司: SEM Holdings Limited,,澳达控股有限公司: SEM Holdings Limited,2026-06-04T15:50:31.909466
09930,HK,akshare_eastmoney_company_profile,company_profile,宏信建设发展有限公司: Horizon Construction Development Limited,,宏信建设发展有限公司: Horizon Construction Development Limited,2026-06-04T15:50:32.009983
09933,HK,akshare_eastmoney_company_profile,company_profile,GHW International: GHW International,,GHW International: GHW International,2026-06-04T15:50:32.179862
09936,HK,akshare_eastmoney_company_profile,company_profile,稀美资源控股有限公司: XIMEI RESOURCES HOLDING LIMITED,,稀美资源控股有限公司: XIMEI RESOURCES HOLDING LIMITED,2026-06-04T15:50:32.291748
09938,HK,akshare_eastmoney_company_profile,company_profile,华和控股集团有限公司: Wah Wo Holdings Group Limited,,华和控股集团有限公司: Wah Wo Holdings Group Limited,2026-06-04T15:50:32.473638
09939,HK,akshare_eastmoney_company_profile,company_profile,开拓药业有限公司: KINTOR PHARMACEUTICAL LIMITED,,开拓药业有限公司: KINTOR PHARMACEUTICAL LIMITED,2026-06-04T15:50:32.571120
09955,HK,akshare_eastmoney_company_profile,company_profile,智云健康科技集团: ClouDr Group Limited,,智云健康科技集团: ClouDr Group Limited,2026-06-04T15:50:32.676731
09958,HK,akshare_eastmoney_company_profile,company_profile,力天影业控股有限公司: Litian Pictures Holdings Limited,,力天影业控股有限公司: Litian Pictures Holdings Limited,2026-06-04T15:50:32.810855
09959,HK,akshare_eastmoney_company_profile,company_profile,联易融科技集团: Linklogis Inc.,,联易融科技集团: Linklogis Inc.,2026-06-04T15:50:32.907722
09960,HK,akshare_eastmoney_company_profile,company_profile,"康圣环球基因技术有限公司: Kindstar Globalgene Technology, Inc.",,"康圣环球基因技术有限公司: Kindstar Globalgene Technology, Inc.",2026-06-04T15:50:33.011159
09961,HK,akshare_eastmoney_company_profile,company_profile,携程集团有限公司: Trip.com Group Limited,,携程集团有限公司: Trip.com Group Limited,2026-06-04T15:50:33.110298
09963,HK,akshare_eastmoney_company_profile,company_profile,高科桥光导科技股份有限公司: Transtech Optelecom Science Holdings Limited,,高科桥光导科技股份有限公司: Transtech Optelecom Science Holdings Limited,2026-06-04T15:50:33.211876
09966,HK,akshare_eastmoney_company_profile,company_profile,康宁杰瑞生物制药: ALPHAMAB ONCOLOGY,,康宁杰瑞生物制药: ALPHAMAB ONCOLOGY,2026-06-04T15:50:33.399305
09968,HK,akshare_eastmoney_company_profile,company_profile,汇景控股有限公司: Huijing Holdings Company Limited,,汇景控股有限公司: Huijing Holdings Company Limited,2026-06-04T15:50:33.502924
09969,HK,akshare_eastmoney_company_profile,company_profile,诺诚健华医药有限公司: InnoCare Pharma Limited,,诺诚健华医药有限公司: InnoCare Pharma Limited,2026-06-04T15:50:33.603534
09973,HK,akshare_eastmoney_company_profile,company_profile,"奇瑞汽车股份有限公司: Chery Automobile Co., Ltd.",,"奇瑞汽车股份有限公司: Chery Automobile Co., Ltd.",2026-06-04T15:50:33.694202
09978,HK,akshare_eastmoney_company_profile,company_profile,方圆生活服务集团有限公司: Fineland Living Services Group Limited,,方圆生活服务集团有限公司: Fineland Living Services Group Limited,2026-06-04T15:50:33.789856
09979,HK,akshare_eastmoney_company_profile,company_profile,绿城管理控股有限公司: GREENTOWN MANAGEMENT HOLDINGS COMPANY LIMITED,,绿城管理控股有限公司: GREENTOWN MANAGEMENT HOLDINGS COMPANY LIMITED,2026-06-04T15:50:33.881995
09980,HK,akshare_eastmoney_company_profile,company_profile,"东鹏饮料(集团)股份有限公司: EASTROC BEVERAGE (GROUP) CO.,LTD.",,"东鹏饮料(集团)股份有限公司: EASTROC BEVERAGE (GROUP) CO.,LTD.",2026-06-04T15:50:33.984171
09981,HK,akshare_eastmoney_company_profile,company_profile,"深圳市沃尔核材股份有限公司: Shenzhen Woer Heat-Shrinkable Material Co.,Ltd.",,"深圳市沃尔核材股份有限公司: Shenzhen Woer Heat-Shrinkable Material Co.,Ltd.",2026-06-04T15:50:34.156840
09982,HK,akshare_eastmoney_company_profile,company_profile,中原建业有限公司: CENTRAL CHINA MANAGEMENT COMPANY LIMITED,,中原建业有限公司: CENTRAL CHINA MANAGEMENT COMPANY LIMITED,2026-06-04T15:50:34.257566
09983,HK,akshare_eastmoney_company_profile,company_profile,建业新生活有限公司: Central China New Life Limited,,建业新生活有限公司: Central China New Life Limited,2026-06-04T15:50:34.361797
09985,HK,akshare_eastmoney_company_profile,company_profile,卫龙美味全球控股有限公司: WEILONG Delicious Global Holdings Ltd,,卫龙美味全球控股有限公司: WEILONG Delicious Global Holdings Ltd,2026-06-04T15:50:34.460671
09986,HK,akshare_eastmoney_company_profile,company_profile,大山教育控股有限公司: DASHAN EDUCATION HOLDINGS LIMITED,,大山教育控股有限公司: DASHAN EDUCATION HOLDINGS LIMITED,2026-06-04T15:50:34.580465
09987,HK,akshare_eastmoney_company_profile,company_profile,"百胜中国控股有限公司: Yum China Holdings, Inc.",,"百胜中国控股有限公司: Yum China Holdings, Inc.",2026-06-04T15:50:34.681965
09988,HK,akshare_eastmoney_company_profile,company_profile,阿里巴巴集团控股有限公司: Alibaba Group Holding Limited,,阿里巴巴集团控股有限公司: Alibaba Group Holding Limited,2026-06-04T15:50:34.810743
09989,HK,akshare_eastmoney_company_profile,company_profile,"深圳市海普瑞药业集团股份有限公司: Shenzhen Hepalink Pharmaceutical Group Co.,Ltd.",,"深圳市海普瑞药业集团股份有限公司: Shenzhen Hepalink Pharmaceutical Group Co.,Ltd.",2026-06-04T15:50:34.920051
09990,HK,akshare_eastmoney_company_profile,company_profile,祖龙娱乐有限公司: ARCHOSAUR GAMES INC.,,祖龙娱乐有限公司: ARCHOSAUR GAMES INC.,2026-06-04T15:50:35.022011
09991,HK,akshare_eastmoney_company_profile,company_profile,宝尊电商有限公司: Baozun Inc.,,宝尊电商有限公司: Baozun Inc.,2026-06-04T15:50:35.121294
09992,HK,akshare_eastmoney_company_profile,company_profile,泡泡玛特国际集团有限公司: POP MART INTERNATIONAL GROUP LIMITED,,泡泡玛特国际集团有限公司: POP MART INTERNATIONAL GROUP LIMITED,2026-06-04T15:50:35.230022
09993,HK,akshare_eastmoney_company_profile,company_profile,金辉控股(集团)有限公司: Radiance Holdings (Group) Company Limited,,金辉控股(集团)有限公司: Radiance Holdings (Group) Company Limited,2026-06-04T15:50:35.329072
09995,HK,akshare_eastmoney_company_profile,company_profile,"荣昌生物制药(烟台)股份有限公司: RemeGen Co., Ltd.",,"荣昌生物制药(烟台)股份有限公司: RemeGen Co., Ltd.",2026-06-04T15:50:35.432132
09996,HK,akshare_eastmoney_company_profile,company_profile,沛嘉医疗有限公司: Peijia Medical Limited,,沛嘉医疗有限公司: Peijia Medical Limited,2026-06-04T15:50:35.534548
09998,HK,akshare_eastmoney_company_profile,company_profile,光荣建筑控股有限公司: Kwan Yong Holdings Limited,,光荣建筑控股有限公司: Kwan Yong Holdings Limited,2026-06-04T15:50:35.631017
09999,HK,akshare_eastmoney_company_profile,company_profile,"网易股份有限公司: NetEase, Inc.",,"网易股份有限公司: NetEase, Inc.",2026-06-04T15:50:35.736226
80016,HK,akshare_eastmoney_company_profile,company_profile,新鸿基地产发展有限公司: Sun Hung Kai Properties Limited,,新鸿基地产发展有限公司: Sun Hung Kai Properties Limited,2026-06-04T15:50:35.836707
80020,HK,akshare_eastmoney_company_profile,company_profile,商汤集团股份有限公司: SenseTime Group Inc.,,商汤集团股份有限公司: SenseTime Group Inc.,2026-06-04T15:50:35.928054
80175,HK,akshare_eastmoney_company_profile,company_profile,吉利汽车控股有限公司: Geely Automobile Holdings Limited,,吉利汽车控股有限公司: Geely Automobile Holdings Limited,2026-06-04T15:50:36.030656
80291,HK,akshare_eastmoney_company_profile,company_profile,华润啤酒(控股)有限公司: China Resources Beer (Holdings) Company Limited,,华润啤酒(控股)有限公司: China Resources Beer (Holdings) Company Limited,2026-06-04T15:50:36.125878
80388,HK,akshare_eastmoney_company_profile,company_profile,香港交易及结算所有限公司: Hong Kong Exchanges And Clearing Ltd.,,香港交易及结算所有限公司: Hong Kong Exchanges And Clearing Ltd.,2026-06-04T15:50:36.222612
80700,HK,akshare_eastmoney_company_profile,company_profile,腾讯控股有限公司: Tencent Holdings Limited,,腾讯控股有限公司: Tencent Holdings Limited,2026-06-04T15:50:36.442601
80737,HK,akshare_eastmoney_company_profile,company_profile,深圳投控湾区发展有限公司: Shenzhen Investment Holdings Bay Area Development Company Limited,,深圳投控湾区发展有限公司: Shenzhen Investment Holdings Bay Area Development Company Limited,2026-06-04T15:50:36.547544
80883,HK,akshare_eastmoney_company_profile,company_profile,中国海洋石油有限公司: CNOOC Limited,,中国海洋石油有限公司: CNOOC Limited,2026-06-04T15:50:36.961361
80941,HK,akshare_eastmoney_company_profile,company_profile,中国移动有限公司: China Mobile Limited,,中国移动有限公司: China Mobile Limited,2026-06-04T15:50:37.063452
80992,HK,akshare_eastmoney_company_profile,company_profile,联想集团有限公司: Lenovo Group Limited,,联想集团有限公司: Lenovo Group Limited,2026-06-04T15:50:37.164516
81024,HK,akshare_eastmoney_company_profile,company_profile,快手科技: Kuaishou Technology,,快手科技: Kuaishou Technology,2026-06-04T15:50:37.277609
81211,HK,akshare_eastmoney_company_profile,company_profile,比亚迪股份有限公司: BYD Company Limited,,比亚迪股份有限公司: BYD Company Limited,2026-06-04T15:50:37.379378
81299,HK,akshare_eastmoney_company_profile,company_profile,友邦保险控股有限公司: AIA Group Limited,,友邦保险控股有限公司: AIA Group Limited,2026-06-04T15:50:37.474687
81810,HK,akshare_eastmoney_company_profile,company_profile,小米集团: XIAOMI CORPORATION,,小米集团: XIAOMI CORPORATION,2026-06-04T15:50:37.570857
82020,HK,akshare_eastmoney_company_profile,company_profile,安踏体育用品有限公司: ANTA Sports Products Limited,,安踏体育用品有限公司: ANTA Sports Products Limited,2026-06-04T15:50:37.667341
82318,HK,akshare_eastmoney_company_profile,company_profile,"中国平安保险(集团)股份有限公司: Ping An Insurance (Group) Company of China, Ltd.",,"中国平安保险(集团)股份有限公司: Ping An Insurance (Group) Company of China, Ltd.",2026-06-04T15:50:37.765683
82331,HK,akshare_eastmoney_company_profile,company_profile,李宁有限公司: LI NING COMPANY LIMITED,,李宁有限公司: LI NING COMPANY LIMITED,2026-06-04T15:50:37.963080
82333,HK,akshare_eastmoney_company_profile,company_profile,长城汽车股份有限公司: Great Wall Motor Company Limited,,长城汽车股份有限公司: Great Wall Motor Company Limited,2026-06-04T15:50:38.069373
82388,HK,akshare_eastmoney_company_profile,company_profile,中银香港(控股)有限公司: BOC HONG KONG (HOLDINGS) LIMITED,,中银香港(控股)有限公司: BOC HONG KONG (HOLDINGS) LIMITED,2026-06-04T15:50:41.499322
83690,HK,akshare_eastmoney_company_profile,company_profile,美团: Meituan,,美团: Meituan,2026-06-04T15:50:41.617154
86618,HK,akshare_eastmoney_company_profile,company_profile,京东健康股份有限公司: JD Health International Inc.,,京东健康股份有限公司: JD Health International Inc.,2026-06-04T15:50:41.714701
89618,HK,akshare_eastmoney_company_profile,company_profile,"京东集团股份有限公司: JD.com, Inc.",,"京东集团股份有限公司: JD.com, Inc.",2026-06-04T15:50:41.837557
89888,HK,akshare_eastmoney_company_profile,company_profile,"百度集团股份有限公司: Baidu, Inc.",,"百度集团股份有限公司: Baidu, Inc.",2026-06-04T15:50:41.929922
89988,HK,akshare_eastmoney_company_profile,company_profile,阿里巴巴集团控股有限公司: Alibaba Group Holding Limited,,阿里巴巴集团控股有限公司: Alibaba Group Holding Limited,2026-06-04T15:50:42.029467
