stock_code,market,alias,alias_type,source,confidence,updated_at
00001,HK,00001,stock_code,stock_info_registry,1.0,2026-06-06T19:08:54.875343
00001,HK,长和,company_name,stock_info_registry,0.95,2026-06-06T19:08:54.875350
00002,HK,00002,stock_code,stock_info_registry,1.0,2026-06-06T19:08:54.875373
00002,HK,中电控股,company_name,stock_info_registry,0.95,2026-06-06T19:08:54.875376
00003,HK,00003,stock_code,stock_info_registry,1.0,2026-06-06T19:08:54.875394
00003,HK,香港中华煤气,company_name,stock_info_registry,0.95,2026-06-06T19:08:54.875396
00004,HK,00004,stock_code,stock_info_registry,1.0,2026-06-06T19:08:54.875412
00004,HK,九龙仓集团,company_name,stock_info_registry,0.95,2026-06-06T19:08:54.875414
00005,HK,00005,stock_code,stock_info_registry,1.0,2026-06-06T19:08:54.875427
00005,HK,汇丰控股,company_name,stock_info_registry,0.95,2026-06-06T19:08:54.875429
00006,HK,00006,stock_code,stock_info_registry,1.0,2026-06-06T19:08:54.875441
00006,HK,电能实业,company_name,stock_info_registry,0.95,2026-06-06T19:08:54.875443
00007,HK,00007,stock_code,stock_info_registry,1.0,2026-06-06T19:08:54.875455
00007,HK,智富资源投资,company_name,stock_info_registry,0.95,2026-06-06T19:08:54.875457
00008,HK,00008,stock_code,stock_info_registry,1.0,2026-06-06T19:08:54.875469
00008,HK,电讯盈科,company_name,stock_info_registry,0.95,2026-06-06T19:08:54.875471
00009,HK,00009,stock_code,stock_info_registry,1.0,2026-06-06T19:08:54.875483
00010,HK,00010,stock_code,stock_info_registry,1.0,2026-06-06T19:08:54.875496
00010,HK,恒隆集团,company_name,stock_info_registry,0.95,2026-06-06T19:08:54.875498
00012,HK,00012,stock_code,stock_info_registry,1.0,2026-06-06T19:08:54.875510
00012,HK,恒基地产,company_name,stock_info_registry,0.95,2026-06-06T19:08:54.875512
00013,HK,00013,stock_code,stock_info_registry,1.0,2026-06-06T19:08:54.875523
00013,HK,和黄医药,company_name,stock_info_registry,0.95,2026-06-06T19:08:54.875525
00014,HK,00014,stock_code,stock_info_registry,1.0,2026-06-06T19:08:54.875537
00014,HK,希慎兴业,company_name,stock_info_registry,0.95,2026-06-06T19:08:54.875538
00016,HK,00016,stock_code,stock_info_registry,1.0,2026-06-06T19:08:54.875550
00016,HK,新鸿基地产,company_name,stock_info_registry,0.95,2026-06-06T19:08:54.875552
00017,HK,00017,stock_code,stock_info_registry,1.0,2026-06-06T19:08:54.875563
00017,HK,新世界发展,company_name,stock_info_registry,0.95,2026-06-06T19:08:54.875565
00018,HK,00018,stock_code,stock_info_registry,1.0,2026-06-06T19:08:54.875576
00018,HK,东方传媒集团,company_name,stock_info_registry,0.95,2026-06-06T19:08:54.875578
00019,HK,00019,stock_code,stock_info_registry,1.0,2026-06-06T19:08:54.875589
00019,HK,太古股份公司A,company_name,stock_info_registry,0.95,2026-06-06T19:08:54.875591
00020,HK,00020,stock_code,stock_info_registry,1.0,2026-06-06T19:08:54.875602
00020,HK,商汤-W,company_name,stock_info_registry,0.95,2026-06-06T19:08:54.875604
00021,HK,00021,stock_code,stock_info_registry,1.0,2026-06-06T19:08:54.875615
00021,HK,大中华控股,company_name,stock_info_registry,0.95,2026-06-06T19:08:54.875617
00022,HK,00022,stock_code,stock_info_registry,1.0,2026-06-06T19:08:54.875628
00022,HK,茂盛控股,company_name,stock_info_registry,0.95,2026-06-06T19:08:54.875630
00023,HK,00023,stock_code,stock_info_registry,1.0,2026-06-06T19:08:54.875641
00023,HK,东亚银行,company_name,stock_info_registry,0.95,2026-06-06T19:08:54.875643
00025,HK,00025,stock_code,stock_info_registry,1.0,2026-06-06T19:08:54.875655
00025,HK,其士国际,company_name,stock_info_registry,0.95,2026-06-06T19:08:54.875658
00026,HK,00026,stock_code,stock_info_registry,1.0,2026-06-06T19:08:54.875672
00026,HK,中华汽车,company_name,stock_info_registry,0.95,2026-06-06T19:08:54.875674
00027,HK,00027,stock_code,stock_info_registry,1.0,2026-06-06T19:08:54.875686
00027,HK,银河娱乐,company_name,stock_info_registry,0.95,2026-06-06T19:08:54.875688
00028,HK,00028,stock_code,stock_info_registry,1.0,2026-06-06T19:08:54.875701
00028,HK,天安,company_name,stock_info_registry,0.95,2026-06-06T19:08:54.875703
00029,HK,00029,stock_code,stock_info_registry,1.0,2026-06-06T19:08:54.875714
00029,HK,达力集团,company_name,stock_info_registry,0.95,2026-06-06T19:08:54.875715
00030,HK,00030,stock_code,stock_info_registry,1.0,2026-06-06T19:08:54.875729
00030,HK,云白国际,company_name,stock_info_registry,0.95,2026-06-06T19:08:54.875731
00031,HK,00031,stock_code,stock_info_registry,1.0,2026-06-06T19:08:54.875744
00031,HK,航天控股,company_name,stock_info_registry,0.95,2026-06-06T19:08:54.875746
00032,HK,00032,stock_code,stock_info_registry,1.0,2026-06-06T19:08:54.875758
00032,HK,港通控股,company_name,stock_info_registry,0.95,2026-06-06T19:08:54.875760
00033,HK,00033,stock_code,stock_info_registry,1.0,2026-06-06T19:08:54.875771
00033,HK,INTL GENIUS,company_name,stock_info_registry,0.95,2026-06-06T19:08:54.875773
00034,HK,00034,stock_code,stock_info_registry,1.0,2026-06-06T19:08:54.875784
00034,HK,九龙建业,company_name,stock_info_registry,0.95,2026-06-06T19:08:54.875785
00035,HK,00035,stock_code,stock_info_registry,1.0,2026-06-06T19:08:54.875796
00035,HK,远东发展,company_name,stock_info_registry,0.95,2026-06-06T19:08:54.875798
00036,HK,00036,stock_code,stock_info_registry,1.0,2026-06-06T19:08:54.875809
00036,HK,远东控股国际,company_name,stock_info_registry,0.95,2026-06-06T19:08:54.875811
00037,HK,00037,stock_code,stock_info_registry,1.0,2026-06-06T19:08:54.875822
00037,HK,远东酒店实业,company_name,stock_info_registry,0.95,2026-06-06T19:08:54.875824
00038,HK,00038,stock_code,stock_info_registry,1.0,2026-06-06T19:08:54.875835
00038,HK,第一拖拉机股份,company_name,stock_info_registry,0.95,2026-06-06T19:08:54.875837
00039,HK,00039,stock_code,stock_info_registry,1.0,2026-06-06T19:08:54.875848
00039,HK,中国北大荒,company_name,stock_info_registry,0.95,2026-06-06T19:08:54.875850
00040,HK,00040,stock_code,stock_info_registry,1.0,2026-06-06T19:08:54.875861
00040,HK,金山科技工业,company_name,stock_info_registry,0.95,2026-06-06T19:08:54.875863
00041,HK,00041,stock_code,stock_info_registry,1.0,2026-06-06T19:08:54.875875
00041,HK,鹰君,company_name,stock_info_registry,0.95,2026-06-06T19:08:54.875878
00042,HK,00042,stock_code,stock_info_registry,1.0,2026-06-06T19:08:54.875891
00042,HK,东北电气,company_name,stock_info_registry,0.95,2026-06-06T19:08:54.875893
00045,HK,00045,stock_code,stock_info_registry,1.0,2026-06-06T19:08:54.875905
00045,HK,大酒店,company_name,stock_info_registry,0.95,2026-06-06T19:08:54.875907
00046,HK,00046,stock_code,stock_info_registry,1.0,2026-06-06T19:08:54.875919
00046,HK,科联系统,company_name,stock_info_registry,0.95,2026-06-06T19:08:54.875921
00048,HK,00048,stock_code,stock_info_registry,1.0,2026-06-06T19:08:54.875932
00048,HK,中国汽车内饰,company_name,stock_info_registry,0.95,2026-06-06T19:08:54.875934
00050,HK,00050,stock_code,stock_info_registry,1.0,2026-06-06T19:08:54.875946
00050,HK,香港小轮(集团),company_name,stock_info_registry,0.95,2026-06-06T19:08:54.875950
00051,HK,00051,stock_code,stock_info_registry,1.0,2026-06-06T19:08:54.875962
00051,HK,海港企业,company_name,stock_info_registry,0.95,2026-06-06T19:08:54.875964
00052,HK,00052,stock_code,stock_info_registry,1.0,2026-06-06T19:08:54.875975
00052,HK,大快活集团,company_name,stock_info_registry,0.95,2026-06-06T19:08:54.875977
00053,HK,00053,stock_code,stock_info_registry,1.0,2026-06-06T19:08:54.875988
00053,HK,国浩集团,company_name,stock_info_registry,0.95,2026-06-06T19:08:54.875990
00055,HK,00055,stock_code,stock_info_registry,1.0,2026-06-06T19:08:54.876001
00055,HK,中星集团控股,company_name,stock_info_registry,0.95,2026-06-06T19:08:54.876003
00057,HK,00057,stock_code,stock_info_registry,1.0,2026-06-06T19:08:54.876014
00057,HK,震雄集团,company_name,stock_info_registry,0.95,2026-06-06T19:08:54.876016
00058,HK,00058,stock_code,stock_info_registry,1.0,2026-06-06T19:08:54.876027
00058,HK,新威国际,company_name,stock_info_registry,0.95,2026-06-06T19:08:54.876029
00059,HK,00059,stock_code,stock_info_registry,1.0,2026-06-06T19:08:54.876040
00059,HK,天誉置业,company_name,stock_info_registry,0.95,2026-06-06T19:08:54.876042
00060,HK,00060,stock_code,stock_info_registry,1.0,2026-06-06T19:08:54.876054
00060,HK,香港食品投资,company_name,stock_info_registry,0.95,2026-06-06T19:08:54.876056
00061,HK,00061,stock_code,stock_info_registry,1.0,2026-06-06T19:08:54.876067
00061,HK,绿领控股,company_name,stock_info_registry,0.95,2026-06-06T19:08:54.876069
00062,HK,00062,stock_code,stock_info_registry,1.0,2026-06-06T19:08:54.876081
00062,HK,载通,company_name,stock_info_registry,0.95,2026-06-06T19:08:54.876083
00063,HK,00063,stock_code,stock_info_registry,1.0,2026-06-06T19:08:54.876096
00063,HK,中亚烯谷集团,company_name,stock_info_registry,0.95,2026-06-06T19:08:54.876098
00064,HK,00064,stock_code,stock_info_registry,1.0,2026-06-06T19:08:54.876109
00064,HK,结好控股,company_name,stock_info_registry,0.95,2026-06-06T19:08:54.876111
00065,HK,00065,stock_code,stock_info_registry,1.0,2026-06-06T19:08:54.876123
00065,HK,弘海高新资源,company_name,stock_info_registry,0.95,2026-06-06T19:08:54.876126
00066,HK,00066,stock_code,stock_info_registry,1.0,2026-06-06T19:08:54.876140
00066,HK,港铁公司,company_name,stock_info_registry,0.95,2026-06-06T19:08:54.876143
00068,HK,00068,stock_code,stock_info_registry,1.0,2026-06-06T19:08:54.876158
00068,HK,群核科技,company_name,stock_info_registry,0.95,2026-06-06T19:08:54.876160
00069,HK,00069,stock_code,stock_info_registry,1.0,2026-06-06T19:08:54.876171
00069,HK,香格里拉(亚洲),company_name,stock_info_registry,0.95,2026-06-06T19:08:54.876173
00070,HK,00070,stock_code,stock_info_registry,1.0,2026-06-06T19:08:54.876184
00070,HK,金粤控股,company_name,stock_info_registry,0.95,2026-06-06T19:08:54.876186
00071,HK,00071,stock_code,stock_info_registry,1.0,2026-06-06T19:08:54.876197
00071,HK,美丽华酒店,company_name,stock_info_registry,0.95,2026-06-06T19:08:54.876199
00072,HK,00072,stock_code,stock_info_registry,1.0,2026-06-06T19:08:54.876209
00072,HK,超媒体控股,company_name,stock_info_registry,0.95,2026-06-06T19:08:54.876211
00073,HK,00073,stock_code,stock_info_registry,1.0,2026-06-06T19:08:54.876222
00073,HK,亚洲果业,company_name,stock_info_registry,0.95,2026-06-06T19:08:54.876224
00075,HK,00075,stock_code,stock_info_registry,1.0,2026-06-06T19:08:54.876235
00075,HK,渝太地产,company_name,stock_info_registry,0.95,2026-06-06T19:08:54.876237
00076,HK,00076,stock_code,stock_info_registry,1.0,2026-06-06T19:08:54.876248
00076,HK,谊砾控股,company_name,stock_info_registry,0.95,2026-06-06T19:08:54.876250
00077,HK,00077,stock_code,stock_info_registry,1.0,2026-06-06T19:08:54.876261
00077,HK,进智公共交通,company_name,stock_info_registry,0.95,2026-06-06T19:08:54.876263
00078,HK,00078,stock_code,stock_info_registry,1.0,2026-06-06T19:08:54.876274
00078,HK,富豪酒店,company_name,stock_info_registry,0.95,2026-06-06T19:08:54.876276
00079,HK,00079,stock_code,stock_info_registry,1.0,2026-06-06T19:08:54.876289
00079,HK,世纪建业,company_name,stock_info_registry,0.95,2026-06-06T19:08:54.876291
00080,HK,00080,stock_code,stock_info_registry,1.0,2026-06-06T19:08:54.876304
00080,HK,CAI控股,company_name,stock_info_registry,0.95,2026-06-06T19:08:54.876306
00081,HK,00081,stock_code,stock_info_registry,1.0,2026-06-06T19:08:54.876318
00081,HK,中国海外宏洋集团,company_name,stock_info_registry,0.95,2026-06-06T19:08:54.876320
00082,HK,00082,stock_code,stock_info_registry,1.0,2026-06-06T19:08:54.876331
00082,HK,疯狂体育,company_name,stock_info_registry,0.95,2026-06-06T19:08:54.876333
00083,HK,00083,stock_code,stock_info_registry,1.0,2026-06-06T19:08:54.876343
00083,HK,信和置业,company_name,stock_info_registry,0.95,2026-06-06T19:08:54.876345
00084,HK,00084,stock_code,stock_info_registry,1.0,2026-06-06T19:08:54.876356
00084,HK,宝光实业,company_name,stock_info_registry,0.95,2026-06-06T19:08:54.876358
00085,HK,00085,stock_code,stock_info_registry,1.0,2026-06-06T19:08:54.876370
00085,HK,中电华大科技,company_name,stock_info_registry,0.95,2026-06-06T19:08:54.876372
00086,HK,00086,stock_code,stock_info_registry,1.0,2026-06-06T19:08:54.876383
00086,HK,新鸿基公司,company_name,stock_info_registry,0.95,2026-06-06T19:08:54.876385
00087,HK,00087,stock_code,stock_info_registry,1.0,2026-06-06T19:08:54.876396
00087,HK,太古股份公司B,company_name,stock_info_registry,0.95,2026-06-06T19:08:54.876398
00088,HK,00088,stock_code,stock_info_registry,1.0,2026-06-06T19:08:54.876409
00088,HK,大昌集团,company_name,stock_info_registry,0.95,2026-06-06T19:08:54.876411
00089,HK,00089,stock_code,stock_info_registry,1.0,2026-06-06T19:08:54.876422
00089,HK,大生地产,company_name,stock_info_registry,0.95,2026-06-06T19:08:54.876424
00090,HK,00090,stock_code,stock_info_registry,1.0,2026-06-06T19:08:54.876434
00090,HK,普星能量,company_name,stock_info_registry,0.95,2026-06-06T19:08:54.876436
00092,HK,00092,stock_code,stock_info_registry,1.0,2026-06-06T19:08:54.876447
00092,HK,冠军科技集团,company_name,stock_info_registry,0.95,2026-06-06T19:08:54.876449
00093,HK,00093,stock_code,stock_info_registry,1.0,2026-06-06T19:08:54.876460
00093,HK,零在科技金融,company_name,stock_info_registry,0.95,2026-06-06T19:08:54.876462
00094,HK,00094,stock_code,stock_info_registry,1.0,2026-06-06T19:08:54.876473
00094,HK,绿心集团,company_name,stock_info_registry,0.95,2026-06-06T19:08:54.876476
00095,HK,00095,stock_code,stock_info_registry,1.0,2026-06-06T19:08:54.876494
00095,HK,绿景中国地产,company_name,stock_info_registry,0.95,2026-06-06T19:08:54.876496
00096,HK,00096,stock_code,stock_info_registry,1.0,2026-06-06T19:08:54.876507
00096,HK,友成控股,company_name,stock_info_registry,0.95,2026-06-06T19:08:54.876509
00097,HK,00097,stock_code,stock_info_registry,1.0,2026-06-06T19:08:54.876520
00097,HK,恒基发展,company_name,stock_info_registry,0.95,2026-06-06T19:08:54.876522
00098,HK,00098,stock_code,stock_info_registry,1.0,2026-06-06T19:08:54.876533
00098,HK,兴发铝业,company_name,stock_info_registry,0.95,2026-06-06T19:08:54.876534
00099,HK,00099,stock_code,stock_info_registry,1.0,2026-06-06T19:08:54.876545
00099,HK,王氏国际,company_name,stock_info_registry,0.95,2026-06-06T19:08:54.876547
00100,HK,00100,stock_code,stock_info_registry,1.0,2026-06-06T19:08:54.876558
00100,HK,MINIMAX-W,company_name,stock_info_registry,0.95,2026-06-06T19:08:54.876560
00101,HK,00101,stock_code,stock_info_registry,1.0,2026-06-06T19:08:54.876571
00101,HK,恒隆地产,company_name,stock_info_registry,0.95,2026-06-06T19:08:54.876573
00103,HK,00103,stock_code,stock_info_registry,1.0,2026-06-06T19:08:54.876583
00103,HK,首佳科技,company_name,stock_info_registry,0.95,2026-06-06T19:08:54.876585
00104,HK,00104,stock_code,stock_info_registry,1.0,2026-06-06T19:08:54.876596
00104,HK,冠亚商业,company_name,stock_info_registry,0.95,2026-06-06T19:08:54.876598
00105,HK,00105,stock_code,stock_info_registry,1.0,2026-06-06T19:08:54.876609
00105,HK,凯联国际酒店,company_name,stock_info_registry,0.95,2026-06-06T19:08:54.876611
00106,HK,00106,stock_code,stock_info_registry,1.0,2026-06-06T19:08:54.876622
00106,HK,朗诗绿色管理,company_name,stock_info_registry,0.95,2026-06-06T19:08:54.876624
00107,HK,00107,stock_code,stock_info_registry,1.0,2026-06-06T19:08:54.876634
00107,HK,四川成渝高速公路,company_name,stock_info_registry,0.95,2026-06-06T19:08:54.876636
00108,HK,00108,stock_code,stock_info_registry,1.0,2026-06-06T19:08:54.876647
00108,HK,国锐生活,company_name,stock_info_registry,0.95,2026-06-06T19:08:54.876649
00110,HK,00110,stock_code,stock_info_registry,1.0,2026-06-06T19:08:54.876660
00110,HK,中国长远,company_name,stock_info_registry,0.95,2026-06-06T19:08:54.876661
00111,HK,00111,stock_code,stock_info_registry,1.0,2026-06-06T19:08:54.876672
00111,HK,信达国际控股,company_name,stock_info_registry,0.95,2026-06-06T19:08:54.876674
00113,HK,00113,stock_code,stock_info_registry,1.0,2026-06-06T19:08:54.876685
00113,HK,迪生创建,company_name,stock_info_registry,0.95,2026-06-06T19:08:54.876687
00114,HK,00114,stock_code,stock_info_registry,1.0,2026-06-06T19:08:54.876698
00114,HK,兴利集团,company_name,stock_info_registry,0.95,2026-06-06T19:08:54.876700
00115,HK,00115,stock_code,stock_info_registry,1.0,2026-06-06T19:08:54.876710
00115,HK,钧濠集团,company_name,stock_info_registry,0.95,2026-06-06T19:08:54.876712
00116,HK,00116,stock_code,stock_info_registry,1.0,2026-06-06T19:08:54.876723
00116,HK,周生生,company_name,stock_info_registry,0.95,2026-06-06T19:08:54.876725
00117,HK,00117,stock_code,stock_info_registry,1.0,2026-06-06T19:08:54.876736
00117,HK,天利控股集团,company_name,stock_info_registry,0.95,2026-06-06T19:08:54.876738
00118,HK,00118,stock_code,stock_info_registry,1.0,2026-06-06T19:08:54.876749
00118,HK,大同机械,company_name,stock_info_registry,0.95,2026-06-06T19:08:54.876751
00119,HK,00119,stock_code,stock_info_registry,1.0,2026-06-06T19:08:54.876762
00119,HK,保利置业集团,company_name,stock_info_registry,0.95,2026-06-06T19:08:54.876764
00120,HK,00120,stock_code,stock_info_registry,1.0,2026-06-06T19:08:54.876775
00120,HK,四海国际,company_name,stock_info_registry,0.95,2026-06-06T19:08:54.876776
00122,HK,00122,stock_code,stock_info_registry,1.0,2026-06-06T19:08:54.876787
00122,HK,鳄鱼恤,company_name,stock_info_registry,0.95,2026-06-06T19:08:54.876789
00123,HK,00123,stock_code,stock_info_registry,1.0,2026-06-06T19:08:54.876800
00123,HK,越秀地产,company_name,stock_info_registry,0.95,2026-06-06T19:08:54.876802
00124,HK,00124,stock_code,stock_info_registry,1.0,2026-06-06T19:08:54.876812
00124,HK,粤海置地,company_name,stock_info_registry,0.95,2026-06-06T19:08:54.876814
00125,HK,00125,stock_code,stock_info_registry,1.0,2026-06-06T19:08:54.876826
00125,HK,新兴光学,company_name,stock_info_registry,0.95,2026-06-06T19:08:54.876828
00126,HK,00126,stock_code,stock_info_registry,1.0,2026-06-06T19:08:54.876840
00126,HK,佳宁娜,company_name,stock_info_registry,0.95,2026-06-06T19:08:54.876842
00127,HK,00127,stock_code,stock_info_registry,1.0,2026-06-06T19:08:54.876854
00127,HK,华人置业,company_name,stock_info_registry,0.95,2026-06-06T19:08:54.876856
00128,HK,00128,stock_code,stock_info_registry,1.0,2026-06-06T19:08:54.876867
00128,HK,安宁控股,company_name,stock_info_registry,0.95,2026-06-06T19:08:54.876870
00129,HK,00129,stock_code,stock_info_registry,1.0,2026-06-06T19:08:54.876882
00129,HK,泛海集团,company_name,stock_info_registry,0.95,2026-06-06T19:08:54.876884
00130,HK,00130,stock_code,stock_info_registry,1.0,2026-06-06T19:08:54.876895
00130,HK,慕诗国际,company_name,stock_info_registry,0.95,2026-06-06T19:08:54.876897
00131,HK,00131,stock_code,stock_info_registry,1.0,2026-06-06T19:08:54.876908
00131,HK,卓能(集团),company_name,stock_info_registry,0.95,2026-06-06T19:08:54.876911
00132,HK,00132,stock_code,stock_info_registry,1.0,2026-06-06T19:08:54.876922
00132,HK,兴业控股,company_name,stock_info_registry,0.95,2026-06-06T19:08:54.876924
00133,HK,00133,stock_code,stock_info_registry,1.0,2026-06-06T19:08:54.876935
00133,HK,招商局中国基金,company_name,stock_info_registry,0.95,2026-06-06T19:08:54.876937
00135,HK,00135,stock_code,stock_info_registry,1.0,2026-06-06T19:08:54.876949
00135,HK,昆仑能源,company_name,stock_info_registry,0.95,2026-06-06T19:08:54.876951
00136,HK,00136,stock_code,stock_info_registry,1.0,2026-06-06T19:08:54.876962
00136,HK,中国儒意,company_name,stock_info_registry,0.95,2026-06-06T19:08:54.876964
00137,HK,00137,stock_code,stock_info_registry,1.0,2026-06-06T19:08:54.876975
00137,HK,金辉集团,company_name,stock_info_registry,0.95,2026-06-06T19:08:54.876977
00138,HK,00138,stock_code,stock_info_registry,1.0,2026-06-06T19:08:54.876988
00138,HK,中建富通,company_name,stock_info_registry,0.95,2026-06-06T19:08:54.876991
00139,HK,00139,stock_code,stock_info_registry,1.0,2026-06-06T19:08:54.877004
00139,HK,小鱼盈通,company_name,stock_info_registry,0.95,2026-06-06T19:08:54.877006
00142,HK,00142,stock_code,stock_info_registry,1.0,2026-06-06T19:08:54.877017
00142,HK,第一太平,company_name,stock_info_registry,0.95,2026-06-06T19:08:54.877019
00144,HK,00144,stock_code,stock_info_registry,1.0,2026-06-06T19:08:54.877030
00144,HK,招商局港口,company_name,stock_info_registry,0.95,2026-06-06T19:08:54.877032
00145,HK,00145,stock_code,stock_info_registry,1.0,2026-06-06T19:08:54.877043
00145,HK,信能低碳,company_name,stock_info_registry,0.95,2026-06-06T19:08:54.877045
00146,HK,00146,stock_code,stock_info_registry,1.0,2026-06-06T19:08:54.877056
00146,HK,太平地毡,company_name,stock_info_registry,0.95,2026-06-06T19:08:54.877058
00147,HK,00147,stock_code,stock_info_registry,1.0,2026-06-06T19:08:54.877068
00147,HK,国际商业结算,company_name,stock_info_registry,0.95,2026-06-06T19:08:54.877070
00148,HK,00148,stock_code,stock_info_registry,1.0,2026-06-06T19:08:54.877081
00148,HK,建滔集团,company_name,stock_info_registry,0.95,2026-06-06T19:08:54.877083
00149,HK,00149,stock_code,stock_info_registry,1.0,2026-06-06T19:08:54.877094
00149,HK,中国农产品交易,company_name,stock_info_registry,0.95,2026-06-06T19:08:54.877096
00150,HK,00150,stock_code,stock_info_registry,1.0,2026-06-06T19:08:54.877108
00150,HK,HYPEBEAST,company_name,stock_info_registry,0.95,2026-06-06T19:08:54.877110
00151,HK,00151,stock_code,stock_info_registry,1.0,2026-06-06T19:08:54.877121
00151,HK,中国旺旺,company_name,stock_info_registry,0.95,2026-06-06T19:08:54.877123
00152,HK,00152,stock_code,stock_info_registry,1.0,2026-06-06T19:08:54.877134
00152,HK,深圳国际,company_name,stock_info_registry,0.95,2026-06-06T19:08:54.877136
00154,HK,00154,stock_code,stock_info_registry,1.0,2026-06-06T19:08:54.877148
00154,HK,北京控股环境集团,company_name,stock_info_registry,0.95,2026-06-06T19:08:54.877150
00156,HK,00156,stock_code,stock_info_registry,1.0,2026-06-06T19:08:54.877162
00156,HK,力宝华润,company_name,stock_info_registry,0.95,2026-06-06T19:08:54.877164
00157,HK,00157,stock_code,stock_info_registry,1.0,2026-06-06T19:08:54.877175
00157,HK,自然美,company_name,stock_info_registry,0.95,2026-06-06T19:08:54.877177
00158,HK,00158,stock_code,stock_info_registry,1.0,2026-06-06T19:08:54.877188
00158,HK,万邦投资,company_name,stock_info_registry,0.95,2026-06-06T19:08:54.877190
00159,HK,00159,stock_code,stock_info_registry,1.0,2026-06-06T19:08:54.877203
00159,HK,布莱克万矿业,company_name,stock_info_registry,0.95,2026-06-06T19:08:54.877205
00160,HK,00160,stock_code,stock_info_registry,1.0,2026-06-06T19:08:54.877216
00160,HK,汉国置业,company_name,stock_info_registry,0.95,2026-06-06T19:08:54.877218
00162,HK,00162,stock_code,stock_info_registry,1.0,2026-06-06T19:08:54.877229
00162,HK,世纪金花,company_name,stock_info_registry,0.95,2026-06-06T19:08:54.877231
00163,HK,00163,stock_code,stock_info_registry,1.0,2026-06-06T19:08:54.877242
00163,HK,英皇国际,company_name,stock_info_registry,0.95,2026-06-06T19:08:54.877244
00164,HK,00164,stock_code,stock_info_registry,1.0,2026-06-06T19:08:54.877254
00164,HK,中国宝力科技,company_name,stock_info_registry,0.95,2026-06-06T19:08:54.877256
00165,HK,00165,stock_code,stock_info_registry,1.0,2026-06-06T19:08:54.877267
00165,HK,中国光大控股,company_name,stock_info_registry,0.95,2026-06-06T19:08:54.877269
00166,HK,00166,stock_code,stock_info_registry,1.0,2026-06-06T19:08:54.877280
00166,HK,新时代集团控股,company_name,stock_info_registry,0.95,2026-06-06T19:08:54.877282
00167,HK,00167,stock_code,stock_info_registry,1.0,2026-06-06T19:08:54.877293
00167,HK,万威国际,company_name,stock_info_registry,0.95,2026-06-06T19:08:54.877295
00168,HK,00168,stock_code,stock_info_registry,1.0,2026-06-06T19:08:54.877306
00168,HK,青岛啤酒股份,company_name,stock_info_registry,0.95,2026-06-06T19:08:54.877307
00169,HK,00169,stock_code,stock_info_registry,1.0,2026-06-06T19:08:54.877319
00169,HK,万达酒店发展,company_name,stock_info_registry,0.95,2026-06-06T19:08:54.877322
00171,HK,00171,stock_code,stock_info_registry,1.0,2026-06-06T19:08:54.877336
00171,HK,银建国际,company_name,stock_info_registry,0.95,2026-06-06T19:08:54.877338
00173,HK,00173,stock_code,stock_info_registry,1.0,2026-06-06T19:08:54.877350
00173,HK,嘉华国际,company_name,stock_info_registry,0.95,2026-06-06T19:08:54.877352
00174,HK,00174,stock_code,stock_info_registry,1.0,2026-06-06T19:08:54.877363
00174,HK,盛洋投资,company_name,stock_info_registry,0.95,2026-06-06T19:08:54.877365
00175,HK,00175,stock_code,stock_info_registry,1.0,2026-06-06T19:08:54.877377
00175,HK,吉利汽车,company_name,stock_info_registry,0.95,2026-06-06T19:08:54.877379
00176,HK,00176,stock_code,stock_info_registry,1.0,2026-06-06T19:08:54.877390
00176,HK,先机企业集团,company_name,stock_info_registry,0.95,2026-06-06T19:08:54.877392
00177,HK,00177,stock_code,stock_info_registry,1.0,2026-06-06T19:08:54.877405
00177,HK,江苏宁沪高速公路,company_name,stock_info_registry,0.95,2026-06-06T19:08:54.877407
00178,HK,00178,stock_code,stock_info_registry,1.0,2026-06-06T19:08:54.877419
00178,HK,莎莎国际,company_name,stock_info_registry,0.95,2026-06-06T19:08:54.877421
00179,HK,00179,stock_code,stock_info_registry,1.0,2026-06-06T19:08:54.877433
00179,HK,德昌电机控股,company_name,stock_info_registry,0.95,2026-06-06T19:08:54.877434
00180,HK,00180,stock_code,stock_info_registry,1.0,2026-06-06T19:08:54.877446
00180,HK,开达集团,company_name,stock_info_registry,0.95,2026-06-06T19:08:54.877448
00181,HK,00181,stock_code,stock_info_registry,1.0,2026-06-06T19:08:54.877463
00181,HK,闽港控股,company_name,stock_info_registry,0.95,2026-06-06T19:08:54.877466
00182,HK,00182,stock_code,stock_info_registry,1.0,2026-06-06T19:08:54.877477
00182,HK,协合新能源,company_name,stock_info_registry,0.95,2026-06-06T19:08:54.877479
00183,HK,00183,stock_code,stock_info_registry,1.0,2026-06-06T19:08:54.877491
00183,HK,宏辉集团,company_name,stock_info_registry,0.95,2026-06-06T19:08:54.877493
00184,HK,00184,stock_code,stock_info_registry,1.0,2026-06-06T19:08:54.877503
00184,HK,激成投资,company_name,stock_info_registry,0.95,2026-06-06T19:08:54.877505
00185,HK,00185,stock_code,stock_info_registry,1.0,2026-06-06T19:08:54.877516
00185,HK,正商实业,company_name,stock_info_registry,0.95,2026-06-06T19:08:54.877520
00186,HK,00186,stock_code,stock_info_registry,1.0,2026-06-06T19:08:54.877531
00186,HK,敏捷控股,company_name,stock_info_registry,0.95,2026-06-06T19:08:54.877533
00187,HK,00187,stock_code,stock_info_registry,1.0,2026-06-06T19:08:54.877543
00187,HK,京城机电股份,company_name,stock_info_registry,0.95,2026-06-06T19:08:54.877545
00188,HK,00188,stock_code,stock_info_registry,1.0,2026-06-06T19:08:54.877556
00188,HK,新华汇富金融,company_name,stock_info_registry,0.95,2026-06-06T19:08:54.877558
00189,HK,00189,stock_code,stock_info_registry,1.0,2026-06-06T19:08:54.877569
00189,HK,东岳集团,company_name,stock_info_registry,0.95,2026-06-06T19:08:54.877571
00191,HK,00191,stock_code,stock_info_registry,1.0,2026-06-06T19:08:54.877584
00191,HK,丽新国际,company_name,stock_info_registry,0.95,2026-06-06T19:08:54.877586
00193,HK,00193,stock_code,stock_info_registry,1.0,2026-06-06T19:08:54.877599
00193,HK,冠中地产,company_name,stock_info_registry,0.95,2026-06-06T19:08:54.877601
00194,HK,00194,stock_code,stock_info_registry,1.0,2026-06-06T19:08:54.877613
00194,HK,廖创兴企业,company_name,stock_info_registry,0.95,2026-06-06T19:08:54.877615
00195,HK,00195,stock_code,stock_info_registry,1.0,2026-06-06T19:08:54.877627
00195,HK,绿科科技国际,company_name,stock_info_registry,0.95,2026-06-06T19:08:54.877629
00196,HK,00196,stock_code,stock_info_registry,1.0,2026-06-06T19:08:54.877640
00196,HK,宏华集团,company_name,stock_info_registry,0.95,2026-06-06T19:08:54.877642
00197,HK,00197,stock_code,stock_info_registry,1.0,2026-06-06T19:08:54.877653
00197,HK,亨泰,company_name,stock_info_registry,0.95,2026-06-06T19:08:54.877655
00199,HK,00199,stock_code,stock_info_registry,1.0,2026-06-06T19:08:54.877667
00199,HK,德祥地产,company_name,stock_info_registry,0.95,2026-06-06T19:08:54.877669
00200,HK,00200,stock_code,stock_info_registry,1.0,2026-06-06T19:08:54.877683
00200,HK,新濠国际发展,company_name,stock_info_registry,0.95,2026-06-06T19:08:54.877685
00201,HK,00201,stock_code,stock_info_registry,1.0,2026-06-06T19:08:54.877697
00201,HK,华大酒店,company_name,stock_info_registry,0.95,2026-06-06T19:08:54.877699
00202,HK,00202,stock_code,stock_info_registry,1.0,2026-06-06T19:08:54.877712
00202,HK,润中国际控股,company_name,stock_info_registry,0.95,2026-06-06T19:08:54.877715
00204,HK,00204,stock_code,stock_info_registry,1.0,2026-06-06T19:08:54.877728
00204,HK,资本界金控,company_name,stock_info_registry,0.95,2026-06-06T19:08:54.877730
00205,HK,00205,stock_code,stock_info_registry,1.0,2026-06-06T19:08:54.877741
00205,HK,BFB HEALTH,company_name,stock_info_registry,0.95,2026-06-06T19:08:54.877743
00206,HK,00206,stock_code,stock_info_registry,1.0,2026-06-06T19:08:54.877754
00206,HK,华商能源,company_name,stock_info_registry,0.95,2026-06-06T19:08:54.877757
00209,HK,00209,stock_code,stock_info_registry,1.0,2026-06-06T19:08:54.877771
00209,HK,万维智能科技,company_name,stock_info_registry,0.95,2026-06-06T19:08:54.877773
00210,HK,00210,stock_code,stock_info_registry,1.0,2026-06-06T19:08:54.877786
00210,HK,达芙妮国际,company_name,stock_info_registry,0.95,2026-06-06T19:08:54.877788
00211,HK,00211,stock_code,stock_info_registry,1.0,2026-06-06T19:08:54.877799
00211,HK,大凌集团,company_name,stock_info_registry,0.95,2026-06-06T19:08:54.877801
00212,HK,00212,stock_code,stock_info_registry,1.0,2026-06-06T19:08:54.877814
00212,HK,南洋集团,company_name,stock_info_registry,0.95,2026-06-06T19:08:54.877816
00213,HK,00213,stock_code,stock_info_registry,1.0,2026-06-06T19:08:54.877831
00213,HK,乐声电子,company_name,stock_info_registry,0.95,2026-06-06T19:08:54.877833
00214,HK,00214,stock_code,stock_info_registry,1.0,2026-06-06T19:08:54.877847
00214,HK,汇汉控股,company_name,stock_info_registry,0.95,2026-06-06T19:08:54.877850
00215,HK,00215,stock_code,stock_info_registry,1.0,2026-06-06T19:08:54.877862
00215,HK,和记电讯香港,company_name,stock_info_registry,0.95,2026-06-06T19:08:54.877865
00216,HK,00216,stock_code,stock_info_registry,1.0,2026-06-06T19:08:54.877877
00216,HK,建业实业,company_name,stock_info_registry,0.95,2026-06-06T19:08:54.877880
00217,HK,00217,stock_code,stock_info_registry,1.0,2026-06-06T19:08:54.877893
00217,HK,中国诚通发展集团,company_name,stock_info_registry,0.95,2026-06-06T19:08:54.877895
00218,HK,00218,stock_code,stock_info_registry,1.0,2026-06-06T19:08:54.877906
00218,HK,申万宏源香港,company_name,stock_info_registry,0.95,2026-06-06T19:08:54.877908
00219,HK,00219,stock_code,stock_info_registry,1.0,2026-06-06T19:08:54.877919
00219,HK,顺豪物业,company_name,stock_info_registry,0.95,2026-06-06T19:08:54.877921
00220,HK,00220,stock_code,stock_info_registry,1.0,2026-06-06T19:08:54.877934
00220,HK,统一企业中国,company_name,stock_info_registry,0.95,2026-06-06T19:08:54.877936
00222,HK,00222,stock_code,stock_info_registry,1.0,2026-06-06T19:08:54.877951
00222,HK,闽信集团,company_name,stock_info_registry,0.95,2026-06-06T19:08:54.877953
00223,HK,00223,stock_code,stock_info_registry,1.0,2026-06-06T19:08:54.877964
00223,HK,易生活控股,company_name,stock_info_registry,0.95,2026-06-06T19:08:54.877966
00224,HK,00224,stock_code,stock_info_registry,1.0,2026-06-06T19:08:54.877978
00224,HK,建生国际,company_name,stock_info_registry,0.95,2026-06-06T19:08:54.877980
00225,HK,00225,stock_code,stock_info_registry,1.0,2026-06-06T19:08:54.877991
00225,HK,博富临置业,company_name,stock_info_registry,0.95,2026-06-06T19:08:54.877992
00227,HK,00227,stock_code,stock_info_registry,1.0,2026-06-06T19:08:54.878003
00227,HK,第一上海,company_name,stock_info_registry,0.95,2026-06-06T19:08:54.878005
00228,HK,00228,stock_code,stock_info_registry,1.0,2026-06-06T19:08:54.878016
00228,HK,中能控股,company_name,stock_info_registry,0.95,2026-06-06T19:08:54.878017
00229,HK,00229,stock_code,stock_info_registry,1.0,2026-06-06T19:08:54.878028
00229,HK,利民实业,company_name,stock_info_registry,0.95,2026-06-06T19:08:54.878030
00232,HK,00232,stock_code,stock_info_registry,1.0,2026-06-06T19:08:54.878041
00232,HK,大陆航空科技控股,company_name,stock_info_registry,0.95,2026-06-06T19:08:54.878042
00234,HK,00234,stock_code,stock_info_registry,1.0,2026-06-06T19:08:54.878053
00234,HK,新世纪集团,company_name,stock_info_registry,0.95,2026-06-06T19:08:54.878055
00235,HK,00235,stock_code,stock_info_registry,1.0,2026-06-06T19:08:54.878066
00235,HK,中策资本控股,company_name,stock_info_registry,0.95,2026-06-06T19:08:54.878068
00236,HK,00236,stock_code,stock_info_registry,1.0,2026-06-06T19:08:54.878079
00236,HK,香港生力啤,company_name,stock_info_registry,0.95,2026-06-06T19:08:54.878081
00237,HK,00237,stock_code,stock_info_registry,1.0,2026-06-06T19:08:54.878092
00237,HK,安全货仓,company_name,stock_info_registry,0.95,2026-06-06T19:08:54.878094
00239,HK,00239,stock_code,stock_info_registry,1.0,2026-06-06T19:08:54.878105
00239,HK,白花油,company_name,stock_info_registry,0.95,2026-06-06T19:08:54.878106
00240,HK,00240,stock_code,stock_info_registry,1.0,2026-06-06T19:08:54.878117
00240,HK,利基控股,company_name,stock_info_registry,0.95,2026-06-06T19:08:54.878119
00241,HK,00241,stock_code,stock_info_registry,1.0,2026-06-06T19:08:54.878130
00241,HK,阿里健康,company_name,stock_info_registry,0.95,2026-06-06T19:08:54.878132
00242,HK,00242,stock_code,stock_info_registry,1.0,2026-06-06T19:08:54.878142
00242,HK,信德集团,company_name,stock_info_registry,0.95,2026-06-06T19:08:54.878144
00243,HK,00243,stock_code,stock_info_registry,1.0,2026-06-06T19:08:54.878155
00243,HK,品质国际,company_name,stock_info_registry,0.95,2026-06-06T19:08:54.878156
00244,HK,00244,stock_code,stock_info_registry,1.0,2026-06-06T19:08:54.878167
00244,HK,先施,company_name,stock_info_registry,0.95,2026-06-06T19:08:54.878169
00245,HK,00245,stock_code,stock_info_registry,1.0,2026-06-06T19:08:54.878179
00245,HK,中薇金融,company_name,stock_info_registry,0.95,2026-06-06T19:08:54.878181
00247,HK,00247,stock_code,stock_info_registry,1.0,2026-06-06T19:08:54.878192
00247,HK,尖沙咀置业,company_name,stock_info_registry,0.95,2026-06-06T19:08:54.878194
00248,HK,00248,stock_code,stock_info_registry,1.0,2026-06-06T19:08:54.878204
00248,HK,香港通讯国际控股,company_name,stock_info_registry,0.95,2026-06-06T19:08:54.878206
00251,HK,00251,stock_code,stock_info_registry,1.0,2026-06-06T19:08:54.878217
00251,HK,爪哇控股,company_name,stock_info_registry,0.95,2026-06-06T19:08:54.878218
00252,HK,00252,stock_code,stock_info_registry,1.0,2026-06-06T19:08:54.878229
00252,HK,华信地产财务,company_name,stock_info_registry,0.95,2026-06-06T19:08:54.878231
00253,HK,00253,stock_code,stock_info_registry,1.0,2026-06-06T19:08:54.878241
00253,HK,顺豪控股,company_name,stock_info_registry,0.95,2026-06-06T19:08:54.878243
00254,HK,00254,stock_code,stock_info_registry,1.0,2026-06-06T19:08:54.878254
00254,HK,国家联合资源,company_name,stock_info_registry,0.95,2026-06-06T19:08:54.878255
00255,HK,00255,stock_code,stock_info_registry,1.0,2026-06-06T19:08:54.878266
00255,HK,龙记集团,company_name,stock_info_registry,0.95,2026-06-06T19:08:54.878268
00256,HK,00256,stock_code,stock_info_registry,1.0,2026-06-06T19:08:54.878278
00256,HK,冠城钟表珠宝,company_name,stock_info_registry,0.95,2026-06-06T19:08:54.878280
00257,HK,00257,stock_code,stock_info_registry,1.0,2026-06-06T19:08:54.878290
00257,HK,光大环境,company_name,stock_info_registry,0.95,2026-06-06T19:08:54.878292
00258,HK,00258,stock_code,stock_info_registry,1.0,2026-06-06T19:08:54.878303
00258,HK,汤臣集团,company_name,stock_info_registry,0.95,2026-06-06T19:08:54.878305
00259,HK,00259,stock_code,stock_info_registry,1.0,2026-06-06T19:08:54.878315
00259,HK,亿都(国际控股),company_name,stock_info_registry,0.95,2026-06-06T19:08:54.878317
00261,HK,00261,stock_code,stock_info_registry,1.0,2026-06-06T19:08:54.878327
00261,HK,GBA集团,company_name,stock_info_registry,0.95,2026-06-06T19:08:54.878329
00262,HK,00262,stock_code,stock_info_registry,1.0,2026-06-06T19:08:54.878340
00262,HK,迪臣发展国际,company_name,stock_info_registry,0.95,2026-06-06T19:08:54.878342
00264,HK,00264,stock_code,stock_info_registry,1.0,2026-06-06T19:08:54.878352
00264,HK,中联发展控股,company_name,stock_info_registry,0.95,2026-06-06T19:08:54.878354
00265,HK,00265,stock_code,stock_info_registry,1.0,2026-06-06T19:08:54.878365
00265,HK,港誉智慧城市服务,company_name,stock_info_registry,0.95,2026-06-06T19:08:54.878367
00266,HK,00266,stock_code,stock_info_registry,1.0,2026-06-06T19:08:54.878377
00266,HK,天德地产,company_name,stock_info_registry,0.95,2026-06-06T19:08:54.878379
00267,HK,00267,stock_code,stock_info_registry,1.0,2026-06-06T19:08:54.878389
00267,HK,中信股份,company_name,stock_info_registry,0.95,2026-06-06T19:08:54.878391
00268,HK,00268,stock_code,stock_info_registry,1.0,2026-06-06T19:08:54.878402
00268,HK,金蝶国际,company_name,stock_info_registry,0.95,2026-06-06T19:08:54.878403
00269,HK,00269,stock_code,stock_info_registry,1.0,2026-06-06T19:08:54.878414
00269,HK,中国资源交通,company_name,stock_info_registry,0.95,2026-06-06T19:08:54.878416
00270,HK,00270,stock_code,stock_info_registry,1.0,2026-06-06T19:08:54.878426
00270,HK,粤海投资,company_name,stock_info_registry,0.95,2026-06-06T19:08:54.878428
00271,HK,00271,stock_code,stock_info_registry,1.0,2026-06-06T19:08:54.878439
00271,HK,亚证地产,company_name,stock_info_registry,0.95,2026-06-06T19:08:54.878440
00272,HK,00272,stock_code,stock_info_registry,1.0,2026-06-06T19:08:54.878452
00272,HK,瑞安房地产,company_name,stock_info_registry,0.95,2026-06-06T19:08:54.878453
00274,HK,00274,stock_code,stock_info_registry,1.0,2026-06-06T19:08:54.878464
00274,HK,复兴亚洲,company_name,stock_info_registry,0.95,2026-06-06T19:08:54.878466
00276,HK,00276,stock_code,stock_info_registry,1.0,2026-06-06T19:08:54.878476
00276,HK,蒙古能源,company_name,stock_info_registry,0.95,2026-06-06T19:08:54.878478
00277,HK,00277,stock_code,stock_info_registry,1.0,2026-06-06T19:08:54.878488
00277,HK,太兴置业,company_name,stock_info_registry,0.95,2026-06-06T19:08:54.878490
00279,HK,00279,stock_code,stock_info_registry,1.0,2026-06-06T19:08:54.878501
00279,HK,裕承科金,company_name,stock_info_registry,0.95,2026-06-06T19:08:54.878503
00280,HK,00280,stock_code,stock_info_registry,1.0,2026-06-06T19:08:54.878513
00280,HK,景福集团,company_name,stock_info_registry,0.95,2026-06-06T19:08:54.878515
00285,HK,00285,stock_code,stock_info_registry,1.0,2026-06-06T19:08:54.878525
00285,HK,比亚迪电子,company_name,stock_info_registry,0.95,2026-06-06T19:08:54.878527
00286,HK,00286,stock_code,stock_info_registry,1.0,2026-06-06T19:08:54.878538
00286,HK,爱帝宫,company_name,stock_info_registry,0.95,2026-06-06T19:08:54.878540
00287,HK,00287,stock_code,stock_info_registry,1.0,2026-06-06T19:08:54.878550
00287,HK,永发置业,company_name,stock_info_registry,0.95,2026-06-06T19:08:54.878553
00288,HK,00288,stock_code,stock_info_registry,1.0,2026-06-06T19:08:54.878564
00288,HK,万洲国际,company_name,stock_info_registry,0.95,2026-06-06T19:08:54.878566
00289,HK,00289,stock_code,stock_info_registry,1.0,2026-06-06T19:08:54.878576
00289,HK,永安国际,company_name,stock_info_registry,0.95,2026-06-06T19:08:54.878578
00290,HK,00290,stock_code,stock_info_registry,1.0,2026-06-06T19:08:54.878589
00290,HK,国富量子(五百),company_name,stock_info_registry,0.95,2026-06-06T19:08:54.878591
00291,HK,00291,stock_code,stock_info_registry,1.0,2026-06-06T19:08:54.878601
00291,HK,华润啤酒,company_name,stock_info_registry,0.95,2026-06-06T19:08:54.878603
00293,HK,00293,stock_code,stock_info_registry,1.0,2026-06-06T19:08:54.878613
00293,HK,国泰航空,company_name,stock_info_registry,0.95,2026-06-06T19:08:54.878615
00294,HK,00294,stock_code,stock_info_registry,1.0,2026-06-06T19:08:54.878626
00294,HK,长江制衣,company_name,stock_info_registry,0.95,2026-06-06T19:08:54.878628
00295,HK,00295,stock_code,stock_info_registry,1.0,2026-06-06T19:08:54.878638
00295,HK,江山控股,company_name,stock_info_registry,0.95,2026-06-06T19:08:54.878640
00296,HK,00296,stock_code,stock_info_registry,1.0,2026-06-06T19:08:54.878651
00296,HK,英皇娱乐酒店,company_name,stock_info_registry,0.95,2026-06-06T19:08:54.878652
00297,HK,00297,stock_code,stock_info_registry,1.0,2026-06-06T19:08:54.878665
00297,HK,中化化肥,company_name,stock_info_registry,0.95,2026-06-06T19:08:54.878667
00298,HK,00298,stock_code,stock_info_registry,1.0,2026-06-06T19:08:54.878681
00298,HK,庄士中国,company_name,stock_info_registry,0.95,2026-06-06T19:08:54.878682
00299,HK,00299,stock_code,stock_info_registry,1.0,2026-06-06T19:08:54.878694
00299,HK,宝新置地,company_name,stock_info_registry,0.95,2026-06-06T19:08:54.878696
00300,HK,00300,stock_code,stock_info_registry,1.0,2026-06-06T19:08:54.878707
00300,HK,美的集团,company_name,stock_info_registry,0.95,2026-06-06T19:08:54.878709
00301,HK,00301,stock_code,stock_info_registry,1.0,2026-06-06T19:08:54.878721
00301,HK,三和精化,company_name,stock_info_registry,0.95,2026-06-06T19:08:54.878723
00302,HK,00302,stock_code,stock_info_registry,1.0,2026-06-06T19:08:54.878734
00302,HK,中手游,company_name,stock_info_registry,0.95,2026-06-06T19:08:54.878736
00303,HK,00303,stock_code,stock_info_registry,1.0,2026-06-06T19:08:54.878747
00303,HK,伟易达集团,company_name,stock_info_registry,0.95,2026-06-06T19:08:54.878749
00305,HK,00305,stock_code,stock_info_registry,1.0,2026-06-06T19:08:54.878760
00305,HK,五菱汽车,company_name,stock_info_registry,0.95,2026-06-06T19:08:54.878762
00306,HK,00306,stock_code,stock_info_registry,1.0,2026-06-06T19:08:54.878773
00306,HK,冠忠巴士集团,company_name,stock_info_registry,0.95,2026-06-06T19:08:54.878774
00308,HK,00308,stock_code,stock_info_registry,1.0,2026-06-06T19:08:54.878785
00308,HK,香港中旅,company_name,stock_info_registry,0.95,2026-06-06T19:08:54.878787
00309,HK,00309,stock_code,stock_info_registry,1.0,2026-06-06T19:08:54.878797
00309,HK,新华通讯频媒,company_name,stock_info_registry,0.95,2026-06-06T19:08:54.878799
00310,HK,00310,stock_code,stock_info_registry,1.0,2026-06-06T19:08:54.878812
00310,HK,嘉进投资国际,company_name,stock_info_registry,0.95,2026-06-06T19:08:54.878813
00311,HK,00311,stock_code,stock_info_registry,1.0,2026-06-06T19:08:54.878825
00311,HK,联泰控股,company_name,stock_info_registry,0.95,2026-06-06T19:08:54.878826
00312,HK,00312,stock_code,stock_info_registry,1.0,2026-06-06T19:08:54.878837
00312,HK,岁宝百货,company_name,stock_info_registry,0.95,2026-06-06T19:08:54.878839
00313,HK,00313,stock_code,stock_info_registry,1.0,2026-06-06T19:08:54.878849
00313,HK,裕田中国,company_name,stock_info_registry,0.95,2026-06-06T19:08:54.878851
00314,HK,00314,stock_code,stock_info_registry,1.0,2026-06-06T19:08:54.878862
00314,HK,思派健康,company_name,stock_info_registry,0.95,2026-06-06T19:08:54.878864
00315,HK,00315,stock_code,stock_info_registry,1.0,2026-06-06T19:08:54.878878
00315,HK,数码通电讯,company_name,stock_info_registry,0.95,2026-06-06T19:08:54.878880
00316,HK,00316,stock_code,stock_info_registry,1.0,2026-06-06T19:08:54.878893
00316,HK,东方海外国际,company_name,stock_info_registry,0.95,2026-06-06T19:08:54.878895
00317,HK,00317,stock_code,stock_info_registry,1.0,2026-06-06T19:08:54.878906
00317,HK,中船防务,company_name,stock_info_registry,0.95,2026-06-06T19:08:54.878908
00318,HK,00318,stock_code,stock_info_registry,1.0,2026-06-06T19:08:54.878919
00318,HK,黄河实业,company_name,stock_info_registry,0.95,2026-06-06T19:08:54.878921
00320,HK,00320,stock_code,stock_info_registry,1.0,2026-06-06T19:08:54.878933
00320,HK,金宝通,company_name,stock_info_registry,0.95,2026-06-06T19:08:54.878935
00321,HK,00321,stock_code,stock_info_registry,1.0,2026-06-06T19:08:54.878947
00321,HK,德永佳集团,company_name,stock_info_registry,0.95,2026-06-06T19:08:54.878948
00322,HK,00322,stock_code,stock_info_registry,1.0,2026-06-06T19:08:54.878960
00322,HK,康师傅控股,company_name,stock_info_registry,0.95,2026-06-06T19:08:54.878962
00323,HK,00323,stock_code,stock_info_registry,1.0,2026-06-06T19:08:54.878973
00323,HK,马鞍山钢铁股份,company_name,stock_info_registry,0.95,2026-06-06T19:08:54.878975
00325,HK,00325,stock_code,stock_info_registry,1.0,2026-06-06T19:08:54.878987
00325,HK,布鲁可,company_name,stock_info_registry,0.95,2026-06-06T19:08:54.878988
00326,HK,00326,stock_code,stock_info_registry,1.0,2026-06-06T19:08:54.878999
00326,HK,中国星集团,company_name,stock_info_registry,0.95,2026-06-06T19:08:54.879001
00327,HK,00327,stock_code,stock_info_registry,1.0,2026-06-06T19:08:54.879011
00327,HK,百富环球,company_name,stock_info_registry,0.95,2026-06-06T19:08:54.879013
00328,HK,00328,stock_code,stock_info_registry,1.0,2026-06-06T19:08:54.879024
00328,HK,爱高集团,company_name,stock_info_registry,0.95,2026-06-06T19:08:54.879025
00329,HK,00329,stock_code,stock_info_registry,1.0,2026-06-06T19:08:54.879036
00329,HK,东建国际,company_name,stock_info_registry,0.95,2026-06-06T19:08:54.879038
00330,HK,00330,stock_code,stock_info_registry,1.0,2026-06-06T19:08:54.879049
00331,HK,00331,stock_code,stock_info_registry,1.0,2026-06-06T19:08:54.879059
00331,HK,丰盛生活服务,company_name,stock_info_registry,0.95,2026-06-06T19:08:54.879061
00332,HK,00332,stock_code,stock_info_registry,1.0,2026-06-06T19:08:54.879073
00332,HK,元亨燃气,company_name,stock_info_registry,0.95,2026-06-06T19:08:54.879075
00333,HK,00333,stock_code,stock_info_registry,1.0,2026-06-06T19:08:54.879086
00333,HK,黛丽斯国际,company_name,stock_info_registry,0.95,2026-06-06T19:08:54.879087
00334,HK,00334,stock_code,stock_info_registry,1.0,2026-06-06T19:08:54.879098
00334,HK,华显光电,company_name,stock_info_registry,0.95,2026-06-06T19:08:54.879100
00335,HK,00335,stock_code,stock_info_registry,1.0,2026-06-06T19:08:54.879110
00335,HK,美建集团,company_name,stock_info_registry,0.95,2026-06-06T19:08:54.879112
00336,HK,00336,stock_code,stock_info_registry,1.0,2026-06-06T19:08:54.879123
00336,HK,华宝国际,company_name,stock_info_registry,0.95,2026-06-06T19:08:54.879124
00337,HK,00337,stock_code,stock_info_registry,1.0,2026-06-06T19:08:54.879135
00337,HK,绿地香港,company_name,stock_info_registry,0.95,2026-06-06T19:08:54.879137
00338,HK,00338,stock_code,stock_info_registry,1.0,2026-06-06T19:08:54.879148
00338,HK,上海石油化工股份,company_name,stock_info_registry,0.95,2026-06-06T19:08:54.879149
00339,HK,00339,stock_code,stock_info_registry,1.0,2026-06-06T19:08:54.879160
00339,HK,全球数字控股,company_name,stock_info_registry,0.95,2026-06-06T19:08:54.879162
00340,HK,00340,stock_code,stock_info_registry,1.0,2026-06-06T19:08:54.879172
00340,HK,潼关黄金,company_name,stock_info_registry,0.95,2026-06-06T19:08:54.879174
00341,HK,00341,stock_code,stock_info_registry,1.0,2026-06-06T19:08:54.879186
00341,HK,大家乐集团,company_name,stock_info_registry,0.95,2026-06-06T19:08:54.879188
00343,HK,00343,stock_code,stock_info_registry,1.0,2026-06-06T19:08:54.879198
00343,HK,文化传信,company_name,stock_info_registry,0.95,2026-06-06T19:08:54.879200
00345,HK,00345,stock_code,stock_info_registry,1.0,2026-06-06T19:08:54.879211
00345,HK,维他奶国际,company_name,stock_info_registry,0.95,2026-06-06T19:08:54.879212
00346,HK,00346,stock_code,stock_info_registry,1.0,2026-06-06T19:08:54.879223
00346,HK,延长石油国际,company_name,stock_info_registry,0.95,2026-06-06T19:08:54.879225
00347,HK,00347,stock_code,stock_info_registry,1.0,2026-06-06T19:08:54.879235
00347,HK,鞍钢股份,company_name,stock_info_registry,0.95,2026-06-06T19:08:54.879237
00348,HK,00348,stock_code,stock_info_registry,1.0,2026-06-06T19:08:54.879248
00348,HK,中国智能健康,company_name,stock_info_registry,0.95,2026-06-06T19:08:54.879249
00351,HK,00351,stock_code,stock_info_registry,1.0,2026-06-06T19:08:54.879260
00351,HK,亚洲能源物流,company_name,stock_info_registry,0.95,2026-06-06T19:08:54.879262
00352,HK,00352,stock_code,stock_info_registry,1.0,2026-06-06T19:08:54.879272
00352,HK,富阳,company_name,stock_info_registry,0.95,2026-06-06T19:08:54.879274
00353,HK,00353,stock_code,stock_info_registry,1.0,2026-06-06T19:08:54.879285
00353,HK,能源国际投资,company_name,stock_info_registry,0.95,2026-06-06T19:08:54.879287
00354,HK,00354,stock_code,stock_info_registry,1.0,2026-06-06T19:08:54.879297
00354,HK,中国软件国际,company_name,stock_info_registry,0.95,2026-06-06T19:08:54.879299
00355,HK,00355,stock_code,stock_info_registry,1.0,2026-06-06T19:08:54.879309
00355,HK,世纪城市国际,company_name,stock_info_registry,0.95,2026-06-06T19:08:54.879311
00356,HK,00356,stock_code,stock_info_registry,1.0,2026-06-06T19:08:54.879322
00356,HK,鼎立资本,company_name,stock_info_registry,0.95,2026-06-06T19:08:54.879325
00357,HK,00357,stock_code,stock_info_registry,1.0,2026-06-06T19:08:54.879335
00357,HK,美兰空港,company_name,stock_info_registry,0.95,2026-06-06T19:08:54.879337
00358,HK,00358,stock_code,stock_info_registry,1.0,2026-06-06T19:08:54.879348
00358,HK,江西铜业股份,company_name,stock_info_registry,0.95,2026-06-06T19:08:54.879349
00360,HK,00360,stock_code,stock_info_registry,1.0,2026-06-06T19:08:54.879360
00360,HK,新焦点,company_name,stock_info_registry,0.95,2026-06-06T19:08:54.879362
00361,HK,00361,stock_code,stock_info_registry,1.0,2026-06-06T19:08:54.879372
00361,HK,汉成发展控股,company_name,stock_info_registry,0.95,2026-06-06T19:08:54.879374
00362,HK,00362,stock_code,stock_info_registry,1.0,2026-06-06T19:08:54.879385
00362,HK,中国天化工,company_name,stock_info_registry,0.95,2026-06-06T19:08:54.879387
00363,HK,00363,stock_code,stock_info_registry,1.0,2026-06-06T19:08:54.879397
00363,HK,上海实业控股,company_name,stock_info_registry,0.95,2026-06-06T19:08:54.879399
00365,HK,00365,stock_code,stock_info_registry,1.0,2026-06-06T19:08:54.879409
00365,HK,芯成科技,company_name,stock_info_registry,0.95,2026-06-06T19:08:54.879411
00366,HK,00366,stock_code,stock_info_registry,1.0,2026-06-06T19:08:54.879422
00366,HK,陆氏集团(越南),company_name,stock_info_registry,0.95,2026-06-06T19:08:54.879424
00367,HK,00367,stock_code,stock_info_registry,1.0,2026-06-06T19:08:54.879438
00367,HK,庄士机构国际,company_name,stock_info_registry,0.95,2026-06-06T19:08:54.879440
00368,HK,00368,stock_code,stock_info_registry,1.0,2026-06-06T19:08:54.879451
00368,HK,德合集团,company_name,stock_info_registry,0.95,2026-06-06T19:08:54.879453
00369,HK,00369,stock_code,stock_info_registry,1.0,2026-06-06T19:08:54.879463
00369,HK,永泰地产,company_name,stock_info_registry,0.95,2026-06-06T19:08:54.879465
00370,HK,00370,stock_code,stock_info_registry,1.0,2026-06-06T19:08:54.879476
00370,HK,港仔机器人,company_name,stock_info_registry,0.95,2026-06-06T19:08:54.879478
00371,HK,00371,stock_code,stock_info_registry,1.0,2026-06-06T19:08:54.879488
00371,HK,北控水务集团,company_name,stock_info_registry,0.95,2026-06-06T19:08:54.879490
00372,HK,00372,stock_code,stock_info_registry,1.0,2026-06-06T19:08:54.879500
00372,HK,保德国际发展,company_name,stock_info_registry,0.95,2026-06-06T19:08:54.879502
00373,HK,00373,stock_code,stock_info_registry,1.0,2026-06-06T19:08:54.879513
00373,HK,联合集团,company_name,stock_info_registry,0.95,2026-06-06T19:08:54.879514
00374,HK,00374,stock_code,stock_info_registry,1.0,2026-06-06T19:08:54.879525
00374,HK,四洲集团,company_name,stock_info_registry,0.95,2026-06-06T19:08:54.879527
00375,HK,00375,stock_code,stock_info_registry,1.0,2026-06-06T19:08:54.879537
00375,HK,YGM贸易,company_name,stock_info_registry,0.95,2026-06-06T19:08:54.879539
00376,HK,00376,stock_code,stock_info_registry,1.0,2026-06-06T19:08:54.879549
00376,HK,云锋金融,company_name,stock_info_registry,0.95,2026-06-06T19:08:54.879551
00377,HK,00377,stock_code,stock_info_registry,1.0,2026-06-06T19:08:54.879563
00377,HK,中国华君,company_name,stock_info_registry,0.95,2026-06-06T19:08:54.879565
00379,HK,00379,stock_code,stock_info_registry,1.0,2026-06-06T19:08:54.879575
00379,HK,恒嘉融资租赁,company_name,stock_info_registry,0.95,2026-06-06T19:08:54.879577
00380,HK,00380,stock_code,stock_info_registry,1.0,2026-06-06T19:08:54.879587
00380,HK,中国管业,company_name,stock_info_registry,0.95,2026-06-06T19:08:54.879589
00381,HK,00381,stock_code,stock_info_registry,1.0,2026-06-06T19:08:54.879600
00381,HK,权识国际,company_name,stock_info_registry,0.95,2026-06-06T19:08:54.879601
00382,HK,00382,stock_code,stock_info_registry,1.0,2026-06-06T19:08:54.879612
00382,HK,中汇集团,company_name,stock_info_registry,0.95,2026-06-06T19:08:54.879614
00383,HK,00383,stock_code,stock_info_registry,1.0,2026-06-06T19:08:54.879624
00383,HK,天安卓健,company_name,stock_info_registry,0.95,2026-06-06T19:08:54.879626
00384,HK,00384,stock_code,stock_info_registry,1.0,2026-06-06T19:08:54.879637
00384,HK,中国燃气,company_name,stock_info_registry,0.95,2026-06-06T19:08:54.879638
00385,HK,00385,stock_code,stock_info_registry,1.0,2026-06-06T19:08:54.879649
00385,HK,建联集团,company_name,stock_info_registry,0.95,2026-06-06T19:08:54.879651
00386,HK,00386,stock_code,stock_info_registry,1.0,2026-06-06T19:08:54.879661
00386,HK,中国石油化工股份,company_name,stock_info_registry,0.95,2026-06-06T19:08:54.879663
00387,HK,00387,stock_code,stock_info_registry,1.0,2026-06-06T19:08:54.879675
00387,HK,力丰(集团),company_name,stock_info_registry,0.95,2026-06-06T19:08:54.879677
00388,HK,00388,stock_code,stock_info_registry,1.0,2026-06-06T19:08:54.879687
00388,HK,香港交易所,company_name,stock_info_registry,0.95,2026-06-06T19:08:54.879689
00389,HK,00389,stock_code,stock_info_registry,1.0,2026-06-06T19:08:54.879700
00389,HK,通天酒业,company_name,stock_info_registry,0.95,2026-06-06T19:08:54.879702
00390,HK,00390,stock_code,stock_info_registry,1.0,2026-06-06T19:08:54.879712
00390,HK,中国中铁,company_name,stock_info_registry,0.95,2026-06-06T19:08:54.879714
00391,HK,00391,stock_code,stock_info_registry,1.0,2026-06-06T19:08:54.879725
00391,HK,美亚娱乐资讯,company_name,stock_info_registry,0.95,2026-06-06T19:08:54.879727
00392,HK,00392,stock_code,stock_info_registry,1.0,2026-06-06T19:08:54.879737
00392,HK,北京控股,company_name,stock_info_registry,0.95,2026-06-06T19:08:54.879739
00393,HK,00393,stock_code,stock_info_registry,1.0,2026-06-06T19:08:54.879749
00393,HK,旭日企业,company_name,stock_info_registry,0.95,2026-06-06T19:08:54.879751
00396,HK,00396,stock_code,stock_info_registry,1.0,2026-06-06T19:08:54.879762
00396,HK,兴利(香港)控股,company_name,stock_info_registry,0.95,2026-06-06T19:08:54.879764
00397,HK,00397,stock_code,stock_info_registry,1.0,2026-06-06T19:08:54.879774
00397,HK,嬴集团,company_name,stock_info_registry,0.95,2026-06-06T19:08:54.879776
00398,HK,00398,stock_code,stock_info_registry,1.0,2026-06-06T19:08:54.879787
00398,HK,东方表行集团,company_name,stock_info_registry,0.95,2026-06-06T19:08:54.879788
00399,HK,00399,stock_code,stock_info_registry,1.0,2026-06-06T19:08:54.879799
00399,HK,星太链集团,company_name,stock_info_registry,0.95,2026-06-06T19:08:54.879801
00400,HK,00400,stock_code,stock_info_registry,1.0,2026-06-06T19:08:54.879811
00400,HK,硬蛋创新,company_name,stock_info_registry,0.95,2026-06-06T19:08:54.879813
00401,HK,00401,stock_code,stock_info_registry,1.0,2026-06-06T19:08:54.879823
00401,HK,万嘉集团,company_name,stock_info_registry,0.95,2026-06-06T19:08:54.879825
00403,HK,00403,stock_code,stock_info_registry,1.0,2026-06-06T19:08:54.879836
00403,HK,星光集团,company_name,stock_info_registry,0.95,2026-06-06T19:08:54.879838
00406,HK,00406,stock_code,stock_info_registry,1.0,2026-06-06T19:08:54.879852
00406,HK,有利集团,company_name,stock_info_registry,0.95,2026-06-06T19:08:54.879854
00408,HK,00408,stock_code,stock_info_registry,1.0,2026-06-06T19:08:54.879865
00408,HK,叶氏化工集团,company_name,stock_info_registry,0.95,2026-06-06T19:08:54.879867
00410,HK,00410,stock_code,stock_info_registry,1.0,2026-06-06T19:08:54.879881
00410,HK,SOHO中国,company_name,stock_info_registry,0.95,2026-06-06T19:08:54.879884
00411,HK,00411,stock_code,stock_info_registry,1.0,2026-06-06T19:08:54.879896
00411,HK,南顺(香港),company_name,stock_info_registry,0.95,2026-06-06T19:08:54.879898
00412,HK,00412,stock_code,stock_info_registry,1.0,2026-06-06T19:08:54.879909
00412,HK,山高控股,company_name,stock_info_registry,0.95,2026-06-06T19:08:54.879911
00413,HK,00413,stock_code,stock_info_registry,1.0,2026-06-06T19:08:54.879922
00413,HK,南华集团控股,company_name,stock_info_registry,0.95,2026-06-06T19:08:54.879925
00417,HK,00417,stock_code,stock_info_registry,1.0,2026-06-06T19:08:54.879936
00417,HK,谢瑞麟,company_name,stock_info_registry,0.95,2026-06-06T19:08:54.879938
00418,HK,00418,stock_code,stock_info_registry,1.0,2026-06-06T19:08:54.879950
00418,HK,方正控股,company_name,stock_info_registry,0.95,2026-06-06T19:08:54.879952
00419,HK,00419,stock_code,stock_info_registry,1.0,2026-06-06T19:08:54.879963
00419,HK,弘毅文化集团,company_name,stock_info_registry,0.95,2026-06-06T19:08:54.879965
00420,HK,00420,stock_code,stock_info_registry,1.0,2026-06-06T19:08:54.879976
00420,HK,福田实业,company_name,stock_info_registry,0.95,2026-06-06T19:08:54.879978
00422,HK,00422,stock_code,stock_info_registry,1.0,2026-06-06T19:08:54.879988
00422,HK,越南制造加工出口,company_name,stock_info_registry,0.95,2026-06-06T19:08:54.879990
00423,HK,00423,stock_code,stock_info_registry,1.0,2026-06-06T19:08:54.880001
00423,HK,经济日报集团,company_name,stock_info_registry,0.95,2026-06-06T19:08:54.880002
00425,HK,00425,stock_code,stock_info_registry,1.0,2026-06-06T19:08:54.880013
00425,HK,敏实集团,company_name,stock_info_registry,0.95,2026-06-06T19:08:54.880015
00426,HK,00426,stock_code,stock_info_registry,1.0,2026-06-06T19:08:54.880025
00426,HK,万华媒体,company_name,stock_info_registry,0.95,2026-06-06T19:08:54.880027
00428,HK,00428,stock_code,stock_info_registry,1.0,2026-06-06T19:08:54.880038
00428,HK,中国天弓控股,company_name,stock_info_registry,0.95,2026-06-06T19:08:54.880039
00430,HK,00430,stock_code,stock_info_registry,1.0,2026-06-06T19:08:54.880050
00430,HK,东方兴业控股,company_name,stock_info_registry,0.95,2026-06-06T19:08:54.880052
00431,HK,00431,stock_code,stock_info_registry,1.0,2026-06-06T19:08:54.880064
00431,HK,大中华金融,company_name,stock_info_registry,0.95,2026-06-06T19:08:54.880066
00432,HK,00432,stock_code,stock_info_registry,1.0,2026-06-06T19:08:54.880076
00432,HK,盈大地产,company_name,stock_info_registry,0.95,2026-06-06T19:08:54.880078
00433,HK,00433,stock_code,stock_info_registry,1.0,2026-06-06T19:08:54.880088
00433,HK,北方矿业,company_name,stock_info_registry,0.95,2026-06-06T19:08:54.880090
00434,HK,00434,stock_code,stock_info_registry,1.0,2026-06-06T19:08:54.880101
00434,HK,博雅互动,company_name,stock_info_registry,0.95,2026-06-06T19:08:54.880103
00436,HK,00436,stock_code,stock_info_registry,1.0,2026-06-06T19:08:54.880113
00436,HK,新宇环保,company_name,stock_info_registry,0.95,2026-06-06T19:08:54.880115
00438,HK,00438,stock_code,stock_info_registry,1.0,2026-06-06T19:08:54.880125
00438,HK,彩虹新能源,company_name,stock_info_registry,0.95,2026-06-06T19:08:54.880127
00439,HK,00439,stock_code,stock_info_registry,1.0,2026-06-06T19:08:54.880138
00439,HK,瀚源控股,company_name,stock_info_registry,0.95,2026-06-06T19:08:54.880140
00440,HK,00440,stock_code,stock_info_registry,1.0,2026-06-06T19:08:54.880150
00440,HK,大新金融,company_name,stock_info_registry,0.95,2026-06-06T19:08:54.880152
00442,HK,00442,stock_code,stock_info_registry,1.0,2026-06-06T19:08:54.880162
00442,HK,域能控股,company_name,stock_info_registry,0.95,2026-06-06T19:08:54.880164
00444,HK,00444,stock_code,stock_info_registry,1.0,2026-06-06T19:08:54.880175
00444,HK,先施表行,company_name,stock_info_registry,0.95,2026-06-06T19:08:54.880176
00450,HK,00450,stock_code,stock_info_registry,1.0,2026-06-06T19:08:54.880187
00450,HK,鸿兴印刷集团,company_name,stock_info_registry,0.95,2026-06-06T19:08:54.880189
00451,HK,00451,stock_code,stock_info_registry,1.0,2026-06-06T19:08:54.880199
00451,HK,协鑫新能源,company_name,stock_info_registry,0.95,2026-06-06T19:08:54.880201
00455,HK,00455,stock_code,stock_info_registry,1.0,2026-06-06T19:08:54.880212
00455,HK,天大药业,company_name,stock_info_registry,0.95,2026-06-06T19:08:54.880213
00456,HK,00456,stock_code,stock_info_registry,1.0,2026-06-06T19:08:54.880224
00456,HK,新城市建设发展,company_name,stock_info_registry,0.95,2026-06-06T19:08:54.880226
00458,HK,00458,stock_code,stock_info_registry,1.0,2026-06-06T19:08:54.880236
00458,HK,联亚集团,company_name,stock_info_registry,0.95,2026-06-06T19:08:54.880238
00460,HK,00460,stock_code,stock_info_registry,1.0,2026-06-06T19:08:54.880249
00460,HK,四环医药,company_name,stock_info_registry,0.95,2026-06-06T19:08:54.880250
00464,HK,00464,stock_code,stock_info_registry,1.0,2026-06-06T19:08:54.880261
00464,HK,中国智能科技,company_name,stock_info_registry,0.95,2026-06-06T19:08:54.880262
00465,HK,00465,stock_code,stock_info_registry,1.0,2026-06-06T19:08:54.880273
00465,HK,富通科技,company_name,stock_info_registry,0.95,2026-06-06T19:08:54.880275
00467,HK,00467,stock_code,stock_info_registry,1.0,2026-06-06T19:08:54.880285
00467,HK,联合能源集团,company_name,stock_info_registry,0.95,2026-06-06T19:08:54.880287
00468,HK,00468,stock_code,stock_info_registry,1.0,2026-06-06T19:08:54.880297
00468,HK,纷美包装,company_name,stock_info_registry,0.95,2026-06-06T19:08:54.880299
00470,HK,00470,stock_code,stock_info_registry,1.0,2026-06-06T19:08:54.880310
00470,HK,先导智能,company_name,stock_info_registry,0.95,2026-06-06T19:08:54.880311
00471,HK,00471,stock_code,stock_info_registry,1.0,2026-06-06T19:08:54.880322
00471,HK,中播数据,company_name,stock_info_registry,0.95,2026-06-06T19:08:54.880324
00472,HK,00472,stock_code,stock_info_registry,1.0,2026-06-06T19:08:54.880334
00472,HK,新丝路控股集团,company_name,stock_info_registry,0.95,2026-06-06T19:08:54.880336
00474,HK,00474,stock_code,stock_info_registry,1.0,2026-06-06T19:08:54.880346
00474,HK,信铭生命科技,company_name,stock_info_registry,0.95,2026-06-06T19:08:54.880348
00475,HK,00475,stock_code,stock_info_registry,1.0,2026-06-06T19:08:54.880359
00475,HK,中发展控股,company_name,stock_info_registry,0.95,2026-06-06T19:08:54.880360
00476,HK,00476,stock_code,stock_info_registry,1.0,2026-06-06T19:08:54.880371
00476,HK,科轩动力控股,company_name,stock_info_registry,0.95,2026-06-06T19:08:54.880373
00480,HK,00480,stock_code,stock_info_registry,1.0,2026-06-06T19:08:54.880383
00480,HK,香港兴业国际,company_name,stock_info_registry,0.95,2026-06-06T19:08:54.880386
00482,HK,00482,stock_code,stock_info_registry,1.0,2026-06-06T19:08:54.880396
00482,HK,圣马丁国际,company_name,stock_info_registry,0.95,2026-06-06T19:08:54.880398
00483,HK,00483,stock_code,stock_info_registry,1.0,2026-06-06T19:08:54.880408
00483,HK,包浩斯国际,company_name,stock_info_registry,0.95,2026-06-06T19:08:54.880410
00484,HK,00484,stock_code,stock_info_registry,1.0,2026-06-06T19:08:54.880421
00484,HK,云游控股,company_name,stock_info_registry,0.95,2026-06-06T19:08:54.880422
00485,HK,00485,stock_code,stock_info_registry,1.0,2026-06-06T19:08:54.880433
00485,HK,中国华星,company_name,stock_info_registry,0.95,2026-06-06T19:08:54.880435
00486,HK,00486,stock_code,stock_info_registry,1.0,2026-06-06T19:08:54.880445
00486,HK,俄铝,company_name,stock_info_registry,0.95,2026-06-06T19:08:54.880447
00487,HK,00487,stock_code,stock_info_registry,1.0,2026-06-06T19:08:54.880457
00487,HK,实德环球,company_name,stock_info_registry,0.95,2026-06-06T19:08:54.880459
00488,HK,00488,stock_code,stock_info_registry,1.0,2026-06-06T19:08:54.880471
00488,HK,丽新发展,company_name,stock_info_registry,0.95,2026-06-06T19:08:54.880473
00491,HK,00491,stock_code,stock_info_registry,1.0,2026-06-06T19:08:54.880483
00491,HK,英皇文化产业,company_name,stock_info_registry,0.95,2026-06-06T19:08:54.880485
00493,HK,00493,stock_code,stock_info_registry,1.0,2026-06-06T19:08:54.880496
00493,HK,国美零售,company_name,stock_info_registry,0.95,2026-06-06T19:08:54.880497
00495,HK,00495,stock_code,stock_info_registry,1.0,2026-06-06T19:08:54.880508
00495,HK,百利大,company_name,stock_info_registry,0.95,2026-06-06T19:08:54.880510
00496,HK,00496,stock_code,stock_info_registry,1.0,2026-06-06T19:08:54.880520
00496,HK,卡森国际,company_name,stock_info_registry,0.95,2026-06-06T19:08:54.880522
00497,HK,00497,stock_code,stock_info_registry,1.0,2026-06-06T19:08:54.880533
00497,HK,资本策略地产,company_name,stock_info_registry,0.95,2026-06-06T19:08:54.880535
00498,HK,00498,stock_code,stock_info_registry,1.0,2026-06-06T19:08:54.880547
00498,HK,蓝河控股,company_name,stock_info_registry,0.95,2026-06-06T19:08:54.880549
00499,HK,00499,stock_code,stock_info_registry,1.0,2026-06-06T19:08:54.880559
00499,HK,青岛控股,company_name,stock_info_registry,0.95,2026-06-06T19:08:54.880561
00500,HK,00500,stock_code,stock_info_registry,1.0,2026-06-06T19:08:54.880572
00500,HK,先丰服务集团,company_name,stock_info_registry,0.95,2026-06-06T19:08:54.880573
00501,HK,00501,stock_code,stock_info_registry,1.0,2026-06-06T19:08:54.880584
00501,HK,豪威集团,company_name,stock_info_registry,0.95,2026-06-06T19:08:54.880586
00505,HK,00505,stock_code,stock_info_registry,1.0,2026-06-06T19:08:54.880596
00505,HK,兴业合金,company_name,stock_info_registry,0.95,2026-06-06T19:08:54.880598
00506,HK,00506,stock_code,stock_info_registry,1.0,2026-06-06T19:08:54.880609
00506,HK,中国食品,company_name,stock_info_registry,0.95,2026-06-06T19:08:54.880610
00508,HK,00508,stock_code,stock_info_registry,1.0,2026-06-06T19:08:54.880621
00508,HK,鼎亿集团投资,company_name,stock_info_registry,0.95,2026-06-06T19:08:54.880623
00509,HK,00509,stock_code,stock_info_registry,1.0,2026-06-06T19:08:54.880633
00509,HK,世纪阳光,company_name,stock_info_registry,0.95,2026-06-06T19:08:54.880635
00510,HK,00510,stock_code,stock_info_registry,1.0,2026-06-06T19:08:54.880646
00510,HK,时富金融服务集团,company_name,stock_info_registry,0.95,2026-06-06T19:08:54.880647
00511,HK,00511,stock_code,stock_info_registry,1.0,2026-06-06T19:08:54.880658
00511,HK,电视广播,company_name,stock_info_registry,0.95,2026-06-06T19:08:54.880660
00512,HK,00512,stock_code,stock_info_registry,1.0,2026-06-06T19:08:54.880670
00512,HK,远大医药,company_name,stock_info_registry,0.95,2026-06-06T19:08:54.880672
00513,HK,00513,stock_code,stock_info_registry,1.0,2026-06-06T19:08:54.880682
00513,HK,恒和集团,company_name,stock_info_registry,0.95,2026-06-06T19:08:54.880684
00515,HK,00515,stock_code,stock_info_registry,1.0,2026-06-06T19:08:54.880695
00515,HK,中华银科技,company_name,stock_info_registry,0.95,2026-06-06T19:08:54.880697
00517,HK,00517,stock_code,stock_info_registry,1.0,2026-06-06T19:08:54.880710
00517,HK,中远海运国际,company_name,stock_info_registry,0.95,2026-06-06T19:08:54.880712
00518,HK,00518,stock_code,stock_info_registry,1.0,2026-06-06T19:08:54.880725
00518,HK,同得仕(集团),company_name,stock_info_registry,0.95,2026-06-06T19:08:54.880727
00519,HK,00519,stock_code,stock_info_registry,1.0,2026-06-06T19:08:54.880738
00519,HK,诺科达科技,company_name,stock_info_registry,0.95,2026-06-06T19:08:54.880740
00520,HK,00520,stock_code,stock_info_registry,1.0,2026-06-06T19:08:54.880750
00520,HK,呷哺呷哺,company_name,stock_info_registry,0.95,2026-06-06T19:08:54.880752
00521,HK,00521,stock_code,stock_info_registry,1.0,2026-06-06T19:08:54.880763
00521,HK,CWT INT'L,company_name,stock_info_registry,0.95,2026-06-06T19:08:54.880764
00522,HK,00522,stock_code,stock_info_registry,1.0,2026-06-06T19:08:54.880775
00522,HK,ASMPT,company_name,stock_info_registry,0.95,2026-06-06T19:08:54.880777
00524,HK,00524,stock_code,stock_info_registry,1.0,2026-06-06T19:08:54.880787
00524,HK,长城天下,company_name,stock_info_registry,0.95,2026-06-06T19:08:54.880789
00525,HK,00525,stock_code,stock_info_registry,1.0,2026-06-06T19:08:54.880799
00525,HK,广深铁路股份,company_name,stock_info_registry,0.95,2026-06-06T19:08:54.880801
00526,HK,00526,stock_code,stock_info_registry,1.0,2026-06-06T19:08:54.880812
00526,HK,利时集团控股,company_name,stock_info_registry,0.95,2026-06-06T19:08:54.880813
00527,HK,00527,stock_code,stock_info_registry,1.0,2026-06-06T19:08:54.880824
00527,HK,瑞风新能源,company_name,stock_info_registry,0.95,2026-06-06T19:08:54.880826
00528,HK,00528,stock_code,stock_info_registry,1.0,2026-06-06T19:08:54.880836
00528,HK,金达控股,company_name,stock_info_registry,0.95,2026-06-06T19:08:54.880838
00529,HK,00529,stock_code,stock_info_registry,1.0,2026-06-06T19:08:54.880848
00529,HK,新龙国际集团,company_name,stock_info_registry,0.95,2026-06-06T19:08:54.880850
00532,HK,00532,stock_code,stock_info_registry,1.0,2026-06-06T19:08:54.880861
00532,HK,王氏港建,company_name,stock_info_registry,0.95,2026-06-06T19:08:54.880862
00533,HK,00533,stock_code,stock_info_registry,1.0,2026-06-06T19:08:54.880875
00533,HK,金利来集团,company_name,stock_info_registry,0.95,2026-06-06T19:08:54.880878
00535,HK,00535,stock_code,stock_info_registry,1.0,2026-06-06T19:08:54.880891
00535,HK,金地商置,company_name,stock_info_registry,0.95,2026-06-06T19:08:54.880893
00536,HK,00536,stock_code,stock_info_registry,1.0,2026-06-06T19:08:54.880904
00536,HK,贸易通,company_name,stock_info_registry,0.95,2026-06-06T19:08:54.880906
00538,HK,00538,stock_code,stock_info_registry,1.0,2026-06-06T19:08:54.880917
00538,HK,味千(中国),company_name,stock_info_registry,0.95,2026-06-06T19:08:54.880919
00540,HK,00540,stock_code,stock_info_registry,1.0,2026-06-06T19:08:54.880931
00540,HK,迅捷环球控股,company_name,stock_info_registry,0.95,2026-06-06T19:08:54.880933
00542,HK,00542,stock_code,stock_info_registry,1.0,2026-06-06T19:08:54.880944
00542,HK,中国文旅农业,company_name,stock_info_registry,0.95,2026-06-06T19:08:54.880946
00543,HK,00543,stock_code,stock_info_registry,1.0,2026-06-06T19:08:54.880957
00543,HK,太平洋网络,company_name,stock_info_registry,0.95,2026-06-06T19:08:54.880959
00544,HK,00544,stock_code,stock_info_registry,1.0,2026-06-06T19:08:54.880970
00544,HK,大同集团,company_name,stock_info_registry,0.95,2026-06-06T19:08:54.880971
00546,HK,00546,stock_code,stock_info_registry,1.0,2026-06-06T19:08:54.880982
00546,HK,阜丰集团,company_name,stock_info_registry,0.95,2026-06-06T19:08:54.880984
00547,HK,00547,stock_code,stock_info_registry,1.0,2026-06-06T19:08:54.880994
00547,HK,数字王国,company_name,stock_info_registry,0.95,2026-06-06T19:08:54.880996
00548,HK,00548,stock_code,stock_info_registry,1.0,2026-06-06T19:08:54.881006
00548,HK,深圳高速公路股份,company_name,stock_info_registry,0.95,2026-06-06T19:08:54.881008
00550,HK,00550,stock_code,stock_info_registry,1.0,2026-06-06T19:08:54.881078
00550,HK,律齐文化,company_name,stock_info_registry,0.95,2026-06-06T19:08:54.881084
00551,HK,00551,stock_code,stock_info_registry,1.0,2026-06-06T19:08:54.881106
00551,HK,裕元集团,company_name,stock_info_registry,0.95,2026-06-06T19:08:54.881108
00552,HK,00552,stock_code,stock_info_registry,1.0,2026-06-06T19:08:54.881132
00552,HK,中国通信服务,company_name,stock_info_registry,0.95,2026-06-06T19:08:54.881135
00553,HK,00553,stock_code,stock_info_registry,1.0,2026-06-06T19:08:54.881149
00553,HK,南京熊猫电子股份,company_name,stock_info_registry,0.95,2026-06-06T19:08:54.881151
00554,HK,00554,stock_code,stock_info_registry,1.0,2026-06-06T19:08:54.881165
00554,HK,汉思集团控股,company_name,stock_info_registry,0.95,2026-06-06T19:08:54.881168
00556,HK,00556,stock_code,stock_info_registry,1.0,2026-06-06T19:08:54.881183
00556,HK,泛亚环保,company_name,stock_info_registry,0.95,2026-06-06T19:08:54.881185
00557,HK,00557,stock_code,stock_info_registry,1.0,2026-06-06T19:08:54.881197
00557,HK,天元医疗,company_name,stock_info_registry,0.95,2026-06-06T19:08:54.881199
00558,HK,00558,stock_code,stock_info_registry,1.0,2026-06-06T19:08:54.881210
00558,HK,力劲科技,company_name,stock_info_registry,0.95,2026-06-06T19:08:54.881212
00559,HK,00559,stock_code,stock_info_registry,1.0,2026-06-06T19:08:54.881223
00559,HK,德泰新能源集团,company_name,stock_info_registry,0.95,2026-06-06T19:08:54.881225
00560,HK,00560,stock_code,stock_info_registry,1.0,2026-06-06T19:08:54.881237
00560,HK,珠江船务,company_name,stock_info_registry,0.95,2026-06-06T19:08:54.881239
00563,HK,00563,stock_code,stock_info_registry,1.0,2026-06-06T19:08:54.881250
00563,HK,上实城市开发,company_name,stock_info_registry,0.95,2026-06-06T19:08:54.881252
00564,HK,00564,stock_code,stock_info_registry,1.0,2026-06-06T19:08:54.881263
00564,HK,中创智领,company_name,stock_info_registry,0.95,2026-06-06T19:08:54.881265
00565,HK,00565,stock_code,stock_info_registry,1.0,2026-06-06T19:08:54.881276
00565,HK,锦艺集团控股,company_name,stock_info_registry,0.95,2026-06-06T19:08:54.881278
00567,HK,00567,stock_code,stock_info_registry,1.0,2026-06-06T19:08:54.881289
00567,HK,大昌微线集团,company_name,stock_info_registry,0.95,2026-06-06T19:08:54.881290
00568,HK,00568,stock_code,stock_info_registry,1.0,2026-06-06T19:08:54.881301
00568,HK,山东墨龙,company_name,stock_info_registry,0.95,2026-06-06T19:08:54.881303
00570,HK,00570,stock_code,stock_info_registry,1.0,2026-06-06T19:08:54.881314
00570,HK,中国中药,company_name,stock_info_registry,0.95,2026-06-06T19:08:54.881316
00571,HK,00571,stock_code,stock_info_registry,1.0,2026-06-06T19:08:54.881327
00571,HK,丰德丽控股,company_name,stock_info_registry,0.95,2026-06-06T19:08:54.881329
00572,HK,00572,stock_code,stock_info_registry,1.0,2026-06-06T19:08:54.881339
00572,HK,未来世界控股,company_name,stock_info_registry,0.95,2026-06-06T19:08:54.881341
00573,HK,00573,stock_code,stock_info_registry,1.0,2026-06-06T19:08:54.881352
00573,HK,稻香控股,company_name,stock_info_registry,0.95,2026-06-06T19:08:54.881354
00574,HK,00574,stock_code,stock_info_registry,1.0,2026-06-06T19:08:54.881365
00574,HK,百信国际,company_name,stock_info_registry,0.95,2026-06-06T19:08:54.881367
00575,HK,00575,stock_code,stock_info_registry,1.0,2026-06-06T19:08:54.881378
00575,HK,励晶太平洋,company_name,stock_info_registry,0.95,2026-06-06T19:08:54.881380
00576,HK,00576,stock_code,stock_info_registry,1.0,2026-06-06T19:08:54.881391
00576,HK,浙江沪杭甬,company_name,stock_info_registry,0.95,2026-06-06T19:08:54.881392
00579,HK,00579,stock_code,stock_info_registry,1.0,2026-06-06T19:08:54.881403
00579,HK,京能清洁能源,company_name,stock_info_registry,0.95,2026-06-06T19:08:54.881405
00580,HK,00580,stock_code,stock_info_registry,1.0,2026-06-06T19:08:54.881416
00580,HK,赛晶科技,company_name,stock_info_registry,0.95,2026-06-06T19:08:54.881418
00581,HK,00581,stock_code,stock_info_registry,1.0,2026-06-06T19:08:54.881429
00581,HK,中国东方集团,company_name,stock_info_registry,0.95,2026-06-06T19:08:54.881431
00582,HK,00582,stock_code,stock_info_registry,1.0,2026-06-06T19:08:54.881441
00582,HK,神话世界,company_name,stock_info_registry,0.95,2026-06-06T19:08:54.881443
00583,HK,00583,stock_code,stock_info_registry,1.0,2026-06-06T19:08:54.881454
00583,HK,长城环亚控股,company_name,stock_info_registry,0.95,2026-06-06T19:08:54.881456
00585,HK,00585,stock_code,stock_info_registry,1.0,2026-06-06T19:08:54.881467
00585,HK,意力国际,company_name,stock_info_registry,0.95,2026-06-06T19:08:54.881468
00586,HK,00586,stock_code,stock_info_registry,1.0,2026-06-06T19:08:54.881479
00586,HK,海螺创业,company_name,stock_info_registry,0.95,2026-06-06T19:08:54.881481
00587,HK,00587,stock_code,stock_info_registry,1.0,2026-06-06T19:08:54.881492
00587,HK,海螺环保,company_name,stock_info_registry,0.95,2026-06-06T19:08:54.881493
00588,HK,00588,stock_code,stock_info_registry,1.0,2026-06-06T19:08:54.881506
00588,HK,北京北辰实业股份,company_name,stock_info_registry,0.95,2026-06-06T19:08:54.881508
00589,HK,00589,stock_code,stock_info_registry,1.0,2026-06-06T19:08:54.881520
00590,HK,00590,stock_code,stock_info_registry,1.0,2026-06-06T19:08:54.881531
00590,HK,六福集团,company_name,stock_info_registry,0.95,2026-06-06T19:08:54.881533
00591,HK,00591,stock_code,stock_info_registry,1.0,2026-06-06T19:08:54.881544
00591,HK,中国高精密,company_name,stock_info_registry,0.95,2026-06-06T19:08:54.881546
00595,HK,00595,stock_code,stock_info_registry,1.0,2026-06-06T19:08:54.881557
00595,HK,先思行集团,company_name,stock_info_registry,0.95,2026-06-06T19:08:54.881559
00596,HK,00596,stock_code,stock_info_registry,1.0,2026-06-06T19:08:54.881569
00596,HK,浪潮数字企业,company_name,stock_info_registry,0.95,2026-06-06T19:08:54.881571
00598,HK,00598,stock_code,stock_info_registry,1.0,2026-06-06T19:08:54.881582
00598,HK,中国外运,company_name,stock_info_registry,0.95,2026-06-06T19:08:54.881584
00599,HK,00599,stock_code,stock_info_registry,1.0,2026-06-06T19:08:54.881595
00599,HK,怡邦行控股,company_name,stock_info_registry,0.95,2026-06-06T19:08:54.881596
00600,HK,00600,stock_code,stock_info_registry,1.0,2026-06-06T19:08:54.881607
00600,HK,爱芯元智,company_name,stock_info_registry,0.95,2026-06-06T19:08:54.881609
00601,HK,00601,stock_code,stock_info_registry,1.0,2026-06-06T19:08:54.881620
00601,HK,稀镁科技,company_name,stock_info_registry,0.95,2026-06-06T19:08:54.881622
00602,HK,00602,stock_code,stock_info_registry,1.0,2026-06-06T19:08:54.881632
00602,HK,佳华百货控股,company_name,stock_info_registry,0.95,2026-06-06T19:08:54.881634
00603,HK,00603,stock_code,stock_info_registry,1.0,2026-06-06T19:08:54.881645
00603,HK,中油燃气,company_name,stock_info_registry,0.95,2026-06-06T19:08:54.881648
00604,HK,00604,stock_code,stock_info_registry,1.0,2026-06-06T19:08:54.881659
00604,HK,深圳控股,company_name,stock_info_registry,0.95,2026-06-06T19:08:54.881661
00605,HK,00605,stock_code,stock_info_registry,1.0,2026-06-06T19:08:54.881672
00605,HK,中国金融投资管理,company_name,stock_info_registry,0.95,2026-06-06T19:08:54.881674
00606,HK,00606,stock_code,stock_info_registry,1.0,2026-06-06T19:08:54.881684
00606,HK,中骏商管,company_name,stock_info_registry,0.95,2026-06-06T19:08:54.881686
00607,HK,00607,stock_code,stock_info_registry,1.0,2026-06-06T19:08:54.881697
00607,HK,丰盛控股,company_name,stock_info_registry,0.95,2026-06-06T19:08:54.881698
00608,HK,00608,stock_code,stock_info_registry,1.0,2026-06-06T19:08:54.881709
00608,HK,达利国际,company_name,stock_info_registry,0.95,2026-06-06T19:08:54.881711
00609,HK,00609,stock_code,stock_info_registry,1.0,2026-06-06T19:08:54.881722
00609,HK,天德化工,company_name,stock_info_registry,0.95,2026-06-06T19:08:54.881724
00610,HK,00610,stock_code,stock_info_registry,1.0,2026-06-06T19:08:54.881734
00610,HK,惠记集团,company_name,stock_info_registry,0.95,2026-06-06T19:08:54.881736
00611,HK,00611,stock_code,stock_info_registry,1.0,2026-06-06T19:08:54.881747
00611,HK,中国核能科技,company_name,stock_info_registry,0.95,2026-06-06T19:08:54.881749
00612,HK,00612,stock_code,stock_info_registry,1.0,2026-06-06T19:08:54.881760
00612,HK,嘉文世纪投资公司,company_name,stock_info_registry,0.95,2026-06-06T19:08:54.881761
00613,HK,00613,stock_code,stock_info_registry,1.0,2026-06-06T19:08:54.881772
00613,HK,梧桐国际,company_name,stock_info_registry,0.95,2026-06-06T19:08:54.881774
00616,HK,00616,stock_code,stock_info_registry,1.0,2026-06-06T19:08:54.881785
00616,HK,财富链,company_name,stock_info_registry,0.95,2026-06-06T19:08:54.881786
00617,HK,00617,stock_code,stock_info_registry,1.0,2026-06-06T19:08:54.881797
00617,HK,百利保控股,company_name,stock_info_registry,0.95,2026-06-06T19:08:54.881799
00618,HK,00618,stock_code,stock_info_registry,1.0,2026-06-06T19:08:54.881810
00618,HK,北大资源,company_name,stock_info_registry,0.95,2026-06-06T19:08:54.881812
00619,HK,00619,stock_code,stock_info_registry,1.0,2026-06-06T19:08:54.881822
00619,HK,南华金融,company_name,stock_info_registry,0.95,2026-06-06T19:08:54.881824
00620,HK,00620,stock_code,stock_info_registry,1.0,2026-06-06T19:08:54.881835
00620,HK,大唐西市,company_name,stock_info_registry,0.95,2026-06-06T19:08:54.881837
00621,HK,00621,stock_code,stock_info_registry,1.0,2026-06-06T19:08:54.881848
00621,HK,坛金矿业,company_name,stock_info_registry,0.95,2026-06-06T19:08:54.881850
00622,HK,00622,stock_code,stock_info_registry,1.0,2026-06-06T19:08:54.881860
00622,HK,威华达控股,company_name,stock_info_registry,0.95,2026-06-06T19:08:54.881862
00623,HK,00623,stock_code,stock_info_registry,1.0,2026-06-06T19:08:54.881873
00623,HK,中视金桥,company_name,stock_info_registry,0.95,2026-06-06T19:08:54.881875
00626,HK,00626,stock_code,stock_info_registry,1.0,2026-06-06T19:08:54.881887
00626,HK,大众金融控股,company_name,stock_info_registry,0.95,2026-06-06T19:08:54.881889
00627,HK,00627,stock_code,stock_info_registry,1.0,2026-06-06T19:08:54.881900
00627,HK,共生智筑,company_name,stock_info_registry,0.95,2026-06-06T19:08:54.881902
00628,HK,00628,stock_code,stock_info_registry,1.0,2026-06-06T19:08:54.881913
00628,HK,通通AI社交,company_name,stock_info_registry,0.95,2026-06-06T19:08:54.881914
00629,HK,00629,stock_code,stock_info_registry,1.0,2026-06-06T19:08:54.881925
00629,HK,悦达国际控股,company_name,stock_info_registry,0.95,2026-06-06T19:08:54.881927
00630,HK,00630,stock_code,stock_info_registry,1.0,2026-06-06T19:08:54.881937
00630,HK,隽泰控股,company_name,stock_info_registry,0.95,2026-06-06T19:08:54.881939
00631,HK,00631,stock_code,stock_info_registry,1.0,2026-06-06T19:08:54.881950
00631,HK,三一国际,company_name,stock_info_registry,0.95,2026-06-06T19:08:54.881951
00632,HK,00632,stock_code,stock_info_registry,1.0,2026-06-06T19:08:54.881962
00632,HK,中港石油,company_name,stock_info_registry,0.95,2026-06-06T19:08:54.881964
00635,HK,00635,stock_code,stock_info_registry,1.0,2026-06-06T19:08:54.881974
00635,HK,彩星集团,company_name,stock_info_registry,0.95,2026-06-06T19:08:54.881976
00636,HK,00636,stock_code,stock_info_registry,1.0,2026-06-06T19:08:54.881987
00636,HK,KLN,company_name,stock_info_registry,0.95,2026-06-06T19:08:54.881989
00637,HK,00637,stock_code,stock_info_registry,1.0,2026-06-06T19:08:54.882000
00637,HK,利记,company_name,stock_info_registry,0.95,2026-06-06T19:08:54.882002
00638,HK,00638,stock_code,stock_info_registry,1.0,2026-06-06T19:08:54.882012
00638,HK,广和通,company_name,stock_info_registry,0.95,2026-06-06T19:08:54.882014
00639,HK,00639,stock_code,stock_info_registry,1.0,2026-06-06T19:08:54.882025
00639,HK,首钢资源,company_name,stock_info_registry,0.95,2026-06-06T19:08:54.882027
00640,HK,00640,stock_code,stock_info_registry,1.0,2026-06-06T19:08:54.882037
00640,HK,星谦发展,company_name,stock_info_registry,0.95,2026-06-06T19:08:54.882039
00641,HK,00641,stock_code,stock_info_registry,1.0,2026-06-06T19:08:54.882050
00641,HK,中国恒天立信国际,company_name,stock_info_registry,0.95,2026-06-06T19:08:54.882051
00643,HK,00643,stock_code,stock_info_registry,1.0,2026-06-06T19:08:54.882062
00643,HK,恒富控股,company_name,stock_info_registry,0.95,2026-06-06T19:08:54.882064
00645,HK,00645,stock_code,stock_info_registry,1.0,2026-06-06T19:08:54.882075
00645,HK,安域亚洲,company_name,stock_info_registry,0.95,2026-06-06T19:08:54.882076
00646,HK,00646,stock_code,stock_info_registry,1.0,2026-06-06T19:08:54.882087
00646,HK,中国环保科技,company_name,stock_info_registry,0.95,2026-06-06T19:08:54.882089
00648,HK,00648,stock_code,stock_info_registry,1.0,2026-06-06T19:08:54.882100
00648,HK,京玖康疗(新),company_name,stock_info_registry,0.95,2026-06-06T19:08:54.882102
00650,HK,00650,stock_code,stock_info_registry,1.0,2026-06-06T19:08:54.882112
00650,HK,普达特科技,company_name,stock_info_registry,0.95,2026-06-06T19:08:54.882114
00653,HK,00653,stock_code,stock_info_registry,1.0,2026-06-06T19:08:54.882125
00653,HK,卓悦控股,company_name,stock_info_registry,0.95,2026-06-06T19:08:54.882127
00655,HK,00655,stock_code,stock_info_registry,1.0,2026-06-06T19:08:54.882137
00655,HK,香港华人有限公司,company_name,stock_info_registry,0.95,2026-06-06T19:08:54.882140
00656,HK,00656,stock_code,stock_info_registry,1.0,2026-06-06T19:08:54.882151
00656,HK,复星国际,company_name,stock_info_registry,0.95,2026-06-06T19:08:54.882153
00657,HK,00657,stock_code,stock_info_registry,1.0,2026-06-06T19:08:54.882163
00657,HK,环科国际,company_name,stock_info_registry,0.95,2026-06-06T19:08:54.882165
00658,HK,00658,stock_code,stock_info_registry,1.0,2026-06-06T19:08:54.882176
00658,HK,中国高速传动,company_name,stock_info_registry,0.95,2026-06-06T19:08:54.882178
00659,HK,00659,stock_code,stock_info_registry,1.0,2026-06-06T19:08:54.882188
00659,HK,周大福创建,company_name,stock_info_registry,0.95,2026-06-06T19:08:54.882190
00660,HK,00660,stock_code,stock_info_registry,1.0,2026-06-06T19:08:54.882201
00660,HK,玮俊生物科技,company_name,stock_info_registry,0.95,2026-06-06T19:08:54.882202
00661,HK,00661,stock_code,stock_info_registry,1.0,2026-06-06T19:08:54.882213
00661,HK,中国大冶有色金属,company_name,stock_info_registry,0.95,2026-06-06T19:08:54.882215
00662,HK,00662,stock_code,stock_info_registry,1.0,2026-06-06T19:08:54.882226
00662,HK,亚洲金融,company_name,stock_info_registry,0.95,2026-06-06T19:08:54.882228
00664,HK,00664,stock_code,stock_info_registry,1.0,2026-06-06T19:08:54.882238
00664,HK,铜师傅,company_name,stock_info_registry,0.95,2026-06-06T19:08:54.882240
00666,HK,00666,stock_code,stock_info_registry,1.0,2026-06-06T19:08:54.882251
00666,HK,瑞浦兰钧,company_name,stock_info_registry,0.95,2026-06-06T19:08:54.882253
00667,HK,00667,stock_code,stock_info_registry,1.0,2026-06-06T19:08:54.882263
00667,HK,中国东方教育,company_name,stock_info_registry,0.95,2026-06-06T19:08:54.882265
00669,HK,00669,stock_code,stock_info_registry,1.0,2026-06-06T19:08:54.882276
00669,HK,创科实业,company_name,stock_info_registry,0.95,2026-06-06T19:08:54.882277
00670,HK,00670,stock_code,stock_info_registry,1.0,2026-06-06T19:08:54.882288
00670,HK,中国东方航空股份,company_name,stock_info_registry,0.95,2026-06-06T19:08:54.882290
00672,HK,00672,stock_code,stock_info_registry,1.0,2026-06-06T19:08:54.882300
00672,HK,众安集团,company_name,stock_info_registry,0.95,2026-06-06T19:08:54.882302
00673,HK,00673,stock_code,stock_info_registry,1.0,2026-06-06T19:08:54.882313
00673,HK,中国卫生集团,company_name,stock_info_registry,0.95,2026-06-06T19:08:54.882315
00674,HK,00674,stock_code,stock_info_registry,1.0,2026-06-06T19:08:54.882325
00674,HK,中国唐商,company_name,stock_info_registry,0.95,2026-06-06T19:08:54.882327
00675,HK,00675,stock_code,stock_info_registry,1.0,2026-06-06T19:08:54.882337
00675,HK,坚宝国际,company_name,stock_info_registry,0.95,2026-06-06T19:08:54.882339
00676,HK,00676,stock_code,stock_info_registry,1.0,2026-06-06T19:08:54.882350
00676,HK,创信国际,company_name,stock_info_registry,0.95,2026-06-06T19:08:54.882352
00677,HK,00677,stock_code,stock_info_registry,1.0,2026-06-06T19:08:54.882362
00677,HK,金源发展国际实业,company_name,stock_info_registry,0.95,2026-06-06T19:08:54.882364
00679,HK,00679,stock_code,stock_info_registry,1.0,2026-06-06T19:08:54.882382
00679,HK,亚洲联网科技,company_name,stock_info_registry,0.95,2026-06-06T19:08:54.882384
00681,HK,00681,stock_code,stock_info_registry,1.0,2026-06-06T19:08:54.882395
00681,HK,中民控股,company_name,stock_info_registry,0.95,2026-06-06T19:08:54.882397
00682,HK,00682,stock_code,stock_info_registry,1.0,2026-06-06T19:08:54.882408
00682,HK,超大现代,company_name,stock_info_registry,0.95,2026-06-06T19:08:54.882409
00683,HK,00683,stock_code,stock_info_registry,1.0,2026-06-06T19:08:54.882420
00683,HK,嘉里建设,company_name,stock_info_registry,0.95,2026-06-06T19:08:54.882422
00684,HK,00684,stock_code,stock_info_registry,1.0,2026-06-06T19:08:54.882432
00684,HK,亚伦国际,company_name,stock_info_registry,0.95,2026-06-06T19:08:54.882434
00685,HK,00685,stock_code,stock_info_registry,1.0,2026-06-06T19:08:54.882445
00685,HK,世界华文媒体,company_name,stock_info_registry,0.95,2026-06-06T19:08:54.882447
00686,HK,00686,stock_code,stock_info_registry,1.0,2026-06-06T19:08:54.882457
00686,HK,北京能源国际,company_name,stock_info_registry,0.95,2026-06-06T19:08:54.882459
00687,HK,00687,stock_code,stock_info_registry,1.0,2026-06-06T19:08:54.882470
00687,HK,泰升集团,company_name,stock_info_registry,0.95,2026-06-06T19:08:54.882472
00688,HK,00688,stock_code,stock_info_registry,1.0,2026-06-06T19:08:54.882483
00688,HK,中国海外发展,company_name,stock_info_registry,0.95,2026-06-06T19:08:54.882485
00689,HK,00689,stock_code,stock_info_registry,1.0,2026-06-06T19:08:54.882498
00689,HK,长盈集团(控股),company_name,stock_info_registry,0.95,2026-06-06T19:08:54.882500
00690,HK,00690,stock_code,stock_info_registry,1.0,2026-06-06T19:08:54.882510
00690,HK,联康生物科技集团,company_name,stock_info_registry,0.95,2026-06-06T19:08:54.882512
00691,HK,00691,stock_code,stock_info_registry,1.0,2026-06-06T19:08:54.882523
00691,HK,山水水泥,company_name,stock_info_registry,0.95,2026-06-06T19:08:54.882525
00693,HK,00693,stock_code,stock_info_registry,1.0,2026-06-06T19:08:54.882537
00693,HK,陈唱国际,company_name,stock_info_registry,0.95,2026-06-06T19:08:54.882539
00694,HK,00694,stock_code,stock_info_registry,1.0,2026-06-06T19:08:54.882553
00694,HK,北京首都机场股份,company_name,stock_info_registry,0.95,2026-06-06T19:08:54.882555
00695,HK,00695,stock_code,stock_info_registry,1.0,2026-06-06T19:08:54.882567
00695,HK,东吴水泥,company_name,stock_info_registry,0.95,2026-06-06T19:08:54.882569
00696,HK,00696,stock_code,stock_info_registry,1.0,2026-06-06T19:08:54.882583
00696,HK,中国民航信息网络,company_name,stock_info_registry,0.95,2026-06-06T19:08:54.882586
00697,HK,00697,stock_code,stock_info_registry,1.0,2026-06-06T19:08:54.882598
00697,HK,首程控股,company_name,stock_info_registry,0.95,2026-06-06T19:08:54.882599
00698,HK,00698,stock_code,stock_info_registry,1.0,2026-06-06T19:08:54.882610
00698,HK,通达集团,company_name,stock_info_registry,0.95,2026-06-06T19:08:54.882612
00699,HK,00699,stock_code,stock_info_registry,1.0,2026-06-06T19:08:54.882622
00699,HK,均胜电子,company_name,stock_info_registry,0.95,2026-06-06T19:08:54.882624
00700,HK,00700,stock_code,stock_info_registry,1.0,2026-06-06T19:08:54.882634
00700,HK,腾讯控股,company_name,stock_info_registry,0.95,2026-06-06T19:08:54.882636
00701,HK,00701,stock_code,stock_info_registry,1.0,2026-06-06T19:08:54.882647
00701,HK,北海集团,company_name,stock_info_registry,0.95,2026-06-06T19:08:54.882650
00702,HK,00702,stock_code,stock_info_registry,1.0,2026-06-06T19:08:54.882661
00702,HK,中国油气控股,company_name,stock_info_registry,0.95,2026-06-06T19:08:54.882662
00703,HK,00703,stock_code,stock_info_registry,1.0,2026-06-06T19:08:54.882673
00703,HK,佳景集团,company_name,stock_info_registry,0.95,2026-06-06T19:08:54.882675
00704,HK,00704,stock_code,stock_info_registry,1.0,2026-06-06T19:08:54.882685
00704,HK,和嘉控股,company_name,stock_info_registry,0.95,2026-06-06T19:08:54.882687
00707,HK,00707,stock_code,stock_info_registry,1.0,2026-06-06T19:08:54.882698
00707,HK,亚洲电视控股,company_name,stock_info_registry,0.95,2026-06-06T19:08:54.882700
00708,HK,00708,stock_code,stock_info_registry,1.0,2026-06-06T19:08:54.882710
00708,HK,恒大汽车,company_name,stock_info_registry,0.95,2026-06-06T19:08:54.882712
00709,HK,00709,stock_code,stock_info_registry,1.0,2026-06-06T19:08:54.882723
00709,HK,佐丹奴国际,company_name,stock_info_registry,0.95,2026-06-06T19:08:54.882725
00710,HK,00710,stock_code,stock_info_registry,1.0,2026-06-06T19:08:54.882735
00710,HK,京东方精电,company_name,stock_info_registry,0.95,2026-06-06T19:08:54.882737
00711,HK,00711,stock_code,stock_info_registry,1.0,2026-06-06T19:08:54.882748
00711,HK,亚洲联合基建控股,company_name,stock_info_registry,0.95,2026-06-06T19:08:54.882749
00712,HK,00712,stock_code,stock_info_registry,1.0,2026-06-06T19:08:54.882760
00712,HK,卡姆丹克太阳能,company_name,stock_info_registry,0.95,2026-06-06T19:08:54.882762
00713,HK,00713,stock_code,stock_info_registry,1.0,2026-06-06T19:08:54.882772
00713,HK,世界(集团),company_name,stock_info_registry,0.95,2026-06-06T19:08:54.882774
00716,HK,00716,stock_code,stock_info_registry,1.0,2026-06-06T19:08:54.882786
00716,HK,胜狮货柜,company_name,stock_info_registry,0.95,2026-06-06T19:08:54.882788
00717,HK,00717,stock_code,stock_info_registry,1.0,2026-06-06T19:08:54.882799
00717,HK,英皇资本,company_name,stock_info_registry,0.95,2026-06-06T19:08:54.882801
00718,HK,00718,stock_code,stock_info_registry,1.0,2026-06-06T19:08:54.882812
00718,HK,太和控股,company_name,stock_info_registry,0.95,2026-06-06T19:08:54.882813
00719,HK,00719,stock_code,stock_info_registry,1.0,2026-06-06T19:08:54.882824
00719,HK,山东新华制药股份,company_name,stock_info_registry,0.95,2026-06-06T19:08:54.882826
00720,HK,00720,stock_code,stock_info_registry,1.0,2026-06-06T19:08:54.882837
00720,HK,意达利控股,company_name,stock_info_registry,0.95,2026-06-06T19:08:54.882838
00721,HK,00721,stock_code,stock_info_registry,1.0,2026-06-06T19:08:54.882849
00721,HK,中国金融国际,company_name,stock_info_registry,0.95,2026-06-06T19:08:54.882851
00722,HK,00722,stock_code,stock_info_registry,1.0,2026-06-06T19:08:54.882862
00722,HK,联合医务,company_name,stock_info_registry,0.95,2026-06-06T19:08:54.882864
00723,HK,00723,stock_code,stock_info_registry,1.0,2026-06-06T19:08:54.882874
00723,HK,信保环球控股,company_name,stock_info_registry,0.95,2026-06-06T19:08:54.882876
00724,HK,00724,stock_code,stock_info_registry,1.0,2026-06-06T19:08:54.882887
00724,HK,瑞鑫国际集团,company_name,stock_info_registry,0.95,2026-06-06T19:08:54.882889
00725,HK,00725,stock_code,stock_info_registry,1.0,2026-06-06T19:08:54.882900
00725,HK,恒都集团,company_name,stock_info_registry,0.95,2026-06-06T19:08:54.882902
00726,HK,00726,stock_code,stock_info_registry,1.0,2026-06-06T19:08:54.882913
00726,HK,筑友智造科技,company_name,stock_info_registry,0.95,2026-06-06T19:08:54.882915
00727,HK,00727,stock_code,stock_info_registry,1.0,2026-06-06T19:08:54.882925
00727,HK,皇冠环球集团,company_name,stock_info_registry,0.95,2026-06-06T19:08:54.882927
00728,HK,00728,stock_code,stock_info_registry,1.0,2026-06-06T19:08:54.882938
00728,HK,中国电信,company_name,stock_info_registry,0.95,2026-06-06T19:08:54.882939
00730,HK,00730,stock_code,stock_info_registry,1.0,2026-06-06T19:08:54.882950
00730,HK,首惠产业金融,company_name,stock_info_registry,0.95,2026-06-06T19:08:54.882952
00731,HK,00731,stock_code,stock_info_registry,1.0,2026-06-06T19:08:54.882962
00731,HK,建发新胜,company_name,stock_info_registry,0.95,2026-06-06T19:08:54.882964
00732,HK,00732,stock_code,stock_info_registry,1.0,2026-06-06T19:08:54.882975
00732,HK,信利国际,company_name,stock_info_registry,0.95,2026-06-06T19:08:54.882977
00733,HK,00733,stock_code,stock_info_registry,1.0,2026-06-06T19:08:54.882987
00733,HK,合富辉煌,company_name,stock_info_registry,0.95,2026-06-06T19:08:54.882989
00736,HK,00736,stock_code,stock_info_registry,1.0,2026-06-06T19:08:54.883000
00736,HK,中国置业投资,company_name,stock_info_registry,0.95,2026-06-06T19:08:54.883002
00737,HK,00737,stock_code,stock_info_registry,1.0,2026-06-06T19:08:54.883012
00737,HK,湾区发展,company_name,stock_info_registry,0.95,2026-06-06T19:08:54.883014
00738,HK,00738,stock_code,stock_info_registry,1.0,2026-06-06T19:08:54.883025
00738,HK,莱尔斯丹,company_name,stock_info_registry,0.95,2026-06-06T19:08:54.883026
00743,HK,00743,stock_code,stock_info_registry,1.0,2026-06-06T19:08:54.883037
00743,HK,亚洲水泥(中国),company_name,stock_info_registry,0.95,2026-06-06T19:08:54.883039
00745,HK,00745,stock_code,stock_info_registry,1.0,2026-06-06T19:08:54.883050
00745,HK,中国国家文化产业,company_name,stock_info_registry,0.95,2026-06-06T19:08:54.883051
00746,HK,00746,stock_code,stock_info_registry,1.0,2026-06-06T19:08:54.883062
00746,HK,理文化工,company_name,stock_info_registry,0.95,2026-06-06T19:08:54.883064
00747,HK,00747,stock_code,stock_info_registry,1.0,2026-06-06T19:08:54.883074
00747,HK,沈阳公用发展股份,company_name,stock_info_registry,0.95,2026-06-06T19:08:54.883076
00750,HK,00750,stock_code,stock_info_registry,1.0,2026-06-06T19:08:54.883086
00750,HK,水发兴业能源,company_name,stock_info_registry,0.95,2026-06-06T19:08:54.883088
00751,HK,00751,stock_code,stock_info_registry,1.0,2026-06-06T19:08:54.883099
00751,HK,创维集团,company_name,stock_info_registry,0.95,2026-06-06T19:08:54.883100
00752,HK,00752,stock_code,stock_info_registry,1.0,2026-06-06T19:08:54.883111
00752,HK,笔克远东,company_name,stock_info_registry,0.95,2026-06-06T19:08:54.883113
00753,HK,00753,stock_code,stock_info_registry,1.0,2026-06-06T19:08:54.883123
00753,HK,中国国航,company_name,stock_info_registry,0.95,2026-06-06T19:08:54.883125
00754,HK,00754,stock_code,stock_info_registry,1.0,2026-06-06T19:08:54.883136
00754,HK,合生创展集团,company_name,stock_info_registry,0.95,2026-06-06T19:08:54.883139
00755,HK,00755,stock_code,stock_info_registry,1.0,2026-06-06T19:08:54.883150
00755,HK,大方广瑞德,company_name,stock_info_registry,0.95,2026-06-06T19:08:54.883151
00756,HK,00756,stock_code,stock_info_registry,1.0,2026-06-06T19:08:54.883162
00756,HK,森美控股,company_name,stock_info_registry,0.95,2026-06-06T19:08:54.883164
00757,HK,00757,stock_code,stock_info_registry,1.0,2026-06-06T19:08:54.883174
00757,HK,阳光能源,company_name,stock_info_registry,0.95,2026-06-06T19:08:54.883176
00759,HK,00759,stock_code,stock_info_registry,1.0,2026-06-06T19:08:54.883191
00759,HK,CEC国际控股,company_name,stock_info_registry,0.95,2026-06-06T19:08:54.883193
00760,HK,00760,stock_code,stock_info_registry,1.0,2026-06-06T19:08:54.883203
00760,HK,新天地产集团,company_name,stock_info_registry,0.95,2026-06-06T19:08:54.883205
00762,HK,00762,stock_code,stock_info_registry,1.0,2026-06-06T19:08:54.883218
00762,HK,中国联通,company_name,stock_info_registry,0.95,2026-06-06T19:08:54.883220
00763,HK,00763,stock_code,stock_info_registry,1.0,2026-06-06T19:08:54.883231
00763,HK,中兴通讯,company_name,stock_info_registry,0.95,2026-06-06T19:08:54.883233
00764,HK,00764,stock_code,stock_info_registry,1.0,2026-06-06T19:08:54.883243
00764,HK,永恒策略,company_name,stock_info_registry,0.95,2026-06-06T19:08:54.883245
00765,HK,00765,stock_code,stock_info_registry,1.0,2026-06-06T19:08:54.883257
00765,HK,威发国际,company_name,stock_info_registry,0.95,2026-06-06T19:08:54.883259
00767,HK,00767,stock_code,stock_info_registry,1.0,2026-06-06T19:08:54.883270
00767,HK,中基长寿科学,company_name,stock_info_registry,0.95,2026-06-06T19:08:54.883272
00768,HK,00768,stock_code,stock_info_registry,1.0,2026-06-06T19:08:54.883282
00768,HK,开明投资,company_name,stock_info_registry,0.95,2026-06-06T19:08:54.883284
00769,HK,00769,stock_code,stock_info_registry,1.0,2026-06-06T19:08:54.883295
00769,HK,中国稀土,company_name,stock_info_registry,0.95,2026-06-06T19:08:54.883297
00770,HK,00770,stock_code,stock_info_registry,1.0,2026-06-06T19:08:54.883307
00770,HK,沪光国际,company_name,stock_info_registry,0.95,2026-06-06T19:08:54.883309
00771,HK,00771,stock_code,stock_info_registry,1.0,2026-06-06T19:08:54.883320
00771,HK,自动系统,company_name,stock_info_registry,0.95,2026-06-06T19:08:54.883321
00772,HK,00772,stock_code,stock_info_registry,1.0,2026-06-06T19:08:54.883332
00772,HK,阅文集团,company_name,stock_info_registry,0.95,2026-06-06T19:08:54.883334
00775,HK,00775,stock_code,stock_info_registry,1.0,2026-06-06T19:08:54.883344
00775,HK,长江生命科技,company_name,stock_info_registry,0.95,2026-06-06T19:08:54.883346
00776,HK,00776,stock_code,stock_info_registry,1.0,2026-06-06T19:08:54.883357
00776,HK,帝国科技集团,company_name,stock_info_registry,0.95,2026-06-06T19:08:54.883358
00777,HK,00777,stock_code,stock_info_registry,1.0,2026-06-06T19:08:54.883370
00777,HK,网龙,company_name,stock_info_registry,0.95,2026-06-06T19:08:54.883372
00780,HK,00780,stock_code,stock_info_registry,1.0,2026-06-06T19:08:54.883385
00780,HK,同程旅行,company_name,stock_info_registry,0.95,2026-06-06T19:08:54.883387
00784,HK,00784,stock_code,stock_info_registry,1.0,2026-06-06T19:08:54.883398
00784,HK,凌锐控股,company_name,stock_info_registry,0.95,2026-06-06T19:08:54.883400
00788,HK,00788,stock_code,stock_info_registry,1.0,2026-06-06T19:08:54.883410
00788,HK,中国铁塔,company_name,stock_info_registry,0.95,2026-06-06T19:08:54.883412
00789,HK,00789,stock_code,stock_info_registry,1.0,2026-06-06T19:08:54.883425
00789,HK,雅天妮集团,company_name,stock_info_registry,0.95,2026-06-06T19:08:54.883427
00794,HK,00794,stock_code,stock_info_registry,1.0,2026-06-06T19:08:54.883441
00794,HK,锦胜集团(控股),company_name,stock_info_registry,0.95,2026-06-06T19:08:54.883442
00797,HK,00797,stock_code,stock_info_registry,1.0,2026-06-06T19:08:54.883454
00797,HK,第七大道,company_name,stock_info_registry,0.95,2026-06-06T19:08:54.883456
00798,HK,00798,stock_code,stock_info_registry,1.0,2026-06-06T19:08:54.883466
00798,HK,中电光谷,company_name,stock_info_registry,0.95,2026-06-06T19:08:54.883468
00799,HK,00799,stock_code,stock_info_registry,1.0,2026-06-06T19:08:54.883479
00799,HK,IGG,company_name,stock_info_registry,0.95,2026-06-06T19:08:54.883480
00800,HK,00800,stock_code,stock_info_registry,1.0,2026-06-06T19:08:54.883491
00800,HK,文远知行-W,company_name,stock_info_registry,0.95,2026-06-06T19:08:54.883493
00802,HK,00802,stock_code,stock_info_registry,1.0,2026-06-06T19:08:54.883503
00804,HK,00804,stock_code,stock_info_registry,1.0,2026-06-06T19:08:54.883514
00804,HK,鼎石资本,company_name,stock_info_registry,0.95,2026-06-06T19:08:54.883516
00805,HK,00805,stock_code,stock_info_registry,1.0,2026-06-06T19:08:54.883527
00805,HK,新吉奥房车,company_name,stock_info_registry,0.95,2026-06-06T19:08:54.883528
00806,HK,00806,stock_code,stock_info_registry,1.0,2026-06-06T19:08:54.883539
00806,HK,惠理集团,company_name,stock_info_registry,0.95,2026-06-06T19:08:54.883541
00807,HK,00807,stock_code,stock_info_registry,1.0,2026-06-06T19:08:54.883551
00807,HK,上海实业环境,company_name,stock_info_registry,0.95,2026-06-06T19:08:54.883553
00809,HK,00809,stock_code,stock_info_registry,1.0,2026-06-06T19:08:54.883564
00809,HK,大成生化科技,company_name,stock_info_registry,0.95,2026-06-06T19:08:54.883565
00810,HK,00810,stock_code,stock_info_registry,1.0,2026-06-06T19:08:54.883576
00810,HK,中国铸晨81,company_name,stock_info_registry,0.95,2026-06-06T19:08:54.883578
00811,HK,00811,stock_code,stock_info_registry,1.0,2026-06-06T19:08:54.883588
00811,HK,新华文轩,company_name,stock_info_registry,0.95,2026-06-06T19:08:54.883591
00812,HK,00812,stock_code,stock_info_registry,1.0,2026-06-06T19:08:54.883601
00813,HK,00813,stock_code,stock_info_registry,1.0,2026-06-06T19:08:54.883612
00813,HK,世茂集团,company_name,stock_info_registry,0.95,2026-06-06T19:08:54.883614
00814,HK,00814,stock_code,stock_info_registry,1.0,2026-06-06T19:08:54.883624
00814,HK,北京京客隆,company_name,stock_info_registry,0.95,2026-06-06T19:08:54.883626
00815,HK,00815,stock_code,stock_info_registry,1.0,2026-06-06T19:08:54.883636
00815,HK,中国白银集团,company_name,stock_info_registry,0.95,2026-06-06T19:08:54.883638
00816,HK,00816,stock_code,stock_info_registry,1.0,2026-06-06T19:08:54.883649
00816,HK,金茂服务,company_name,stock_info_registry,0.95,2026-06-06T19:08:54.883652
00817,HK,00817,stock_code,stock_info_registry,1.0,2026-06-06T19:08:54.883663
00817,HK,中国金茂,company_name,stock_info_registry,0.95,2026-06-06T19:08:54.883664
00818,HK,00818,stock_code,stock_info_registry,1.0,2026-06-06T19:08:54.883675
00818,HK,高阳科技,company_name,stock_info_registry,0.95,2026-06-06T19:08:54.883677
00819,HK,00819,stock_code,stock_info_registry,1.0,2026-06-06T19:08:54.883687
00819,HK,天能动力,company_name,stock_info_registry,0.95,2026-06-06T19:08:54.883689
00821,HK,00821,stock_code,stock_info_registry,1.0,2026-06-06T19:08:54.883700
00821,HK,汇盈控股,company_name,stock_info_registry,0.95,2026-06-06T19:08:54.883701
00822,HK,00822,stock_code,stock_info_registry,1.0,2026-06-06T19:08:54.883712
00822,HK,嘉瑞国际,company_name,stock_info_registry,0.95,2026-06-06T19:08:54.883714
00825,HK,00825,stock_code,stock_info_registry,1.0,2026-06-06T19:08:54.883724
00825,HK,新世界百货中国,company_name,stock_info_registry,0.95,2026-06-06T19:08:54.883726
00826,HK,00826,stock_code,stock_info_registry,1.0,2026-06-06T19:08:54.883737
00826,HK,天工国际,company_name,stock_info_registry,0.95,2026-06-06T19:08:54.883739
00827,HK,00827,stock_code,stock_info_registry,1.0,2026-06-06T19:08:54.883749
00827,HK,玖源集团,company_name,stock_info_registry,0.95,2026-06-06T19:08:54.883751
00828,HK,00828,stock_code,stock_info_registry,1.0,2026-06-06T19:08:54.883761
00828,HK,王朝酒业,company_name,stock_info_registry,0.95,2026-06-06T19:08:54.883763
00829,HK,00829,stock_code,stock_info_registry,1.0,2026-06-06T19:08:54.883773
00829,HK,神冠控股,company_name,stock_info_registry,0.95,2026-06-06T19:08:54.883775
00830,HK,00830,stock_code,stock_info_registry,1.0,2026-06-06T19:08:54.883785
00830,HK,中国建筑兴业,company_name,stock_info_registry,0.95,2026-06-06T19:08:54.883787
00831,HK,00831,stock_code,stock_info_registry,1.0,2026-06-06T19:08:54.883798
00831,HK,利亚零售,company_name,stock_info_registry,0.95,2026-06-06T19:08:54.883799
00832,HK,00832,stock_code,stock_info_registry,1.0,2026-06-06T19:08:54.883810
00832,HK,建业地产,company_name,stock_info_registry,0.95,2026-06-06T19:08:54.883812
00833,HK,00833,stock_code,stock_info_registry,1.0,2026-06-06T19:08:54.883822
00833,HK,华讯,company_name,stock_info_registry,0.95,2026-06-06T19:08:54.883824
00834,HK,00834,stock_code,stock_info_registry,1.0,2026-06-06T19:08:54.883834
00834,HK,康大食品,company_name,stock_info_registry,0.95,2026-06-06T19:08:54.883836
00836,HK,00836,stock_code,stock_info_registry,1.0,2026-06-06T19:08:54.883847
00836,HK,华润电力,company_name,stock_info_registry,0.95,2026-06-06T19:08:54.883849
00837,HK,00837,stock_code,stock_info_registry,1.0,2026-06-06T19:08:54.883859
00837,HK,谭木匠,company_name,stock_info_registry,0.95,2026-06-06T19:08:54.883861
00838,HK,00838,stock_code,stock_info_registry,1.0,2026-06-06T19:08:54.883871
00838,HK,亿和控股,company_name,stock_info_registry,0.95,2026-06-06T19:08:54.883873
00839,HK,00839,stock_code,stock_info_registry,1.0,2026-06-06T19:08:54.883883
00839,HK,中教控股,company_name,stock_info_registry,0.95,2026-06-06T19:08:54.883885
00840,HK,00840,stock_code,stock_info_registry,1.0,2026-06-06T19:08:54.883896
00840,HK,天业节水,company_name,stock_info_registry,0.95,2026-06-06T19:08:54.883897
00841,HK,00841,stock_code,stock_info_registry,1.0,2026-06-06T19:08:54.883908
00841,HK,木薯资源,company_name,stock_info_registry,0.95,2026-06-06T19:08:54.883910
00842,HK,00842,stock_code,stock_info_registry,1.0,2026-06-06T19:08:54.883920
00842,HK,理士国际,company_name,stock_info_registry,0.95,2026-06-06T19:08:54.883922
00844,HK,00844,stock_code,stock_info_registry,1.0,2026-06-06T19:08:54.883932
00844,HK,广泰国际控股,company_name,stock_info_registry,0.95,2026-06-06T19:08:54.883934
00845,HK,00845,stock_code,stock_info_registry,1.0,2026-06-06T19:08:54.883946
00845,HK,恒盛地产,company_name,stock_info_registry,0.95,2026-06-06T19:08:54.883948
00846,HK,00846,stock_code,stock_info_registry,1.0,2026-06-06T19:08:54.883958
00846,HK,明发集团,company_name,stock_info_registry,0.95,2026-06-06T19:08:54.883960
00848,HK,00848,stock_code,stock_info_registry,1.0,2026-06-06T19:08:54.883971
00848,HK,茂业国际,company_name,stock_info_registry,0.95,2026-06-06T19:08:54.883972
00851,HK,00851,stock_code,stock_info_registry,1.0,2026-06-06T19:08:54.883983
00851,HK,盛源控股,company_name,stock_info_registry,0.95,2026-06-06T19:08:54.883985
00852,HK,00852,stock_code,stock_info_registry,1.0,2026-06-06T19:08:54.883995
00852,HK,海峡石油化工,company_name,stock_info_registry,0.95,2026-06-06T19:08:54.883997
00853,HK,00853,stock_code,stock_info_registry,1.0,2026-06-06T19:08:54.884008
00853,HK,微创医疗,company_name,stock_info_registry,0.95,2026-06-06T19:08:54.884010
00854,HK,00854,stock_code,stock_info_registry,1.0,2026-06-06T19:08:54.884020
00854,HK,威雅利,company_name,stock_info_registry,0.95,2026-06-06T19:08:54.884022
00855,HK,00855,stock_code,stock_info_registry,1.0,2026-06-06T19:08:54.884032
00855,HK,中国水务,company_name,stock_info_registry,0.95,2026-06-06T19:08:54.884034
00856,HK,00856,stock_code,stock_info_registry,1.0,2026-06-06T19:08:54.884045
00856,HK,伟仕佳杰,company_name,stock_info_registry,0.95,2026-06-06T19:08:54.884047
00857,HK,00857,stock_code,stock_info_registry,1.0,2026-06-06T19:08:54.884057
00857,HK,中国石油股份,company_name,stock_info_registry,0.95,2026-06-06T19:08:54.884059
00858,HK,00858,stock_code,stock_info_registry,1.0,2026-06-06T19:08:54.884070
00858,HK,精优药业,company_name,stock_info_registry,0.95,2026-06-06T19:08:54.884071
00859,HK,00859,stock_code,stock_info_registry,1.0,2026-06-06T19:08:54.884082
00859,HK,中昌国际控股,company_name,stock_info_registry,0.95,2026-06-06T19:08:54.884084
00860,HK,00860,stock_code,stock_info_registry,1.0,2026-06-06T19:08:54.884094
00860,HK,APOLLO出行,company_name,stock_info_registry,0.95,2026-06-06T19:08:54.884096
00861,HK,00861,stock_code,stock_info_registry,1.0,2026-06-06T19:08:54.884107
00861,HK,神州控股,company_name,stock_info_registry,0.95,2026-06-06T19:08:54.884108
00862,HK,00862,stock_code,stock_info_registry,1.0,2026-06-06T19:08:54.884121
00863,HK,00863,stock_code,stock_info_registry,1.0,2026-06-06T19:08:54.884131
00863,HK,OSL集团,company_name,stock_info_registry,0.95,2026-06-06T19:08:54.884133
00864,HK,00864,stock_code,stock_info_registry,1.0,2026-06-06T19:08:54.884145
00864,HK,永利地产发展,company_name,stock_info_registry,0.95,2026-06-06T19:08:54.884147
00865,HK,00865,stock_code,stock_info_registry,1.0,2026-06-06T19:08:54.884158
00865,HK,建德国际控股,company_name,stock_info_registry,0.95,2026-06-06T19:08:54.884159
00866,HK,00866,stock_code,stock_info_registry,1.0,2026-06-06T19:08:54.884170
00866,HK,中国秦发,company_name,stock_info_registry,0.95,2026-06-06T19:08:54.884172
00867,HK,00867,stock_code,stock_info_registry,1.0,2026-06-06T19:08:54.884182
00867,HK,康哲药业,company_name,stock_info_registry,0.95,2026-06-06T19:08:54.884184
00868,HK,00868,stock_code,stock_info_registry,1.0,2026-06-06T19:08:54.884194
00868,HK,信义玻璃,company_name,stock_info_registry,0.95,2026-06-06T19:08:54.884196
00869,HK,00869,stock_code,stock_info_registry,1.0,2026-06-06T19:08:54.884207
00869,HK,彩星玩具,company_name,stock_info_registry,0.95,2026-06-06T19:08:54.884209
00871,HK,00871,stock_code,stock_info_registry,1.0,2026-06-06T19:08:54.884219
00871,HK,中国疏浚环保,company_name,stock_info_registry,0.95,2026-06-06T19:08:54.884221
00873,HK,00873,stock_code,stock_info_registry,1.0,2026-06-06T19:08:54.884231
00873,HK,世茂服务,company_name,stock_info_registry,0.95,2026-06-06T19:08:54.884233
00874,HK,00874,stock_code,stock_info_registry,1.0,2026-06-06T19:08:54.884244
00874,HK,白云山,company_name,stock_info_registry,0.95,2026-06-06T19:08:54.884245
00875,HK,00875,stock_code,stock_info_registry,1.0,2026-06-06T19:08:54.884256
00875,HK,从玉智农,company_name,stock_info_registry,0.95,2026-06-06T19:08:54.884258
00876,HK,00876,stock_code,stock_info_registry,1.0,2026-06-06T19:08:54.884268
00876,HK,佳兆业健康,company_name,stock_info_registry,0.95,2026-06-06T19:08:54.884270
00878,HK,00878,stock_code,stock_info_registry,1.0,2026-06-06T19:08:54.884281
00878,HK,金朝阳集团,company_name,stock_info_registry,0.95,2026-06-06T19:08:54.884282
00880,HK,00880,stock_code,stock_info_registry,1.0,2026-06-06T19:08:54.884293
00880,HK,澳博控股,company_name,stock_info_registry,0.95,2026-06-06T19:08:54.884295
00881,HK,00881,stock_code,stock_info_registry,1.0,2026-06-06T19:08:54.884305
00881,HK,中升控股,company_name,stock_info_registry,0.95,2026-06-06T19:08:54.884307
00882,HK,00882,stock_code,stock_info_registry,1.0,2026-06-06T19:08:54.884320
00882,HK,天津发展,company_name,stock_info_registry,0.95,2026-06-06T19:08:54.884322
00883,HK,00883,stock_code,stock_info_registry,1.0,2026-06-06T19:08:54.884643
00883,HK,中国海洋石油,company_name,stock_info_registry,0.95,2026-06-06T19:08:54.884645
00884,HK,00884,stock_code,stock_info_registry,1.0,2026-06-06T19:08:54.884661
00884,HK,旭辉控股集团,company_name,stock_info_registry,0.95,2026-06-06T19:08:54.884663
00887,HK,00887,stock_code,stock_info_registry,1.0,2026-06-06T19:08:54.884674
00887,HK,英皇钟表珠宝,company_name,stock_info_registry,0.95,2026-06-06T19:08:54.884676
00888,HK,00888,stock_code,stock_info_registry,1.0,2026-06-06T19:08:54.884688
00888,HK,链信控股,company_name,stock_info_registry,0.95,2026-06-06T19:08:54.884689
00889,HK,00889,stock_code,stock_info_registry,1.0,2026-06-06T19:08:54.884700
00889,HK,连达科技控股,company_name,stock_info_registry,0.95,2026-06-06T19:08:54.884702
00893,HK,00893,stock_code,stock_info_registry,1.0,2026-06-06T19:08:54.884713
00893,HK,中国铁钛,company_name,stock_info_registry,0.95,2026-06-06T19:08:54.884715
00894,HK,00894,stock_code,stock_info_registry,1.0,2026-06-06T19:08:54.884728
00894,HK,万裕科技,company_name,stock_info_registry,0.95,2026-06-06T19:08:54.884729
00895,HK,00895,stock_code,stock_info_registry,1.0,2026-06-06T19:08:54.884740
00895,HK,东江环保,company_name,stock_info_registry,0.95,2026-06-06T19:08:54.884742
00896,HK,00896,stock_code,stock_info_registry,1.0,2026-06-06T19:08:54.884753
00896,HK,兴胜创建,company_name,stock_info_registry,0.95,2026-06-06T19:08:54.884755
00897,HK,00897,stock_code,stock_info_registry,1.0,2026-06-06T19:08:54.884768
00897,HK,位元堂,company_name,stock_info_registry,0.95,2026-06-06T19:08:54.884771
00898,HK,00898,stock_code,stock_info_registry,1.0,2026-06-06T19:08:54.884785
00898,HK,万事昌国际,company_name,stock_info_registry,0.95,2026-06-06T19:08:54.884788
00899,HK,00899,stock_code,stock_info_registry,1.0,2026-06-06T19:08:54.884799
00899,HK,中加国信,company_name,stock_info_registry,0.95,2026-06-06T19:08:54.884801
00900,HK,00900,stock_code,stock_info_registry,1.0,2026-06-06T19:08:54.884814
00900,HK,Aeon信贷,company_name,stock_info_registry,0.95,2026-06-06T19:08:54.884816
00901,HK,00901,stock_code,stock_info_registry,1.0,2026-06-06T19:08:54.884828
00901,HK,华曦达,company_name,stock_info_registry,0.95,2026-06-06T19:08:54.884830
00902,HK,00902,stock_code,stock_info_registry,1.0,2026-06-06T19:08:54.884842
00902,HK,华能国际电力股份,company_name,stock_info_registry,0.95,2026-06-06T19:08:54.884844
00905,HK,00905,stock_code,stock_info_registry,1.0,2026-06-06T19:08:54.884855
00905,HK,胡桃资本,company_name,stock_info_registry,0.95,2026-06-06T19:08:54.884857
00907,HK,00907,stock_code,stock_info_registry,1.0,2026-06-06T19:08:54.884868
00907,HK,高雅光学,company_name,stock_info_registry,0.95,2026-06-06T19:08:54.884870
00909,HK,00909,stock_code,stock_info_registry,1.0,2026-06-06T19:08:54.884881
00909,HK,明源云,company_name,stock_info_registry,0.95,2026-06-06T19:08:54.884883
00910,HK,00910,stock_code,stock_info_registry,1.0,2026-06-06T19:08:54.884894
00910,HK,中国三迪,company_name,stock_info_registry,0.95,2026-06-06T19:08:54.884895
00911,HK,00911,stock_code,stock_info_registry,1.0,2026-06-06T19:08:54.884907
00911,HK,前海健康,company_name,stock_info_registry,0.95,2026-06-06T19:08:54.884909
00912,HK,00912,stock_code,stock_info_registry,1.0,2026-06-06T19:08:54.884923
00912,HK,信佳国际,company_name,stock_info_registry,0.95,2026-06-06T19:08:54.884925
00913,HK,00913,stock_code,stock_info_registry,1.0,2026-06-06T19:08:54.884940
00913,HK,港湾数字,company_name,stock_info_registry,0.95,2026-06-06T19:08:54.884943
00914,HK,00914,stock_code,stock_info_registry,1.0,2026-06-06T19:08:54.884956
00914,HK,海螺水泥,company_name,stock_info_registry,0.95,2026-06-06T19:08:54.884958
00915,HK,00915,stock_code,stock_info_registry,1.0,2026-06-06T19:08:54.884968
00915,HK,道和环球,company_name,stock_info_registry,0.95,2026-06-06T19:08:54.884970
00916,HK,00916,stock_code,stock_info_registry,1.0,2026-06-06T19:08:54.884982
00916,HK,龙源电力,company_name,stock_info_registry,0.95,2026-06-06T19:08:54.884984
00917,HK,00917,stock_code,stock_info_registry,1.0,2026-06-06T19:08:54.884994
00917,HK,趣致集团,company_name,stock_info_registry,0.95,2026-06-06T19:08:54.884996
00918,HK,00918,stock_code,stock_info_registry,1.0,2026-06-06T19:08:54.885007
00918,HK,龙翼航空科技,company_name,stock_info_registry,0.95,2026-06-06T19:08:54.885008
00919,HK,00919,stock_code,stock_info_registry,1.0,2026-06-06T19:08:54.885019
00919,HK,现代健康科技,company_name,stock_info_registry,0.95,2026-06-06T19:08:54.885021
00921,HK,00921,stock_code,stock_info_registry,1.0,2026-06-06T19:08:54.885031
00921,HK,海信家电,company_name,stock_info_registry,0.95,2026-06-06T19:08:54.885033
00922,HK,00922,stock_code,stock_info_registry,1.0,2026-06-06T19:08:54.885044
00922,HK,安贤园中国,company_name,stock_info_registry,0.95,2026-06-06T19:08:54.885045
00923,HK,00923,stock_code,stock_info_registry,1.0,2026-06-06T19:08:54.885056
00923,HK,综合环保集团,company_name,stock_info_registry,0.95,2026-06-06T19:08:54.885058
00924,HK,00924,stock_code,stock_info_registry,1.0,2026-06-06T19:08:54.885068
00924,HK,坤集团,company_name,stock_info_registry,0.95,2026-06-06T19:08:54.885070
00925,HK,00925,stock_code,stock_info_registry,1.0,2026-06-06T19:08:54.885081
00926,HK,00926,stock_code,stock_info_registry,1.0,2026-06-06T19:08:54.885091
00926,HK,碧生源,company_name,stock_info_registry,0.95,2026-06-06T19:08:54.885093
00927,HK,00927,stock_code,stock_info_registry,1.0,2026-06-06T19:08:54.885104
00927,HK,富士高实业,company_name,stock_info_registry,0.95,2026-06-06T19:08:54.885106
00928,HK,00928,stock_code,stock_info_registry,1.0,2026-06-06T19:08:54.885116
00928,HK,帝王国际投资,company_name,stock_info_registry,0.95,2026-06-06T19:08:54.885118
00929,HK,00929,stock_code,stock_info_registry,1.0,2026-06-06T19:08:54.885129
00929,HK,国际精密,company_name,stock_info_registry,0.95,2026-06-06T19:08:54.885130
00931,HK,00931,stock_code,stock_info_registry,1.0,2026-06-06T19:08:54.885141
00931,HK,中国港能,company_name,stock_info_registry,0.95,2026-06-06T19:08:54.885143
00932,HK,00932,stock_code,stock_info_registry,1.0,2026-06-06T19:08:54.885153
00932,HK,顺腾国际控股,company_name,stock_info_registry,0.95,2026-06-06T19:08:54.885155
00933,HK,00933,stock_code,stock_info_registry,1.0,2026-06-06T19:08:54.885166
00933,HK,非凡领越,company_name,stock_info_registry,0.95,2026-06-06T19:08:54.885168
00934,HK,00934,stock_code,stock_info_registry,1.0,2026-06-06T19:08:54.885178
00934,HK,中石化冠德,company_name,stock_info_registry,0.95,2026-06-06T19:08:54.885180
00936,HK,00936,stock_code,stock_info_registry,1.0,2026-06-06T19:08:54.885190
00936,HK,佳兆业资本,company_name,stock_info_registry,0.95,2026-06-06T19:08:54.885192
00938,HK,00938,stock_code,stock_info_registry,1.0,2026-06-06T19:08:54.885203
00938,HK,民生国际,company_name,stock_info_registry,0.95,2026-06-06T19:08:54.885204
00939,HK,00939,stock_code,stock_info_registry,1.0,2026-06-06T19:08:54.885215
00939,HK,建设银行,company_name,stock_info_registry,0.95,2026-06-06T19:08:54.885217
00941,HK,00941,stock_code,stock_info_registry,1.0,2026-06-06T19:08:54.885227
00941,HK,中国移动,company_name,stock_info_registry,0.95,2026-06-06T19:08:54.885229
00943,HK,00943,stock_code,stock_info_registry,1.0,2026-06-06T19:08:54.885239
00943,HK,中证国际,company_name,stock_info_registry,0.95,2026-06-06T19:08:54.885241
00945,HK,00945,stock_code,stock_info_registry,1.0,2026-06-06T19:08:54.885252
00945,HK,宏利金融-S,company_name,stock_info_registry,0.95,2026-06-06T19:08:54.885254
00947,HK,00947,stock_code,stock_info_registry,1.0,2026-06-06T19:08:54.885264
00947,HK,摩比发展,company_name,stock_info_registry,0.95,2026-06-06T19:08:54.885266
00948,HK,00948,stock_code,stock_info_registry,1.0,2026-06-06T19:08:54.885277
00948,HK,阿尔法企业,company_name,stock_info_registry,0.95,2026-06-06T19:08:54.885278
00950,HK,00950,stock_code,stock_info_registry,1.0,2026-06-06T19:08:54.885289
00950,HK,李氏大药厂,company_name,stock_info_registry,0.95,2026-06-06T19:08:54.885291
00951,HK,00951,stock_code,stock_info_registry,1.0,2026-06-06T19:08:54.885301
00951,HK,超威动力,company_name,stock_info_registry,0.95,2026-06-06T19:08:54.885303
00952,HK,00952,stock_code,stock_info_registry,1.0,2026-06-06T19:08:54.885315
00952,HK,华富建业金融,company_name,stock_info_registry,0.95,2026-06-06T19:08:54.885317
00953,HK,00953,stock_code,stock_info_registry,1.0,2026-06-06T19:08:54.885328
00953,HK,邵氏兄弟控股,company_name,stock_info_registry,0.95,2026-06-06T19:08:54.885330
00954,HK,00954,stock_code,stock_info_registry,1.0,2026-06-06T19:08:54.885340
00954,HK,常茂生物,company_name,stock_info_registry,0.95,2026-06-06T19:08:54.885342
00956,HK,00956,stock_code,stock_info_registry,1.0,2026-06-06T19:08:54.885352
00956,HK,新天绿色能源,company_name,stock_info_registry,0.95,2026-06-06T19:08:54.885354
00959,HK,00959,stock_code,stock_info_registry,1.0,2026-06-06T19:08:54.885365
00959,HK,世纪娱乐国际,company_name,stock_info_registry,0.95,2026-06-06T19:08:54.885366
00960,HK,00960,stock_code,stock_info_registry,1.0,2026-06-06T19:08:54.885377
00960,HK,龙湖集团,company_name,stock_info_registry,0.95,2026-06-06T19:08:54.885379
00966,HK,00966,stock_code,stock_info_registry,1.0,2026-06-06T19:08:54.885389
00966,HK,中国太平,company_name,stock_info_registry,0.95,2026-06-06T19:08:54.885391
00968,HK,00968,stock_code,stock_info_registry,1.0,2026-06-06T19:08:54.885401
00968,HK,信义光能,company_name,stock_info_registry,0.95,2026-06-06T19:08:54.885403
00969,HK,00969,stock_code,stock_info_registry,1.0,2026-06-06T19:08:54.885413
00969,HK,华联国际,company_name,stock_info_registry,0.95,2026-06-06T19:08:54.885415
00970,HK,00970,stock_code,stock_info_registry,1.0,2026-06-06T19:08:54.885426
00970,HK,新耀莱,company_name,stock_info_registry,0.95,2026-06-06T19:08:54.885427
00974,HK,00974,stock_code,stock_info_registry,1.0,2026-06-06T19:08:54.885438
00974,HK,中国顺客隆,company_name,stock_info_registry,0.95,2026-06-06T19:08:54.885440
00975,HK,00975,stock_code,stock_info_registry,1.0,2026-06-06T19:08:54.885450
00975,HK,蒙古焦煤,company_name,stock_info_registry,0.95,2026-06-06T19:08:54.885452
00976,HK,00976,stock_code,stock_info_registry,1.0,2026-06-06T19:08:54.885463
00976,HK,齐合环保,company_name,stock_info_registry,0.95,2026-06-06T19:08:54.885466
00978,HK,00978,stock_code,stock_info_registry,1.0,2026-06-06T19:08:54.885477
00978,HK,招商局置地,company_name,stock_info_registry,0.95,2026-06-06T19:08:54.885479
00979,HK,00979,stock_code,stock_info_registry,1.0,2026-06-06T19:08:54.885489
00979,HK,绿色能源科技集团,company_name,stock_info_registry,0.95,2026-06-06T19:08:54.885491
00980,HK,00980,stock_code,stock_info_registry,1.0,2026-06-06T19:08:54.885502
00980,HK,联华超市,company_name,stock_info_registry,0.95,2026-06-06T19:08:54.885503
00981,HK,00981,stock_code,stock_info_registry,1.0,2026-06-06T19:08:54.885514
00981,HK,中芯国际,company_name,stock_info_registry,0.95,2026-06-06T19:08:54.885516
00983,HK,00983,stock_code,stock_info_registry,1.0,2026-06-06T19:08:54.885526
00983,HK,瑞安建业,company_name,stock_info_registry,0.95,2026-06-06T19:08:54.885528
00984,HK,00984,stock_code,stock_info_registry,1.0,2026-06-06T19:08:54.885539
00984,HK,永旺,company_name,stock_info_registry,0.95,2026-06-06T19:08:54.885541
00986,HK,00986,stock_code,stock_info_registry,1.0,2026-06-06T19:08:54.885551
00987,HK,00987,stock_code,stock_info_registry,1.0,2026-06-06T19:08:54.885562
00987,HK,中国再生能源投资,company_name,stock_info_registry,0.95,2026-06-06T19:08:54.885564
00989,HK,00989,stock_code,stock_info_registry,1.0,2026-06-06T19:08:54.885575
00989,HK,中国长白山国际,company_name,stock_info_registry,0.95,2026-06-06T19:08:54.885576
00990,HK,00990,stock_code,stock_info_registry,1.0,2026-06-06T19:08:54.885587
00990,HK,至源控股,company_name,stock_info_registry,0.95,2026-06-06T19:08:54.885589
00991,HK,00991,stock_code,stock_info_registry,1.0,2026-06-06T19:08:54.885599
00991,HK,大唐发电,company_name,stock_info_registry,0.95,2026-06-06T19:08:54.885601
00992,HK,00992,stock_code,stock_info_registry,1.0,2026-06-06T19:08:54.885612
00992,HK,联想集团,company_name,stock_info_registry,0.95,2026-06-06T19:08:54.885614
00993,HK,00993,stock_code,stock_info_registry,1.0,2026-06-06T19:08:54.885624
00993,HK,信控国际资本,company_name,stock_info_registry,0.95,2026-06-06T19:08:54.885626
00994,HK,00994,stock_code,stock_info_registry,1.0,2026-06-06T19:08:54.885637
00994,HK,中天宏信,company_name,stock_info_registry,0.95,2026-06-06T19:08:54.885638
00995,HK,00995,stock_code,stock_info_registry,1.0,2026-06-06T19:08:54.885649
00995,HK,安徽皖通高速公路,company_name,stock_info_registry,0.95,2026-06-06T19:08:54.885651
00997,HK,00997,stock_code,stock_info_registry,1.0,2026-06-06T19:08:54.885661
00997,HK,普汇中金国际,company_name,stock_info_registry,0.95,2026-06-06T19:08:54.885663
00998,HK,00998,stock_code,stock_info_registry,1.0,2026-06-06T19:08:54.885674
00998,HK,中信银行,company_name,stock_info_registry,0.95,2026-06-06T19:08:54.885675
00999,HK,00999,stock_code,stock_info_registry,1.0,2026-06-06T19:08:54.885686
00999,HK,小菜园,company_name,stock_info_registry,0.95,2026-06-06T19:08:54.885688
01000,HK,01000,stock_code,stock_info_registry,1.0,2026-06-06T19:08:54.885698
01000,HK,北青传媒,company_name,stock_info_registry,0.95,2026-06-06T19:08:54.885700
01001,HK,01001,stock_code,stock_info_registry,1.0,2026-06-06T19:08:54.885710
01001,HK,沪港联合,company_name,stock_info_registry,0.95,2026-06-06T19:08:54.885712
01002,HK,01002,stock_code,stock_info_registry,1.0,2026-06-06T19:08:54.885723
01002,HK,威铖国际,company_name,stock_info_registry,0.95,2026-06-06T19:08:54.885725
01003,HK,01003,stock_code,stock_info_registry,1.0,2026-06-06T19:08:54.885735
01003,HK,欢喜传媒,company_name,stock_info_registry,0.95,2026-06-06T19:08:54.885737
01004,HK,01004,stock_code,stock_info_registry,1.0,2026-06-06T19:08:54.885747
01004,HK,中国智慧能源,company_name,stock_info_registry,0.95,2026-06-06T19:08:54.885749
01005,HK,01005,stock_code,stock_info_registry,1.0,2026-06-06T19:08:54.885760
01005,HK,美力时集团,company_name,stock_info_registry,0.95,2026-06-06T19:08:54.885761
01007,HK,01007,stock_code,stock_info_registry,1.0,2026-06-06T19:08:54.885772
01007,HK,龙辉国际控股,company_name,stock_info_registry,0.95,2026-06-06T19:08:54.885774
01008,HK,01008,stock_code,stock_info_registry,1.0,2026-06-06T19:08:54.885784
01008,HK,力图控股,company_name,stock_info_registry,0.95,2026-06-06T19:08:54.885786
01009,HK,01009,stock_code,stock_info_registry,1.0,2026-06-06T19:08:54.885796
01009,HK,国际娱乐,company_name,stock_info_registry,0.95,2026-06-06T19:08:54.885798
01010,HK,01010,stock_code,stock_info_registry,1.0,2026-06-06T19:08:54.885809
01010,HK,天玺曜11,company_name,stock_info_registry,0.95,2026-06-06T19:08:54.885811
01011,HK,01011,stock_code,stock_info_registry,1.0,2026-06-06T19:08:54.885821
01011,HK,泰凌医药,company_name,stock_info_registry,0.95,2026-06-06T19:08:54.885823
01013,HK,01013,stock_code,stock_info_registry,1.0,2026-06-06T19:08:54.885833
01013,HK,伟俊集团控股,company_name,stock_info_registry,0.95,2026-06-06T19:08:54.885835
01020,HK,01020,stock_code,stock_info_registry,1.0,2026-06-06T19:08:54.885846
01020,HK,中细软科技,company_name,stock_info_registry,0.95,2026-06-06T19:08:54.885848
01021,HK,01021,stock_code,stock_info_registry,1.0,2026-06-06T19:08:54.885858
01021,HK,华沿机器人,company_name,stock_info_registry,0.95,2026-06-06T19:08:54.885860
01022,HK,01022,stock_code,stock_info_registry,1.0,2026-06-06T19:08:54.885871
01022,HK,飞鱼科技,company_name,stock_info_registry,0.95,2026-06-06T19:08:54.885872
01023,HK,01023,stock_code,stock_info_registry,1.0,2026-06-06T19:08:54.885883
01023,HK,时代集团控股,company_name,stock_info_registry,0.95,2026-06-06T19:08:54.885885
01024,HK,01024,stock_code,stock_info_registry,1.0,2026-06-06T19:08:54.885895
01024,HK,快手-W,company_name,stock_info_registry,0.95,2026-06-06T19:08:54.885897
01025,HK,01025,stock_code,stock_info_registry,1.0,2026-06-06T19:08:54.885907
01025,HK,嘉艺控股,company_name,stock_info_registry,0.95,2026-06-06T19:08:54.885909
01026,HK,01026,stock_code,stock_info_registry,1.0,2026-06-06T19:08:54.885920
01026,HK,环球实业科技,company_name,stock_info_registry,0.95,2026-06-06T19:08:54.885921
01027,HK,01027,stock_code,stock_info_registry,1.0,2026-06-06T19:08:54.885932
01027,HK,亚洲策略科技,company_name,stock_info_registry,0.95,2026-06-06T19:08:54.885934
01028,HK,01028,stock_code,stock_info_registry,1.0,2026-06-06T19:08:54.885944
01028,HK,千百度,company_name,stock_info_registry,0.95,2026-06-06T19:08:54.885946
01029,HK,01029,stock_code,stock_info_registry,1.0,2026-06-06T19:08:54.885958
01029,HK,铁货,company_name,stock_info_registry,0.95,2026-06-06T19:08:54.885960
01030,HK,01030,stock_code,stock_info_registry,1.0,2026-06-06T19:08:54.885970
01030,HK,新城发展,company_name,stock_info_registry,0.95,2026-06-06T19:08:54.885972
01033,HK,01033,stock_code,stock_info_registry,1.0,2026-06-06T19:08:54.885983
01033,HK,中石化油服,company_name,stock_info_registry,0.95,2026-06-06T19:08:54.885984
01036,HK,01036,stock_code,stock_info_registry,1.0,2026-06-06T19:08:54.885995
01036,HK,万科海外,company_name,stock_info_registry,0.95,2026-06-06T19:08:54.885997
01037,HK,01037,stock_code,stock_info_registry,1.0,2026-06-06T19:08:54.886007
01037,HK,云智汇科技,company_name,stock_info_registry,0.95,2026-06-06T19:08:54.886009
01038,HK,01038,stock_code,stock_info_registry,1.0,2026-06-06T19:08:54.886020
01038,HK,长江基建集团,company_name,stock_info_registry,0.95,2026-06-06T19:08:54.886021
01039,HK,01039,stock_code,stock_info_registry,1.0,2026-06-06T19:08:54.886032
01039,HK,畅由国际集团,company_name,stock_info_registry,0.95,2026-06-06T19:08:54.886033
01044,HK,01044,stock_code,stock_info_registry,1.0,2026-06-06T19:08:54.886044
01044,HK,恒安国际,company_name,stock_info_registry,0.95,2026-06-06T19:08:54.886046
01045,HK,01045,stock_code,stock_info_registry,1.0,2026-06-06T19:08:54.886056
01045,HK,亚太卫星,company_name,stock_info_registry,0.95,2026-06-06T19:08:54.886058
01046,HK,01046,stock_code,stock_info_registry,1.0,2026-06-06T19:08:54.886068
01046,HK,寰宇娱乐文化,company_name,stock_info_registry,0.95,2026-06-06T19:08:54.886070
01047,HK,01047,stock_code,stock_info_registry,1.0,2026-06-06T19:08:54.886081
01047,HK,毅兴行,company_name,stock_info_registry,0.95,2026-06-06T19:08:54.886082
01049,HK,01049,stock_code,stock_info_registry,1.0,2026-06-06T19:08:54.886093
01049,HK,时富投资,company_name,stock_info_registry,0.95,2026-06-06T19:08:54.886095
01050,HK,01050,stock_code,stock_info_registry,1.0,2026-06-06T19:08:54.886107
01050,HK,嘉利国际,company_name,stock_info_registry,0.95,2026-06-06T19:08:54.886109
01051,HK,01051,stock_code,stock_info_registry,1.0,2026-06-06T19:08:54.886119
01051,HK,国际资源,company_name,stock_info_registry,0.95,2026-06-06T19:08:54.886121
01052,HK,01052,stock_code,stock_info_registry,1.0,2026-06-06T19:08:54.886132
01052,HK,越秀交通基建,company_name,stock_info_registry,0.95,2026-06-06T19:08:54.886134
01053,HK,01053,stock_code,stock_info_registry,1.0,2026-06-06T19:08:54.886144
01053,HK,重庆钢铁股份,company_name,stock_info_registry,0.95,2026-06-06T19:08:54.886146
01055,HK,01055,stock_code,stock_info_registry,1.0,2026-06-06T19:08:54.886156
01055,HK,中国南方航空股份,company_name,stock_info_registry,0.95,2026-06-06T19:08:54.886158
01057,HK,01057,stock_code,stock_info_registry,1.0,2026-06-06T19:08:54.886170
01057,HK,浙江世宝,company_name,stock_info_registry,0.95,2026-06-06T19:08:54.886172
01058,HK,01058,stock_code,stock_info_registry,1.0,2026-06-06T19:08:54.886182
01058,HK,南粤控股,company_name,stock_info_registry,0.95,2026-06-06T19:08:54.886184
01059,HK,01059,stock_code,stock_info_registry,1.0,2026-06-06T19:08:54.886195
01059,HK,看通集团,company_name,stock_info_registry,0.95,2026-06-06T19:08:54.886196
01060,HK,01060,stock_code,stock_info_registry,1.0,2026-06-06T19:08:54.886207
01060,HK,大麦娱乐,company_name,stock_info_registry,0.95,2026-06-06T19:08:54.886209
01061,HK,01061,stock_code,stock_info_registry,1.0,2026-06-06T19:08:54.886219
01061,HK,亿胜生物科技,company_name,stock_info_registry,0.95,2026-06-06T19:08:54.886221
01062,HK,01062,stock_code,stock_info_registry,1.0,2026-06-06T19:08:54.886232
01062,HK,国开国际投资,company_name,stock_info_registry,0.95,2026-06-06T19:08:54.886233
01063,HK,01063,stock_code,stock_info_registry,1.0,2026-06-06T19:08:54.886244
01063,HK,新确科技,company_name,stock_info_registry,0.95,2026-06-06T19:08:54.886246
01064,HK,01064,stock_code,stock_info_registry,1.0,2026-06-06T19:08:54.886256
01064,HK,中华国际,company_name,stock_info_registry,0.95,2026-06-06T19:08:54.886258
01065,HK,01065,stock_code,stock_info_registry,1.0,2026-06-06T19:08:54.886269
01065,HK,天津创业环保股份,company_name,stock_info_registry,0.95,2026-06-06T19:08:54.886271
01066,HK,01066,stock_code,stock_info_registry,1.0,2026-06-06T19:08:54.886281
01066,HK,威高股份,company_name,stock_info_registry,0.95,2026-06-06T19:08:54.886283
01068,HK,01068,stock_code,stock_info_registry,1.0,2026-06-06T19:08:54.886294
01068,HK,雨润食品,company_name,stock_info_registry,0.95,2026-06-06T19:08:54.886296
01069,HK,01069,stock_code,stock_info_registry,1.0,2026-06-06T19:08:54.886306
01069,HK,中国健康科技集团,company_name,stock_info_registry,0.95,2026-06-06T19:08:54.886308
01070,HK,01070,stock_code,stock_info_registry,1.0,2026-06-06T19:08:54.886319
01070,HK,TCL电子,company_name,stock_info_registry,0.95,2026-06-06T19:08:54.886321
01071,HK,01071,stock_code,stock_info_registry,1.0,2026-06-06T19:08:54.886331
01071,HK,华电国际电力股份,company_name,stock_info_registry,0.95,2026-06-06T19:08:54.886333
01072,HK,01072,stock_code,stock_info_registry,1.0,2026-06-06T19:08:54.886343
01072,HK,东方电气,company_name,stock_info_registry,0.95,2026-06-06T19:08:54.886345
01073,HK,01073,stock_code,stock_info_registry,1.0,2026-06-06T19:08:54.886357
01073,HK,大禹金融,company_name,stock_info_registry,0.95,2026-06-06T19:08:54.886359
01075,HK,01075,stock_code,stock_info_registry,1.0,2026-06-06T19:08:54.886370
01075,HK,首都信息,company_name,stock_info_registry,0.95,2026-06-06T19:08:54.886372
01079,HK,01079,stock_code,stock_info_registry,1.0,2026-06-06T19:08:54.886382
01079,HK,松景科技,company_name,stock_info_registry,0.95,2026-06-06T19:08:54.886384
01080,HK,01080,stock_code,stock_info_registry,1.0,2026-06-06T19:08:54.886395
01080,HK,胜利管道,company_name,stock_info_registry,0.95,2026-06-06T19:08:54.886397
01081,HK,01081,stock_code,stock_info_registry,1.0,2026-06-06T19:08:54.886407
01081,HK,大金重工,company_name,stock_info_registry,0.95,2026-06-06T19:08:54.886409
01082,HK,01082,stock_code,stock_info_registry,1.0,2026-06-06T19:08:54.886420
01082,HK,源宇宙教育,company_name,stock_info_registry,0.95,2026-06-06T19:08:54.886421
01083,HK,01083,stock_code,stock_info_registry,1.0,2026-06-06T19:08:54.886432
01083,HK,港华智慧能源,company_name,stock_info_registry,0.95,2026-06-06T19:08:54.886434
01084,HK,01084,stock_code,stock_info_registry,1.0,2026-06-06T19:08:54.886446
01084,HK,绿新生物科技,company_name,stock_info_registry,0.95,2026-06-06T19:08:54.886447
01085,HK,01085,stock_code,stock_info_registry,1.0,2026-06-06T19:08:54.886458
01085,HK,亨鑫科技,company_name,stock_info_registry,0.95,2026-06-06T19:08:54.886460
01086,HK,01086,stock_code,stock_info_registry,1.0,2026-06-06T19:08:54.886470
01086,HK,好孩子国际,company_name,stock_info_registry,0.95,2026-06-06T19:08:54.886472
01087,HK,01087,stock_code,stock_info_registry,1.0,2026-06-06T19:08:54.886483
01087,HK,威讯控股,company_name,stock_info_registry,0.95,2026-06-06T19:08:54.886485
01088,HK,01088,stock_code,stock_info_registry,1.0,2026-06-06T19:08:54.886495
01088,HK,中国神华,company_name,stock_info_registry,0.95,2026-06-06T19:08:54.886497
01090,HK,01090,stock_code,stock_info_registry,1.0,2026-06-06T19:08:54.886508
01090,HK,大明国际,company_name,stock_info_registry,0.95,2026-06-06T19:08:54.886510
01091,HK,01091,stock_code,stock_info_registry,1.0,2026-06-06T19:08:54.886520
01091,HK,南方锰业,company_name,stock_info_registry,0.95,2026-06-06T19:08:54.886522
01093,HK,01093,stock_code,stock_info_registry,1.0,2026-06-06T19:08:54.886533
01093,HK,石药集团,company_name,stock_info_registry,0.95,2026-06-06T19:08:54.886535
01094,HK,01094,stock_code,stock_info_registry,1.0,2026-06-06T19:08:54.886545
01094,HK,承辉国际,company_name,stock_info_registry,0.95,2026-06-06T19:08:54.886547
01097,HK,01097,stock_code,stock_info_registry,1.0,2026-06-06T19:08:54.886557
01097,HK,有线宽频,company_name,stock_info_registry,0.95,2026-06-06T19:08:54.886559
01098,HK,01098,stock_code,stock_info_registry,1.0,2026-06-06T19:08:54.886569
01098,HK,路劲,company_name,stock_info_registry,0.95,2026-06-06T19:08:54.886571
01099,HK,01099,stock_code,stock_info_registry,1.0,2026-06-06T19:08:54.886582
01099,HK,国药控股,company_name,stock_info_registry,0.95,2026-06-06T19:08:54.886584
01100,HK,01100,stock_code,stock_info_registry,1.0,2026-06-06T19:08:54.886594
01100,HK,飞达控股,company_name,stock_info_registry,0.95,2026-06-06T19:08:54.886596
01101,HK,01101,stock_code,stock_info_registry,1.0,2026-06-06T19:08:54.886607
01101,HK,华荣能源,company_name,stock_info_registry,0.95,2026-06-06T19:08:54.886608
01102,HK,01102,stock_code,stock_info_registry,1.0,2026-06-06T19:08:54.886619
01102,HK,环能国际,company_name,stock_info_registry,0.95,2026-06-06T19:08:54.886621
01104,HK,01104,stock_code,stock_info_registry,1.0,2026-06-06T19:08:54.886631
01104,HK,亚太资源,company_name,stock_info_registry,0.95,2026-06-06T19:08:54.886633
01105,HK,01105,stock_code,stock_info_registry,1.0,2026-06-06T19:08:54.886644
01105,HK,星岛,company_name,stock_info_registry,0.95,2026-06-06T19:08:54.886645
01107,HK,01107,stock_code,stock_info_registry,1.0,2026-06-06T19:08:54.886656
01107,HK,当代置业,company_name,stock_info_registry,0.95,2026-06-06T19:08:54.886658
01108,HK,01108,stock_code,stock_info_registry,1.0,2026-06-06T19:08:54.886668
01108,HK,凯盛新能,company_name,stock_info_registry,0.95,2026-06-06T19:08:54.886670
01109,HK,01109,stock_code,stock_info_registry,1.0,2026-06-06T19:08:54.886680
01109,HK,华润置地,company_name,stock_info_registry,0.95,2026-06-06T19:08:54.886682
01110,HK,01110,stock_code,stock_info_registry,1.0,2026-06-06T19:08:54.886693
01110,HK,金活医药集团,company_name,stock_info_registry,0.95,2026-06-06T19:08:54.886694
01111,HK,01111,stock_code,stock_info_registry,1.0,2026-06-06T19:08:54.886705
01111,HK,华视集团控股,company_name,stock_info_registry,0.95,2026-06-06T19:08:54.886707
01112,HK,01112,stock_code,stock_info_registry,1.0,2026-06-06T19:08:54.886717
01112,HK,H&H国际控股,company_name,stock_info_registry,0.95,2026-06-06T19:08:54.886719
01113,HK,01113,stock_code,stock_info_registry,1.0,2026-06-06T19:08:54.886730
01113,HK,长实集团,company_name,stock_info_registry,0.95,2026-06-06T19:08:54.886731
01114,HK,01114,stock_code,stock_info_registry,1.0,2026-06-06T19:08:54.886742
01114,HK,华晨中国,company_name,stock_info_registry,0.95,2026-06-06T19:08:54.886744
01115,HK,01115,stock_code,stock_info_registry,1.0,2026-06-06T19:08:54.886754
01115,HK,5100藏冰川,company_name,stock_info_registry,0.95,2026-06-06T19:08:54.886756
01116,HK,01116,stock_code,stock_info_registry,1.0,2026-06-06T19:08:54.886767
01116,HK,慧源同创科技,company_name,stock_info_registry,0.95,2026-06-06T19:08:54.886769
01117,HK,01117,stock_code,stock_info_registry,1.0,2026-06-06T19:08:54.886779
01117,HK,现代牧业,company_name,stock_info_registry,0.95,2026-06-06T19:08:54.886781
01118,HK,01118,stock_code,stock_info_registry,1.0,2026-06-06T19:08:54.886791
01118,HK,高力集团,company_name,stock_info_registry,0.95,2026-06-06T19:08:54.886793
01119,HK,01119,stock_code,stock_info_registry,1.0,2026-06-06T19:08:54.886804
01119,HK,创梦天地,company_name,stock_info_registry,0.95,2026-06-06T19:08:54.886806
01120,HK,01120,stock_code,stock_info_registry,1.0,2026-06-06T19:08:54.886816
01120,HK,雅视光学,company_name,stock_info_registry,0.95,2026-06-06T19:08:54.886818
01121,HK,01121,stock_code,stock_info_registry,1.0,2026-06-06T19:08:54.886828
01121,HK,金阳新能源,company_name,stock_info_registry,0.95,2026-06-06T19:08:54.886830
01122,HK,01122,stock_code,stock_info_registry,1.0,2026-06-06T19:08:54.886841
01122,HK,庆铃汽车股份,company_name,stock_info_registry,0.95,2026-06-06T19:08:54.886842
01123,HK,01123,stock_code,stock_info_registry,1.0,2026-06-06T19:08:54.886853
01123,HK,中港照相,company_name,stock_info_registry,0.95,2026-06-06T19:08:54.886855
01124,HK,01124,stock_code,stock_info_registry,1.0,2026-06-06T19:08:54.886865
01124,HK,沿海家园,company_name,stock_info_registry,0.95,2026-06-06T19:08:54.886867
01125,HK,01125,stock_code,stock_info_registry,1.0,2026-06-06T19:08:54.886878
01125,HK,丽丰控股,company_name,stock_info_registry,0.95,2026-06-06T19:08:54.886879
01126,HK,01126,stock_code,stock_info_registry,1.0,2026-06-06T19:08:54.886890
01126,HK,德林国际,company_name,stock_info_registry,0.95,2026-06-06T19:08:54.886892
01127,HK,01127,stock_code,stock_info_registry,1.0,2026-06-06T19:08:54.886902
01127,HK,狮子山集团,company_name,stock_info_registry,0.95,2026-06-06T19:08:54.886904
01128,HK,01128,stock_code,stock_info_registry,1.0,2026-06-06T19:08:54.886915
01128,HK,永利澳门,company_name,stock_info_registry,0.95,2026-06-06T19:08:54.886917
01129,HK,01129,stock_code,stock_info_registry,1.0,2026-06-06T19:08:54.886929
01129,HK,中国水业集团,company_name,stock_info_registry,0.95,2026-06-06T19:08:54.886931
01130,HK,01130,stock_code,stock_info_registry,1.0,2026-06-06T19:08:54.886941
01130,HK,中国环境资源,company_name,stock_info_registry,0.95,2026-06-06T19:08:54.886943
01132,HK,01132,stock_code,stock_info_registry,1.0,2026-06-06T19:08:54.886954
01132,HK,橙天嘉禾,company_name,stock_info_registry,0.95,2026-06-06T19:08:54.886955
01133,HK,01133,stock_code,stock_info_registry,1.0,2026-06-06T19:08:54.886966
01133,HK,哈尔滨电气,company_name,stock_info_registry,0.95,2026-06-06T19:08:54.886968
01134,HK,01134,stock_code,stock_info_registry,1.0,2026-06-06T19:08:54.886978
01134,HK,恒发光学,company_name,stock_info_registry,0.95,2026-06-06T19:08:54.886980
01137,HK,01137,stock_code,stock_info_registry,1.0,2026-06-06T19:08:54.886991
01137,HK,香港科技探索,company_name,stock_info_registry,0.95,2026-06-06T19:08:54.886992
01138,HK,01138,stock_code,stock_info_registry,1.0,2026-06-06T19:08:54.887003
01138,HK,中远海能,company_name,stock_info_registry,0.95,2026-06-06T19:08:54.887005
01140,HK,01140,stock_code,stock_info_registry,1.0,2026-06-06T19:08:54.887016
01140,HK,华科智能投资,company_name,stock_info_registry,0.95,2026-06-06T19:08:54.887018
01141,HK,01141,stock_code,stock_info_registry,1.0,2026-06-06T19:08:54.887029
01141,HK,民银资本,company_name,stock_info_registry,0.95,2026-06-06T19:08:54.887030
01142,HK,01142,stock_code,stock_info_registry,1.0,2026-06-06T19:08:54.887041
01142,HK,能源及能量环球,company_name,stock_info_registry,0.95,2026-06-06T19:08:54.887043
01143,HK,01143,stock_code,stock_info_registry,1.0,2026-06-06T19:08:54.887053
01143,HK,中国储能科技发展,company_name,stock_info_registry,0.95,2026-06-06T19:08:54.887055
01145,HK,01145,stock_code,stock_info_registry,1.0,2026-06-06T19:08:54.887066
01145,HK,勇利投资,company_name,stock_info_registry,0.95,2026-06-06T19:08:54.887068
01146,HK,01146,stock_code,stock_info_registry,1.0,2026-06-06T19:08:54.887078
01146,HK,汇成国际控股,company_name,stock_info_registry,0.95,2026-06-06T19:08:54.887080
01147,HK,01147,stock_code,stock_info_registry,1.0,2026-06-06T19:08:54.887090
01147,HK,伊登软件,company_name,stock_info_registry,0.95,2026-06-06T19:08:54.887092
01148,HK,01148,stock_code,stock_info_registry,1.0,2026-06-06T19:08:54.887102
01148,HK,新晨动力,company_name,stock_info_registry,0.95,2026-06-06T19:08:54.887104
01150,HK,01150,stock_code,stock_info_registry,1.0,2026-06-06T19:08:54.887115
01150,HK,米兰站,company_name,stock_info_registry,0.95,2026-06-06T19:08:54.887116
01152,HK,01152,stock_code,stock_info_registry,1.0,2026-06-06T19:08:54.887129
01152,HK,正乾金融控股,company_name,stock_info_registry,0.95,2026-06-06T19:08:54.887131
01153,HK,01153,stock_code,stock_info_registry,1.0,2026-06-06T19:08:54.887145
01153,HK,佳源服务,company_name,stock_info_registry,0.95,2026-06-06T19:08:54.887147
01156,HK,01156,stock_code,stock_info_registry,1.0,2026-06-06T19:08:54.887159
01156,HK,CHINANEWENERGY,company_name,stock_info_registry,0.95,2026-06-06T19:08:54.887161
01157,HK,01157,stock_code,stock_info_registry,1.0,2026-06-06T19:08:54.887172
01157,HK,中联重科,company_name,stock_info_registry,0.95,2026-06-06T19:08:54.887174
01159,HK,01159,stock_code,stock_info_registry,1.0,2026-06-06T19:08:54.887186
01159,HK,智数科技集团,company_name,stock_info_registry,0.95,2026-06-06T19:08:54.887188
01160,HK,01160,stock_code,stock_info_registry,1.0,2026-06-06T19:08:54.887199
01160,HK,金石资本集团,company_name,stock_info_registry,0.95,2026-06-06T19:08:54.887201
01161,HK,01161,stock_code,stock_info_registry,1.0,2026-06-06T19:08:54.887213
01161,HK,奥思集团,company_name,stock_info_registry,0.95,2026-06-06T19:08:54.887215
01162,HK,01162,stock_code,stock_info_registry,1.0,2026-06-06T19:08:54.887226
01162,HK,莹岚集团,company_name,stock_info_registry,0.95,2026-06-06T19:08:54.887228
01163,HK,01163,stock_code,stock_info_registry,1.0,2026-06-06T19:08:54.887239
01163,HK,虎视传媒,company_name,stock_info_registry,0.95,2026-06-06T19:08:54.887241
01164,HK,01164,stock_code,stock_info_registry,1.0,2026-06-06T19:08:54.887251
01164,HK,中广核矿业,company_name,stock_info_registry,0.95,2026-06-06T19:08:54.887253
01165,HK,01165,stock_code,stock_info_registry,1.0,2026-06-06T19:08:54.887263
01165,HK,顺风清洁能源,company_name,stock_info_registry,0.95,2026-06-06T19:08:54.887265
01166,HK,01166,stock_code,stock_info_registry,1.0,2026-06-06T19:08:54.887276
01166,HK,星凯控股,company_name,stock_info_registry,0.95,2026-06-06T19:08:54.887277
01167,HK,01167,stock_code,stock_info_registry,1.0,2026-06-06T19:08:54.887288
01167,HK,加科思-B,company_name,stock_info_registry,0.95,2026-06-06T19:08:54.887290
01168,HK,01168,stock_code,stock_info_registry,1.0,2026-06-06T19:08:54.887300
01168,HK,Z FIN,company_name,stock_info_registry,0.95,2026-06-06T19:08:54.887302
01170,HK,01170,stock_code,stock_info_registry,1.0,2026-06-06T19:08:54.887312
01170,HK,信星集团,company_name,stock_info_registry,0.95,2026-06-06T19:08:54.887314
01171,HK,01171,stock_code,stock_info_registry,1.0,2026-06-06T19:08:54.887325
01171,HK,兖矿能源,company_name,stock_info_registry,0.95,2026-06-06T19:08:54.887326
01172,HK,01172,stock_code,stock_info_registry,1.0,2026-06-06T19:08:54.887337
01172,HK,融太集团,company_name,stock_info_registry,0.95,2026-06-06T19:08:54.887339
01173,HK,01173,stock_code,stock_info_registry,1.0,2026-06-06T19:08:54.887349
01173,HK,威高国际,company_name,stock_info_registry,0.95,2026-06-06T19:08:54.887352
01176,HK,01176,stock_code,stock_info_registry,1.0,2026-06-06T19:08:54.887362
01176,HK,珠光控股,company_name,stock_info_registry,0.95,2026-06-06T19:08:54.887364
01177,HK,01177,stock_code,stock_info_registry,1.0,2026-06-06T19:08:54.887375
01177,HK,中国生物制药,company_name,stock_info_registry,0.95,2026-06-06T19:08:54.887377
01179,HK,01179,stock_code,stock_info_registry,1.0,2026-06-06T19:08:54.887388
01179,HK,华住集团-S,company_name,stock_info_registry,0.95,2026-06-06T19:08:54.887390
01180,HK,01180,stock_code,stock_info_registry,1.0,2026-06-06T19:08:54.887401
01180,HK,汇彩控股,company_name,stock_info_registry,0.95,2026-06-06T19:08:54.887403
01181,HK,01181,stock_code,stock_info_registry,1.0,2026-06-06T19:08:54.887413
01181,HK,唐宫中国,company_name,stock_info_registry,0.95,2026-06-06T19:08:54.887415
01182,HK,01182,stock_code,stock_info_registry,1.0,2026-06-06T19:08:54.887426
01182,HK,胜龙国际,company_name,stock_info_registry,0.95,2026-06-06T19:08:54.887428
01183,HK,01183,stock_code,stock_info_registry,1.0,2026-06-06T19:08:54.887439
01183,HK,澳能建设,company_name,stock_info_registry,0.95,2026-06-06T19:08:54.887441
01184,HK,01184,stock_code,stock_info_registry,1.0,2026-06-06T19:08:54.887451
01184,HK,时捷集团,company_name,stock_info_registry,0.95,2026-06-06T19:08:54.887453
01186,HK,01186,stock_code,stock_info_registry,1.0,2026-06-06T19:08:54.887463
01186,HK,中国铁建,company_name,stock_info_registry,0.95,2026-06-06T19:08:54.887465
01187,HK,01187,stock_code,stock_info_registry,1.0,2026-06-06T19:08:54.887476
01187,HK,可孚医疗,company_name,stock_info_registry,0.95,2026-06-06T19:08:54.887477
01188,HK,01188,stock_code,stock_info_registry,1.0,2026-06-06T19:08:54.887488
01188,HK,正道集团,company_name,stock_info_registry,0.95,2026-06-06T19:08:54.887490
01189,HK,01189,stock_code,stock_info_registry,1.0,2026-06-06T19:08:54.887502
01193,HK,01193,stock_code,stock_info_registry,1.0,2026-06-06T19:08:54.887515
01193,HK,华润燃气,company_name,stock_info_registry,0.95,2026-06-06T19:08:54.887518
01195,HK,01195,stock_code,stock_info_registry,1.0,2026-06-06T19:08:54.887531
01195,HK,京维集团,company_name,stock_info_registry,0.95,2026-06-06T19:08:54.887533
01196,HK,01196,stock_code,stock_info_registry,1.0,2026-06-06T19:08:54.887544
01196,HK,伟禄集团,company_name,stock_info_registry,0.95,2026-06-06T19:08:54.887546
01198,HK,01198,stock_code,stock_info_registry,1.0,2026-06-06T19:08:54.887558
01198,HK,皇朝家居,company_name,stock_info_registry,0.95,2026-06-06T19:08:54.887560
01199,HK,01199,stock_code,stock_info_registry,1.0,2026-06-06T19:08:54.887572
01199,HK,中远海运港口,company_name,stock_info_registry,0.95,2026-06-06T19:08:54.887573
01200,HK,01200,stock_code,stock_info_registry,1.0,2026-06-06T19:08:54.887585
01200,HK,美联集团,company_name,stock_info_registry,0.95,2026-06-06T19:08:54.887587
01201,HK,01201,stock_code,stock_info_registry,1.0,2026-06-06T19:08:54.887599
01201,HK,天臣控股,company_name,stock_info_registry,0.95,2026-06-06T19:08:54.887601
01202,HK,01202,stock_code,stock_info_registry,1.0,2026-06-06T19:08:54.887615
01202,HK,四威科技,company_name,stock_info_registry,0.95,2026-06-06T19:08:54.887617
01203,HK,01203,stock_code,stock_info_registry,1.0,2026-06-06T19:08:54.887628
01203,HK,广南(集团),company_name,stock_info_registry,0.95,2026-06-06T19:08:54.887630
01204,HK,01204,stock_code,stock_info_registry,1.0,2026-06-06T19:08:54.887641
01204,HK,博维智慧,company_name,stock_info_registry,0.95,2026-06-06T19:08:54.887643
01205,HK,01205,stock_code,stock_info_registry,1.0,2026-06-06T19:08:54.887654
01205,HK,中信资源,company_name,stock_info_registry,0.95,2026-06-06T19:08:54.887656
01206,HK,01206,stock_code,stock_info_registry,1.0,2026-06-06T19:08:54.887667
01206,HK,同方泰德,company_name,stock_info_registry,0.95,2026-06-06T19:08:54.887669
01208,HK,01208,stock_code,stock_info_registry,1.0,2026-06-06T19:08:54.887681
01208,HK,五矿资源,company_name,stock_info_registry,0.95,2026-06-06T19:08:54.887682
01209,HK,01209,stock_code,stock_info_registry,1.0,2026-06-06T19:08:54.887693
01209,HK,华润万象生活,company_name,stock_info_registry,0.95,2026-06-06T19:08:54.887695
01211,HK,01211,stock_code,stock_info_registry,1.0,2026-06-06T19:08:54.887706
01211,HK,比亚迪股份,company_name,stock_info_registry,0.95,2026-06-06T19:08:54.887707
01213,HK,01213,stock_code,stock_info_registry,1.0,2026-06-06T19:08:54.887718
01213,HK,万保刚集团,company_name,stock_info_registry,0.95,2026-06-06T19:08:54.887720
01215,HK,01215,stock_code,stock_info_registry,1.0,2026-06-06T19:08:54.887731
01215,HK,开源控股,company_name,stock_info_registry,0.95,2026-06-06T19:08:54.887732
01216,HK,01216,stock_code,stock_info_registry,1.0,2026-06-06T19:08:54.887743
01216,HK,中原银行,company_name,stock_info_registry,0.95,2026-06-06T19:08:54.887745
01217,HK,01217,stock_code,stock_info_registry,1.0,2026-06-06T19:08:54.887756
01217,HK,中国创新投资,company_name,stock_info_registry,0.95,2026-06-06T19:08:54.887758
01218,HK,01218,stock_code,stock_info_registry,1.0,2026-06-06T19:08:54.887769
01218,HK,永义国际,company_name,stock_info_registry,0.95,2026-06-06T19:08:54.887771
01220,HK,01220,stock_code,stock_info_registry,1.0,2026-06-06T19:08:54.887782
01220,HK,志道国际,company_name,stock_info_registry,0.95,2026-06-06T19:08:54.887784
01221,HK,01221,stock_code,stock_info_registry,1.0,2026-06-06T19:08:54.887795
01221,HK,信和酒店,company_name,stock_info_registry,0.95,2026-06-06T19:08:54.887797
01222,HK,01222,stock_code,stock_info_registry,1.0,2026-06-06T19:08:54.887808
01222,HK,宏安集团,company_name,stock_info_registry,0.95,2026-06-06T19:08:54.887810
01223,HK,01223,stock_code,stock_info_registry,1.0,2026-06-06T19:08:54.887821
01223,HK,新沣集团,company_name,stock_info_registry,0.95,2026-06-06T19:08:54.887823
01224,HK,01224,stock_code,stock_info_registry,1.0,2026-06-06T19:08:54.887834
01224,HK,中渝置地,company_name,stock_info_registry,0.95,2026-06-06T19:08:54.887836
01225,HK,01225,stock_code,stock_info_registry,1.0,2026-06-06T19:08:54.887847
01225,HK,隆成金融,company_name,stock_info_registry,0.95,2026-06-06T19:08:54.887849
01226,HK,01226,stock_code,stock_info_registry,1.0,2026-06-06T19:08:54.887861
01226,HK,中国投融资,company_name,stock_info_registry,0.95,2026-06-06T19:08:54.887862
01228,HK,01228,stock_code,stock_info_registry,1.0,2026-06-06T19:08:54.887873
01228,HK,北海康成-B,company_name,stock_info_registry,0.95,2026-06-06T19:08:54.887875
01229,HK,01229,stock_code,stock_info_registry,1.0,2026-06-06T19:08:54.887887
01229,HK,南南资源,company_name,stock_info_registry,0.95,2026-06-06T19:08:54.887888
01231,HK,01231,stock_code,stock_info_registry,1.0,2026-06-06T19:08:54.887901
01231,HK,新矿资源,company_name,stock_info_registry,0.95,2026-06-06T19:08:54.887903
01232,HK,01232,stock_code,stock_info_registry,1.0,2026-06-06T19:08:54.887914
01232,HK,金轮天地控股,company_name,stock_info_registry,0.95,2026-06-06T19:08:54.887916
01233,HK,01233,stock_code,stock_info_registry,1.0,2026-06-06T19:08:54.887927
01233,HK,时代中国控股,company_name,stock_info_registry,0.95,2026-06-06T19:08:54.887929
01234,HK,01234,stock_code,stock_info_registry,1.0,2026-06-06T19:08:54.887940
01234,HK,中国利郎,company_name,stock_info_registry,0.95,2026-06-06T19:08:54.887942
01235,HK,01235,stock_code,stock_info_registry,1.0,2026-06-06T19:08:54.887953
01235,HK,专业旅运,company_name,stock_info_registry,0.95,2026-06-06T19:08:54.887955
01236,HK,01236,stock_code,stock_info_registry,1.0,2026-06-06T19:08:54.887966
01236,HK,乐动机器人,company_name,stock_info_registry,0.95,2026-06-06T19:08:54.887968
01237,HK,01237,stock_code,stock_info_registry,1.0,2026-06-06T19:08:54.887978
01237,HK,中科生物,company_name,stock_info_registry,0.95,2026-06-06T19:08:54.887980
01238,HK,01238,stock_code,stock_info_registry,1.0,2026-06-06T19:08:54.887995
01238,HK,宝龙地产,company_name,stock_info_registry,0.95,2026-06-06T19:08:54.887998
01239,HK,01239,stock_code,stock_info_registry,1.0,2026-06-06T19:08:54.888010
01239,HK,TEAMWAY INTL GP,company_name,stock_info_registry,0.95,2026-06-06T19:08:54.888012
01240,HK,01240,stock_code,stock_info_registry,1.0,2026-06-06T19:08:54.888024
01240,HK,青建国际,company_name,stock_info_registry,0.95,2026-06-06T19:08:54.888026
01241,HK,01241,stock_code,stock_info_registry,1.0,2026-06-06T19:08:54.888037
01241,HK,双桦控股,company_name,stock_info_registry,0.95,2026-06-06T19:08:54.888039
01243,HK,01243,stock_code,stock_info_registry,1.0,2026-06-06T19:08:54.888051
01243,HK,宏安地产,company_name,stock_info_registry,0.95,2026-06-06T19:08:54.888052
01244,HK,01244,stock_code,stock_info_registry,1.0,2026-06-06T19:08:54.888064
01244,HK,思路迪医药股份,company_name,stock_info_registry,0.95,2026-06-06T19:08:54.888066
01245,HK,01245,stock_code,stock_info_registry,1.0,2026-06-06T19:08:54.888077
01245,HK,NIRAKU,company_name,stock_info_registry,0.95,2026-06-06T19:08:54.888079
01246,HK,01246,stock_code,stock_info_registry,1.0,2026-06-06T19:08:54.888091
01246,HK,保集健康,company_name,stock_info_registry,0.95,2026-06-06T19:08:54.888093
01247,HK,01247,stock_code,stock_info_registry,1.0,2026-06-06T19:08:54.888104
01247,HK,米格国际控股,company_name,stock_info_registry,0.95,2026-06-06T19:08:54.888106
01250,HK,01250,stock_code,stock_info_registry,1.0,2026-06-06T19:08:54.888118
01250,HK,山高新能源,company_name,stock_info_registry,0.95,2026-06-06T19:08:54.888120
01251,HK,01251,stock_code,stock_info_registry,1.0,2026-06-06T19:08:54.888131
01251,HK,华油能源,company_name,stock_info_registry,0.95,2026-06-06T19:08:54.888133
01252,HK,01252,stock_code,stock_info_registry,1.0,2026-06-06T19:08:54.888144
01252,HK,中国天瑞水泥,company_name,stock_info_registry,0.95,2026-06-06T19:08:54.888146
01253,HK,01253,stock_code,stock_info_registry,1.0,2026-06-06T19:08:54.888158
01253,HK,绿博生态,company_name,stock_info_registry,0.95,2026-06-06T19:08:54.888159
01255,HK,01255,stock_code,stock_info_registry,1.0,2026-06-06T19:08:54.888172
01255,HK,TATA健康,company_name,stock_info_registry,0.95,2026-06-06T19:08:54.888175
01257,HK,01257,stock_code,stock_info_registry,1.0,2026-06-06T19:08:54.888189
01257,HK,中国光大绿色环保,company_name,stock_info_registry,0.95,2026-06-06T19:08:54.888192
01258,HK,01258,stock_code,stock_info_registry,1.0,2026-06-06T19:08:54.888206
01258,HK,中国有色矿业,company_name,stock_info_registry,0.95,2026-06-06T19:08:54.888208
01259,HK,01259,stock_code,stock_info_registry,1.0,2026-06-06T19:08:54.888220
01259,HK,未来发展控股,company_name,stock_info_registry,0.95,2026-06-06T19:08:54.888222
01260,HK,01260,stock_code,stock_info_registry,1.0,2026-06-06T19:08:54.888233
01260,HK,皓天财经集团,company_name,stock_info_registry,0.95,2026-06-06T19:08:54.888235
01262,HK,01262,stock_code,stock_info_registry,1.0,2026-06-06T19:08:54.888246
01262,HK,蜡笔小新食品,company_name,stock_info_registry,0.95,2026-06-06T19:08:54.888248
01265,HK,01265,stock_code,stock_info_registry,1.0,2026-06-06T19:08:54.888258
01265,HK,天津津燃公用,company_name,stock_info_registry,0.95,2026-06-06T19:08:54.888260
01268,HK,01268,stock_code,stock_info_registry,1.0,2026-06-06T19:08:54.888271
01268,HK,美东汽车,company_name,stock_info_registry,0.95,2026-06-06T19:08:54.888272
01269,HK,01269,stock_code,stock_info_registry,1.0,2026-06-06T19:08:54.888283
01269,HK,首控集团,company_name,stock_info_registry,0.95,2026-06-06T19:08:54.888285
01270,HK,01270,stock_code,stock_info_registry,1.0,2026-06-06T19:08:54.888295
01270,HK,朗廷-SS,company_name,stock_info_registry,0.95,2026-06-06T19:08:54.888297
01271,HK,01271,stock_code,stock_info_registry,1.0,2026-06-06T19:08:54.888308
01271,HK,佳明集团控股,company_name,stock_info_registry,0.95,2026-06-06T19:08:54.888310
01272,HK,01272,stock_code,stock_info_registry,1.0,2026-06-06T19:08:54.888320
01272,HK,大唐环境,company_name,stock_info_registry,0.95,2026-06-06T19:08:54.888322
01273,HK,01273,stock_code,stock_info_registry,1.0,2026-06-06T19:08:54.888333
01273,HK,香港信贷,company_name,stock_info_registry,0.95,2026-06-06T19:08:54.888335
01274,HK,01274,stock_code,stock_info_registry,1.0,2026-06-06T19:08:54.888346
01274,HK,知行科技,company_name,stock_info_registry,0.95,2026-06-06T19:08:54.888348
01276,HK,01276,stock_code,stock_info_registry,1.0,2026-06-06T19:08:54.888359
01276,HK,恒瑞医药,company_name,stock_info_registry,0.95,2026-06-06T19:08:54.888361
01277,HK,01277,stock_code,stock_info_registry,1.0,2026-06-06T19:08:54.888372
01277,HK,力量发展,company_name,stock_info_registry,0.95,2026-06-06T19:08:54.888374
01278,HK,01278,stock_code,stock_info_registry,1.0,2026-06-06T19:08:54.888385
01278,HK,中国新城镇,company_name,stock_info_registry,0.95,2026-06-06T19:08:54.888387
01280,HK,01280,stock_code,stock_info_registry,1.0,2026-06-06T19:08:54.888398
01280,HK,奇点国峰,company_name,stock_info_registry,0.95,2026-06-06T19:08:54.888400
01281,HK,01281,stock_code,stock_info_registry,1.0,2026-06-06T19:08:54.888411
01281,HK,鑫达投资控股,company_name,stock_info_registry,0.95,2026-06-06T19:08:54.888413
01282,HK,01282,stock_code,stock_info_registry,1.0,2026-06-06T19:08:54.888425
01282,HK,中泽丰,company_name,stock_info_registry,0.95,2026-06-06T19:08:54.888427
01283,HK,01283,stock_code,stock_info_registry,1.0,2026-06-06T19:08:54.888437
01283,HK,高升集团控股,company_name,stock_info_registry,0.95,2026-06-06T19:08:54.888439
01284,HK,01284,stock_code,stock_info_registry,1.0,2026-06-06T19:08:54.888451
01284,HK,新传企划,company_name,stock_info_registry,0.95,2026-06-06T19:08:54.888454
01285,HK,01285,stock_code,stock_info_registry,1.0,2026-06-06T19:08:54.888467
01285,HK,嘉士利集团,company_name,stock_info_registry,0.95,2026-06-06T19:08:54.888471
01286,HK,01286,stock_code,stock_info_registry,1.0,2026-06-06T19:08:54.888482
01286,HK,鹰普精密,company_name,stock_info_registry,0.95,2026-06-06T19:08:54.888484
01288,HK,01288,stock_code,stock_info_registry,1.0,2026-06-06T19:08:54.888495
01288,HK,农业银行,company_name,stock_info_registry,0.95,2026-06-06T19:08:54.888497
01289,HK,01289,stock_code,stock_info_registry,1.0,2026-06-06T19:08:54.888508
01289,HK,盛力达科技,company_name,stock_info_registry,0.95,2026-06-06T19:08:54.888510
01290,HK,01290,stock_code,stock_info_registry,1.0,2026-06-06T19:08:54.888520
01290,HK,中国汇融,company_name,stock_info_registry,0.95,2026-06-06T19:08:54.888522
01292,HK,01292,stock_code,stock_info_registry,1.0,2026-06-06T19:08:54.888534
01292,HK,长安民生物流,company_name,stock_info_registry,0.95,2026-06-06T19:08:54.888535
01293,HK,01293,stock_code,stock_info_registry,1.0,2026-06-06T19:08:54.888547
01293,HK,广汇宝信,company_name,stock_info_registry,0.95,2026-06-06T19:08:54.888549
01298,HK,01298,stock_code,stock_info_registry,1.0,2026-06-06T19:08:54.888560
01298,HK,云能国际,company_name,stock_info_registry,0.95,2026-06-06T19:08:54.888562
01299,HK,01299,stock_code,stock_info_registry,1.0,2026-06-06T19:08:54.888573
01299,HK,友邦保险,company_name,stock_info_registry,0.95,2026-06-06T19:08:54.888575
01300,HK,01300,stock_code,stock_info_registry,1.0,2026-06-06T19:08:54.888586
01300,HK,俊知集团,company_name,stock_info_registry,0.95,2026-06-06T19:08:54.888588
01301,HK,01301,stock_code,stock_info_registry,1.0,2026-06-06T19:08:54.888599
01301,HK,德基科技控股,company_name,stock_info_registry,0.95,2026-06-06T19:08:54.888601
01302,HK,01302,stock_code,stock_info_registry,1.0,2026-06-06T19:08:54.888613
01302,HK,先健科技,company_name,stock_info_registry,0.95,2026-06-06T19:08:54.888615
01303,HK,01303,stock_code,stock_info_registry,1.0,2026-06-06T19:08:54.888626
01303,HK,汇力资源,company_name,stock_info_registry,0.95,2026-06-06T19:08:54.888628
01304,HK,01304,stock_code,stock_info_registry,1.0,2026-06-06T19:08:54.888639
01304,HK,峰岹科技,company_name,stock_info_registry,0.95,2026-06-06T19:08:54.888641
01305,HK,01305,stock_code,stock_info_registry,1.0,2026-06-06T19:08:54.888652
01305,HK,伟志控股,company_name,stock_info_registry,0.95,2026-06-06T19:08:54.888654
01308,HK,01308,stock_code,stock_info_registry,1.0,2026-06-06T19:08:54.888665
01308,HK,海丰国际,company_name,stock_info_registry,0.95,2026-06-06T19:08:54.888667
01310,HK,01310,stock_code,stock_info_registry,1.0,2026-06-06T19:08:54.888678
01310,HK,香港宽频,company_name,stock_info_registry,0.95,2026-06-06T19:08:54.888680
01312,HK,01312,stock_code,stock_info_registry,1.0,2026-06-06T19:08:54.888691
01312,HK,华控康泰,company_name,stock_info_registry,0.95,2026-06-06T19:08:54.888692
01313,HK,01313,stock_code,stock_info_registry,1.0,2026-06-06T19:08:54.888703
01313,HK,华润建材科技,company_name,stock_info_registry,0.95,2026-06-06T19:08:54.888705
01314,HK,01314,stock_code,stock_info_registry,1.0,2026-06-06T19:08:54.888716
01314,HK,翠华控股,company_name,stock_info_registry,0.95,2026-06-06T19:08:54.888718
01315,HK,01315,stock_code,stock_info_registry,1.0,2026-06-06T19:08:54.888728
01315,HK,绿色经济,company_name,stock_info_registry,0.95,2026-06-06T19:08:54.888730
01316,HK,01316,stock_code,stock_info_registry,1.0,2026-06-06T19:08:54.888741
01316,HK,耐世特,company_name,stock_info_registry,0.95,2026-06-06T19:08:54.888743
01317,HK,01317,stock_code,stock_info_registry,1.0,2026-06-06T19:08:54.888755
01317,HK,枫叶教育,company_name,stock_info_registry,0.95,2026-06-06T19:08:54.888757
01318,HK,01318,stock_code,stock_info_registry,1.0,2026-06-06T19:08:54.888768
01318,HK,毛戈平,company_name,stock_info_registry,0.95,2026-06-06T19:08:54.888770
01319,HK,01319,stock_code,stock_info_registry,1.0,2026-06-06T19:08:54.888781
01319,HK,霭华押业信贷,company_name,stock_info_registry,0.95,2026-06-06T19:08:54.888783
01321,HK,01321,stock_code,stock_info_registry,1.0,2026-06-06T19:08:54.888794
01321,HK,中国新城市,company_name,stock_info_registry,0.95,2026-06-06T19:08:54.888796
01323,HK,01323,stock_code,stock_info_registry,1.0,2026-06-06T19:08:54.888809
01323,HK,华盛国际控股,company_name,stock_info_registry,0.95,2026-06-06T19:08:54.888811
01326,HK,01326,stock_code,stock_info_registry,1.0,2026-06-06T19:08:54.888822
01326,HK,传递娱乐,company_name,stock_info_registry,0.95,2026-06-06T19:08:54.888824
01327,HK,01327,stock_code,stock_info_registry,1.0,2026-06-06T19:08:54.888836
01327,HK,励时集团,company_name,stock_info_registry,0.95,2026-06-06T19:08:54.888838
01328,HK,01328,stock_code,stock_info_registry,1.0,2026-06-06T19:08:54.888849
01328,HK,金涌投资,company_name,stock_info_registry,0.95,2026-06-06T19:08:54.888851
01330,HK,01330,stock_code,stock_info_registry,1.0,2026-06-06T19:08:54.888862
01330,HK,绿色动力环保,company_name,stock_info_registry,0.95,2026-06-06T19:08:54.888864
01332,HK,01332,stock_code,stock_info_registry,1.0,2026-06-06T19:08:54.888880
01332,HK,透云生物,company_name,stock_info_registry,0.95,2026-06-06T19:08:54.888882
01333,HK,01333,stock_code,stock_info_registry,1.0,2026-06-06T19:08:54.888893
01333,HK,博雷顿,company_name,stock_info_registry,0.95,2026-06-06T19:08:54.888895
01334,HK,01334,stock_code,stock_info_registry,1.0,2026-06-06T19:08:54.888906
01334,HK,瑞昌国际控股,company_name,stock_info_registry,0.95,2026-06-06T19:08:54.888908
01335,HK,01335,stock_code,stock_info_registry,1.0,2026-06-06T19:08:54.888919
01335,HK,顺泰控股,company_name,stock_info_registry,0.95,2026-06-06T19:08:54.888921
01336,HK,01336,stock_code,stock_info_registry,1.0,2026-06-06T19:08:54.888933
01336,HK,新华保险,company_name,stock_info_registry,0.95,2026-06-06T19:08:54.888934
01338,HK,01338,stock_code,stock_info_registry,1.0,2026-06-06T19:08:54.888945
01338,HK,霸王集团,company_name,stock_info_registry,0.95,2026-06-06T19:08:54.888947
01339,HK,01339,stock_code,stock_info_registry,1.0,2026-06-06T19:08:54.888958
01339,HK,中国人民保险集团,company_name,stock_info_registry,0.95,2026-06-06T19:08:54.888960
01340,HK,01340,stock_code,stock_info_registry,1.0,2026-06-06T19:08:54.888971
01340,HK,惠生国际,company_name,stock_info_registry,0.95,2026-06-06T19:08:54.888972
01341,HK,01341,stock_code,stock_info_registry,1.0,2026-06-06T19:08:54.888983
01341,HK,昊天国际建投,company_name,stock_info_registry,0.95,2026-06-06T19:08:54.888986
01343,HK,01343,stock_code,stock_info_registry,1.0,2026-06-06T19:08:54.888997
01343,HK,伟源控股,company_name,stock_info_registry,0.95,2026-06-06T19:08:54.889000
01345,HK,01345,stock_code,stock_info_registry,1.0,2026-06-06T19:08:54.889011
01345,HK,上海先锋控股,company_name,stock_info_registry,0.95,2026-06-06T19:08:54.889013
01346,HK,01346,stock_code,stock_info_registry,1.0,2026-06-06T19:08:54.889024
01346,HK,利华控股集团,company_name,stock_info_registry,0.95,2026-06-06T19:08:54.889026
01347,HK,01347,stock_code,stock_info_registry,1.0,2026-06-06T19:08:54.889038
01347,HK,华虹半导体,company_name,stock_info_registry,0.95,2026-06-06T19:08:54.889040
01348,HK,01348,stock_code,stock_info_registry,1.0,2026-06-06T19:08:54.889051
01348,HK,滉达富控股,company_name,stock_info_registry,0.95,2026-06-06T19:08:54.889053
01349,HK,01349,stock_code,stock_info_registry,1.0,2026-06-06T19:08:54.889064
01349,HK,复旦张江,company_name,stock_info_registry,0.95,2026-06-06T19:08:54.889066
01351,HK,01351,stock_code,stock_info_registry,1.0,2026-06-06T19:08:54.889077
01351,HK,辉煌明天,company_name,stock_info_registry,0.95,2026-06-06T19:08:54.889079
01354,HK,01354,stock_code,stock_info_registry,1.0,2026-06-06T19:08:54.889090
01354,HK,经发物业,company_name,stock_info_registry,0.95,2026-06-06T19:08:54.889092
01355,HK,01355,stock_code,stock_info_registry,1.0,2026-06-06T19:08:54.889106
01355,HK,生物系统工程,company_name,stock_info_registry,0.95,2026-06-06T19:08:54.889108
01357,HK,01357,stock_code,stock_info_registry,1.0,2026-06-06T19:08:54.889120
01357,HK,美图公司,company_name,stock_info_registry,0.95,2026-06-06T19:08:54.889122
01358,HK,01358,stock_code,stock_info_registry,1.0,2026-06-06T19:08:54.889133
01358,HK,普华和顺,company_name,stock_info_registry,0.95,2026-06-06T19:08:54.889135
01359,HK,01359,stock_code,stock_info_registry,1.0,2026-06-06T19:08:54.889146
01359,HK,中国信达,company_name,stock_info_registry,0.95,2026-06-06T19:08:54.889148
01361,HK,01361,stock_code,stock_info_registry,1.0,2026-06-06T19:08:54.889159
01361,HK,361度,company_name,stock_info_registry,0.95,2026-06-06T19:08:54.889161
01362,HK,01362,stock_code,stock_info_registry,1.0,2026-06-06T19:08:54.889173
01362,HK,新龙移动,company_name,stock_info_registry,0.95,2026-06-06T19:08:54.889175
01364,HK,01364,stock_code,stock_info_registry,1.0,2026-06-06T19:08:54.889185
01364,HK,古茗,company_name,stock_info_registry,0.95,2026-06-06T19:08:54.889187
01368,HK,01368,stock_code,stock_info_registry,1.0,2026-06-06T19:08:54.889198
01368,HK,特步国际,company_name,stock_info_registry,0.95,2026-06-06T19:08:54.889200
01370,HK,01370,stock_code,stock_info_registry,1.0,2026-06-06T19:08:54.889210
01370,HK,奥威控股,company_name,stock_info_registry,0.95,2026-06-06T19:08:54.889212
01371,HK,01371,stock_code,stock_info_registry,1.0,2026-06-06T19:08:54.889223
01371,HK,中国生态旅游,company_name,stock_info_registry,0.95,2026-06-06T19:08:54.889225
01372,HK,01372,stock_code,stock_info_registry,1.0,2026-06-06T19:08:54.889235
01372,HK,中国碳中和,company_name,stock_info_registry,0.95,2026-06-06T19:08:54.889237
01373,HK,01373,stock_code,stock_info_registry,1.0,2026-06-06T19:08:54.889248
01373,HK,国际家居零售,company_name,stock_info_registry,0.95,2026-06-06T19:08:54.889250
01375,HK,01375,stock_code,stock_info_registry,1.0,2026-06-06T19:08:54.889261
01375,HK,中州证券,company_name,stock_info_registry,0.95,2026-06-06T19:08:54.889263
01376,HK,01376,stock_code,stock_info_registry,1.0,2026-06-06T19:08:54.889274
01376,HK,RAFFLESINTERIOR,company_name,stock_info_registry,0.95,2026-06-06T19:08:54.889276
01378,HK,01378,stock_code,stock_info_registry,1.0,2026-06-06T19:08:54.889287
01378,HK,中国宏桥,company_name,stock_info_registry,0.95,2026-06-06T19:08:54.889289
01379,HK,01379,stock_code,stock_info_registry,1.0,2026-06-06T19:08:54.889301
01379,HK,温岭工量刃具,company_name,stock_info_registry,0.95,2026-06-06T19:08:54.889303
01380,HK,01380,stock_code,stock_info_registry,1.0,2026-06-06T19:08:54.889314
01380,HK,中国金石,company_name,stock_info_registry,0.95,2026-06-06T19:08:54.889316
01382,HK,01382,stock_code,stock_info_registry,1.0,2026-06-06T19:08:54.889327
01382,HK,互太纺织,company_name,stock_info_registry,0.95,2026-06-06T19:08:54.889329
01383,HK,01383,stock_code,stock_info_registry,1.0,2026-06-06T19:08:54.889340
01384,HK,01384,stock_code,stock_info_registry,1.0,2026-06-06T19:08:54.889352
01384,HK,滴普科技,company_name,stock_info_registry,0.95,2026-06-06T19:08:54.889354
01385,HK,01385,stock_code,stock_info_registry,1.0,2026-06-06T19:08:54.889365
01385,HK,上海复旦,company_name,stock_info_registry,0.95,2026-06-06T19:08:54.889367
01388,HK,01388,stock_code,stock_info_registry,1.0,2026-06-06T19:08:54.889378
01388,HK,安莉芳控股,company_name,stock_info_registry,0.95,2026-06-06T19:08:54.889380
01389,HK,01389,stock_code,stock_info_registry,1.0,2026-06-06T19:08:54.889391
01389,HK,美捷汇控股,company_name,stock_info_registry,0.95,2026-06-06T19:08:54.889393
01393,HK,01393,stock_code,stock_info_registry,1.0,2026-06-06T19:08:54.889404
01393,HK,恒鼎实业,company_name,stock_info_registry,0.95,2026-06-06T19:08:54.889406
01395,HK,01395,stock_code,stock_info_registry,1.0,2026-06-06T19:08:54.889417
01395,HK,强泰环保,company_name,stock_info_registry,0.95,2026-06-06T19:08:54.889419
01396,HK,01396,stock_code,stock_info_registry,1.0,2026-06-06T19:08:54.889430
01396,HK,粤港湾智算,company_name,stock_info_registry,0.95,2026-06-06T19:08:54.889432
01397,HK,01397,stock_code,stock_info_registry,1.0,2026-06-06T19:08:54.889443
01397,HK,碧瑶绿色集团,company_name,stock_info_registry,0.95,2026-06-06T19:08:54.889445
01398,HK,01398,stock_code,stock_info_registry,1.0,2026-06-06T19:08:54.889455
01398,HK,工商银行,company_name,stock_info_registry,0.95,2026-06-06T19:08:54.889457
01399,HK,01399,stock_code,stock_info_registry,1.0,2026-06-06T19:08:54.889468
01399,HK,锐信控股,company_name,stock_info_registry,0.95,2026-06-06T19:08:54.889470
01400,HK,01400,stock_code,stock_info_registry,1.0,2026-06-06T19:08:54.889480
01400,HK,满地科技股份,company_name,stock_info_registry,0.95,2026-06-06T19:08:54.889482
01401,HK,01401,stock_code,stock_info_registry,1.0,2026-06-06T19:08:54.889493
01401,HK,未来机器有限公司,company_name,stock_info_registry,0.95,2026-06-06T19:08:54.889495
01402,HK,01402,stock_code,stock_info_registry,1.0,2026-06-06T19:08:54.889508
01402,HK,超智能控股,company_name,stock_info_registry,0.95,2026-06-06T19:08:54.889510
01405,HK,01405,stock_code,stock_info_registry,1.0,2026-06-06T19:08:54.889521
01405,HK,达势股份,company_name,stock_info_registry,0.95,2026-06-06T19:08:54.889523
01406,HK,01406,stock_code,stock_info_registry,1.0,2026-06-06T19:08:54.889534
01406,HK,清晰医疗,company_name,stock_info_registry,0.95,2026-06-06T19:08:54.889536
01407,HK,01407,stock_code,stock_info_registry,1.0,2026-06-06T19:08:54.889547
01407,HK,交运燃气,company_name,stock_info_registry,0.95,2026-06-06T19:08:54.889549
01408,HK,01408,stock_code,stock_info_registry,1.0,2026-06-06T19:08:54.889561
01408,HK,濠江机电,company_name,stock_info_registry,0.95,2026-06-06T19:08:54.889562
01410,HK,01410,stock_code,stock_info_registry,1.0,2026-06-06T19:08:54.889574
01410,HK,安领国际,company_name,stock_info_registry,0.95,2026-06-06T19:08:54.889576
01412,HK,01412,stock_code,stock_info_registry,1.0,2026-06-06T19:08:54.889587
01412,HK,隽思集团,company_name,stock_info_registry,0.95,2026-06-06T19:08:54.889589
01413,HK,01413,stock_code,stock_info_registry,1.0,2026-06-06T19:08:54.889600
01413,HK,铸帝控股,company_name,stock_info_registry,0.95,2026-06-06T19:08:54.889602
01415,HK,01415,stock_code,stock_info_registry,1.0,2026-06-06T19:08:54.889613
01415,HK,高伟电子,company_name,stock_info_registry,0.95,2026-06-06T19:08:54.889615
01416,HK,01416,stock_code,stock_info_registry,1.0,2026-06-06T19:08:54.889626
01416,HK,CTR HOLDINGS,company_name,stock_info_registry,0.95,2026-06-06T19:08:54.889628
01417,HK,01417,stock_code,stock_info_registry,1.0,2026-06-06T19:08:54.889639
01417,HK,浦江中国,company_name,stock_info_registry,0.95,2026-06-06T19:08:54.889641
01418,HK,01418,stock_code,stock_info_registry,1.0,2026-06-06T19:08:54.889652
01418,HK,盛诺集团,company_name,stock_info_registry,0.95,2026-06-06T19:08:54.889654
01419,HK,01419,stock_code,stock_info_registry,1.0,2026-06-06T19:08:54.889665
01419,HK,盈健医疗,company_name,stock_info_registry,0.95,2026-06-06T19:08:54.889667
01420,HK,01420,stock_code,stock_info_registry,1.0,2026-06-06T19:08:54.889679
01420,HK,川控股,company_name,stock_info_registry,0.95,2026-06-06T19:08:54.889680
01421,HK,01421,stock_code,stock_info_registry,1.0,2026-06-06T19:08:54.889693
01421,HK,恒昌集团国际,company_name,stock_info_registry,0.95,2026-06-06T19:08:54.889694
01425,HK,01425,stock_code,stock_info_registry,1.0,2026-06-06T19:08:54.889705
01425,HK,捷隆控股,company_name,stock_info_registry,0.95,2026-06-06T19:08:54.889707
01427,HK,01427,stock_code,stock_info_registry,1.0,2026-06-06T19:08:54.889720
01427,HK,中国天保集团,company_name,stock_info_registry,0.95,2026-06-06T19:08:54.889722
01428,HK,01428,stock_code,stock_info_registry,1.0,2026-06-06T19:08:54.889733
01428,HK,耀才证券金融,company_name,stock_info_registry,0.95,2026-06-06T19:08:54.889735
01429,HK,01429,stock_code,stock_info_registry,1.0,2026-06-06T19:08:54.889745
01429,HK,天任集团,company_name,stock_info_registry,0.95,2026-06-06T19:08:54.889747
01431,HK,01431,stock_code,stock_info_registry,1.0,2026-06-06T19:08:54.889758
01431,HK,原生态牧业,company_name,stock_info_registry,0.95,2026-06-06T19:08:54.889760
01432,HK,01432,stock_code,stock_info_registry,1.0,2026-06-06T19:08:54.889771
01432,HK,中国圣牧,company_name,stock_info_registry,0.95,2026-06-06T19:08:54.889773
01433,HK,01433,stock_code,stock_info_registry,1.0,2026-06-06T19:08:54.889785
01433,HK,常达控股,company_name,stock_info_registry,0.95,2026-06-06T19:08:54.889786
01440,HK,01440,stock_code,stock_info_registry,1.0,2026-06-06T19:08:54.889798
01440,HK,应星控股,company_name,stock_info_registry,0.95,2026-06-06T19:08:54.889800
01442,HK,01442,stock_code,stock_info_registry,1.0,2026-06-06T19:08:54.889811
01442,HK,鹰辉物流,company_name,stock_info_registry,0.95,2026-06-06T19:08:54.889813
01443,HK,01443,stock_code,stock_info_registry,1.0,2026-06-06T19:08:54.889824
01443,HK,富临集团控股,company_name,stock_info_registry,0.95,2026-06-06T19:08:54.889826
01446,HK,01446,stock_code,stock_info_registry,1.0,2026-06-06T19:08:54.889837
01446,HK,鸿福堂,company_name,stock_info_registry,0.95,2026-06-06T19:08:54.889839
01447,HK,01447,stock_code,stock_info_registry,1.0,2026-06-06T19:08:54.889850
01447,HK,新福港,company_name,stock_info_registry,0.95,2026-06-06T19:08:54.889852
01448,HK,01448,stock_code,stock_info_registry,1.0,2026-06-06T19:08:54.889863
01448,HK,福寿园,company_name,stock_info_registry,0.95,2026-06-06T19:08:54.889865
01449,HK,01449,stock_code,stock_info_registry,1.0,2026-06-06T19:08:54.889876
01449,HK,立德教育,company_name,stock_info_registry,0.95,2026-06-06T19:08:54.889878
01450,HK,01450,stock_code,stock_info_registry,1.0,2026-06-06T19:08:54.889890
01450,HK,交个朋友控股,company_name,stock_info_registry,0.95,2026-06-06T19:08:54.889892
01451,HK,01451,stock_code,stock_info_registry,1.0,2026-06-06T19:08:54.889903
01451,HK,万成集团股份,company_name,stock_info_registry,0.95,2026-06-06T19:08:54.889905
01452,HK,01452,stock_code,stock_info_registry,1.0,2026-06-06T19:08:54.889917
01452,HK,迪诺斯环保,company_name,stock_info_registry,0.95,2026-06-06T19:08:54.889919
01455,HK,01455,stock_code,stock_info_registry,1.0,2026-06-06T19:08:54.889930
01455,HK,科利实业控股,company_name,stock_info_registry,0.95,2026-06-06T19:08:54.889932
01456,HK,01456,stock_code,stock_info_registry,1.0,2026-06-06T19:08:54.889943
01456,HK,国联民生,company_name,stock_info_registry,0.95,2026-06-06T19:08:54.889945
01458,HK,01458,stock_code,stock_info_registry,1.0,2026-06-06T19:08:54.889956
01458,HK,周黑鸭,company_name,stock_info_registry,0.95,2026-06-06T19:08:54.889958
01459,HK,01459,stock_code,stock_info_registry,1.0,2026-06-06T19:08:54.889968
01459,HK,巨匠建设,company_name,stock_info_registry,0.95,2026-06-06T19:08:54.889970
01460,HK,01460,stock_code,stock_info_registry,1.0,2026-06-06T19:08:54.889981
01460,HK,扬科集团,company_name,stock_info_registry,0.95,2026-06-06T19:08:54.889983
01461,HK,01461,stock_code,stock_info_registry,1.0,2026-06-06T19:08:54.889994
01461,HK,中泰期货,company_name,stock_info_registry,0.95,2026-06-06T19:08:54.889996
01463,HK,01463,stock_code,stock_info_registry,1.0,2026-06-06T19:08:54.890007
01463,HK,C-LINK SQ,company_name,stock_info_registry,0.95,2026-06-06T19:08:54.890009
01466,HK,01466,stock_code,stock_info_registry,1.0,2026-06-06T19:08:54.890022
01466,HK,佰金生命科学,company_name,stock_info_registry,0.95,2026-06-06T19:08:54.890024
01468,HK,01468,stock_code,stock_info_registry,1.0,2026-06-06T19:08:54.890035
01468,HK,嘉高达资本,company_name,stock_info_registry,0.95,2026-06-06T19:08:54.890037
01470,HK,01470,stock_code,stock_info_registry,1.0,2026-06-06T19:08:54.890048
01470,HK,富一国际控股,company_name,stock_info_registry,0.95,2026-06-06T19:08:54.890050
01471,HK,01471,stock_code,stock_info_registry,1.0,2026-06-06T19:08:54.890061
01471,HK,众淼控股,company_name,stock_info_registry,0.95,2026-06-06T19:08:54.890063
01472,HK,01472,stock_code,stock_info_registry,1.0,2026-06-06T19:08:54.890075
01472,HK,生兴控股,company_name,stock_info_registry,0.95,2026-06-06T19:08:54.890077
01473,HK,01473,stock_code,stock_info_registry,1.0,2026-06-06T19:08:54.890088
01473,HK,环联连讯,company_name,stock_info_registry,0.95,2026-06-06T19:08:54.890090
01475,HK,01475,stock_code,stock_info_registry,1.0,2026-06-06T19:08:54.890102
01475,HK,日清食品,company_name,stock_info_registry,0.95,2026-06-06T19:08:54.890104
01476,HK,01476,stock_code,stock_info_registry,1.0,2026-06-06T19:08:54.890116
01476,HK,金融街证券,company_name,stock_info_registry,0.95,2026-06-06T19:08:54.890118
01477,HK,01477,stock_code,stock_info_registry,1.0,2026-06-06T19:08:54.890129
01477,HK,欧康维视生物-B,company_name,stock_info_registry,0.95,2026-06-06T19:08:54.890131
01478,HK,01478,stock_code,stock_info_registry,1.0,2026-06-06T19:08:54.890142
01478,HK,丘钛科技,company_name,stock_info_registry,0.95,2026-06-06T19:08:54.890144
01480,HK,01480,stock_code,stock_info_registry,1.0,2026-06-06T19:08:54.890156
01480,HK,恩达集团控股,company_name,stock_info_registry,0.95,2026-06-06T19:08:54.890158
01481,HK,01481,stock_code,stock_info_registry,1.0,2026-06-06T19:08:54.890169
01481,HK,竣球控股,company_name,stock_info_registry,0.95,2026-06-06T19:08:54.890171
01483,HK,01483,stock_code,stock_info_registry,1.0,2026-06-06T19:08:54.890182
01483,HK,网誉科技,company_name,stock_info_registry,0.95,2026-06-06T19:08:54.890184
01486,HK,01486,stock_code,stock_info_registry,1.0,2026-06-06T19:08:54.890196
01486,HK,思城控股,company_name,stock_info_registry,0.95,2026-06-06T19:08:54.890198
01488,HK,01488,stock_code,stock_info_registry,1.0,2026-06-06T19:08:54.890209
01488,HK,百福控股,company_name,stock_info_registry,0.95,2026-06-06T19:08:54.890211
01489,HK,01489,stock_code,stock_info_registry,1.0,2026-06-06T19:08:54.890222
01489,HK,GC CONSTRUCTION,company_name,stock_info_registry,0.95,2026-06-06T19:08:54.890224
01490,HK,01490,stock_code,stock_info_registry,1.0,2026-06-06T19:08:54.890235
01490,HK,AI X TECH,company_name,stock_info_registry,0.95,2026-06-06T19:08:54.890237
01496,HK,01496,stock_code,stock_info_registry,1.0,2026-06-06T19:08:54.890248
01496,HK,亚积邦租赁,company_name,stock_info_registry,0.95,2026-06-06T19:08:54.890250
01497,HK,01497,stock_code,stock_info_registry,1.0,2026-06-06T19:08:54.890261
01497,HK,燕之屋,company_name,stock_info_registry,0.95,2026-06-06T19:08:54.890263
01498,HK,01498,stock_code,stock_info_registry,1.0,2026-06-06T19:08:54.890273
01498,HK,培力农本方,company_name,stock_info_registry,0.95,2026-06-06T19:08:54.890275
01499,HK,01499,stock_code,stock_info_registry,1.0,2026-06-06T19:08:54.890286
01499,HK,欧科云链,company_name,stock_info_registry,0.95,2026-06-06T19:08:54.890288
01500,HK,01500,stock_code,stock_info_registry,1.0,2026-06-06T19:08:54.890300
01500,HK,现恒建筑,company_name,stock_info_registry,0.95,2026-06-06T19:08:54.890301
01501,HK,01501,stock_code,stock_info_registry,1.0,2026-06-06T19:08:54.890313
01501,HK,瑛泰医疗,company_name,stock_info_registry,0.95,2026-06-06T19:08:54.890314
01502,HK,01502,stock_code,stock_info_registry,1.0,2026-06-06T19:08:54.890326
01502,HK,金融街物业,company_name,stock_info_registry,0.95,2026-06-06T19:08:54.890328
01508,HK,01508,stock_code,stock_info_registry,1.0,2026-06-06T19:08:54.890339
01508,HK,中国再保险,company_name,stock_info_registry,0.95,2026-06-06T19:08:54.890341
01511,HK,01511,stock_code,stock_info_registry,1.0,2026-06-06T19:08:54.890352
01511,HK,驭势科技,company_name,stock_info_registry,0.95,2026-06-06T19:08:54.890354
01513,HK,01513,stock_code,stock_info_registry,1.0,2026-06-06T19:08:54.890365
01513,HK,丽珠医药,company_name,stock_info_registry,0.95,2026-06-06T19:08:54.890367
01515,HK,01515,stock_code,stock_info_registry,1.0,2026-06-06T19:08:54.890378
01515,HK,华润医疗,company_name,stock_info_registry,0.95,2026-06-06T19:08:54.890380
01516,HK,01516,stock_code,stock_info_registry,1.0,2026-06-06T19:08:54.890391
01516,HK,融创服务,company_name,stock_info_registry,0.95,2026-06-06T19:08:54.890393
01518,HK,01518,stock_code,stock_info_registry,1.0,2026-06-06T19:08:54.890404
01518,HK,新世纪医疗,company_name,stock_info_registry,0.95,2026-06-06T19:08:54.890406
01519,HK,01519,stock_code,stock_info_registry,1.0,2026-06-06T19:08:54.890418
01519,HK,极兔速递-W,company_name,stock_info_registry,0.95,2026-06-06T19:08:54.890420
01520,HK,01520,stock_code,stock_info_registry,1.0,2026-06-06T19:08:54.890431
01520,HK,天机控股,company_name,stock_info_registry,0.95,2026-06-06T19:08:54.890433
01521,HK,01521,stock_code,stock_info_registry,1.0,2026-06-06T19:08:54.890443
01521,HK,方达控股,company_name,stock_info_registry,0.95,2026-06-06T19:08:54.890445
01522,HK,01522,stock_code,stock_info_registry,1.0,2026-06-06T19:08:54.890456
01522,HK,京投交通科技,company_name,stock_info_registry,0.95,2026-06-06T19:08:54.890458
01523,HK,01523,stock_code,stock_info_registry,1.0,2026-06-06T19:08:54.890468
01523,HK,珩湾科技,company_name,stock_info_registry,0.95,2026-06-06T19:08:54.890470
01525,HK,01525,stock_code,stock_info_registry,1.0,2026-06-06T19:08:54.890481
01525,HK,建桥教育,company_name,stock_info_registry,0.95,2026-06-06T19:08:54.890483
01526,HK,01526,stock_code,stock_info_registry,1.0,2026-06-06T19:08:54.890494
01526,HK,瑞慈医疗,company_name,stock_info_registry,0.95,2026-06-06T19:08:54.890496
01527,HK,01527,stock_code,stock_info_registry,1.0,2026-06-06T19:08:54.890506
01527,HK,天洁环境,company_name,stock_info_registry,0.95,2026-06-06T19:08:54.890508
01528,HK,01528,stock_code,stock_info_registry,1.0,2026-06-06T19:08:54.890519
01528,HK,红星美凯龙,company_name,stock_info_registry,0.95,2026-06-06T19:08:54.890521
01529,HK,01529,stock_code,stock_info_registry,1.0,2026-06-06T19:08:54.890534
01529,HK,乐氏国际控股,company_name,stock_info_registry,0.95,2026-06-06T19:08:54.890536
01530,HK,01530,stock_code,stock_info_registry,1.0,2026-06-06T19:08:54.890547
01530,HK,三生制药,company_name,stock_info_registry,0.95,2026-06-06T19:08:54.890549
01532,HK,01532,stock_code,stock_info_registry,1.0,2026-06-06T19:08:54.890560
01532,HK,中国派对文化,company_name,stock_info_registry,0.95,2026-06-06T19:08:54.890562
01536,HK,01536,stock_code,stock_info_registry,1.0,2026-06-06T19:08:54.890574
01536,HK,煜荣集团,company_name,stock_info_registry,0.95,2026-06-06T19:08:54.890576
01538,HK,01538,stock_code,stock_info_registry,1.0,2026-06-06T19:08:54.890587
01538,HK,中奥到家,company_name,stock_info_registry,0.95,2026-06-06T19:08:54.890589
01539,HK,01539,stock_code,stock_info_registry,1.0,2026-06-06T19:08:54.890600
01539,HK,知行集团控股,company_name,stock_info_registry,0.95,2026-06-06T19:08:54.890602
01540,HK,01540,stock_code,stock_info_registry,1.0,2026-06-06T19:08:54.890615
01540,HK,澳狮环球,company_name,stock_info_registry,0.95,2026-06-06T19:08:54.890617
01541,HK,01541,stock_code,stock_info_registry,1.0,2026-06-06T19:08:54.890628
01541,HK,宜明昂科-B,company_name,stock_info_registry,0.95,2026-06-06T19:08:54.890630
01542,HK,01542,stock_code,stock_info_registry,1.0,2026-06-06T19:08:54.890641
01542,HK,台州水务,company_name,stock_info_registry,0.95,2026-06-06T19:08:54.890643
01543,HK,01543,stock_code,stock_info_registry,1.0,2026-06-06T19:08:54.890654
01543,HK,中盈盛达融资担保,company_name,stock_info_registry,0.95,2026-06-06T19:08:54.890656
01545,HK,01545,stock_code,stock_info_registry,1.0,2026-06-06T19:08:54.890667
01545,HK,设计都会,company_name,stock_info_registry,0.95,2026-06-06T19:08:54.890669
01546,HK,01546,stock_code,stock_info_registry,1.0,2026-06-06T19:08:54.890681
01546,HK,德莱建业,company_name,stock_info_registry,0.95,2026-06-06T19:08:54.890682
01547,HK,01547,stock_code,stock_info_registry,1.0,2026-06-06T19:08:54.890693
01547,HK,IBI GROUP HLDGS,company_name,stock_info_registry,0.95,2026-06-06T19:08:54.890696
01548,HK,01548,stock_code,stock_info_registry,1.0,2026-06-06T19:08:54.890710
01548,HK,金斯瑞生物科技,company_name,stock_info_registry,0.95,2026-06-06T19:08:54.890712
01549,HK,01549,stock_code,stock_info_registry,1.0,2026-06-06T19:08:54.890724
01549,HK,永丰集团控股,company_name,stock_info_registry,0.95,2026-06-06T19:08:54.890726
01551,HK,01551,stock_code,stock_info_registry,1.0,2026-06-06T19:08:54.890737
01551,HK,广州农商银行,company_name,stock_info_registry,0.95,2026-06-06T19:08:54.890739
01552,HK,01552,stock_code,stock_info_registry,1.0,2026-06-06T19:08:54.890750
01552,HK,BHCC HOLDING,company_name,stock_info_registry,0.95,2026-06-06T19:08:54.890752
01553,HK,01553,stock_code,stock_info_registry,1.0,2026-06-06T19:08:54.890764
01553,HK,迈科管业,company_name,stock_info_registry,0.95,2026-06-06T19:08:54.890765
01555,HK,01555,stock_code,stock_info_registry,1.0,2026-06-06T19:08:54.890777
01555,HK,MI能源,company_name,stock_info_registry,0.95,2026-06-06T19:08:54.890779
01556,HK,01556,stock_code,stock_info_registry,1.0,2026-06-06T19:08:54.890790
01556,HK,建业建荣,company_name,stock_info_registry,0.95,2026-06-06T19:08:54.890792
01557,HK,01557,stock_code,stock_info_registry,1.0,2026-06-06T19:08:54.890803
01557,HK,剑虹集团控股,company_name,stock_info_registry,0.95,2026-06-06T19:08:54.890805
01559,HK,01559,stock_code,stock_info_registry,1.0,2026-06-06T19:08:54.890817
01559,HK,均安控股,company_name,stock_info_registry,0.95,2026-06-06T19:08:54.890819
01560,HK,01560,stock_code,stock_info_registry,1.0,2026-06-06T19:08:54.890830
01560,HK,星星集团,company_name,stock_info_registry,0.95,2026-06-06T19:08:54.890832
01561,HK,01561,stock_code,stock_info_registry,1.0,2026-06-06T19:08:54.890843
01561,HK,联洋智能控股,company_name,stock_info_registry,0.95,2026-06-06T19:08:54.890845
01563,HK,01563,stock_code,stock_info_registry,1.0,2026-06-06T19:08:54.890856
01563,HK,友联国际教育租赁,company_name,stock_info_registry,0.95,2026-06-06T19:08:54.890858
01565,HK,01565,stock_code,stock_info_registry,1.0,2026-06-06T19:08:54.890870
01565,HK,成实外教育,company_name,stock_info_registry,0.95,2026-06-06T19:08:54.890872
01566,HK,01566,stock_code,stock_info_registry,1.0,2026-06-06T19:08:54.890883
01566,HK,华夏文化科技,company_name,stock_info_registry,0.95,2026-06-06T19:08:54.890885
01568,HK,01568,stock_code,stock_info_registry,1.0,2026-06-06T19:08:54.890896
01568,HK,承达集团,company_name,stock_info_registry,0.95,2026-06-06T19:08:54.890898
01569,HK,01569,stock_code,stock_info_registry,1.0,2026-06-06T19:08:54.890909
01569,HK,民生教育,company_name,stock_info_registry,0.95,2026-06-06T19:08:54.890911
01570,HK,01570,stock_code,stock_info_registry,1.0,2026-06-06T19:08:54.890923
01570,HK,伟业控股,company_name,stock_info_registry,0.95,2026-06-06T19:08:54.890924
01571,HK,01571,stock_code,stock_info_registry,1.0,2026-06-06T19:08:54.890935
01571,HK,信邦控股,company_name,stock_info_registry,0.95,2026-06-06T19:08:54.890937
01572,HK,01572,stock_code,stock_info_registry,1.0,2026-06-06T19:08:54.890948
01572,HK,中国艺术金融,company_name,stock_info_registry,0.95,2026-06-06T19:08:54.890950
01575,HK,01575,stock_code,stock_info_registry,1.0,2026-06-06T19:08:54.890961
01575,HK,皇庭智家,company_name,stock_info_registry,0.95,2026-06-06T19:08:54.890963
01576,HK,01576,stock_code,stock_info_registry,1.0,2026-06-06T19:08:54.890973
01576,HK,齐鲁高速,company_name,stock_info_registry,0.95,2026-06-06T19:08:54.890975
01577,HK,01577,stock_code,stock_info_registry,1.0,2026-06-06T19:08:54.890986
01577,HK,汇鑫小贷,company_name,stock_info_registry,0.95,2026-06-06T19:08:54.890987
01578,HK,01578,stock_code,stock_info_registry,1.0,2026-06-06T19:08:54.890998
01578,HK,天津银行,company_name,stock_info_registry,0.95,2026-06-06T19:08:54.891000
01579,HK,01579,stock_code,stock_info_registry,1.0,2026-06-06T19:08:54.891011
01579,HK,颐海国际,company_name,stock_info_registry,0.95,2026-06-06T19:08:54.891013
01580,HK,01580,stock_code,stock_info_registry,1.0,2026-06-06T19:08:54.891056
01580,HK,大森控股,company_name,stock_info_registry,0.95,2026-06-06T19:08:54.891061
01581,HK,01581,stock_code,stock_info_registry,1.0,2026-06-06T19:08:54.891100
01581,HK,进升集团控股,company_name,stock_info_registry,0.95,2026-06-06T19:08:54.891103
01582,HK,01582,stock_code,stock_info_registry,1.0,2026-06-06T19:08:54.891126
01582,HK,华营建筑,company_name,stock_info_registry,0.95,2026-06-06T19:08:54.891128
01583,HK,01583,stock_code,stock_info_registry,1.0,2026-06-06T19:08:54.891143
01583,HK,亲亲食品,company_name,stock_info_registry,0.95,2026-06-06T19:08:54.891146
01585,HK,01585,stock_code,stock_info_registry,1.0,2026-06-06T19:08:54.891159
01585,HK,雅迪控股,company_name,stock_info_registry,0.95,2026-06-06T19:08:54.891161
01586,HK,01586,stock_code,stock_info_registry,1.0,2026-06-06T19:08:54.891173
01586,HK,力鸿检验,company_name,stock_info_registry,0.95,2026-06-06T19:08:54.891175
01587,HK,01587,stock_code,stock_info_registry,1.0,2026-06-06T19:08:54.891187
01587,HK,欣融国际,company_name,stock_info_registry,0.95,2026-06-06T19:08:54.891189
01588,HK,01588,stock_code,stock_info_registry,1.0,2026-06-06T19:08:54.891200
01588,HK,畅捷通,company_name,stock_info_registry,0.95,2026-06-06T19:08:54.891202
01591,HK,01591,stock_code,stock_info_registry,1.0,2026-06-06T19:08:54.891214
01591,HK,汛和集团,company_name,stock_info_registry,0.95,2026-06-06T19:08:54.891216
01592,HK,01592,stock_code,stock_info_registry,1.0,2026-06-06T19:08:54.891227
01592,HK,基石控股,company_name,stock_info_registry,0.95,2026-06-06T19:08:54.891229
01593,HK,01593,stock_code,stock_info_registry,1.0,2026-06-06T19:08:54.891241
01593,HK,辰林教育,company_name,stock_info_registry,0.95,2026-06-06T19:08:54.891243
01596,HK,01596,stock_code,stock_info_registry,1.0,2026-06-06T19:08:54.891254
01596,HK,翼辰实业,company_name,stock_info_registry,0.95,2026-06-06T19:08:54.891256
01597,HK,01597,stock_code,stock_info_registry,1.0,2026-06-06T19:08:54.891268
01597,HK,纳泉能源科技,company_name,stock_info_registry,0.95,2026-06-06T19:08:54.891270
01598,HK,01598,stock_code,stock_info_registry,1.0,2026-06-06T19:08:54.891281
01598,HK,21世纪教育,company_name,stock_info_registry,0.95,2026-06-06T19:08:54.891283
01599,HK,01599,stock_code,stock_info_registry,1.0,2026-06-06T19:08:54.891295
01599,HK,城建设计,company_name,stock_info_registry,0.95,2026-06-06T19:08:54.891297
01600,HK,01600,stock_code,stock_info_registry,1.0,2026-06-06T19:08:54.891308
01600,HK,天伦燃气,company_name,stock_info_registry,0.95,2026-06-06T19:08:54.891310
01601,HK,01601,stock_code,stock_info_registry,1.0,2026-06-06T19:08:54.891321
01601,HK,中关村科技租赁,company_name,stock_info_registry,0.95,2026-06-06T19:08:54.891323
01606,HK,01606,stock_code,stock_info_registry,1.0,2026-06-06T19:08:54.891334
01606,HK,国银金租,company_name,stock_info_registry,0.95,2026-06-06T19:08:54.891336
01608,HK,01608,stock_code,stock_info_registry,1.0,2026-06-06T19:08:54.891347
01608,HK,伟能集团,company_name,stock_info_registry,0.95,2026-06-06T19:08:54.891349
01609,HK,01609,stock_code,stock_info_registry,1.0,2026-06-06T19:08:54.891360
01609,HK,天星医疗,company_name,stock_info_registry,0.95,2026-06-06T19:08:54.891362
01610,HK,01610,stock_code,stock_info_registry,1.0,2026-06-06T19:08:54.891373
01610,HK,中粮家佳康,company_name,stock_info_registry,0.95,2026-06-06T19:08:54.891375
01611,HK,01611,stock_code,stock_info_registry,1.0,2026-06-06T19:08:54.891386
01611,HK,新火集团,company_name,stock_info_registry,0.95,2026-06-06T19:08:54.891388
01612,HK,01612,stock_code,stock_info_registry,1.0,2026-06-06T19:08:54.891399
01612,HK,永胜医疗,company_name,stock_info_registry,0.95,2026-06-06T19:08:54.891401
01613,HK,01613,stock_code,stock_info_registry,1.0,2026-06-06T19:08:54.891412
01613,HK,协同通信,company_name,stock_info_registry,0.95,2026-06-06T19:08:54.891414
01615,HK,01615,stock_code,stock_info_registry,1.0,2026-06-06T19:08:54.891428
01615,HK,奥邦建筑,company_name,stock_info_registry,0.95,2026-06-06T19:08:54.891430
01616,HK,01616,stock_code,stock_info_registry,1.0,2026-06-06T19:08:54.891444
01616,HK,一元宇宙,company_name,stock_info_registry,0.95,2026-06-06T19:08:54.891446
01617,HK,01617,stock_code,stock_info_registry,1.0,2026-06-06T19:08:54.891461
01617,HK,南方通信,company_name,stock_info_registry,0.95,2026-06-06T19:08:54.891463
01618,HK,01618,stock_code,stock_info_registry,1.0,2026-06-06T19:08:54.891478
01618,HK,中国中冶,company_name,stock_info_registry,0.95,2026-06-06T19:08:54.891481
01620,HK,01620,stock_code,stock_info_registry,1.0,2026-06-06T19:08:54.891499
01620,HK,富盈环球集团,company_name,stock_info_registry,0.95,2026-06-06T19:08:54.891501
01621,HK,01621,stock_code,stock_info_registry,1.0,2026-06-06T19:08:54.891514
01621,HK,域高国际控股,company_name,stock_info_registry,0.95,2026-06-06T19:08:54.891516
01622,HK,01622,stock_code,stock_info_registry,1.0,2026-06-06T19:08:54.891527
01622,HK,力高集团,company_name,stock_info_registry,0.95,2026-06-06T19:08:54.891529
01623,HK,01623,stock_code,stock_info_registry,1.0,2026-06-06T19:08:54.891540
01623,HK,海隆控股,company_name,stock_info_registry,0.95,2026-06-06T19:08:54.891542
01626,HK,01626,stock_code,stock_info_registry,1.0,2026-06-06T19:08:54.891554
01626,HK,嘉耀控股,company_name,stock_info_registry,0.95,2026-06-06T19:08:54.891556
01627,HK,01627,stock_code,stock_info_registry,1.0,2026-06-06T19:08:54.891574
01627,HK,安保工程控股,company_name,stock_info_registry,0.95,2026-06-06T19:08:54.891576
01628,HK,01628,stock_code,stock_info_registry,1.0,2026-06-06T19:08:54.891589
01628,HK,禹洲集团,company_name,stock_info_registry,0.95,2026-06-06T19:08:54.891592
01629,HK,01629,stock_code,stock_info_registry,1.0,2026-06-06T19:08:54.891603
01629,HK,冠均国际控股,company_name,stock_info_registry,0.95,2026-06-06T19:08:54.891605
01630,HK,01630,stock_code,stock_info_registry,1.0,2026-06-06T19:08:54.891616
01630,HK,建成控股,company_name,stock_info_registry,0.95,2026-06-06T19:08:54.891618
01631,HK,01631,stock_code,stock_info_registry,1.0,2026-06-06T19:08:54.891631
01631,HK,REF HOLDINGS,company_name,stock_info_registry,0.95,2026-06-06T19:08:54.891633
01632,HK,01632,stock_code,stock_info_registry,1.0,2026-06-06T19:08:54.891646
01632,HK,民商创科,company_name,stock_info_registry,0.95,2026-06-06T19:08:54.891648
01633,HK,01633,stock_code,stock_info_registry,1.0,2026-06-06T19:08:54.891662
01633,HK,上谕集团,company_name,stock_info_registry,0.95,2026-06-06T19:08:54.891664
01635,HK,01635,stock_code,stock_info_registry,1.0,2026-06-06T19:08:54.891676
01635,HK,大众公用,company_name,stock_info_registry,0.95,2026-06-06T19:08:54.891678
01636,HK,01636,stock_code,stock_info_registry,1.0,2026-06-06T19:08:54.891691
01636,HK,中国金属利用,company_name,stock_info_registry,0.95,2026-06-06T19:08:54.891693
01637,HK,01637,stock_code,stock_info_registry,1.0,2026-06-06T19:08:54.891703
01637,HK,顺兴集团控股,company_name,stock_info_registry,0.95,2026-06-06T19:08:54.891705
01638,HK,01638,stock_code,stock_info_registry,1.0,2026-06-06T19:08:54.891716
01638,HK,佳兆业集团,company_name,stock_info_registry,0.95,2026-06-06T19:08:54.891718
01640,HK,01640,stock_code,stock_info_registry,1.0,2026-06-06T19:08:54.891729
01640,HK,千循科技,company_name,stock_info_registry,0.95,2026-06-06T19:08:54.891730
01641,HK,01641,stock_code,stock_info_registry,1.0,2026-06-06T19:08:54.891741
01641,HK,红星冷链,company_name,stock_info_registry,0.95,2026-06-06T19:08:54.891743
01643,HK,01643,stock_code,stock_info_registry,1.0,2026-06-06T19:08:54.891754
01643,HK,现代中药集团,company_name,stock_info_registry,0.95,2026-06-06T19:08:54.891755
01645,HK,01645,stock_code,stock_info_registry,1.0,2026-06-06T19:08:54.891766
01645,HK,海纳智能,company_name,stock_info_registry,0.95,2026-06-06T19:08:54.891768
01647,HK,01647,stock_code,stock_info_registry,1.0,2026-06-06T19:08:54.891779
01647,HK,雄岸科技,company_name,stock_info_registry,0.95,2026-06-06T19:08:54.891780
01650,HK,01650,stock_code,stock_info_registry,1.0,2026-06-06T19:08:54.891797
01650,HK,HYGIEIA GROUP,company_name,stock_info_registry,0.95,2026-06-06T19:08:54.891799
01651,HK,01651,stock_code,stock_info_registry,1.0,2026-06-06T19:08:54.891811
01651,HK,津上机床中国,company_name,stock_info_registry,0.95,2026-06-06T19:08:54.891813
01652,HK,01652,stock_code,stock_info_registry,1.0,2026-06-06T19:08:54.891826
01652,HK,福森药业,company_name,stock_info_registry,0.95,2026-06-06T19:08:54.891828
01653,HK,01653,stock_code,stock_info_registry,1.0,2026-06-06T19:08:54.891842
01653,HK,MOS HOUSE,company_name,stock_info_registry,0.95,2026-06-06T19:08:54.891844
01655,HK,01655,stock_code,stock_info_registry,1.0,2026-06-06T19:08:54.891859
01655,HK,OKURA HOLDINGS,company_name,stock_info_registry,0.95,2026-06-06T19:08:54.891861
01656,HK,01656,stock_code,stock_info_registry,1.0,2026-06-06T19:08:54.891873
01656,HK,亿仕登控股,company_name,stock_info_registry,0.95,2026-06-06T19:08:54.891875
01657,HK,01657,stock_code,stock_info_registry,1.0,2026-06-06T19:08:54.891886
01657,HK,桦欣控股,company_name,stock_info_registry,0.95,2026-06-06T19:08:54.891887
01658,HK,01658,stock_code,stock_info_registry,1.0,2026-06-06T19:08:54.891898
01658,HK,邮储银行,company_name,stock_info_registry,0.95,2026-06-06T19:08:54.891900
01660,HK,01660,stock_code,stock_info_registry,1.0,2026-06-06T19:08:54.891911
01660,HK,七元投资,company_name,stock_info_registry,0.95,2026-06-06T19:08:54.891913
01661,HK,01661,stock_code,stock_info_registry,1.0,2026-06-06T19:08:54.891924
01661,HK,中国前沿科技集团,company_name,stock_info_registry,0.95,2026-06-06T19:08:54.891926
01662,HK,01662,stock_code,stock_info_registry,1.0,2026-06-06T19:08:54.891937
01662,HK,义合控股,company_name,stock_info_registry,0.95,2026-06-06T19:08:54.891938
01663,HK,01663,stock_code,stock_info_registry,1.0,2026-06-06T19:08:54.891949
01663,HK,汉港控股,company_name,stock_info_registry,0.95,2026-06-06T19:08:54.891951
01666,HK,01666,stock_code,stock_info_registry,1.0,2026-06-06T19:08:54.891962
01666,HK,同仁堂科技,company_name,stock_info_registry,0.95,2026-06-06T19:08:54.891965
01667,HK,01667,stock_code,stock_info_registry,1.0,2026-06-06T19:08:54.891979
01667,HK,迪米生活控股,company_name,stock_info_registry,0.95,2026-06-06T19:08:54.891981
01668,HK,01668,stock_code,stock_info_registry,1.0,2026-06-06T19:08:54.891993
01668,HK,华南城,company_name,stock_info_registry,0.95,2026-06-06T19:08:54.891995
01669,HK,01669,stock_code,stock_info_registry,1.0,2026-06-06T19:08:54.892007
01669,HK,环球信贷集团,company_name,stock_info_registry,0.95,2026-06-06T19:08:54.892009
01671,HK,01671,stock_code,stock_info_registry,1.0,2026-06-06T19:08:54.892020
01671,HK,天保能源,company_name,stock_info_registry,0.95,2026-06-06T19:08:54.892022
01672,HK,01672,stock_code,stock_info_registry,1.0,2026-06-06T19:08:54.892034
01672,HK,歌礼制药-B,company_name,stock_info_registry,0.95,2026-06-06T19:08:54.892036
01673,HK,01673,stock_code,stock_info_registry,1.0,2026-06-06T19:08:54.892047
01673,HK,华章科技,company_name,stock_info_registry,0.95,2026-06-06T19:08:54.892049
01675,HK,01675,stock_code,stock_info_registry,1.0,2026-06-06T19:08:54.892059
01675,HK,亚信科技,company_name,stock_info_registry,0.95,2026-06-06T19:08:54.892061
01676,HK,01676,stock_code,stock_info_registry,1.0,2026-06-06T19:08:54.892072
01676,HK,高地股份,company_name,stock_info_registry,0.95,2026-06-06T19:08:54.892074
01679,HK,01679,stock_code,stock_info_registry,1.0,2026-06-06T19:08:54.892084
01679,HK,瑞斯康集团,company_name,stock_info_registry,0.95,2026-06-06T19:08:54.892086
01680,HK,01680,stock_code,stock_info_registry,1.0,2026-06-06T19:08:54.892097
01680,HK,澳门励骏,company_name,stock_info_registry,0.95,2026-06-06T19:08:54.892100
01681,HK,01681,stock_code,stock_info_registry,1.0,2026-06-06T19:08:54.892114
01681,HK,康臣药业,company_name,stock_info_registry,0.95,2026-06-06T19:08:54.892116
01682,HK,01682,stock_code,stock_info_registry,1.0,2026-06-06T19:08:54.892130
01682,HK,杭品生活科技,company_name,stock_info_registry,0.95,2026-06-06T19:08:54.892132
01683,HK,01683,stock_code,stock_info_registry,1.0,2026-06-06T19:08:54.892144
01683,HK,旷逸国际,company_name,stock_info_registry,0.95,2026-06-06T19:08:54.892146
01685,HK,01685,stock_code,stock_info_registry,1.0,2026-06-06T19:08:54.892157
01685,HK,博耳电力,company_name,stock_info_registry,0.95,2026-06-06T19:08:54.892160
01686,HK,01686,stock_code,stock_info_registry,1.0,2026-06-06T19:08:54.892172
01686,HK,新意网集团,company_name,stock_info_registry,0.95,2026-06-06T19:08:54.892174
01689,HK,01689,stock_code,stock_info_registry,1.0,2026-06-06T19:08:54.892185
01689,HK,华禧控股,company_name,stock_info_registry,0.95,2026-06-06T19:08:54.892187
01690,HK,01690,stock_code,stock_info_registry,1.0,2026-06-06T19:08:54.892198
01690,HK,立基工程控股,company_name,stock_info_registry,0.95,2026-06-06T19:08:54.892200
01691,HK,01691,stock_code,stock_info_registry,1.0,2026-06-06T19:08:54.892212
01691,HK,JS环球生活,company_name,stock_info_registry,0.95,2026-06-06T19:08:54.892214
01692,HK,01692,stock_code,stock_info_registry,1.0,2026-06-06T19:08:54.892226
01692,HK,登辉控股,company_name,stock_info_registry,0.95,2026-06-06T19:08:54.892228
01693,HK,01693,stock_code,stock_info_registry,1.0,2026-06-06T19:08:54.892239
01693,HK,璋利国际,company_name,stock_info_registry,0.95,2026-06-06T19:08:54.892241
01695,HK,01695,stock_code,stock_info_registry,1.0,2026-06-06T19:08:54.892251
01695,HK,椰丰集团,company_name,stock_info_registry,0.95,2026-06-06T19:08:54.892253
01696,HK,01696,stock_code,stock_info_registry,1.0,2026-06-06T19:08:54.892264
01696,HK,复锐医疗科技,company_name,stock_info_registry,0.95,2026-06-06T19:08:54.892265
01697,HK,01697,stock_code,stock_info_registry,1.0,2026-06-06T19:08:54.892276
01697,HK,山东国信,company_name,stock_info_registry,0.95,2026-06-06T19:08:54.892278
01698,HK,01698,stock_code,stock_info_registry,1.0,2026-06-06T19:08:54.892289
01698,HK,腾讯音乐-SW,company_name,stock_info_registry,0.95,2026-06-06T19:08:54.892290
01701,HK,01701,stock_code,stock_info_registry,1.0,2026-06-06T19:08:54.892301
01701,HK,途屹控股,company_name,stock_info_registry,0.95,2026-06-06T19:08:54.892303
01702,HK,01702,stock_code,stock_info_registry,1.0,2026-06-06T19:08:54.892313
01702,HK,东光化工,company_name,stock_info_registry,0.95,2026-06-06T19:08:54.892315
01703,HK,01703,stock_code,stock_info_registry,1.0,2026-06-06T19:08:54.892326
01703,HK,谊和股份,company_name,stock_info_registry,0.95,2026-06-06T19:08:54.892328
01705,HK,01705,stock_code,stock_info_registry,1.0,2026-06-06T19:08:54.892338
01705,HK,宾仕国际,company_name,stock_info_registry,0.95,2026-06-06T19:08:54.892340
01707,HK,01707,stock_code,stock_info_registry,1.0,2026-06-06T19:08:54.892351
01707,HK,致浩达控股,company_name,stock_info_registry,0.95,2026-06-06T19:08:54.892352
01708,HK,01708,stock_code,stock_info_registry,1.0,2026-06-06T19:08:54.892363
01708,HK,三宝科技,company_name,stock_info_registry,0.95,2026-06-06T19:08:54.892365
01709,HK,01709,stock_code,stock_info_registry,1.0,2026-06-06T19:08:54.892375
01709,HK,德林控股,company_name,stock_info_registry,0.95,2026-06-06T19:08:54.892377
01710,HK,01710,stock_code,stock_info_registry,1.0,2026-06-06T19:08:54.892388
01710,HK,致丰工业电子,company_name,stock_info_registry,0.95,2026-06-06T19:08:54.892390
01711,HK,01711,stock_code,stock_info_registry,1.0,2026-06-06T19:08:54.892400
01711,HK,欧化,company_name,stock_info_registry,0.95,2026-06-06T19:08:54.892402
01712,HK,01712,stock_code,stock_info_registry,1.0,2026-06-06T19:08:54.892413
01712,HK,龙资源,company_name,stock_info_registry,0.95,2026-06-06T19:08:54.892415
01713,HK,01713,stock_code,stock_info_registry,1.0,2026-06-06T19:08:54.892425
01713,HK,四川能投发展,company_name,stock_info_registry,0.95,2026-06-06T19:08:54.892427
01715,HK,01715,stock_code,stock_info_registry,1.0,2026-06-06T19:08:54.892438
01715,HK,智慧健康科技,company_name,stock_info_registry,0.95,2026-06-06T19:08:54.892440
01716,HK,01716,stock_code,stock_info_registry,1.0,2026-06-06T19:08:54.892451
01716,HK,毛记葵涌,company_name,stock_info_registry,0.95,2026-06-06T19:08:54.892452
01717,HK,01717,stock_code,stock_info_registry,1.0,2026-06-06T19:08:54.892463
01717,HK,澳优,company_name,stock_info_registry,0.95,2026-06-06T19:08:54.892465
01718,HK,01718,stock_code,stock_info_registry,1.0,2026-06-06T19:08:54.892475
01718,HK,宏基集团控股,company_name,stock_info_registry,0.95,2026-06-06T19:08:54.892477
01719,HK,01719,stock_code,stock_info_registry,1.0,2026-06-06T19:08:54.892488
01719,HK,中国通商集团,company_name,stock_info_registry,0.95,2026-06-06T19:08:54.892489
01720,HK,01720,stock_code,stock_info_registry,1.0,2026-06-06T19:08:54.892500
01720,HK,普天通信集团,company_name,stock_info_registry,0.95,2026-06-06T19:08:54.892502
01721,HK,01721,stock_code,stock_info_registry,1.0,2026-06-06T19:08:54.892512
01721,HK,FSM HOLDINGS,company_name,stock_info_registry,0.95,2026-06-06T19:08:54.892514
01722,HK,01722,stock_code,stock_info_registry,1.0,2026-06-06T19:08:54.892525
01722,HK,建鹏控股,company_name,stock_info_registry,0.95,2026-06-06T19:08:54.892527
01723,HK,01723,stock_code,stock_info_registry,1.0,2026-06-06T19:08:54.892539
01723,HK,恒月控股,company_name,stock_info_registry,0.95,2026-06-06T19:08:54.892541
01725,HK,01725,stock_code,stock_info_registry,1.0,2026-06-06T19:08:54.892551
01725,HK,中国技术集团,company_name,stock_info_registry,0.95,2026-06-06T19:08:54.892553
01726,HK,01726,stock_code,stock_info_registry,1.0,2026-06-06T19:08:54.892564
01726,HK,HKE HOLDINGS,company_name,stock_info_registry,0.95,2026-06-06T19:08:54.892566
01727,HK,01727,stock_code,stock_info_registry,1.0,2026-06-06T19:08:54.892576
01727,HK,河北建设,company_name,stock_info_registry,0.95,2026-06-06T19:08:54.892578
01728,HK,01728,stock_code,stock_info_registry,1.0,2026-06-06T19:08:54.892589
01728,HK,正通汽车,company_name,stock_info_registry,0.95,2026-06-06T19:08:54.892594
01729,HK,01729,stock_code,stock_info_registry,1.0,2026-06-06T19:08:54.892611
01729,HK,汇聚科技,company_name,stock_info_registry,0.95,2026-06-06T19:08:54.892613
01731,HK,01731,stock_code,stock_info_registry,1.0,2026-06-06T19:08:54.892624
01731,HK,其利工业集团,company_name,stock_info_registry,0.95,2026-06-06T19:08:54.892626
01732,HK,01732,stock_code,stock_info_registry,1.0,2026-06-06T19:08:54.892637
01732,HK,象兴国际,company_name,stock_info_registry,0.95,2026-06-06T19:08:54.892639
01733,HK,01733,stock_code,stock_info_registry,1.0,2026-06-06T19:08:54.892649
01733,HK,易大宗,company_name,stock_info_registry,0.95,2026-06-06T19:08:54.892651
01735,HK,01735,stock_code,stock_info_registry,1.0,2026-06-06T19:08:54.892662
01735,HK,中环新能源,company_name,stock_info_registry,0.95,2026-06-06T19:08:54.892664
01736,HK,01736,stock_code,stock_info_registry,1.0,2026-06-06T19:08:54.892674
01736,HK,中国育儿网络,company_name,stock_info_registry,0.95,2026-06-06T19:08:54.892676
01737,HK,01737,stock_code,stock_info_registry,1.0,2026-06-06T19:08:54.892687
01737,HK,亚洲实业集团,company_name,stock_info_registry,0.95,2026-06-06T19:08:54.892689
01738,HK,01738,stock_code,stock_info_registry,1.0,2026-06-06T19:08:54.892699
01738,HK,飞尚无烟煤,company_name,stock_info_registry,0.95,2026-06-06T19:08:54.892701
01739,HK,01739,stock_code,stock_info_registry,1.0,2026-06-06T19:08:54.892712
01739,HK,齐屹科技,company_name,stock_info_registry,0.95,2026-06-06T19:08:54.892713
01740,HK,01740,stock_code,stock_info_registry,1.0,2026-06-06T19:08:54.892725
01740,HK,新石文化,company_name,stock_info_registry,0.95,2026-06-06T19:08:54.892727
01741,HK,01741,stock_code,stock_info_registry,1.0,2026-06-06T19:08:54.892737
01741,HK,成志控股,company_name,stock_info_registry,0.95,2026-06-06T19:08:54.892739
01742,HK,01742,stock_code,stock_info_registry,1.0,2026-06-06T19:08:54.892749
01742,HK,HPC HOLDINGS,company_name,stock_info_registry,0.95,2026-06-06T19:08:54.892751
01745,HK,01745,stock_code,stock_info_registry,1.0,2026-06-06T19:08:54.892762
01745,HK,驴迹科技,company_name,stock_info_registry,0.95,2026-06-06T19:08:54.892764
01746,HK,01746,stock_code,stock_info_registry,1.0,2026-06-06T19:08:54.892774
01746,HK,万顺集团控股,company_name,stock_info_registry,0.95,2026-06-06T19:08:54.892776
01747,HK,01747,stock_code,stock_info_registry,1.0,2026-06-06T19:08:54.892786
01747,HK,HOME CONTROL,company_name,stock_info_registry,0.95,2026-06-06T19:08:54.892788
01748,HK,01748,stock_code,stock_info_registry,1.0,2026-06-06T19:08:54.892799
01748,HK,信源企业集团,company_name,stock_info_registry,0.95,2026-06-06T19:08:54.892801
01749,HK,01749,stock_code,stock_info_registry,1.0,2026-06-06T19:08:54.892814
01749,HK,杉杉品牌,company_name,stock_info_registry,0.95,2026-06-06T19:08:54.892817
01750,HK,01750,stock_code,stock_info_registry,1.0,2026-06-06T19:08:54.892831
01750,HK,全达电器集团控股,company_name,stock_info_registry,0.95,2026-06-06T19:08:54.892833
01751,HK,01751,stock_code,stock_info_registry,1.0,2026-06-06T19:08:54.892844
01751,HK,智算能建,company_name,stock_info_registry,0.95,2026-06-06T19:08:54.892846
01752,HK,01752,stock_code,stock_info_registry,1.0,2026-06-06T19:08:54.892858
01752,HK,澳洲成峰高教,company_name,stock_info_registry,0.95,2026-06-06T19:08:54.892860
01753,HK,01753,stock_code,stock_info_registry,1.0,2026-06-06T19:08:54.892874
01753,HK,兑吧,company_name,stock_info_registry,0.95,2026-06-06T19:08:54.892876
01755,HK,01755,stock_code,stock_info_registry,1.0,2026-06-06T19:08:54.892890
01755,HK,新城悦服务,company_name,stock_info_registry,0.95,2026-06-06T19:08:54.892893
01756,HK,01756,stock_code,stock_info_registry,1.0,2026-06-06T19:08:54.892907
01756,HK,中国科教产业,company_name,stock_info_registry,0.95,2026-06-06T19:08:54.892909
01757,HK,01757,stock_code,stock_info_registry,1.0,2026-06-06T19:08:54.892921
01757,HK,环球华商俱乐部,company_name,stock_info_registry,0.95,2026-06-06T19:08:54.892922
01758,HK,01758,stock_code,stock_info_registry,1.0,2026-06-06T19:08:54.892935
01758,HK,博骏教育,company_name,stock_info_registry,0.95,2026-06-06T19:08:54.892936
01759,HK,01759,stock_code,stock_info_registry,1.0,2026-06-06T19:08:54.892947
01759,HK,中油洁能控股,company_name,stock_info_registry,0.95,2026-06-06T19:08:54.892949
01760,HK,01760,stock_code,stock_info_registry,1.0,2026-06-06T19:08:54.892960
01760,HK,英恒科技,company_name,stock_info_registry,0.95,2026-06-06T19:08:54.892962
01762,HK,01762,stock_code,stock_info_registry,1.0,2026-06-06T19:08:54.892972
01762,HK,万咖壹联,company_name,stock_info_registry,0.95,2026-06-06T19:08:54.892974
01763,HK,01763,stock_code,stock_info_registry,1.0,2026-06-06T19:08:54.892984
01763,HK,中国同辐,company_name,stock_info_registry,0.95,2026-06-06T19:08:54.892986
01765,HK,01765,stock_code,stock_info_registry,1.0,2026-06-06T19:08:54.892997
01765,HK,希教国际控股,company_name,stock_info_registry,0.95,2026-06-06T19:08:54.892998
01766,HK,01766,stock_code,stock_info_registry,1.0,2026-06-06T19:08:54.893009
01766,HK,中国中车,company_name,stock_info_registry,0.95,2026-06-06T19:08:54.893011
01767,HK,01767,stock_code,stock_info_registry,1.0,2026-06-06T19:08:54.893021
01767,HK,TS WONDERS,company_name,stock_info_registry,0.95,2026-06-06T19:08:54.893023
01768,HK,01768,stock_code,stock_info_registry,1.0,2026-06-06T19:08:54.893034
01768,HK,鸣鸣很忙,company_name,stock_info_registry,0.95,2026-06-06T19:08:54.893036
01769,HK,01769,stock_code,stock_info_registry,1.0,2026-06-06T19:08:54.893046
01769,HK,思考乐教育,company_name,stock_info_registry,0.95,2026-06-06T19:08:54.893048
01771,HK,01771,stock_code,stock_info_registry,1.0,2026-06-06T19:08:54.893058
01771,HK,新丰泰集团,company_name,stock_info_registry,0.95,2026-06-06T19:08:54.893060
01772,HK,01772,stock_code,stock_info_registry,1.0,2026-06-06T19:08:54.893071
01772,HK,赣锋锂业,company_name,stock_info_registry,0.95,2026-06-06T19:08:54.893073
01773,HK,01773,stock_code,stock_info_registry,1.0,2026-06-06T19:08:54.893083
01773,HK,天立国际控股,company_name,stock_info_registry,0.95,2026-06-06T19:08:54.893085
01775,HK,01775,stock_code,stock_info_registry,1.0,2026-06-06T19:08:54.893096
01775,HK,精英汇集团,company_name,stock_info_registry,0.95,2026-06-06T19:08:54.893097
01776,HK,01776,stock_code,stock_info_registry,1.0,2026-06-06T19:08:54.893108
01776,HK,广发证券,company_name,stock_info_registry,0.95,2026-06-06T19:08:54.893110
01777,HK,01777,stock_code,stock_info_registry,1.0,2026-06-06T19:08:54.893120
01777,HK,花样年控股,company_name,stock_info_registry,0.95,2026-06-06T19:08:54.893122
01778,HK,01778,stock_code,stock_info_registry,1.0,2026-06-06T19:08:54.893133
01778,HK,彩生活,company_name,stock_info_registry,0.95,2026-06-06T19:08:54.893134
01779,HK,01779,stock_code,stock_info_registry,1.0,2026-06-06T19:08:54.893145
01779,HK,天辰生物-B,company_name,stock_info_registry,0.95,2026-06-06T19:08:54.893147
01780,HK,01780,stock_code,stock_info_registry,1.0,2026-06-06T19:08:54.893157
01780,HK,荣尊国际控股,company_name,stock_info_registry,0.95,2026-06-06T19:08:54.893159
01782,HK,01782,stock_code,stock_info_registry,1.0,2026-06-06T19:08:54.893170
01782,HK,国际商业数字技术,company_name,stock_info_registry,0.95,2026-06-06T19:08:54.893171
01783,HK,01783,stock_code,stock_info_registry,1.0,2026-06-06T19:08:54.893186
01783,HK,晋景新能,company_name,stock_info_registry,0.95,2026-06-06T19:08:54.893188
01785,HK,01785,stock_code,stock_info_registry,1.0,2026-06-06T19:08:54.893199
01785,HK,成都高速,company_name,stock_info_registry,0.95,2026-06-06T19:08:54.893201
01786,HK,01786,stock_code,stock_info_registry,1.0,2026-06-06T19:08:54.893211
01786,HK,铁建装备,company_name,stock_info_registry,0.95,2026-06-06T19:08:54.893213
01787,HK,01787,stock_code,stock_info_registry,1.0,2026-06-06T19:08:54.893224
01787,HK,山东黄金,company_name,stock_info_registry,0.95,2026-06-06T19:08:54.893226
01788,HK,01788,stock_code,stock_info_registry,1.0,2026-06-06T19:08:54.893237
01788,HK,国泰君安国际,company_name,stock_info_registry,0.95,2026-06-06T19:08:54.893239
01789,HK,01789,stock_code,stock_info_registry,1.0,2026-06-06T19:08:54.893250
01789,HK,爱康医疗,company_name,stock_info_registry,0.95,2026-06-06T19:08:54.893251
01790,HK,01790,stock_code,stock_info_registry,1.0,2026-06-06T19:08:54.893262
01790,HK,达力环保,company_name,stock_info_registry,0.95,2026-06-06T19:08:54.893264
01792,HK,01792,stock_code,stock_info_registry,1.0,2026-06-06T19:08:54.893274
01792,HK,CMON,company_name,stock_info_registry,0.95,2026-06-06T19:08:54.893276
01793,HK,01793,stock_code,stock_info_registry,1.0,2026-06-06T19:08:54.893287
01793,HK,伟工控股,company_name,stock_info_registry,0.95,2026-06-06T19:08:54.893288
01795,HK,01795,stock_code,stock_info_registry,1.0,2026-06-06T19:08:54.893299
01795,HK,亚东集团,company_name,stock_info_registry,0.95,2026-06-06T19:08:54.893301
01796,HK,01796,stock_code,stock_info_registry,1.0,2026-06-06T19:08:54.893313
01796,HK,中国数智科技,company_name,stock_info_registry,0.95,2026-06-06T19:08:54.893315
01797,HK,01797,stock_code,stock_info_registry,1.0,2026-06-06T19:08:54.893326
01797,HK,东方甄选,company_name,stock_info_registry,0.95,2026-06-06T19:08:54.893328
01798,HK,01798,stock_code,stock_info_registry,1.0,2026-06-06T19:08:54.893339
01798,HK,大唐新能源,company_name,stock_info_registry,0.95,2026-06-06T19:08:54.893341
01799,HK,01799,stock_code,stock_info_registry,1.0,2026-06-06T19:08:54.893351
01799,HK,新特能源,company_name,stock_info_registry,0.95,2026-06-06T19:08:54.893353
01800,HK,01800,stock_code,stock_info_registry,1.0,2026-06-06T19:08:54.893363
01800,HK,中国交通建设,company_name,stock_info_registry,0.95,2026-06-06T19:08:54.893365
01801,HK,01801,stock_code,stock_info_registry,1.0,2026-06-06T19:08:54.893376
01801,HK,信达生物,company_name,stock_info_registry,0.95,2026-06-06T19:08:54.893378
01802,HK,01802,stock_code,stock_info_registry,1.0,2026-06-06T19:08:54.893388
01802,HK,文业集团,company_name,stock_info_registry,0.95,2026-06-06T19:08:54.893390
01803,HK,01803,stock_code,stock_info_registry,1.0,2026-06-06T19:08:54.893401
01803,HK,北京体育文化,company_name,stock_info_registry,0.95,2026-06-06T19:08:54.893402
01808,HK,01808,stock_code,stock_info_registry,1.0,2026-06-06T19:08:54.893413
01808,HK,企展控股,company_name,stock_info_registry,0.95,2026-06-06T19:08:54.893415
01809,HK,01809,stock_code,stock_info_registry,1.0,2026-06-06T19:08:54.893426
01809,HK,浦林成山,company_name,stock_info_registry,0.95,2026-06-06T19:08:54.893428
01810,HK,01810,stock_code,stock_info_registry,1.0,2026-06-06T19:08:54.893439
01810,HK,小米集团-W,company_name,stock_info_registry,0.95,2026-06-06T19:08:54.893441
01811,HK,01811,stock_code,stock_info_registry,1.0,2026-06-06T19:08:54.893451
01811,HK,中广核新能源,company_name,stock_info_registry,0.95,2026-06-06T19:08:54.893453
01812,HK,01812,stock_code,stock_info_registry,1.0,2026-06-06T19:08:54.893464
01812,HK,晨鸣纸业,company_name,stock_info_registry,0.95,2026-06-06T19:08:54.893466
01813,HK,01813,stock_code,stock_info_registry,1.0,2026-06-06T19:08:54.893476
01813,HK,合景泰富集团,company_name,stock_info_registry,0.95,2026-06-06T19:08:54.893478
01815,HK,01815,stock_code,stock_info_registry,1.0,2026-06-06T19:08:54.893488
01815,HK,珠峰黄金,company_name,stock_info_registry,0.95,2026-06-06T19:08:54.893490
01816,HK,01816,stock_code,stock_info_registry,1.0,2026-06-06T19:08:54.893501
01816,HK,中广核电力,company_name,stock_info_registry,0.95,2026-06-06T19:08:54.893502
01817,HK,01817,stock_code,stock_info_registry,1.0,2026-06-06T19:08:54.893513
01817,HK,慕尚集团控股,company_name,stock_info_registry,0.95,2026-06-06T19:08:54.893515
01818,HK,01818,stock_code,stock_info_registry,1.0,2026-06-06T19:08:54.893525
01818,HK,招金矿业,company_name,stock_info_registry,0.95,2026-06-06T19:08:54.893527
01820,HK,01820,stock_code,stock_info_registry,1.0,2026-06-06T19:08:54.893537
01820,HK,济丰包装,company_name,stock_info_registry,0.95,2026-06-06T19:08:54.893539
01822,HK,01822,stock_code,stock_info_registry,1.0,2026-06-06T19:08:54.893550
01822,HK,中木国际,company_name,stock_info_registry,0.95,2026-06-06T19:08:54.893552
01823,HK,01823,stock_code,stock_info_registry,1.0,2026-06-06T19:08:54.893563
01823,HK,华昱高速,company_name,stock_info_registry,0.95,2026-06-06T19:08:54.893564
01825,HK,01825,stock_code,stock_info_registry,1.0,2026-06-06T19:08:54.893575
01825,HK,美臻集团,company_name,stock_info_registry,0.95,2026-06-06T19:08:54.893577
01826,HK,01826,stock_code,stock_info_registry,1.0,2026-06-06T19:08:54.893587
01826,HK,丰展控股,company_name,stock_info_registry,0.95,2026-06-06T19:08:54.893589
01827,HK,01827,stock_code,stock_info_registry,1.0,2026-06-06T19:08:54.893599
01827,HK,卓珈控股,company_name,stock_info_registry,0.95,2026-06-06T19:08:54.893601
01828,HK,01828,stock_code,stock_info_registry,1.0,2026-06-06T19:08:54.893612
01828,HK,富卫集团,company_name,stock_info_registry,0.95,2026-06-06T19:08:54.893614
01830,HK,01830,stock_code,stock_info_registry,1.0,2026-06-06T19:08:54.893624
01830,HK,完美医疗,company_name,stock_info_registry,0.95,2026-06-06T19:08:54.893626
01831,HK,01831,stock_code,stock_info_registry,1.0,2026-06-06T19:08:54.893636
01831,HK,十方控股,company_name,stock_info_registry,0.95,2026-06-06T19:08:54.893638
01832,HK,01832,stock_code,stock_info_registry,1.0,2026-06-06T19:08:54.893648
01832,HK,海天地悦旅,company_name,stock_info_registry,0.95,2026-06-06T19:08:54.893650
01833,HK,01833,stock_code,stock_info_registry,1.0,2026-06-06T19:08:54.893661
01833,HK,平安好医生,company_name,stock_info_registry,0.95,2026-06-06T19:08:54.893663
01835,HK,01835,stock_code,stock_info_registry,1.0,2026-06-06T19:08:54.893673
01835,HK,瑞威资管,company_name,stock_info_registry,0.95,2026-06-06T19:08:54.893675
01836,HK,01836,stock_code,stock_info_registry,1.0,2026-06-06T19:08:54.893685
01836,HK,九兴控股,company_name,stock_info_registry,0.95,2026-06-06T19:08:54.893687
01837,HK,01837,stock_code,stock_info_registry,1.0,2026-06-06T19:08:54.893697
01837,HK,五谷磨房,company_name,stock_info_registry,0.95,2026-06-06T19:08:54.893699
01841,HK,01841,stock_code,stock_info_registry,1.0,2026-06-06T19:08:54.893710
01841,HK,优越集团控股,company_name,stock_info_registry,0.95,2026-06-06T19:08:54.893711
01842,HK,01842,stock_code,stock_info_registry,1.0,2026-06-06T19:08:54.893726
01842,HK,植华集团,company_name,stock_info_registry,0.95,2026-06-06T19:08:54.893728
01843,HK,01843,stock_code,stock_info_registry,1.0,2026-06-06T19:08:54.893738
01843,HK,快餐帝国,company_name,stock_info_registry,0.95,2026-06-06T19:08:54.893740
01845,HK,01845,stock_code,stock_info_registry,1.0,2026-06-06T19:08:54.893754
01845,HK,维港环保科技,company_name,stock_info_registry,0.95,2026-06-06T19:08:54.893756
01846,HK,01846,stock_code,stock_info_registry,1.0,2026-06-06T19:08:54.893767
01846,HK,德视佳,company_name,stock_info_registry,0.95,2026-06-06T19:08:54.893769
01847,HK,01847,stock_code,stock_info_registry,1.0,2026-06-06T19:08:54.893779
01847,HK,云南建投混凝土,company_name,stock_info_registry,0.95,2026-06-06T19:08:54.893781
01848,HK,01848,stock_code,stock_info_registry,1.0,2026-06-06T19:08:54.893792
01848,HK,中国飞机租赁,company_name,stock_info_registry,0.95,2026-06-06T19:08:54.893793
01849,HK,01849,stock_code,stock_info_registry,1.0,2026-06-06T19:08:54.893804
01849,HK,秀商时代控股,company_name,stock_info_registry,0.95,2026-06-06T19:08:54.893806
01850,HK,01850,stock_code,stock_info_registry,1.0,2026-06-06T19:08:54.893817
01850,HK,鸿盛昌资源,company_name,stock_info_registry,0.95,2026-06-06T19:08:54.893818
01851,HK,01851,stock_code,stock_info_registry,1.0,2026-06-06T19:08:54.893829
01851,HK,银杏教育,company_name,stock_info_registry,0.95,2026-06-06T19:08:54.893831
01853,HK,01853,stock_code,stock_info_registry,1.0,2026-06-06T19:08:54.893841
01853,HK,春城热力,company_name,stock_info_registry,0.95,2026-06-06T19:08:54.893843
01854,HK,01854,stock_code,stock_info_registry,1.0,2026-06-06T19:08:54.893854
01854,HK,中国万天控股,company_name,stock_info_registry,0.95,2026-06-06T19:08:54.893855
01855,HK,01855,stock_code,stock_info_registry,1.0,2026-06-06T19:08:54.893866
01855,HK,中庆股份,company_name,stock_info_registry,0.95,2026-06-06T19:08:54.893868
01856,HK,01856,stock_code,stock_info_registry,1.0,2026-06-06T19:08:54.893878
01856,HK,依波路,company_name,stock_info_registry,0.95,2026-06-06T19:08:54.893880
01857,HK,01857,stock_code,stock_info_registry,1.0,2026-06-06T19:08:54.893892
01857,HK,中国光大水务,company_name,stock_info_registry,0.95,2026-06-06T19:08:54.893895
01858,HK,01858,stock_code,stock_info_registry,1.0,2026-06-06T19:08:54.893906
01858,HK,春立医疗,company_name,stock_info_registry,0.95,2026-06-06T19:08:54.893908
01860,HK,01860,stock_code,stock_info_registry,1.0,2026-06-06T19:08:54.893919
01860,HK,汇量科技,company_name,stock_info_registry,0.95,2026-06-06T19:08:54.893920
01861,HK,01861,stock_code,stock_info_registry,1.0,2026-06-06T19:08:54.893931
01861,HK,保宝龙科技,company_name,stock_info_registry,0.95,2026-06-06T19:08:54.893933
01862,HK,01862,stock_code,stock_info_registry,1.0,2026-06-06T19:08:54.893945
01862,HK,景瑞控股,company_name,stock_info_registry,0.95,2026-06-06T19:08:54.893948
01863,HK,01863,stock_code,stock_info_registry,1.0,2026-06-06T19:08:54.893961
01863,HK,中国龙天集团,company_name,stock_info_registry,0.95,2026-06-06T19:08:54.893963
01865,HK,01865,stock_code,stock_info_registry,1.0,2026-06-06T19:08:54.893974
01865,HK,鹏高控股集团,company_name,stock_info_registry,0.95,2026-06-06T19:08:54.893976
01866,HK,01866,stock_code,stock_info_registry,1.0,2026-06-06T19:08:54.893988
01866,HK,中国心连心化肥,company_name,stock_info_registry,0.95,2026-06-06T19:08:54.893989
01867,HK,01867,stock_code,stock_info_registry,1.0,2026-06-06T19:08:54.894000
01867,HK,标准发展集团,company_name,stock_info_registry,0.95,2026-06-06T19:08:54.894002
01868,HK,01868,stock_code,stock_info_registry,1.0,2026-06-06T19:08:54.894013
01868,HK,同方友友,company_name,stock_info_registry,0.95,2026-06-06T19:08:54.894015
01869,HK,01869,stock_code,stock_info_registry,1.0,2026-06-06T19:08:54.894029
01869,HK,猫屎咖啡控股,company_name,stock_info_registry,0.95,2026-06-06T19:08:54.894031
01870,HK,01870,stock_code,stock_info_registry,1.0,2026-06-06T19:08:54.894043
01870,HK,益美国际控股,company_name,stock_info_registry,0.95,2026-06-06T19:08:54.894045
01871,HK,01871,stock_code,stock_info_registry,1.0,2026-06-06T19:08:54.894057
01871,HK,向中国际,company_name,stock_info_registry,0.95,2026-06-06T19:08:54.894059
01872,HK,01872,stock_code,stock_info_registry,1.0,2026-06-06T19:08:54.894070
01872,HK,冠轈控股,company_name,stock_info_registry,0.95,2026-06-06T19:08:54.894072
01873,HK,01873,stock_code,stock_info_registry,1.0,2026-06-06T19:08:54.894083
01873,HK,维亚生物,company_name,stock_info_registry,0.95,2026-06-06T19:08:54.894085
01875,HK,01875,stock_code,stock_info_registry,1.0,2026-06-06T19:08:54.894096
01875,HK,东曜药业-B,company_name,stock_info_registry,0.95,2026-06-06T19:08:54.894098
01876,HK,01876,stock_code,stock_info_registry,1.0,2026-06-06T19:08:54.894108
01876,HK,百威亚太,company_name,stock_info_registry,0.95,2026-06-06T19:08:54.894110
01877,HK,01877,stock_code,stock_info_registry,1.0,2026-06-06T19:08:54.894121
01877,HK,君实生物,company_name,stock_info_registry,0.95,2026-06-06T19:08:54.894122
01878,HK,01878,stock_code,stock_info_registry,1.0,2026-06-06T19:08:54.894133
01878,HK,南戈壁,company_name,stock_info_registry,0.95,2026-06-06T19:08:54.894135
01879,HK,01879,stock_code,stock_info_registry,1.0,2026-06-06T19:08:54.894145
01879,HK,曦智科技-P,company_name,stock_info_registry,0.95,2026-06-06T19:08:54.894147
01880,HK,01880,stock_code,stock_info_registry,1.0,2026-06-06T19:08:54.894157
01880,HK,中国中免,company_name,stock_info_registry,0.95,2026-06-06T19:08:54.894159
01882,HK,01882,stock_code,stock_info_registry,1.0,2026-06-06T19:08:54.894170
01882,HK,海天国际,company_name,stock_info_registry,0.95,2026-06-06T19:08:54.894172
01883,HK,01883,stock_code,stock_info_registry,1.0,2026-06-06T19:08:54.894183
01883,HK,中信国际电讯,company_name,stock_info_registry,0.95,2026-06-06T19:08:54.894184
01884,HK,01884,stock_code,stock_info_registry,1.0,2026-06-06T19:08:54.894195
01884,HK,EPRINT集团,company_name,stock_info_registry,0.95,2026-06-06T19:08:54.894197
01888,HK,01888,stock_code,stock_info_registry,1.0,2026-06-06T19:08:54.894207
01888,HK,建滔积层板,company_name,stock_info_registry,0.95,2026-06-06T19:08:54.894209
01889,HK,01889,stock_code,stock_info_registry,1.0,2026-06-06T19:08:54.894219
01889,HK,三爱健康集团,company_name,stock_info_registry,0.95,2026-06-06T19:08:54.894221
01890,HK,01890,stock_code,stock_info_registry,1.0,2026-06-06T19:08:54.894234
01890,HK,中国科培,company_name,stock_info_registry,0.95,2026-06-06T19:08:54.894236
01891,HK,01891,stock_code,stock_info_registry,1.0,2026-06-06T19:08:54.894247
01891,HK,兴合控股,company_name,stock_info_registry,0.95,2026-06-06T19:08:54.894249
01894,HK,01894,stock_code,stock_info_registry,1.0,2026-06-06T19:08:54.894259
01894,HK,恒益控股,company_name,stock_info_registry,0.95,2026-06-06T19:08:54.894261
01895,HK,01895,stock_code,stock_info_registry,1.0,2026-06-06T19:08:54.894271
01895,HK,鑫苑服务,company_name,stock_info_registry,0.95,2026-06-06T19:08:54.894273
01896,HK,01896,stock_code,stock_info_registry,1.0,2026-06-06T19:08:54.894283
01896,HK,猫眼娱乐,company_name,stock_info_registry,0.95,2026-06-06T19:08:54.894285
01897,HK,01897,stock_code,stock_info_registry,1.0,2026-06-06T19:08:54.894300
01897,HK,美亨实业,company_name,stock_info_registry,0.95,2026-06-06T19:08:54.894302
01898,HK,01898,stock_code,stock_info_registry,1.0,2026-06-06T19:08:54.894312
01898,HK,中煤能源,company_name,stock_info_registry,0.95,2026-06-06T19:08:54.894314
01899,HK,01899,stock_code,stock_info_registry,1.0,2026-06-06T19:08:54.894324
01899,HK,兴达国际,company_name,stock_info_registry,0.95,2026-06-06T19:08:54.894326
01900,HK,01900,stock_code,stock_info_registry,1.0,2026-06-06T19:08:54.894336
01900,HK,中国智能交通,company_name,stock_info_registry,0.95,2026-06-06T19:08:54.894338
01901,HK,01901,stock_code,stock_info_registry,1.0,2026-06-06T19:08:54.894349
01901,HK,飞扬集团,company_name,stock_info_registry,0.95,2026-06-06T19:08:54.894351
01903,HK,01903,stock_code,stock_info_registry,1.0,2026-06-06T19:08:54.894361
01903,HK,JBB BUILDERS,company_name,stock_info_registry,0.95,2026-06-06T19:08:54.894363
01905,HK,01905,stock_code,stock_info_registry,1.0,2026-06-06T19:08:54.894373
01905,HK,海通恒信,company_name,stock_info_registry,0.95,2026-06-06T19:08:54.894375
01906,HK,01906,stock_code,stock_info_registry,1.0,2026-06-06T19:08:54.894386
01906,HK,博尼控股,company_name,stock_info_registry,0.95,2026-06-06T19:08:54.894388
01907,HK,01907,stock_code,stock_info_registry,1.0,2026-06-06T19:08:54.894398
01907,HK,中国旭阳集团,company_name,stock_info_registry,0.95,2026-06-06T19:08:54.894400
01908,HK,01908,stock_code,stock_info_registry,1.0,2026-06-06T19:08:54.894410
01908,HK,建发国际集团,company_name,stock_info_registry,0.95,2026-06-06T19:08:54.894412
01909,HK,01909,stock_code,stock_info_registry,1.0,2026-06-06T19:08:54.894422
01909,HK,火岩控股,company_name,stock_info_registry,0.95,2026-06-06T19:08:54.894424
01910,HK,01910,stock_code,stock_info_registry,1.0,2026-06-06T19:08:54.894435
01910,HK,新秀丽,company_name,stock_info_registry,0.95,2026-06-06T19:08:54.894436
01911,HK,01911,stock_code,stock_info_registry,1.0,2026-06-06T19:08:54.894447
01911,HK,华兴资本控股,company_name,stock_info_registry,0.95,2026-06-06T19:08:54.894449
01912,HK,01912,stock_code,stock_info_registry,1.0,2026-06-06T19:08:54.894459
01912,HK,康特隆,company_name,stock_info_registry,0.95,2026-06-06T19:08:54.894461
01913,HK,01913,stock_code,stock_info_registry,1.0,2026-06-06T19:08:54.894471
01913,HK,普拉达,company_name,stock_info_registry,0.95,2026-06-06T19:08:54.894473
01915,HK,01915,stock_code,stock_info_registry,1.0,2026-06-06T19:08:54.894484
01915,HK,泰和小贷,company_name,stock_info_registry,0.95,2026-06-06T19:08:54.894485
01916,HK,01916,stock_code,stock_info_registry,1.0,2026-06-06T19:08:54.894496
01916,HK,江西银行,company_name,stock_info_registry,0.95,2026-06-06T19:08:54.894498
01917,HK,01917,stock_code,stock_info_registry,1.0,2026-06-06T19:08:54.894508
01917,HK,豆盟科技,company_name,stock_info_registry,0.95,2026-06-06T19:08:54.894510
01918,HK,01918,stock_code,stock_info_registry,1.0,2026-06-06T19:08:54.894520
01918,HK,融创中国,company_name,stock_info_registry,0.95,2026-06-06T19:08:54.894522
01919,HK,01919,stock_code,stock_info_registry,1.0,2026-06-06T19:08:54.894533
01919,HK,中远海控,company_name,stock_info_registry,0.95,2026-06-06T19:08:54.894534
01920,HK,01920,stock_code,stock_info_registry,1.0,2026-06-06T19:08:54.894545
01920,HK,巨美集团,company_name,stock_info_registry,0.95,2026-06-06T19:08:54.894547
01921,HK,01921,stock_code,stock_info_registry,1.0,2026-06-06T19:08:54.894557
01921,HK,达力普控股,company_name,stock_info_registry,0.95,2026-06-06T19:08:54.894559
01925,HK,01925,stock_code,stock_info_registry,1.0,2026-06-06T19:08:54.894569
01925,HK,旷世芳香,company_name,stock_info_registry,0.95,2026-06-06T19:08:54.894571
01927,HK,01927,stock_code,stock_info_registry,1.0,2026-06-06T19:08:54.894582
01927,HK,久久王,company_name,stock_info_registry,0.95,2026-06-06T19:08:54.894583
01928,HK,01928,stock_code,stock_info_registry,1.0,2026-06-06T19:08:54.894594
01928,HK,金沙中国有限公司,company_name,stock_info_registry,0.95,2026-06-06T19:08:54.894596
01929,HK,01929,stock_code,stock_info_registry,1.0,2026-06-06T19:08:54.894606
01929,HK,周大福,company_name,stock_info_registry,0.95,2026-06-06T19:08:54.894608
01930,HK,01930,stock_code,stock_info_registry,1.0,2026-06-06T19:08:54.894618
01930,HK,勋龙,company_name,stock_info_registry,0.95,2026-06-06T19:08:54.894620
01931,HK,01931,stock_code,stock_info_registry,1.0,2026-06-06T19:08:54.894631
01931,HK,华检医疗,company_name,stock_info_registry,0.95,2026-06-06T19:08:54.894633
01932,HK,01932,stock_code,stock_info_registry,1.0,2026-06-06T19:08:54.894643
01932,HK,中漆集团,company_name,stock_info_registry,0.95,2026-06-06T19:08:54.894645
01933,HK,01933,stock_code,stock_info_registry,1.0,2026-06-06T19:08:54.894656
01933,HK,元力控股,company_name,stock_info_registry,0.95,2026-06-06T19:08:54.894657
01935,HK,01935,stock_code,stock_info_registry,1.0,2026-06-06T19:08:54.894668
01935,HK,嘉宏教育,company_name,stock_info_registry,0.95,2026-06-06T19:08:54.894671
01936,HK,01936,stock_code,stock_info_registry,1.0,2026-06-06T19:08:54.894681
01936,HK,利特米,company_name,stock_info_registry,0.95,2026-06-06T19:08:54.894683
01937,HK,01937,stock_code,stock_info_registry,1.0,2026-06-06T19:08:54.894694
01937,HK,佳辰控股,company_name,stock_info_registry,0.95,2026-06-06T19:08:54.894695
01938,HK,01938,stock_code,stock_info_registry,1.0,2026-06-06T19:08:54.894706
01938,HK,珠江钢管,company_name,stock_info_registry,0.95,2026-06-06T19:08:54.894708
01939,HK,01939,stock_code,stock_info_registry,1.0,2026-06-06T19:08:54.894719
01939,HK,上善黄金,company_name,stock_info_registry,0.95,2026-06-06T19:08:54.894721
01940,HK,01940,stock_code,stock_info_registry,1.0,2026-06-06T19:08:54.894732
01940,HK,CGII HLDGS,company_name,stock_info_registry,0.95,2026-06-06T19:08:54.894733
01941,HK,01941,stock_code,stock_info_registry,1.0,2026-06-06T19:08:54.894744
01941,HK,烨星集团,company_name,stock_info_registry,0.95,2026-06-06T19:08:54.894746
01942,HK,01942,stock_code,stock_info_registry,1.0,2026-06-06T19:08:54.894756
01942,HK,马可数字科技,company_name,stock_info_registry,0.95,2026-06-06T19:08:54.894758
01943,HK,01943,stock_code,stock_info_registry,1.0,2026-06-06T19:08:54.894768
01943,HK,金石控股集团,company_name,stock_info_registry,0.95,2026-06-06T19:08:54.894770
01945,HK,01945,stock_code,stock_info_registry,1.0,2026-06-06T19:08:54.894781
01945,HK,清科控股,company_name,stock_info_registry,0.95,2026-06-06T19:08:54.894782
01947,HK,01947,stock_code,stock_info_registry,1.0,2026-06-06T19:08:54.894794
01947,HK,美皓集团,company_name,stock_info_registry,0.95,2026-06-06T19:08:54.894796
01948,HK,01948,stock_code,stock_info_registry,1.0,2026-06-06T19:08:54.894806
01948,HK,优矩控股,company_name,stock_info_registry,0.95,2026-06-06T19:08:54.894808
01949,HK,01949,stock_code,stock_info_registry,1.0,2026-06-06T19:08:54.894819
01949,HK,佰达国际控股,company_name,stock_info_registry,0.95,2026-06-06T19:08:54.894820
01950,HK,01950,stock_code,stock_info_registry,1.0,2026-06-06T19:08:54.894831
01950,HK,帝王实业控股,company_name,stock_info_registry,0.95,2026-06-06T19:08:54.894833
01951,HK,01951,stock_code,stock_info_registry,1.0,2026-06-06T19:08:54.894843
01951,HK,锦欣生殖,company_name,stock_info_registry,0.95,2026-06-06T19:08:54.894845
01952,HK,01952,stock_code,stock_info_registry,1.0,2026-06-06T19:08:54.894856
01952,HK,云顶新耀,company_name,stock_info_registry,0.95,2026-06-06T19:08:54.894858
01953,HK,01953,stock_code,stock_info_registry,1.0,2026-06-06T19:08:54.894868
01953,HK,RIMBACO,company_name,stock_info_registry,0.95,2026-06-06T19:08:54.894870
01955,HK,01955,stock_code,stock_info_registry,1.0,2026-06-06T19:08:54.894880
01955,HK,庄臣控股,company_name,stock_info_registry,0.95,2026-06-06T19:08:54.894882
01957,HK,01957,stock_code,stock_info_registry,1.0,2026-06-06T19:08:54.894892
01957,HK,大人国际,company_name,stock_info_registry,0.95,2026-06-06T19:08:54.894894
01958,HK,01958,stock_code,stock_info_registry,1.0,2026-06-06T19:08:54.894905
01958,HK,北京汽车,company_name,stock_info_registry,0.95,2026-06-06T19:08:54.894906
01959,HK,01959,stock_code,stock_info_registry,1.0,2026-06-06T19:08:54.894917
01959,HK,中聚投资,company_name,stock_info_registry,0.95,2026-06-06T19:08:54.894919
01960,HK,01960,stock_code,stock_info_registry,1.0,2026-06-06T19:08:54.894929
01960,HK,TBKS HLDGS,company_name,stock_info_registry,0.95,2026-06-06T19:08:54.894931
01961,HK,01961,stock_code,stock_info_registry,1.0,2026-06-06T19:08:54.894941
01961,HK,多牛科技,company_name,stock_info_registry,0.95,2026-06-06T19:08:54.894943
01962,HK,01962,stock_code,stock_info_registry,1.0,2026-06-06T19:08:54.894954
01962,HK,训修实业,company_name,stock_info_registry,0.95,2026-06-06T19:08:54.894955
01963,HK,01963,stock_code,stock_info_registry,1.0,2026-06-06T19:08:54.894966
01963,HK,重庆银行,company_name,stock_info_registry,0.95,2026-06-06T19:08:54.894968
01965,HK,01965,stock_code,stock_info_registry,1.0,2026-06-06T19:08:54.894978
01965,HK,朗诗绿色生活,company_name,stock_info_registry,0.95,2026-06-06T19:08:54.894980
01966,HK,01966,stock_code,stock_info_registry,1.0,2026-06-06T19:08:54.894991
01966,HK,中骏集团控股,company_name,stock_info_registry,0.95,2026-06-06T19:08:54.894993
01967,HK,01967,stock_code,stock_info_registry,1.0,2026-06-06T19:08:54.895003
01967,HK,信恳智能,company_name,stock_info_registry,0.95,2026-06-06T19:08:54.895005
01968,HK,01968,stock_code,stock_info_registry,1.0,2026-06-06T19:08:54.895015
01968,HK,兴纺控股,company_name,stock_info_registry,0.95,2026-06-06T19:08:54.895017
01969,HK,01969,stock_code,stock_info_registry,1.0,2026-06-06T19:08:54.895027
01969,HK,中国春来,company_name,stock_info_registry,0.95,2026-06-06T19:08:54.895029
01970,HK,01970,stock_code,stock_info_registry,1.0,2026-06-06T19:08:54.895040
01970,HK,IMAX中国,company_name,stock_info_registry,0.95,2026-06-06T19:08:54.895041
01971,HK,01971,stock_code,stock_info_registry,1.0,2026-06-06T19:08:54.895052
01971,HK,弘阳服务,company_name,stock_info_registry,0.95,2026-06-06T19:08:54.895054
01972,HK,01972,stock_code,stock_info_registry,1.0,2026-06-06T19:08:54.895064
01972,HK,太古地产,company_name,stock_info_registry,0.95,2026-06-06T19:08:54.895066
01973,HK,01973,stock_code,stock_info_registry,1.0,2026-06-06T19:08:54.895077
01973,HK,天图投资,company_name,stock_info_registry,0.95,2026-06-06T19:08:54.895078
01975,HK,01975,stock_code,stock_info_registry,1.0,2026-06-06T19:08:54.895089
01975,HK,新兴印刷,company_name,stock_info_registry,0.95,2026-06-06T19:08:54.895091
01977,HK,01977,stock_code,stock_info_registry,1.0,2026-06-06T19:08:54.895101
01977,HK,安乐工程,company_name,stock_info_registry,0.95,2026-06-06T19:08:54.895103
01978,HK,01978,stock_code,stock_info_registry,1.0,2026-06-06T19:08:54.895113
01978,HK,叙福楼集团,company_name,stock_info_registry,0.95,2026-06-06T19:08:54.895115
01979,HK,01979,stock_code,stock_info_registry,1.0,2026-06-06T19:08:54.895126
01979,HK,天宝集团,company_name,stock_info_registry,0.95,2026-06-06T19:08:54.895127
01980,HK,01980,stock_code,stock_info_registry,1.0,2026-06-06T19:08:54.895139
01980,HK,天鸽互动,company_name,stock_info_registry,0.95,2026-06-06T19:08:54.895141
01981,HK,01981,stock_code,stock_info_registry,1.0,2026-06-06T19:08:54.895151
01981,HK,华夏控股,company_name,stock_info_registry,0.95,2026-06-06T19:08:54.895153
01982,HK,01982,stock_code,stock_info_registry,1.0,2026-06-06T19:08:54.895163
01982,HK,南旋控股,company_name,stock_info_registry,0.95,2026-06-06T19:08:54.895165
01983,HK,01983,stock_code,stock_info_registry,1.0,2026-06-06T19:08:54.895176
01983,HK,泸州银行,company_name,stock_info_registry,0.95,2026-06-06T19:08:54.895177
01985,HK,01985,stock_code,stock_info_registry,1.0,2026-06-06T19:08:54.895188
01985,HK,美高域,company_name,stock_info_registry,0.95,2026-06-06T19:08:54.895190
01986,HK,01986,stock_code,stock_info_registry,1.0,2026-06-06T19:08:54.895201
01986,HK,彩客新能源,company_name,stock_info_registry,0.95,2026-06-06T19:08:54.895203
01987,HK,01987,stock_code,stock_info_registry,1.0,2026-06-06T19:08:54.895214
01987,HK,BENG SOON MACH,company_name,stock_info_registry,0.95,2026-06-06T19:08:54.895215
01988,HK,01988,stock_code,stock_info_registry,1.0,2026-06-06T19:08:54.895226
01988,HK,民生银行,company_name,stock_info_registry,0.95,2026-06-06T19:08:54.895228
01989,HK,01989,stock_code,stock_info_registry,1.0,2026-06-06T19:08:54.895238
01989,HK,广合科技,company_name,stock_info_registry,0.95,2026-06-06T19:08:54.895240
01991,HK,01991,stock_code,stock_info_registry,1.0,2026-06-06T19:08:54.895250
01991,HK,大洋集团,company_name,stock_info_registry,0.95,2026-06-06T19:08:54.895252
01993,HK,01993,stock_code,stock_info_registry,1.0,2026-06-06T19:08:54.895263
01993,HK,雅仕维,company_name,stock_info_registry,0.95,2026-06-06T19:08:54.895265
01995,HK,01995,stock_code,stock_info_registry,1.0,2026-06-06T19:08:54.895275
01995,HK,永升服务,company_name,stock_info_registry,0.95,2026-06-06T19:08:54.895277
01996,HK,01996,stock_code,stock_info_registry,1.0,2026-06-06T19:08:54.895287
01996,HK,弘阳地产,company_name,stock_info_registry,0.95,2026-06-06T19:08:54.895289
01997,HK,01997,stock_code,stock_info_registry,1.0,2026-06-06T19:08:54.895300
01997,HK,九龙仓置业,company_name,stock_info_registry,0.95,2026-06-06T19:08:54.895302
01999,HK,01999,stock_code,stock_info_registry,1.0,2026-06-06T19:08:54.895314
01999,HK,敏华控股,company_name,stock_info_registry,0.95,2026-06-06T19:08:54.895316
02000,HK,02000,stock_code,stock_info_registry,1.0,2026-06-06T19:08:54.895328
02000,HK,晨讯科技,company_name,stock_info_registry,0.95,2026-06-06T19:08:54.895329
02001,HK,02001,stock_code,stock_info_registry,1.0,2026-06-06T19:08:54.895340
02001,HK,新高教集团,company_name,stock_info_registry,0.95,2026-06-06T19:08:54.895342
02002,HK,02002,stock_code,stock_info_registry,1.0,2026-06-06T19:08:54.895353
02002,HK,阳光纸业,company_name,stock_info_registry,0.95,2026-06-06T19:08:54.895354
02003,HK,02003,stock_code,stock_info_registry,1.0,2026-06-06T19:08:54.895368
02003,HK,维信金科,company_name,stock_info_registry,0.95,2026-06-06T19:08:54.895370
02005,HK,02005,stock_code,stock_info_registry,1.0,2026-06-06T19:08:54.895383
02005,HK,石四药集团,company_name,stock_info_registry,0.95,2026-06-06T19:08:54.895385
02007,HK,02007,stock_code,stock_info_registry,1.0,2026-06-06T19:08:54.895396
02007,HK,碧桂园,company_name,stock_info_registry,0.95,2026-06-06T19:08:54.895398
02008,HK,02008,stock_code,stock_info_registry,1.0,2026-06-06T19:08:54.895409
02008,HK,凤凰卫视,company_name,stock_info_registry,0.95,2026-06-06T19:08:54.895411
02009,HK,02009,stock_code,stock_info_registry,1.0,2026-06-06T19:08:54.895421
02009,HK,金隅集团,company_name,stock_info_registry,0.95,2026-06-06T19:08:54.895423
02011,HK,02011,stock_code,stock_info_registry,1.0,2026-06-06T19:08:54.895433
02011,HK,进腾集团,company_name,stock_info_registry,0.95,2026-06-06T19:08:54.895435
02012,HK,02012,stock_code,stock_info_registry,1.0,2026-06-06T19:08:54.895446
02012,HK,阳光油砂,company_name,stock_info_registry,0.95,2026-06-06T19:08:54.895447
02013,HK,02013,stock_code,stock_info_registry,1.0,2026-06-06T19:08:54.895458
02013,HK,微盟集团,company_name,stock_info_registry,0.95,2026-06-06T19:08:54.895460
02015,HK,02015,stock_code,stock_info_registry,1.0,2026-06-06T19:08:54.895470
02015,HK,理想汽车-W,company_name,stock_info_registry,0.95,2026-06-06T19:08:54.895472
02016,HK,02016,stock_code,stock_info_registry,1.0,2026-06-06T19:08:54.895483
02016,HK,浙商银行,company_name,stock_info_registry,0.95,2026-06-06T19:08:54.895484
02017,HK,02017,stock_code,stock_info_registry,1.0,2026-06-06T19:08:54.895495
02017,HK,沧海控股,company_name,stock_info_registry,0.95,2026-06-06T19:08:54.895497
02018,HK,02018,stock_code,stock_info_registry,1.0,2026-06-06T19:08:54.895509
02018,HK,瑞声科技,company_name,stock_info_registry,0.95,2026-06-06T19:08:54.895511
02019,HK,02019,stock_code,stock_info_registry,1.0,2026-06-06T19:08:54.895522
02020,HK,02020,stock_code,stock_info_registry,1.0,2026-06-06T19:08:54.895532
02020,HK,安踏体育,company_name,stock_info_registry,0.95,2026-06-06T19:08:54.895534
02022,HK,02022,stock_code,stock_info_registry,1.0,2026-06-06T19:08:54.895545
02022,HK,游莱互动,company_name,stock_info_registry,0.95,2026-06-06T19:08:54.895547
02023,HK,02023,stock_code,stock_info_registry,1.0,2026-06-06T19:08:54.895557
02023,HK,中国绿岛科技,company_name,stock_info_registry,0.95,2026-06-06T19:08:54.895559
02025,HK,02025,stock_code,stock_info_registry,1.0,2026-06-06T19:08:54.895570
02025,HK,瑞丰动力,company_name,stock_info_registry,0.95,2026-06-06T19:08:54.895572
02026,HK,02026,stock_code,stock_info_registry,1.0,2026-06-06T19:08:54.895582
02026,HK,小马智行-W,company_name,stock_info_registry,0.95,2026-06-06T19:08:54.895584
02028,HK,02028,stock_code,stock_info_registry,1.0,2026-06-06T19:08:54.895595
02028,HK,映美控股,company_name,stock_info_registry,0.95,2026-06-06T19:08:54.895596
02030,HK,02030,stock_code,stock_info_registry,1.0,2026-06-06T19:08:54.895607
02030,HK,卡宾,company_name,stock_info_registry,0.95,2026-06-06T19:08:54.895609
02031,HK,02031,stock_code,stock_info_registry,1.0,2026-06-06T19:08:54.895619
02031,HK,澳至尊,company_name,stock_info_registry,0.95,2026-06-06T19:08:54.895621
02033,HK,02033,stock_code,stock_info_registry,1.0,2026-06-06T19:08:54.895631
02033,HK,时计宝,company_name,stock_info_registry,0.95,2026-06-06T19:08:54.895633
02038,HK,02038,stock_code,stock_info_registry,1.0,2026-06-06T19:08:54.895643
02038,HK,富智康集团,company_name,stock_info_registry,0.95,2026-06-06T19:08:54.895645
02039,HK,02039,stock_code,stock_info_registry,1.0,2026-06-06T19:08:54.895656
02039,HK,中集集团,company_name,stock_info_registry,0.95,2026-06-06T19:08:54.895658
02048,HK,02048,stock_code,stock_info_registry,1.0,2026-06-06T19:08:54.895668
02048,HK,易居企业控股,company_name,stock_info_registry,0.95,2026-06-06T19:08:54.895670
02050,HK,02050,stock_code,stock_info_registry,1.0,2026-06-06T19:08:54.895680
02050,HK,三花智控,company_name,stock_info_registry,0.95,2026-06-06T19:08:54.895682
02051,HK,02051,stock_code,stock_info_registry,1.0,2026-06-06T19:08:54.895693
02051,HK,VALA,company_name,stock_info_registry,0.95,2026-06-06T19:08:54.895699
02057,HK,02057,stock_code,stock_info_registry,1.0,2026-06-06T19:08:54.895709
02057,HK,中通快递-W,company_name,stock_info_registry,0.95,2026-06-06T19:08:54.895711
02060,HK,02060,stock_code,stock_info_registry,1.0,2026-06-06T19:08:54.895722
02068,HK,02068,stock_code,stock_info_registry,1.0,2026-06-06T19:08:54.895732
02068,HK,中铝国际,company_name,stock_info_registry,0.95,2026-06-06T19:08:54.895734
02076,HK,02076,stock_code,stock_info_registry,1.0,2026-06-06T19:08:54.895745
02076,HK,BOSS直聘-W,company_name,stock_info_registry,0.95,2026-06-06T19:08:54.895747
02078,HK,02078,stock_code,stock_info_registry,1.0,2026-06-06T19:08:54.895757
02078,HK,荣阳实业,company_name,stock_info_registry,0.95,2026-06-06T19:08:54.895759
02080,HK,02080,stock_code,stock_info_registry,1.0,2026-06-06T19:08:54.895772
02080,HK,奥克斯国际,company_name,stock_info_registry,0.95,2026-06-06T19:08:54.895775
02086,HK,02086,stock_code,stock_info_registry,1.0,2026-06-06T19:08:54.895789
02086,HK,高维科技,company_name,stock_info_registry,0.95,2026-06-06T19:08:54.895791
02088,HK,02088,stock_code,stock_info_registry,1.0,2026-06-06T19:08:54.895802
02088,HK,西王置业,company_name,stock_info_registry,0.95,2026-06-06T19:08:54.895804
02096,HK,02096,stock_code,stock_info_registry,1.0,2026-06-06T19:08:54.895815
02096,HK,先声药业,company_name,stock_info_registry,0.95,2026-06-06T19:08:54.895817
02097,HK,02097,stock_code,stock_info_registry,1.0,2026-06-06T19:08:54.895828
02097,HK,蜜雪集团,company_name,stock_info_registry,0.95,2026-06-06T19:08:54.895830
02098,HK,02098,stock_code,stock_info_registry,1.0,2026-06-06T19:08:54.895841
02098,HK,卓尔智联,company_name,stock_info_registry,0.95,2026-06-06T19:08:54.895843
02099,HK,02099,stock_code,stock_info_registry,1.0,2026-06-06T19:08:54.895854
02099,HK,中国黄金国际,company_name,stock_info_registry,0.95,2026-06-06T19:08:54.895856
02100,HK,02100,stock_code,stock_info_registry,1.0,2026-06-06T19:08:54.895867
02100,HK,百奥家庭互动,company_name,stock_info_registry,0.95,2026-06-06T19:08:54.895869
02101,HK,02101,stock_code,stock_info_registry,1.0,2026-06-06T19:08:54.895880
02101,HK,福禄控股,company_name,stock_info_registry,0.95,2026-06-06T19:08:54.895881
02102,HK,02102,stock_code,stock_info_registry,1.0,2026-06-06T19:08:54.895892
02102,HK,德利机械,company_name,stock_info_registry,0.95,2026-06-06T19:08:54.895894
02105,HK,02105,stock_code,stock_info_registry,1.0,2026-06-06T19:08:54.895905
02105,HK,来凯医药-B,company_name,stock_info_registry,0.95,2026-06-06T19:08:54.895906
02107,HK,02107,stock_code,stock_info_registry,1.0,2026-06-06T19:08:54.895917
02107,HK,第一服务控股,company_name,stock_info_registry,0.95,2026-06-06T19:08:54.895919
02108,HK,02108,stock_code,stock_info_registry,1.0,2026-06-06T19:08:54.895929
02108,HK,K2 F&B,company_name,stock_info_registry,0.95,2026-06-06T19:08:54.895931
02110,HK,02110,stock_code,stock_info_registry,1.0,2026-06-06T19:08:54.895942
02110,HK,天成控股,company_name,stock_info_registry,0.95,2026-06-06T19:08:54.895943
02111,HK,02111,stock_code,stock_info_registry,1.0,2026-06-06T19:08:54.895954
02111,HK,超盈国际控股,company_name,stock_info_registry,0.95,2026-06-06T19:08:54.895956
02112,HK,02112,stock_code,stock_info_registry,1.0,2026-06-06T19:08:54.895966
02112,HK,恩典生命科技,company_name,stock_info_registry,0.95,2026-06-06T19:08:54.895968
02113,HK,02113,stock_code,stock_info_registry,1.0,2026-06-06T19:08:54.895979
02113,HK,世纪集团国际,company_name,stock_info_registry,0.95,2026-06-06T19:08:54.895981
02116,HK,02116,stock_code,stock_info_registry,1.0,2026-06-06T19:08:54.895991
02116,HK,江苏创新,company_name,stock_info_registry,0.95,2026-06-06T19:08:54.895993
02119,HK,02119,stock_code,stock_info_registry,1.0,2026-06-06T19:08:54.896005
02119,HK,捷荣国际控股,company_name,stock_info_registry,0.95,2026-06-06T19:08:54.896007
02120,HK,02120,stock_code,stock_info_registry,1.0,2026-06-06T19:08:54.896018
02120,HK,康宁医院,company_name,stock_info_registry,0.95,2026-06-06T19:08:54.896020
02121,HK,02121,stock_code,stock_info_registry,1.0,2026-06-06T19:08:54.896031
02121,HK,创新奇智,company_name,stock_info_registry,0.95,2026-06-06T19:08:54.896033
02122,HK,02122,stock_code,stock_info_registry,1.0,2026-06-06T19:08:54.896043
02122,HK,凯知乐国际,company_name,stock_info_registry,0.95,2026-06-06T19:08:54.896045
02125,HK,02125,stock_code,stock_info_registry,1.0,2026-06-06T19:08:54.896056
02125,HK,稻草熊娱乐,company_name,stock_info_registry,0.95,2026-06-06T19:08:54.896058
02126,HK,02126,stock_code,stock_info_registry,1.0,2026-06-06T19:08:54.896068
02126,HK,药明巨诺-B,company_name,stock_info_registry,0.95,2026-06-06T19:08:54.896070
02127,HK,02127,stock_code,stock_info_registry,1.0,2026-06-06T19:08:54.896080
02127,HK,汇森股份,company_name,stock_info_registry,0.95,2026-06-06T19:08:54.896082
02128,HK,02128,stock_code,stock_info_registry,1.0,2026-06-06T19:08:54.896093
02128,HK,中国联塑,company_name,stock_info_registry,0.95,2026-06-06T19:08:54.896096
02129,HK,02129,stock_code,stock_info_registry,1.0,2026-06-06T19:08:54.896108
02129,HK,LEGION CONSO,company_name,stock_info_registry,0.95,2026-06-06T19:08:54.896110
02130,HK,02130,stock_code,stock_info_registry,1.0,2026-06-06T19:08:54.896121
02130,HK,嘉泓物流,company_name,stock_info_registry,0.95,2026-06-06T19:08:54.896122
02131,HK,02131,stock_code,stock_info_registry,1.0,2026-06-06T19:08:54.896133
02131,HK,云想科技,company_name,stock_info_registry,0.95,2026-06-06T19:08:54.896135
02132,HK,02132,stock_code,stock_info_registry,1.0,2026-06-06T19:08:54.896146
02132,HK,誉燊丰控股,company_name,stock_info_registry,0.95,2026-06-06T19:08:54.896148
02135,HK,02135,stock_code,stock_info_registry,1.0,2026-06-06T19:08:54.896158
02135,HK,瑞丽医美,company_name,stock_info_registry,0.95,2026-06-06T19:08:54.896160
02136,HK,02136,stock_code,stock_info_registry,1.0,2026-06-06T19:08:54.896170
02136,HK,利福中国,company_name,stock_info_registry,0.95,2026-06-06T19:08:54.896172
02137,HK,02137,stock_code,stock_info_registry,1.0,2026-06-06T19:08:54.896183
02137,HK,腾盛博药-B,company_name,stock_info_registry,0.95,2026-06-06T19:08:54.896185
02138,HK,02138,stock_code,stock_info_registry,1.0,2026-06-06T19:08:54.896195
02138,HK,医思健康,company_name,stock_info_registry,0.95,2026-06-06T19:08:54.896197
02139,HK,02139,stock_code,stock_info_registry,1.0,2026-06-06T19:08:54.896209
02139,HK,甘肃银行,company_name,stock_info_registry,0.95,2026-06-06T19:08:54.896211
02142,HK,02142,stock_code,stock_info_registry,1.0,2026-06-06T19:08:54.896221
02142,HK,和铂医药-B,company_name,stock_info_registry,0.95,2026-06-06T19:08:54.896223
02145,HK,02145,stock_code,stock_info_registry,1.0,2026-06-06T19:08:54.896233
02145,HK,上美股份,company_name,stock_info_registry,0.95,2026-06-06T19:08:54.896235
02146,HK,02146,stock_code,stock_info_registry,1.0,2026-06-06T19:08:54.896246
02146,HK,荣万家,company_name,stock_info_registry,0.95,2026-06-06T19:08:54.896248
02147,HK,02147,stock_code,stock_info_registry,1.0,2026-06-06T19:08:54.896258
02147,HK,正味集团,company_name,stock_info_registry,0.95,2026-06-06T19:08:54.896260
02149,HK,02149,stock_code,stock_info_registry,1.0,2026-06-06T19:08:54.896270
02149,HK,贝克微,company_name,stock_info_registry,0.95,2026-06-06T19:08:54.896272
02150,HK,02150,stock_code,stock_info_registry,1.0,2026-06-06T19:08:54.896283
02150,HK,奈雪的茶,company_name,stock_info_registry,0.95,2026-06-06T19:08:54.896284
02152,HK,02152,stock_code,stock_info_registry,1.0,2026-06-06T19:08:54.896295
02152,HK,苏新服务,company_name,stock_info_registry,0.95,2026-06-06T19:08:54.896297
02153,HK,02153,stock_code,stock_info_registry,1.0,2026-06-06T19:08:54.896307
02153,HK,达丰设备,company_name,stock_info_registry,0.95,2026-06-06T19:08:54.896309
02155,HK,02155,stock_code,stock_info_registry,1.0,2026-06-06T19:08:54.896319
02155,HK,森松国际,company_name,stock_info_registry,0.95,2026-06-06T19:08:54.896321
02156,HK,02156,stock_code,stock_info_registry,1.0,2026-06-06T19:08:54.896332
02156,HK,建发物业,company_name,stock_info_registry,0.95,2026-06-06T19:08:54.896333
02157,HK,02157,stock_code,stock_info_registry,1.0,2026-06-06T19:08:54.896344
02157,HK,乐普生物,company_name,stock_info_registry,0.95,2026-06-06T19:08:54.896346
02158,HK,02158,stock_code,stock_info_registry,1.0,2026-06-06T19:08:54.896356
02158,HK,医渡科技,company_name,stock_info_registry,0.95,2026-06-06T19:08:54.896358
02159,HK,02159,stock_code,stock_info_registry,1.0,2026-06-06T19:08:54.896368
02159,HK,麦迪卫康,company_name,stock_info_registry,0.95,2026-06-06T19:08:54.896370
02160,HK,02160,stock_code,stock_info_registry,1.0,2026-06-06T19:08:54.896381
02160,HK,微创心通-B,company_name,stock_info_registry,0.95,2026-06-06T19:08:54.896382
02161,HK,02161,stock_code,stock_info_registry,1.0,2026-06-06T19:08:54.896393
02161,HK,健倍苗苗,company_name,stock_info_registry,0.95,2026-06-06T19:08:54.896395
02162,HK,02162,stock_code,stock_info_registry,1.0,2026-06-06T19:08:54.896405
02162,HK,康诺亚-B,company_name,stock_info_registry,0.95,2026-06-06T19:08:54.896407
02163,HK,02163,stock_code,stock_info_registry,1.0,2026-06-06T19:08:54.896421
02163,HK,远大住工,company_name,stock_info_registry,0.95,2026-06-06T19:08:54.896423
02165,HK,02165,stock_code,stock_info_registry,1.0,2026-06-06T19:08:54.896434
02165,HK,领悦服务集团,company_name,stock_info_registry,0.95,2026-06-06T19:08:54.896435
02166,HK,02166,stock_code,stock_info_registry,1.0,2026-06-06T19:08:54.896446
02166,HK,芯智控股,company_name,stock_info_registry,0.95,2026-06-06T19:08:54.896448
02167,HK,02167,stock_code,stock_info_registry,1.0,2026-06-06T19:08:54.896459
02167,HK,天润云,company_name,stock_info_registry,0.95,2026-06-06T19:08:54.896460
02168,HK,02168,stock_code,stock_info_registry,1.0,2026-06-06T19:08:54.896471
02168,HK,佳兆业美好,company_name,stock_info_registry,0.95,2026-06-06T19:08:54.896473
02169,HK,02169,stock_code,stock_info_registry,1.0,2026-06-06T19:08:54.896484
02169,HK,沧港铁路,company_name,stock_info_registry,0.95,2026-06-06T19:08:54.896485
02170,HK,02170,stock_code,stock_info_registry,1.0,2026-06-06T19:08:54.896496
02170,HK,贝康医疗-B,company_name,stock_info_registry,0.95,2026-06-06T19:08:54.896498
02171,HK,02171,stock_code,stock_info_registry,1.0,2026-06-06T19:08:54.896508
02171,HK,科济药业-B,company_name,stock_info_registry,0.95,2026-06-06T19:08:54.896510
02172,HK,02172,stock_code,stock_info_registry,1.0,2026-06-06T19:08:54.896526
02172,HK,微创脑科学,company_name,stock_info_registry,0.95,2026-06-06T19:08:54.896528
02175,HK,02175,stock_code,stock_info_registry,1.0,2026-06-06T19:08:54.896539
02175,HK,中国通才教育,company_name,stock_info_registry,0.95,2026-06-06T19:08:54.896541
02176,HK,02176,stock_code,stock_info_registry,1.0,2026-06-06T19:08:54.896551
02176,HK,赛迪顾问,company_name,stock_info_registry,0.95,2026-06-06T19:08:54.896553
02177,HK,02177,stock_code,stock_info_registry,1.0,2026-06-06T19:08:54.896564
02177,HK,优趣汇控股,company_name,stock_info_registry,0.95,2026-06-06T19:08:54.896566
02178,HK,02178,stock_code,stock_info_registry,1.0,2026-06-06T19:08:54.896576
02178,HK,百勤油服,company_name,stock_info_registry,0.95,2026-06-06T19:08:54.896578
02179,HK,02179,stock_code,stock_info_registry,1.0,2026-06-06T19:08:54.896588
02179,HK,瑞科生物-B,company_name,stock_info_registry,0.95,2026-06-06T19:08:54.896590
02180,HK,02180,stock_code,stock_info_registry,1.0,2026-06-06T19:08:54.896601
02180,HK,万宝盛华,company_name,stock_info_registry,0.95,2026-06-06T19:08:54.896603
02181,HK,02181,stock_code,stock_info_registry,1.0,2026-06-06T19:08:54.896613
02181,HK,迈博药业-B,company_name,stock_info_registry,0.95,2026-06-06T19:08:54.896615
02182,HK,02182,stock_code,stock_info_registry,1.0,2026-06-06T19:08:54.896626
02182,HK,天长集团,company_name,stock_info_registry,0.95,2026-06-06T19:08:54.896627
02185,HK,02185,stock_code,stock_info_registry,1.0,2026-06-06T19:08:54.896638
02185,HK,百心安-B,company_name,stock_info_registry,0.95,2026-06-06T19:08:54.896640
02186,HK,02186,stock_code,stock_info_registry,1.0,2026-06-06T19:08:54.896650
02186,HK,绿叶制药,company_name,stock_info_registry,0.95,2026-06-06T19:08:54.896652
02187,HK,02187,stock_code,stock_info_registry,1.0,2026-06-06T19:08:54.896662
02187,HK,智欣集团控股,company_name,stock_info_registry,0.95,2026-06-06T19:08:54.896664
02188,HK,02188,stock_code,stock_info_registry,1.0,2026-06-06T19:08:54.896675
02188,HK,泰坦能源技术,company_name,stock_info_registry,0.95,2026-06-06T19:08:54.896676
02189,HK,02189,stock_code,stock_info_registry,1.0,2026-06-06T19:08:54.896687
02189,HK,嘉涛(香港)控股,company_name,stock_info_registry,0.95,2026-06-06T19:08:54.896689
02190,HK,02190,stock_code,stock_info_registry,1.0,2026-06-06T19:08:54.896700
02190,HK,归创通桥,company_name,stock_info_registry,0.95,2026-06-06T19:08:54.896702
02192,HK,02192,stock_code,stock_info_registry,1.0,2026-06-06T19:08:54.896712
02192,HK,医脉通,company_name,stock_info_registry,0.95,2026-06-06T19:08:54.896714
02193,HK,02193,stock_code,stock_info_registry,1.0,2026-06-06T19:08:54.896725
02193,HK,万景控股,company_name,stock_info_registry,0.95,2026-06-06T19:08:54.896727
02195,HK,02195,stock_code,stock_info_registry,1.0,2026-06-06T19:08:54.896737
02195,HK,盈汇企业控股,company_name,stock_info_registry,0.95,2026-06-06T19:08:54.896739
02196,HK,02196,stock_code,stock_info_registry,1.0,2026-06-06T19:08:54.896749
02196,HK,复星医药,company_name,stock_info_registry,0.95,2026-06-06T19:08:54.896751
02197,HK,02197,stock_code,stock_info_registry,1.0,2026-06-06T19:08:54.896767
02197,HK,三叶草生物-B,company_name,stock_info_registry,0.95,2026-06-06T19:08:54.896769
02198,HK,02198,stock_code,stock_info_registry,1.0,2026-06-06T19:08:54.896779
02198,HK,中国三江化工,company_name,stock_info_registry,0.95,2026-06-06T19:08:54.896781
02199,HK,02199,stock_code,stock_info_registry,1.0,2026-06-06T19:08:54.896792
02199,HK,维珍妮,company_name,stock_info_registry,0.95,2026-06-06T19:08:54.896794
02202,HK,02202,stock_code,stock_info_registry,1.0,2026-06-06T19:08:54.896804
02202,HK,万科企业,company_name,stock_info_registry,0.95,2026-06-06T19:08:54.896806
02203,HK,02203,stock_code,stock_info_registry,1.0,2026-06-06T19:08:54.896817
02203,HK,脑洞科技,company_name,stock_info_registry,0.95,2026-06-06T19:08:54.896819
02205,HK,02205,stock_code,stock_info_registry,1.0,2026-06-06T19:08:54.896830
02205,HK,康桥悦生活,company_name,stock_info_registry,0.95,2026-06-06T19:08:54.896832
02208,HK,02208,stock_code,stock_info_registry,1.0,2026-06-06T19:08:54.896842
02208,HK,金风科技,company_name,stock_info_registry,0.95,2026-06-06T19:08:54.896844
02209,HK,02209,stock_code,stock_info_registry,1.0,2026-06-06T19:08:54.896855
02209,HK,喆丽控股,company_name,stock_info_registry,0.95,2026-06-06T19:08:54.896857
02210,HK,02210,stock_code,stock_info_registry,1.0,2026-06-06T19:08:54.896869
02210,HK,京城佳业,company_name,stock_info_registry,0.95,2026-06-06T19:08:54.896871
02211,HK,02211,stock_code,stock_info_registry,1.0,2026-06-06T19:08:54.896882
02211,HK,大健康国际,company_name,stock_info_registry,0.95,2026-06-06T19:08:54.896884
02212,HK,02212,stock_code,stock_info_registry,1.0,2026-06-06T19:08:54.896894
02212,HK,高鹏矿业,company_name,stock_info_registry,0.95,2026-06-06T19:08:54.896896
02215,HK,02215,stock_code,stock_info_registry,1.0,2026-06-06T19:08:54.896911
02215,HK,德信服务集团,company_name,stock_info_registry,0.95,2026-06-06T19:08:54.896913
02216,HK,02216,stock_code,stock_info_registry,1.0,2026-06-06T19:08:54.896927
02216,HK,堃博医疗-B,company_name,stock_info_registry,0.95,2026-06-06T19:08:54.896930
02218,HK,02218,stock_code,stock_info_registry,1.0,2026-06-06T19:08:54.896941
02218,HK,安德利果汁,company_name,stock_info_registry,0.95,2026-06-06T19:08:54.896943
02219,HK,02219,stock_code,stock_info_registry,1.0,2026-06-06T19:08:54.896955
02219,HK,朝聚眼科,company_name,stock_info_registry,0.95,2026-06-06T19:08:54.896957
02221,HK,02221,stock_code,stock_info_registry,1.0,2026-06-06T19:08:54.896972
02221,HK,创业集团控股,company_name,stock_info_registry,0.95,2026-06-06T19:08:54.896974
02222,HK,02222,stock_code,stock_info_registry,1.0,2026-06-06T19:08:54.896988
02222,HK,雷士国际,company_name,stock_info_registry,0.95,2026-06-06T19:08:54.896990
02223,HK,02223,stock_code,stock_info_registry,1.0,2026-06-06T19:08:54.897002
02223,HK,卡撒天娇,company_name,stock_info_registry,0.95,2026-06-06T19:08:54.897005
02225,HK,02225,stock_code,stock_info_registry,1.0,2026-06-06T19:08:54.897016
02225,HK,今海医疗科技,company_name,stock_info_registry,0.95,2026-06-06T19:08:54.897018
02226,HK,02226,stock_code,stock_info_registry,1.0,2026-06-06T19:08:54.897028
02226,HK,老恒和酿造,company_name,stock_info_registry,0.95,2026-06-06T19:08:54.897030
02227,HK,02227,stock_code,stock_info_registry,1.0,2026-06-06T19:08:54.897041
02227,HK,守益控股,company_name,stock_info_registry,0.95,2026-06-06T19:08:54.897042
02228,HK,02228,stock_code,stock_info_registry,1.0,2026-06-06T19:08:54.897053
02228,HK,晶泰控股,company_name,stock_info_registry,0.95,2026-06-06T19:08:54.897055
02230,HK,02230,stock_code,stock_info_registry,1.0,2026-06-06T19:08:54.897066
02230,HK,羚邦集团,company_name,stock_info_registry,0.95,2026-06-06T19:08:54.897067
02231,HK,02231,stock_code,stock_info_registry,1.0,2026-06-06T19:08:54.897078
02231,HK,景业名邦集团,company_name,stock_info_registry,0.95,2026-06-06T19:08:54.897080
02232,HK,02232,stock_code,stock_info_registry,1.0,2026-06-06T19:08:54.897090
02232,HK,晶苑国际,company_name,stock_info_registry,0.95,2026-06-06T19:08:54.897092
02233,HK,02233,stock_code,stock_info_registry,1.0,2026-06-06T19:08:54.897102
02233,HK,西部水泥,company_name,stock_info_registry,0.95,2026-06-06T19:08:54.897104
02235,HK,02235,stock_code,stock_info_registry,1.0,2026-06-06T19:08:54.897114
02235,HK,微泰医疗-B,company_name,stock_info_registry,0.95,2026-06-06T19:08:54.897116
02236,HK,02236,stock_code,stock_info_registry,1.0,2026-06-06T19:08:54.897127
02236,HK,惠生工程,company_name,stock_info_registry,0.95,2026-06-06T19:08:54.897128
02237,HK,02237,stock_code,stock_info_registry,1.0,2026-06-06T19:08:54.897139
02237,HK,中国石墨,company_name,stock_info_registry,0.95,2026-06-06T19:08:54.897141
02238,HK,02238,stock_code,stock_info_registry,1.0,2026-06-06T19:08:54.897151
02238,HK,广汽集团,company_name,stock_info_registry,0.95,2026-06-06T19:08:54.897153
02239,HK,02239,stock_code,stock_info_registry,1.0,2026-06-06T19:08:54.897163
02239,HK,国微控股,company_name,stock_info_registry,0.95,2026-06-06T19:08:54.897165
02245,HK,02245,stock_code,stock_info_registry,1.0,2026-06-06T19:08:54.897176
02245,HK,力勤资源,company_name,stock_info_registry,0.95,2026-06-06T19:08:54.897178
02246,HK,02246,stock_code,stock_info_registry,1.0,2026-06-06T19:08:54.897188
02246,HK,快狗打车,company_name,stock_info_registry,0.95,2026-06-06T19:08:54.897190
02250,HK,02250,stock_code,stock_info_registry,1.0,2026-06-06T19:08:54.897200
02250,HK,小黄鸭德盈,company_name,stock_info_registry,0.95,2026-06-06T19:08:54.897202
02251,HK,02251,stock_code,stock_info_registry,1.0,2026-06-06T19:08:54.897215
02251,HK,鹰瞳科技-B,company_name,stock_info_registry,0.95,2026-06-06T19:08:54.897217
02252,HK,02252,stock_code,stock_info_registry,1.0,2026-06-06T19:08:54.897228
02252,HK,微创机器人-B,company_name,stock_info_registry,0.95,2026-06-06T19:08:54.897229
02255,HK,02255,stock_code,stock_info_registry,1.0,2026-06-06T19:08:54.897240
02255,HK,海昌海洋公园,company_name,stock_info_registry,0.95,2026-06-06T19:08:54.897242
02256,HK,02256,stock_code,stock_info_registry,1.0,2026-06-06T19:08:54.897253
02256,HK,和誉-B,company_name,stock_info_registry,0.95,2026-06-06T19:08:54.897255
02257,HK,02257,stock_code,stock_info_registry,1.0,2026-06-06T19:08:54.897265
02257,HK,圣诺医药-B,company_name,stock_info_registry,0.95,2026-06-06T19:08:54.897267
02258,HK,02258,stock_code,stock_info_registry,1.0,2026-06-06T19:08:54.897278
02258,HK,华滋国际海洋,company_name,stock_info_registry,0.95,2026-06-06T19:08:54.897280
02259,HK,02259,stock_code,stock_info_registry,1.0,2026-06-06T19:08:54.897290
02259,HK,紫金黄金国际,company_name,stock_info_registry,0.95,2026-06-06T19:08:54.897292
02260,HK,02260,stock_code,stock_info_registry,1.0,2026-06-06T19:08:54.897303
02260,HK,环龙控股,company_name,stock_info_registry,0.95,2026-06-06T19:08:54.897305
02262,HK,02262,stock_code,stock_info_registry,1.0,2026-06-06T19:08:54.897315
02262,HK,梁志天设计集团,company_name,stock_info_registry,0.95,2026-06-06T19:08:54.897317
02263,HK,02263,stock_code,stock_info_registry,1.0,2026-06-06T19:08:54.897328
02263,HK,富石金融,company_name,stock_info_registry,0.95,2026-06-06T19:08:54.897329
02265,HK,02265,stock_code,stock_info_registry,1.0,2026-06-06T19:08:54.897340
02265,HK,鸿承环保科技,company_name,stock_info_registry,0.95,2026-06-06T19:08:54.897342
02266,HK,02266,stock_code,stock_info_registry,1.0,2026-06-06T19:08:54.897352
02266,HK,黎氏企业,company_name,stock_info_registry,0.95,2026-06-06T19:08:54.897354
02268,HK,02268,stock_code,stock_info_registry,1.0,2026-06-06T19:08:54.897365
02268,HK,药明合联,company_name,stock_info_registry,0.95,2026-06-06T19:08:54.897366
02269,HK,02269,stock_code,stock_info_registry,1.0,2026-06-06T19:08:54.897377
02269,HK,药明生物,company_name,stock_info_registry,0.95,2026-06-06T19:08:54.897379
02270,HK,02270,stock_code,stock_info_registry,1.0,2026-06-06T19:08:54.897389
02270,HK,德商产投服务,company_name,stock_info_registry,0.95,2026-06-06T19:08:54.897391
02271,HK,02271,stock_code,stock_info_registry,1.0,2026-06-06T19:08:54.897402
02271,HK,众安智慧生活,company_name,stock_info_registry,0.95,2026-06-06T19:08:54.897404
02273,HK,02273,stock_code,stock_info_registry,1.0,2026-06-06T19:08:54.897414
02273,HK,固生堂,company_name,stock_info_registry,0.95,2026-06-06T19:08:54.897416
02276,HK,02276,stock_code,stock_info_registry,1.0,2026-06-06T19:08:54.897426
02276,HK,康耐特光学,company_name,stock_info_registry,0.95,2026-06-06T19:08:54.897428
02279,HK,02279,stock_code,stock_info_registry,1.0,2026-06-06T19:08:54.897439
02279,HK,雍禾医疗,company_name,stock_info_registry,0.95,2026-06-06T19:08:54.897441
02280,HK,02280,stock_code,stock_info_registry,1.0,2026-06-06T19:08:54.897451
02280,HK,慧聪集团,company_name,stock_info_registry,0.95,2026-06-06T19:08:54.897453
02281,HK,02281,stock_code,stock_info_registry,1.0,2026-06-06T19:08:54.897463
02281,HK,兴泸水务,company_name,stock_info_registry,0.95,2026-06-06T19:08:54.897465
02282,HK,02282,stock_code,stock_info_registry,1.0,2026-06-06T19:08:54.897476
02282,HK,美高梅中国,company_name,stock_info_registry,0.95,2026-06-06T19:08:54.897477
02283,HK,02283,stock_code,stock_info_registry,1.0,2026-06-06T19:08:54.897488
02283,HK,东江集团控股,company_name,stock_info_registry,0.95,2026-06-06T19:08:54.897490
02285,HK,02285,stock_code,stock_info_registry,1.0,2026-06-06T19:08:54.897500
02285,HK,泉峰控股,company_name,stock_info_registry,0.95,2026-06-06T19:08:54.897502
02286,HK,02286,stock_code,stock_info_registry,1.0,2026-06-06T19:08:54.897512
02286,HK,辰兴发展,company_name,stock_info_registry,0.95,2026-06-06T19:08:54.897514
02288,HK,02288,stock_code,stock_info_registry,1.0,2026-06-06T19:08:54.897525
02288,HK,宏基资本,company_name,stock_info_registry,0.95,2026-06-06T19:08:54.897527
02289,HK,02289,stock_code,stock_info_registry,1.0,2026-06-06T19:08:54.897537
02289,HK,创美药业,company_name,stock_info_registry,0.95,2026-06-06T19:08:54.897539
02290,HK,02290,stock_code,stock_info_registry,1.0,2026-06-06T19:08:54.897549
02290,HK,龙丰集团,company_name,stock_info_registry,0.95,2026-06-06T19:08:54.897551
02291,HK,02291,stock_code,stock_info_registry,1.0,2026-06-06T19:08:54.897562
02291,HK,心泰医疗,company_name,stock_info_registry,0.95,2026-06-06T19:08:54.897564
02293,HK,02293,stock_code,stock_info_registry,1.0,2026-06-06T19:08:54.897574
02293,HK,百本医护,company_name,stock_info_registry,0.95,2026-06-06T19:08:54.897576
02295,HK,02295,stock_code,stock_info_registry,1.0,2026-06-06T19:08:54.897587
02295,HK,丰城控股,company_name,stock_info_registry,0.95,2026-06-06T19:08:54.897588
02297,HK,02297,stock_code,stock_info_registry,1.0,2026-06-06T19:08:54.897599
02297,HK,润迈德-B,company_name,stock_info_registry,0.95,2026-06-06T19:08:54.897601
02298,HK,02298,stock_code,stock_info_registry,1.0,2026-06-06T19:08:54.897611
02298,HK,都市丽人,company_name,stock_info_registry,0.95,2026-06-06T19:08:54.897613
02299,HK,02299,stock_code,stock_info_registry,1.0,2026-06-06T19:08:54.897623
02299,HK,百宏实业,company_name,stock_info_registry,0.95,2026-06-06T19:08:54.897625
02302,HK,02302,stock_code,stock_info_registry,1.0,2026-06-06T19:08:54.897636
02302,HK,中核国际,company_name,stock_info_registry,0.95,2026-06-06T19:08:54.897637
02306,HK,02306,stock_code,stock_info_registry,1.0,2026-06-06T19:08:54.897648
02306,HK,乐华娱乐,company_name,stock_info_registry,0.95,2026-06-06T19:08:54.897650
02307,HK,02307,stock_code,stock_info_registry,1.0,2026-06-06T19:08:54.897660
02307,HK,锦兴国际控股,company_name,stock_info_registry,0.95,2026-06-06T19:08:54.897662
02309,HK,02309,stock_code,stock_info_registry,1.0,2026-06-06T19:08:54.897673
02309,HK,大象未来集团,company_name,stock_info_registry,0.95,2026-06-06T19:08:54.897674
02310,HK,02310,stock_code,stock_info_registry,1.0,2026-06-06T19:08:54.897685
02310,HK,时代环球集团,company_name,stock_info_registry,0.95,2026-06-06T19:08:54.897687
02312,HK,02312,stock_code,stock_info_registry,1.0,2026-06-06T19:08:54.897699
02312,HK,LONG投资集团,company_name,stock_info_registry,0.95,2026-06-06T19:08:54.897701
02313,HK,02313,stock_code,stock_info_registry,1.0,2026-06-06T19:08:54.897711
02313,HK,申洲国际,company_name,stock_info_registry,0.95,2026-06-06T19:08:54.897713
02314,HK,02314,stock_code,stock_info_registry,1.0,2026-06-06T19:08:54.897723
02314,HK,理文造纸,company_name,stock_info_registry,0.95,2026-06-06T19:08:54.897725
02315,HK,02315,stock_code,stock_info_registry,1.0,2026-06-06T19:08:54.897740
02315,HK,百奥赛图-B,company_name,stock_info_registry,0.95,2026-06-06T19:08:54.897742
02317,HK,02317,stock_code,stock_info_registry,1.0,2026-06-06T19:08:54.897753
02317,HK,味丹国际,company_name,stock_info_registry,0.95,2026-06-06T19:08:54.897755
02318,HK,02318,stock_code,stock_info_registry,1.0,2026-06-06T19:08:54.897765
02318,HK,中国平安,company_name,stock_info_registry,0.95,2026-06-06T19:08:54.897767
02319,HK,02319,stock_code,stock_info_registry,1.0,2026-06-06T19:08:54.897777
02319,HK,蒙牛乳业,company_name,stock_info_registry,0.95,2026-06-06T19:08:54.897779
02320,HK,02320,stock_code,stock_info_registry,1.0,2026-06-06T19:08:54.897790
02320,HK,合丰集团,company_name,stock_info_registry,0.95,2026-06-06T19:08:54.897792
02321,HK,02321,stock_code,stock_info_registry,1.0,2026-06-06T19:08:54.897802
02321,HK,双财庄,company_name,stock_info_registry,0.95,2026-06-06T19:08:54.897804
02322,HK,02322,stock_code,stock_info_registry,1.0,2026-06-06T19:08:54.897814
02322,HK,新质数字,company_name,stock_info_registry,0.95,2026-06-06T19:08:54.897816
02323,HK,02323,stock_code,stock_info_registry,1.0,2026-06-06T19:08:54.897827
02323,HK,融科控股,company_name,stock_info_registry,0.95,2026-06-06T19:08:54.897829
02324,HK,02324,stock_code,stock_info_registry,1.0,2026-06-06T19:08:54.897839
02324,HK,首都创投,company_name,stock_info_registry,0.95,2026-06-06T19:08:54.897841
02325,HK,02325,stock_code,stock_info_registry,1.0,2026-06-06T19:08:54.897851
02325,HK,云康集团,company_name,stock_info_registry,0.95,2026-06-06T19:08:54.897853
02326,HK,02326,stock_code,stock_info_registry,1.0,2026-06-06T19:08:54.897871
02326,HK,新源万恒控股,company_name,stock_info_registry,0.95,2026-06-06T19:08:54.897873
02327,HK,02327,stock_code,stock_info_registry,1.0,2026-06-06T19:08:54.897886
02327,HK,美瑞健康国际,company_name,stock_info_registry,0.95,2026-06-06T19:08:54.897888
02328,HK,02328,stock_code,stock_info_registry,1.0,2026-06-06T19:08:54.897900
02328,HK,中国财险,company_name,stock_info_registry,0.95,2026-06-06T19:08:54.897901
02329,HK,02329,stock_code,stock_info_registry,1.0,2026-06-06T19:08:54.897913
02329,HK,国瑞健康,company_name,stock_info_registry,0.95,2026-06-06T19:08:54.897915
02330,HK,02330,stock_code,stock_info_registry,1.0,2026-06-06T19:08:54.897925
02330,HK,中国上城,company_name,stock_info_registry,0.95,2026-06-06T19:08:54.897927
02331,HK,02331,stock_code,stock_info_registry,1.0,2026-06-06T19:08:54.897938
02331,HK,李宁,company_name,stock_info_registry,0.95,2026-06-06T19:08:54.897939
02333,HK,02333,stock_code,stock_info_registry,1.0,2026-06-06T19:08:54.897950
02333,HK,长城汽车,company_name,stock_info_registry,0.95,2026-06-06T19:08:54.897952
02336,HK,02336,stock_code,stock_info_registry,1.0,2026-06-06T19:08:54.897962
02336,HK,硕奥国际,company_name,stock_info_registry,0.95,2026-06-06T19:08:54.897964
02337,HK,02337,stock_code,stock_info_registry,1.0,2026-06-06T19:08:54.897974
02337,HK,众诚能源,company_name,stock_info_registry,0.95,2026-06-06T19:08:54.897976
02338,HK,02338,stock_code,stock_info_registry,1.0,2026-06-06T19:08:54.897987
02338,HK,潍柴动力,company_name,stock_info_registry,0.95,2026-06-06T19:08:54.897988
02339,HK,02339,stock_code,stock_info_registry,1.0,2026-06-06T19:08:54.897999
02339,HK,京西国际,company_name,stock_info_registry,0.95,2026-06-06T19:08:54.898001
02340,HK,02340,stock_code,stock_info_registry,1.0,2026-06-06T19:08:54.898011
02340,HK,升柏控股,company_name,stock_info_registry,0.95,2026-06-06T19:08:54.898013
02342,HK,02342,stock_code,stock_info_registry,1.0,2026-06-06T19:08:54.898023
02342,HK,京信通信,company_name,stock_info_registry,0.95,2026-06-06T19:08:54.898025
02343,HK,02343,stock_code,stock_info_registry,1.0,2026-06-06T19:08:54.898036
02343,HK,太平洋航运,company_name,stock_info_registry,0.95,2026-06-06T19:08:54.898037
02347,HK,02347,stock_code,stock_info_registry,1.0,2026-06-06T19:08:54.898055
02347,HK,友和集团,company_name,stock_info_registry,0.95,2026-06-06T19:08:54.898057
02348,HK,02348,stock_code,stock_info_registry,1.0,2026-06-06T19:08:54.898068
02348,HK,东瑞制药,company_name,stock_info_registry,0.95,2026-06-06T19:08:54.898070
02349,HK,02349,stock_code,stock_info_registry,1.0,2026-06-06T19:08:54.898081
02349,HK,中国城市基础设施,company_name,stock_info_registry,0.95,2026-06-06T19:08:54.898083
02350,HK,02350,stock_code,stock_info_registry,1.0,2026-06-06T19:08:54.898093
02350,HK,数科集团,company_name,stock_info_registry,0.95,2026-06-06T19:08:54.898095
02352,HK,02352,stock_code,stock_info_registry,1.0,2026-06-06T19:08:54.898106
02352,HK,东原仁知服务,company_name,stock_info_registry,0.95,2026-06-06T19:08:54.898108
02355,HK,02355,stock_code,stock_info_registry,1.0,2026-06-06T19:08:54.898119
02355,HK,宝业集团,company_name,stock_info_registry,0.95,2026-06-06T19:08:54.898120
02356,HK,02356,stock_code,stock_info_registry,1.0,2026-06-06T19:08:54.898135
02356,HK,大新银行集团,company_name,stock_info_registry,0.95,2026-06-06T19:08:54.898137
02357,HK,02357,stock_code,stock_info_registry,1.0,2026-06-06T19:08:54.898148
02357,HK,中航科工,company_name,stock_info_registry,0.95,2026-06-06T19:08:54.898150
02358,HK,02358,stock_code,stock_info_registry,1.0,2026-06-06T19:08:54.898163
02358,HK,久融控股,company_name,stock_info_registry,0.95,2026-06-06T19:08:54.898165
02359,HK,02359,stock_code,stock_info_registry,1.0,2026-06-06T19:08:54.898176
02359,HK,药明康德,company_name,stock_info_registry,0.95,2026-06-06T19:08:54.898177
02360,HK,02360,stock_code,stock_info_registry,1.0,2026-06-06T19:08:54.898188
02360,HK,优品360,company_name,stock_info_registry,0.95,2026-06-06T19:08:54.898190
02361,HK,02361,stock_code,stock_info_registry,1.0,2026-06-06T19:08:54.898201
02361,HK,中康科技控股,company_name,stock_info_registry,0.95,2026-06-06T19:08:54.898203
02362,HK,02362,stock_code,stock_info_registry,1.0,2026-06-06T19:08:54.898215
02362,HK,金川国际,company_name,stock_info_registry,0.95,2026-06-06T19:08:54.898216
02363,HK,02363,stock_code,stock_info_registry,1.0,2026-06-06T19:08:54.898227
02363,HK,通达宏泰,company_name,stock_info_registry,0.95,2026-06-06T19:08:54.898229
02367,HK,02367,stock_code,stock_info_registry,1.0,2026-06-06T19:08:54.898239
02367,HK,巨子生物,company_name,stock_info_registry,0.95,2026-06-06T19:08:54.898241
02368,HK,02368,stock_code,stock_info_registry,1.0,2026-06-06T19:08:54.898252
02368,HK,鹰美,company_name,stock_info_registry,0.95,2026-06-06T19:08:54.898254
02369,HK,02369,stock_code,stock_info_registry,1.0,2026-06-06T19:08:54.898264
02369,HK,酷派集团,company_name,stock_info_registry,0.95,2026-06-06T19:08:54.898266
02370,HK,02370,stock_code,stock_info_registry,1.0,2026-06-06T19:08:54.898276
02370,HK,力高健康生活,company_name,stock_info_registry,0.95,2026-06-06T19:08:54.898278
02371,HK,02371,stock_code,stock_info_registry,1.0,2026-06-06T19:08:54.898289
02371,HK,创联控股,company_name,stock_info_registry,0.95,2026-06-06T19:08:54.898290
02372,HK,02372,stock_code,stock_info_registry,1.0,2026-06-06T19:08:54.898301
02372,HK,伟立控股,company_name,stock_info_registry,0.95,2026-06-06T19:08:54.898303
02373,HK,02373,stock_code,stock_info_registry,1.0,2026-06-06T19:08:54.898313
02373,HK,美丽田园医疗健康,company_name,stock_info_registry,0.95,2026-06-06T19:08:54.898315
02376,HK,02376,stock_code,stock_info_registry,1.0,2026-06-06T19:08:54.898325
02376,HK,鲁商服务,company_name,stock_info_registry,0.95,2026-06-06T19:08:54.898327
02377,HK,02377,stock_code,stock_info_registry,1.0,2026-06-06T19:08:54.898338
02377,HK,博奇环保,company_name,stock_info_registry,0.95,2026-06-06T19:08:54.898339
02378,HK,02378,stock_code,stock_info_registry,1.0,2026-06-06T19:08:54.898350
02378,HK,保诚,company_name,stock_info_registry,0.95,2026-06-06T19:08:54.898352
02380,HK,02380,stock_code,stock_info_registry,1.0,2026-06-06T19:08:54.898362
02380,HK,中国电力,company_name,stock_info_registry,0.95,2026-06-06T19:08:54.898364
02381,HK,02381,stock_code,stock_info_registry,1.0,2026-06-06T19:08:54.898374
02381,HK,蚬壳电业,company_name,stock_info_registry,0.95,2026-06-06T19:08:54.898376
02382,HK,02382,stock_code,stock_info_registry,1.0,2026-06-06T19:08:54.898387
02382,HK,舜宇光学科技,company_name,stock_info_registry,0.95,2026-06-06T19:08:54.898389
02383,HK,02383,stock_code,stock_info_registry,1.0,2026-06-06T19:08:54.898399
02383,HK,TOM集团,company_name,stock_info_registry,0.95,2026-06-06T19:08:54.898401
02385,HK,02385,stock_code,stock_info_registry,1.0,2026-06-06T19:08:54.898411
02385,HK,读书郎,company_name,stock_info_registry,0.95,2026-06-06T19:08:54.898413
02386,HK,02386,stock_code,stock_info_registry,1.0,2026-06-06T19:08:54.898424
02386,HK,中石化炼化工程,company_name,stock_info_registry,0.95,2026-06-06T19:08:54.898425
02388,HK,02388,stock_code,stock_info_registry,1.0,2026-06-06T19:08:54.898436
02388,HK,中银香港,company_name,stock_info_registry,0.95,2026-06-06T19:08:54.898438
02389,HK,02389,stock_code,stock_info_registry,1.0,2026-06-06T19:08:54.898448
02389,HK,北京健康,company_name,stock_info_registry,0.95,2026-06-06T19:08:54.898450
02390,HK,02390,stock_code,stock_info_registry,1.0,2026-06-06T19:08:54.898460
02390,HK,知乎-W,company_name,stock_info_registry,0.95,2026-06-06T19:08:54.898462
02391,HK,02391,stock_code,stock_info_registry,1.0,2026-06-06T19:08:54.898472
02391,HK,涂鸦智能-W,company_name,stock_info_registry,0.95,2026-06-06T19:08:54.898474
02392,HK,02392,stock_code,stock_info_registry,1.0,2026-06-06T19:08:54.898485
02392,HK,玄武云,company_name,stock_info_registry,0.95,2026-06-06T19:08:54.898487
02393,HK,02393,stock_code,stock_info_registry,1.0,2026-06-06T19:08:54.898497
02393,HK,巨星医疗控股,company_name,stock_info_registry,0.95,2026-06-06T19:08:54.898499
02396,HK,02396,stock_code,stock_info_registry,1.0,2026-06-06T19:08:54.898509
02396,HK,华芢生物-B,company_name,stock_info_registry,0.95,2026-06-06T19:08:54.898511
02399,HK,02399,stock_code,stock_info_registry,1.0,2026-06-06T19:08:54.898522
02399,HK,中国安储能源,company_name,stock_info_registry,0.95,2026-06-06T19:08:54.898523
02400,HK,02400,stock_code,stock_info_registry,1.0,2026-06-06T19:08:54.898534
02400,HK,心动公司,company_name,stock_info_registry,0.95,2026-06-06T19:08:54.898536
02402,HK,02402,stock_code,stock_info_registry,1.0,2026-06-06T19:08:54.898546
02402,HK,亿华通,company_name,stock_info_registry,0.95,2026-06-06T19:08:54.898548
02405,HK,02405,stock_code,stock_info_registry,1.0,2026-06-06T19:08:54.898559
02405,HK,力盟科技,company_name,stock_info_registry,0.95,2026-06-06T19:08:54.898560
02407,HK,02407,stock_code,stock_info_registry,1.0,2026-06-06T19:08:54.898571
02407,HK,高视医疗,company_name,stock_info_registry,0.95,2026-06-06T19:08:54.898573
02408,HK,02408,stock_code,stock_info_registry,1.0,2026-06-06T19:08:54.898583
02408,HK,遇见小面,company_name,stock_info_registry,0.95,2026-06-06T19:08:54.898585
02409,HK,02409,stock_code,stock_info_registry,1.0,2026-06-06T19:08:54.898595
02409,HK,洲际船务,company_name,stock_info_registry,0.95,2026-06-06T19:08:54.898597
02410,HK,02410,stock_code,stock_info_registry,1.0,2026-06-06T19:08:54.898609
02410,HK,同源康医药-B,company_name,stock_info_registry,0.95,2026-06-06T19:08:54.898611
02411,HK,02411,stock_code,stock_info_registry,1.0,2026-06-06T19:08:54.898621
02411,HK,百果园集团,company_name,stock_info_registry,0.95,2026-06-06T19:08:54.898623
02415,HK,02415,stock_code,stock_info_registry,1.0,2026-06-06T19:08:54.898634
02415,HK,梅斯健康,company_name,stock_info_registry,0.95,2026-06-06T19:08:54.898636
02416,HK,02416,stock_code,stock_info_registry,1.0,2026-06-06T19:08:54.898646
02416,HK,易点云,company_name,stock_info_registry,0.95,2026-06-06T19:08:54.898648
02418,HK,02418,stock_code,stock_info_registry,1.0,2026-06-06T19:08:54.898658
02418,HK,德银天下,company_name,stock_info_registry,0.95,2026-06-06T19:08:54.898660
02419,HK,02419,stock_code,stock_info_registry,1.0,2026-06-06T19:08:54.898671
02419,HK,德康农牧,company_name,stock_info_registry,0.95,2026-06-06T19:08:54.898673
02420,HK,02420,stock_code,stock_info_registry,1.0,2026-06-06T19:08:54.898683
02420,HK,子不语,company_name,stock_info_registry,0.95,2026-06-06T19:08:54.898685
02421,HK,02421,stock_code,stock_info_registry,1.0,2026-06-06T19:08:54.898699
02421,HK,嘉创地产,company_name,stock_info_registry,0.95,2026-06-06T19:08:54.898701
02422,HK,02422,stock_code,stock_info_registry,1.0,2026-06-06T19:08:54.898712
02422,HK,润歌互动,company_name,stock_info_registry,0.95,2026-06-06T19:08:54.898714
02423,HK,02423,stock_code,stock_info_registry,1.0,2026-06-06T19:08:54.898724
02423,HK,贝壳-W,company_name,stock_info_registry,0.95,2026-06-06T19:08:54.898726
02425,HK,02425,stock_code,stock_info_registry,1.0,2026-06-06T19:08:54.898736
02425,HK,澳亚集团,company_name,stock_info_registry,0.95,2026-06-06T19:08:54.898738
02427,HK,02427,stock_code,stock_info_registry,1.0,2026-06-06T19:08:54.898748
02427,HK,GUANZE MEDICAL,company_name,stock_info_registry,0.95,2026-06-06T19:08:54.898750
02429,HK,02429,stock_code,stock_info_registry,1.0,2026-06-06T19:08:54.898761
02429,HK,友宝在线,company_name,stock_info_registry,0.95,2026-06-06T19:08:54.898763
02431,HK,02431,stock_code,stock_info_registry,1.0,2026-06-06T19:08:54.898773
02431,HK,佑驾创新,company_name,stock_info_registry,0.95,2026-06-06T19:08:54.898775
02432,HK,02432,stock_code,stock_info_registry,1.0,2026-06-06T19:08:54.898786
02432,HK,越疆,company_name,stock_info_registry,0.95,2026-06-06T19:08:54.898787
02433,HK,02433,stock_code,stock_info_registry,1.0,2026-06-06T19:08:54.898798
02433,HK,中天湖南集团,company_name,stock_info_registry,0.95,2026-06-06T19:08:54.898800
02436,HK,02436,stock_code,stock_info_registry,1.0,2026-06-06T19:08:54.898810
02436,HK,凌雄科技,company_name,stock_info_registry,0.95,2026-06-06T19:08:54.898812
02438,HK,02438,stock_code,stock_info_registry,1.0,2026-06-06T19:08:54.898822
02438,HK,出门问问,company_name,stock_info_registry,0.95,2026-06-06T19:08:54.898824
02439,HK,02439,stock_code,stock_info_registry,1.0,2026-06-06T19:08:54.898835
02439,HK,中宝新材,company_name,stock_info_registry,0.95,2026-06-06T19:08:54.898836
02440,HK,02440,stock_code,stock_info_registry,1.0,2026-06-06T19:08:54.898847
02440,HK,迷策略,company_name,stock_info_registry,0.95,2026-06-06T19:08:54.898849
02442,HK,02442,stock_code,stock_info_registry,1.0,2026-06-06T19:08:54.898859
02442,HK,怡俊集团控股,company_name,stock_info_registry,0.95,2026-06-06T19:08:54.898861
02443,HK,02443,stock_code,stock_info_registry,1.0,2026-06-06T19:08:54.898872
02443,HK,汽车街,company_name,stock_info_registry,0.95,2026-06-06T19:08:54.898873
02450,HK,02450,stock_code,stock_info_registry,1.0,2026-06-06T19:08:54.898884
02450,HK,淮北绿金股份,company_name,stock_info_registry,0.95,2026-06-06T19:08:54.898886
02451,HK,02451,stock_code,stock_info_registry,1.0,2026-06-06T19:08:54.898896
02451,HK,绿源集团控股,company_name,stock_info_registry,0.95,2026-06-06T19:08:54.898898
02453,HK,02453,stock_code,stock_info_registry,1.0,2026-06-06T19:08:54.898909
02453,HK,美中嘉和,company_name,stock_info_registry,0.95,2026-06-06T19:08:54.898911
02455,HK,02455,stock_code,stock_info_registry,1.0,2026-06-06T19:08:54.898921
02455,HK,润华服务,company_name,stock_info_registry,0.95,2026-06-06T19:08:54.898923
02457,HK,02457,stock_code,stock_info_registry,1.0,2026-06-06T19:08:54.898934
02457,HK,步阳国际,company_name,stock_info_registry,0.95,2026-06-06T19:08:54.898935
02458,HK,02458,stock_code,stock_info_registry,1.0,2026-06-06T19:08:54.898946
02458,HK,望尘科技控股,company_name,stock_info_registry,0.95,2026-06-06T19:08:54.898948
02459,HK,02459,stock_code,stock_info_registry,1.0,2026-06-06T19:08:54.898958
02459,HK,升能集团(新),company_name,stock_info_registry,0.95,2026-06-06T19:08:54.898960
02460,HK,02460,stock_code,stock_info_registry,1.0,2026-06-06T19:08:54.898970
02460,HK,华润饮料,company_name,stock_info_registry,0.95,2026-06-06T19:08:54.898972
02461,HK,02461,stock_code,stock_info_registry,1.0,2026-06-06T19:08:54.898983
02465,HK,02465,stock_code,stock_info_registry,1.0,2026-06-06T19:08:54.898993
02465,HK,龙蟠科技,company_name,stock_info_registry,0.95,2026-06-06T19:08:54.898995
02469,HK,02469,stock_code,stock_info_registry,1.0,2026-06-06T19:08:54.899006
02469,HK,粉笔,company_name,stock_info_registry,0.95,2026-06-06T19:08:54.899008
02473,HK,02473,stock_code,stock_info_registry,1.0,2026-06-06T19:08:54.899018
02473,HK,喜相逢集团,company_name,stock_info_registry,0.95,2026-06-06T19:08:54.899020
02476,HK,02476,stock_code,stock_info_registry,1.0,2026-06-06T19:08:54.899030
02476,HK,胜宏科技,company_name,stock_info_registry,0.95,2026-06-06T19:08:54.899032
02477,HK,02477,stock_code,stock_info_registry,1.0,2026-06-06T19:08:54.899043
02477,HK,经纬天地,company_name,stock_info_registry,0.95,2026-06-06T19:08:54.899045
02478,HK,02478,stock_code,stock_info_registry,1.0,2026-06-06T19:08:54.899056
02479,HK,02479,stock_code,stock_info_registry,1.0,2026-06-06T19:08:54.899066
02479,HK,天聚地合,company_name,stock_info_registry,0.95,2026-06-06T19:08:54.899068
02480,HK,02480,stock_code,stock_info_registry,1.0,2026-06-06T19:08:54.899079
02480,HK,绿竹生物-B,company_name,stock_info_registry,0.95,2026-06-06T19:08:54.899080
02481,HK,02481,stock_code,stock_info_registry,1.0,2026-06-06T19:08:54.899091
02481,HK,双良睿能,company_name,stock_info_registry,0.95,2026-06-06T19:08:54.899093
02482,HK,02482,stock_code,stock_info_registry,1.0,2026-06-06T19:08:54.899103
02482,HK,维天运通,company_name,stock_info_registry,0.95,2026-06-06T19:08:54.899105
02483,HK,02483,stock_code,stock_info_registry,1.0,2026-06-06T19:08:54.899116
02483,HK,K CASH集团,company_name,stock_info_registry,0.95,2026-06-06T19:08:54.899118
02486,HK,02486,stock_code,stock_info_registry,1.0,2026-06-06T19:08:54.899128
02486,HK,普乐师集团控股,company_name,stock_info_registry,0.95,2026-06-06T19:08:54.899130
02487,HK,02487,stock_code,stock_info_registry,1.0,2026-06-06T19:08:54.899141
02487,HK,科笛-B,company_name,stock_info_registry,0.95,2026-06-06T19:08:54.899143
02488,HK,02488,stock_code,stock_info_registry,1.0,2026-06-06T19:08:54.899153
02488,HK,元征科技,company_name,stock_info_registry,0.95,2026-06-06T19:08:54.899155
02489,HK,02489,stock_code,stock_info_registry,1.0,2026-06-06T19:08:54.899166
02489,HK,集海黄金,company_name,stock_info_registry,0.95,2026-06-06T19:08:54.899167
02490,HK,02490,stock_code,stock_info_registry,1.0,2026-06-06T19:08:54.899178
02490,HK,乐舱物流,company_name,stock_info_registry,0.95,2026-06-06T19:08:54.899180
02493,HK,02493,stock_code,stock_info_registry,1.0,2026-06-06T19:08:54.899192
02493,HK,迈威生物-B,company_name,stock_info_registry,0.95,2026-06-06T19:08:54.899193
02495,HK,02495,stock_code,stock_info_registry,1.0,2026-06-06T19:08:54.899204
02495,HK,声通科技,company_name,stock_info_registry,0.95,2026-06-06T19:08:54.899206
02496,HK,02496,stock_code,stock_info_registry,1.0,2026-06-06T19:08:54.899216
02496,HK,友芝友生物-B,company_name,stock_info_registry,0.95,2026-06-06T19:08:54.899218
02497,HK,02497,stock_code,stock_info_registry,1.0,2026-06-06T19:08:54.899229
02497,HK,富景中国控股,company_name,stock_info_registry,0.95,2026-06-06T19:08:54.899230
02498,HK,02498,stock_code,stock_info_registry,1.0,2026-06-06T19:08:54.899241
02498,HK,速腾聚创,company_name,stock_info_registry,0.95,2026-06-06T19:08:54.899243
02499,HK,02499,stock_code,stock_info_registry,1.0,2026-06-06T19:08:54.899253
02499,HK,佛朗斯股份,company_name,stock_info_registry,0.95,2026-06-06T19:08:54.899255
02500,HK,02500,stock_code,stock_info_registry,1.0,2026-06-06T19:08:54.899266
02500,HK,启明医疗-B,company_name,stock_info_registry,0.95,2026-06-06T19:08:54.899267
02501,HK,02501,stock_code,stock_info_registry,1.0,2026-06-06T19:08:54.899278
02501,HK,迈越科技,company_name,stock_info_registry,0.95,2026-06-06T19:08:54.899280
02502,HK,02502,stock_code,stock_info_registry,1.0,2026-06-06T19:08:54.899290
02502,HK,金源氢化,company_name,stock_info_registry,0.95,2026-06-06T19:08:54.899292
02503,HK,02503,stock_code,stock_info_registry,1.0,2026-06-06T19:08:54.899303
02503,HK,中深建业,company_name,stock_info_registry,0.95,2026-06-06T19:08:54.899304
02505,HK,02505,stock_code,stock_info_registry,1.0,2026-06-06T19:08:54.899315
02505,HK,EDA集团控股,company_name,stock_info_registry,0.95,2026-06-06T19:08:54.899316
02506,HK,02506,stock_code,stock_info_registry,1.0,2026-06-06T19:08:54.899327
02506,HK,讯飞医疗科技,company_name,stock_info_registry,0.95,2026-06-06T19:08:54.899329
02507,HK,02507,stock_code,stock_info_registry,1.0,2026-06-06T19:08:54.899339
02507,HK,西锐,company_name,stock_info_registry,0.95,2026-06-06T19:08:54.899341
02508,HK,02508,stock_code,stock_info_registry,1.0,2026-06-06T19:08:54.899351
02508,HK,圣贝拉集团,company_name,stock_info_registry,0.95,2026-06-06T19:08:54.899353
02509,HK,02509,stock_code,stock_info_registry,1.0,2026-06-06T19:08:54.899363
02509,HK,荃信生物-B,company_name,stock_info_registry,0.95,2026-06-06T19:08:54.899365
02510,HK,02510,stock_code,stock_info_registry,1.0,2026-06-06T19:08:54.899376
02510,HK,德翔海运,company_name,stock_info_registry,0.95,2026-06-06T19:08:54.899378
02511,HK,02511,stock_code,stock_info_registry,1.0,2026-06-06T19:08:54.899388
02511,HK,君圣泰医药-B,company_name,stock_info_registry,0.95,2026-06-06T19:08:54.899390
02512,HK,02512,stock_code,stock_info_registry,1.0,2026-06-06T19:08:54.899403
02512,HK,云工场,company_name,stock_info_registry,0.95,2026-06-06T19:08:54.899405
02513,HK,02513,stock_code,stock_info_registry,1.0,2026-06-06T19:08:54.899420
02513,HK,智谱,company_name,stock_info_registry,0.95,2026-06-06T19:08:54.899421
02515,HK,02515,stock_code,stock_info_registry,1.0,2026-06-06T19:08:54.899433
02515,HK,天津建发,company_name,stock_info_registry,0.95,2026-06-06T19:08:54.899435
02516,HK,02516,stock_code,stock_info_registry,1.0,2026-06-06T19:08:54.899446
02516,HK,泛远国际,company_name,stock_info_registry,0.95,2026-06-06T19:08:54.899448
02517,HK,02517,stock_code,stock_info_registry,1.0,2026-06-06T19:08:54.899460
02517,HK,锅圈,company_name,stock_info_registry,0.95,2026-06-06T19:08:54.899462
02518,HK,02518,stock_code,stock_info_registry,1.0,2026-06-06T19:08:54.899476
02518,HK,汽车之家-S,company_name,stock_info_registry,0.95,2026-06-06T19:08:54.899478
02519,HK,02519,stock_code,stock_info_registry,1.0,2026-06-06T19:08:54.899489
02519,HK,傲基股份,company_name,stock_info_registry,0.95,2026-06-06T19:08:54.899491
02520,HK,02520,stock_code,stock_info_registry,1.0,2026-06-06T19:08:54.899502
02520,HK,山西安装,company_name,stock_info_registry,0.95,2026-06-06T19:08:54.899504
02521,HK,02521,stock_code,stock_info_registry,1.0,2026-06-06T19:08:54.899516
02521,HK,升辉清洁,company_name,stock_info_registry,0.95,2026-06-06T19:08:54.899517
02522,HK,02522,stock_code,stock_info_registry,1.0,2026-06-06T19:08:54.899528
02522,HK,一脉阳光,company_name,stock_info_registry,0.95,2026-06-06T19:08:54.899530
02525,HK,02525,stock_code,stock_info_registry,1.0,2026-06-06T19:08:54.899540
02525,HK,禾赛-W,company_name,stock_info_registry,0.95,2026-06-06T19:08:54.899542
02526,HK,02526,stock_code,stock_info_registry,1.0,2026-06-06T19:08:54.899553
02526,HK,德适-B,company_name,stock_info_registry,0.95,2026-06-06T19:08:54.899554
02528,HK,02528,stock_code,stock_info_registry,1.0,2026-06-06T19:08:54.899565
02528,HK,尚晋国际控股,company_name,stock_info_registry,0.95,2026-06-06T19:08:54.899567
02529,HK,02529,stock_code,stock_info_registry,1.0,2026-06-06T19:08:54.899578
02529,HK,泓盈城市服务,company_name,stock_info_registry,0.95,2026-06-06T19:08:54.899580
02530,HK,02530,stock_code,stock_info_registry,1.0,2026-06-06T19:08:54.899590
02530,HK,纽曼思,company_name,stock_info_registry,0.95,2026-06-06T19:08:54.899592
02531,HK,02531,stock_code,stock_info_registry,1.0,2026-06-06T19:08:54.899602
02531,HK,广联科技控股,company_name,stock_info_registry,0.95,2026-06-06T19:08:54.899604
02533,HK,02533,stock_code,stock_info_registry,1.0,2026-06-06T19:08:54.899615
02533,HK,黑芝麻智能,company_name,stock_info_registry,0.95,2026-06-06T19:08:54.899618
02535,HK,02535,stock_code,stock_info_registry,1.0,2026-06-06T19:08:54.899628
02535,HK,泓基集团,company_name,stock_info_registry,0.95,2026-06-06T19:08:54.899630
02536,HK,02536,stock_code,stock_info_registry,1.0,2026-06-06T19:08:54.899641
02536,HK,百乐皇宫,company_name,stock_info_registry,0.95,2026-06-06T19:08:54.899643
02539,HK,02539,stock_code,stock_info_registry,1.0,2026-06-06T19:08:54.899653
02539,HK,乐摩科技,company_name,stock_info_registry,0.95,2026-06-06T19:08:54.899655
02540,HK,02540,stock_code,stock_info_registry,1.0,2026-06-06T19:08:54.899665
02540,HK,乐思集团,company_name,stock_info_registry,0.95,2026-06-06T19:08:54.899667
02543,HK,02543,stock_code,stock_info_registry,1.0,2026-06-06T19:08:54.899679
02543,HK,大行科工,company_name,stock_info_registry,0.95,2026-06-06T19:08:54.899680
02545,HK,02545,stock_code,stock_info_registry,1.0,2026-06-06T19:08:54.899692
02545,HK,中赣通信,company_name,stock_info_registry,0.95,2026-06-06T19:08:54.899694
02546,HK,02546,stock_code,stock_info_registry,1.0,2026-06-06T19:08:54.899704
02546,HK,智汇矿业,company_name,stock_info_registry,0.95,2026-06-06T19:08:54.899706
02549,HK,02549,stock_code,stock_info_registry,1.0,2026-06-06T19:08:54.899717
02549,HK,卡罗特,company_name,stock_info_registry,0.95,2026-06-06T19:08:54.899719
02550,HK,02550,stock_code,stock_info_registry,1.0,2026-06-06T19:08:54.899729
02550,HK,宜搜科技,company_name,stock_info_registry,0.95,2026-06-06T19:08:54.899731
02551,HK,02551,stock_code,stock_info_registry,1.0,2026-06-06T19:08:54.899741
02551,HK,晶科电子股份,company_name,stock_info_registry,0.95,2026-06-06T19:08:54.899743
02552,HK,02552,stock_code,stock_info_registry,1.0,2026-06-06T19:08:54.899754
02552,HK,华领医药-B,company_name,stock_info_registry,0.95,2026-06-06T19:08:54.899756
02553,HK,02553,stock_code,stock_info_registry,1.0,2026-06-06T19:08:54.899766
02553,HK,首钢朗泽,company_name,stock_info_registry,0.95,2026-06-06T19:08:54.899768
02555,HK,02555,stock_code,stock_info_registry,1.0,2026-06-06T19:08:54.899778
02555,HK,茶百道,company_name,stock_info_registry,0.95,2026-06-06T19:08:54.899780
02556,HK,02556,stock_code,stock_info_registry,1.0,2026-06-06T19:08:54.899790
02556,HK,迈富时,company_name,stock_info_registry,0.95,2026-06-06T19:08:54.899792
02558,HK,02558,stock_code,stock_info_registry,1.0,2026-06-06T19:08:54.899803
02558,HK,晋商银行,company_name,stock_info_registry,0.95,2026-06-06T19:08:54.899804
02559,HK,02559,stock_code,stock_info_registry,1.0,2026-06-06T19:08:54.899815
02559,HK,嘀嗒出行,company_name,stock_info_registry,0.95,2026-06-06T19:08:54.899817
02560,HK,02560,stock_code,stock_info_registry,1.0,2026-06-06T19:08:54.899827
02560,HK,海螺材料科技,company_name,stock_info_registry,0.95,2026-06-06T19:08:54.899829
02561,HK,02561,stock_code,stock_info_registry,1.0,2026-06-06T19:08:54.899840
02561,HK,维昇药业-B,company_name,stock_info_registry,0.95,2026-06-06T19:08:54.899842
02562,HK,02562,stock_code,stock_info_registry,1.0,2026-06-06T19:08:54.899852
02562,HK,狮腾控股,company_name,stock_info_registry,0.95,2026-06-06T19:08:54.899854
02563,HK,02563,stock_code,stock_info_registry,1.0,2026-06-06T19:08:54.899864
02563,HK,华昊中天医药-B,company_name,stock_info_registry,0.95,2026-06-06T19:08:54.899866
02565,HK,02565,stock_code,stock_info_registry,1.0,2026-06-06T19:08:54.899877
02565,HK,派格生物医药-B,company_name,stock_info_registry,0.95,2026-06-06T19:08:54.899879
02566,HK,02566,stock_code,stock_info_registry,1.0,2026-06-06T19:08:54.899889
02566,HK,九源基因,company_name,stock_info_registry,0.95,2026-06-06T19:08:54.899891
02567,HK,02567,stock_code,stock_info_registry,1.0,2026-06-06T19:08:54.899902
02567,HK,七牛智能,company_name,stock_info_registry,0.95,2026-06-06T19:08:54.899903
02569,HK,02569,stock_code,stock_info_registry,1.0,2026-06-06T19:08:54.899914
02569,HK,舒宝国际,company_name,stock_info_registry,0.95,2026-06-06T19:08:54.899916
02570,HK,02570,stock_code,stock_info_registry,1.0,2026-06-06T19:08:54.899926
02570,HK,重塑能源,company_name,stock_info_registry,0.95,2026-06-06T19:08:54.899928
02571,HK,02571,stock_code,stock_info_registry,1.0,2026-06-06T19:08:54.899939
02571,HK,赛目科技,company_name,stock_info_registry,0.95,2026-06-06T19:08:54.899941
02572,HK,02572,stock_code,stock_info_registry,1.0,2026-06-06T19:08:54.899951
02573,HK,02573,stock_code,stock_info_registry,1.0,2026-06-06T19:08:54.899962
02573,HK,新琪安,company_name,stock_info_registry,0.95,2026-06-06T19:08:54.899964
02575,HK,02575,stock_code,stock_info_registry,1.0,2026-06-06T19:08:54.899974
02575,HK,轩竹生物-B,company_name,stock_info_registry,0.95,2026-06-06T19:08:54.899976
02576,HK,02576,stock_code,stock_info_registry,1.0,2026-06-06T19:08:54.899987
02576,HK,太美医疗科技,company_name,stock_info_registry,0.95,2026-06-06T19:08:54.899988
02577,HK,02577,stock_code,stock_info_registry,1.0,2026-06-06T19:08:54.899999
02577,HK,英诺赛科,company_name,stock_info_registry,0.95,2026-06-06T19:08:54.900001
02579,HK,02579,stock_code,stock_info_registry,1.0,2026-06-06T19:08:54.900011
02579,HK,中伟新材,company_name,stock_info_registry,0.95,2026-06-06T19:08:54.900013
02580,HK,02580,stock_code,stock_info_registry,1.0,2026-06-06T19:08:54.900024
02580,HK,奥克斯电气,company_name,stock_info_registry,0.95,2026-06-06T19:08:54.900025
02581,HK,02581,stock_code,stock_info_registry,1.0,2026-06-06T19:08:54.900036
02581,HK,明基医院,company_name,stock_info_registry,0.95,2026-06-06T19:08:54.900038
02582,HK,02582,stock_code,stock_info_registry,1.0,2026-06-06T19:08:54.900048
02582,HK,国富氢能,company_name,stock_info_registry,0.95,2026-06-06T19:08:54.900050
02583,HK,02583,stock_code,stock_info_registry,1.0,2026-06-06T19:08:54.900060
02583,HK,西普尼,company_name,stock_info_registry,0.95,2026-06-06T19:08:54.900062
02585,HK,02585,stock_code,stock_info_registry,1.0,2026-06-06T19:08:54.900073
02585,HK,梦金园,company_name,stock_info_registry,0.95,2026-06-06T19:08:54.900074
02586,HK,02586,stock_code,stock_info_registry,1.0,2026-06-06T19:08:54.900085
02586,HK,多点数智,company_name,stock_info_registry,0.95,2026-06-06T19:08:54.900087
02587,HK,02587,stock_code,stock_info_registry,1.0,2026-06-06T19:08:54.900097
02587,HK,健康之路,company_name,stock_info_registry,0.95,2026-06-06T19:08:54.900099
02588,HK,02588,stock_code,stock_info_registry,1.0,2026-06-06T19:08:54.900110
02588,HK,中银航空租赁,company_name,stock_info_registry,0.95,2026-06-06T19:08:54.900111
02589,HK,02589,stock_code,stock_info_registry,1.0,2026-06-06T19:08:54.900122
02589,HK,沪上阿姨,company_name,stock_info_registry,0.95,2026-06-06T19:08:54.900124
02590,HK,02590,stock_code,stock_info_registry,1.0,2026-06-06T19:08:54.900135
02590,HK,极智嘉-W,company_name,stock_info_registry,0.95,2026-06-06T19:08:54.900136
02591,HK,02591,stock_code,stock_info_registry,1.0,2026-06-06T19:08:54.900147
02591,HK,银诺医药-B,company_name,stock_info_registry,0.95,2026-06-06T19:08:54.900149
02592,HK,02592,stock_code,stock_info_registry,1.0,2026-06-06T19:08:54.900159
02592,HK,拨康视云-B,company_name,stock_info_registry,0.95,2026-06-06T19:08:54.900161
02593,HK,02593,stock_code,stock_info_registry,1.0,2026-06-06T19:08:54.900172
02593,HK,草姬集团,company_name,stock_info_registry,0.95,2026-06-06T19:08:54.900177
02595,HK,02595,stock_code,stock_info_registry,1.0,2026-06-06T19:08:54.900188
02595,HK,劲方医药-B,company_name,stock_info_registry,0.95,2026-06-06T19:08:54.900190
02596,HK,02596,stock_code,stock_info_registry,1.0,2026-06-06T19:08:54.900200
02596,HK,宜宾银行,company_name,stock_info_registry,0.95,2026-06-06T19:08:54.900202
02597,HK,02597,stock_code,stock_info_registry,1.0,2026-06-06T19:08:54.900213
02597,HK,讯众通信,company_name,stock_info_registry,0.95,2026-06-06T19:08:54.900214
02598,HK,02598,stock_code,stock_info_registry,1.0,2026-06-06T19:08:54.900225
02598,HK,连连数字,company_name,stock_info_registry,0.95,2026-06-06T19:08:54.900227
02600,HK,02600,stock_code,stock_info_registry,1.0,2026-06-06T19:08:54.900237
02600,HK,中国铝业,company_name,stock_info_registry,0.95,2026-06-06T19:08:54.900239
02601,HK,02601,stock_code,stock_info_registry,1.0,2026-06-06T19:08:54.900250
02601,HK,中国太保,company_name,stock_info_registry,0.95,2026-06-06T19:08:54.900251
02602,HK,02602,stock_code,stock_info_registry,1.0,2026-06-06T19:08:54.900262
02602,HK,万物云,company_name,stock_info_registry,0.95,2026-06-06T19:08:54.900264
02603,HK,02603,stock_code,stock_info_registry,1.0,2026-06-06T19:08:54.900274
02603,HK,吉宏股份,company_name,stock_info_registry,0.95,2026-06-06T19:08:54.900276
02605,HK,02605,stock_code,stock_info_registry,1.0,2026-06-06T19:08:54.900287
02605,HK,元光科技,company_name,stock_info_registry,0.95,2026-06-06T19:08:54.900288
02607,HK,02607,stock_code,stock_info_registry,1.0,2026-06-06T19:08:54.900299
02607,HK,上海医药,company_name,stock_info_registry,0.95,2026-06-06T19:08:54.900301
02608,HK,02608,stock_code,stock_info_registry,1.0,2026-06-06T19:08:54.900311
02608,HK,阳光100中国,company_name,stock_info_registry,0.95,2026-06-06T19:08:54.900313
02609,HK,02609,stock_code,stock_info_registry,1.0,2026-06-06T19:08:54.900323
02609,HK,佰泽医疗,company_name,stock_info_registry,0.95,2026-06-06T19:08:54.900325
02610,HK,02610,stock_code,stock_info_registry,1.0,2026-06-06T19:08:54.900337
02610,HK,南山铝业国际,company_name,stock_info_registry,0.95,2026-06-06T19:08:54.900339
02611,HK,02611,stock_code,stock_info_registry,1.0,2026-06-06T19:08:54.900349
02611,HK,国泰海通,company_name,stock_info_registry,0.95,2026-06-06T19:08:54.900351
02612,HK,02612,stock_code,stock_info_registry,1.0,2026-06-06T19:08:54.900362
02613,HK,02613,stock_code,stock_info_registry,1.0,2026-06-06T19:08:54.900372
02613,HK,汇舸环保,company_name,stock_info_registry,0.95,2026-06-06T19:08:54.900374
02616,HK,02616,stock_code,stock_info_registry,1.0,2026-06-06T19:08:54.900384
02616,HK,基石药业-B,company_name,stock_info_registry,0.95,2026-06-06T19:08:54.900386
02617,HK,02617,stock_code,stock_info_registry,1.0,2026-06-06T19:08:54.900397
02617,HK,药捷安康-B,company_name,stock_info_registry,0.95,2026-06-06T19:08:54.900399
02618,HK,02618,stock_code,stock_info_registry,1.0,2026-06-06T19:08:54.900409
02618,HK,京东物流,company_name,stock_info_registry,0.95,2026-06-06T19:08:54.900411
02619,HK,02619,stock_code,stock_info_registry,1.0,2026-06-06T19:08:54.900421
02619,HK,香江电器,company_name,stock_info_registry,0.95,2026-06-06T19:08:54.900423
02621,HK,02621,stock_code,stock_info_registry,1.0,2026-06-06T19:08:54.900433
02621,HK,手回集团,company_name,stock_info_registry,0.95,2026-06-06T19:08:54.900435
02623,HK,02623,stock_code,stock_info_registry,1.0,2026-06-06T19:08:54.900446
02623,HK,香港黄金产业集团,company_name,stock_info_registry,0.95,2026-06-06T19:08:54.900447
02625,HK,02625,stock_code,stock_info_registry,1.0,2026-06-06T19:08:54.900458
02625,HK,江苏宏信,company_name,stock_info_registry,0.95,2026-06-06T19:08:54.900460
02627,HK,02627,stock_code,stock_info_registry,1.0,2026-06-06T19:08:54.900470
02627,HK,中慧生物-B,company_name,stock_info_registry,0.95,2026-06-06T19:08:54.900472
02628,HK,02628,stock_code,stock_info_registry,1.0,2026-06-06T19:08:54.900483
02628,HK,中国人寿,company_name,stock_info_registry,0.95,2026-06-06T19:08:54.900484
02629,HK,02629,stock_code,stock_info_registry,1.0,2026-06-06T19:08:54.900495
02629,HK,MIRXES-B,company_name,stock_info_registry,0.95,2026-06-06T19:08:54.900497
02630,HK,02630,stock_code,stock_info_registry,1.0,2026-06-06T19:08:54.900507
02630,HK,旺山旺水-B,company_name,stock_info_registry,0.95,2026-06-06T19:08:54.900509
02631,HK,02631,stock_code,stock_info_registry,1.0,2026-06-06T19:08:54.900520
02631,HK,天岳先进,company_name,stock_info_registry,0.95,2026-06-06T19:08:54.900521
02632,HK,02632,stock_code,stock_info_registry,1.0,2026-06-06T19:08:54.900532
02632,HK,泽景股份,company_name,stock_info_registry,0.95,2026-06-06T19:08:54.900534
02633,HK,02633,stock_code,stock_info_registry,1.0,2026-06-06T19:08:54.900544
02633,HK,雅各臣科研制药,company_name,stock_info_registry,0.95,2026-06-06T19:08:54.900546
02635,HK,02635,stock_code,stock_info_registry,1.0,2026-06-06T19:08:54.900556
02635,HK,诺比侃,company_name,stock_info_registry,0.95,2026-06-06T19:08:54.900558
02637,HK,02637,stock_code,stock_info_registry,1.0,2026-06-06T19:08:54.900569
02637,HK,海西新药,company_name,stock_info_registry,0.95,2026-06-06T19:08:54.900571
02638,HK,02638,stock_code,stock_info_registry,1.0,2026-06-06T19:08:54.900581
02638,HK,港灯-SS,company_name,stock_info_registry,0.95,2026-06-06T19:08:54.900583
02643,HK,02643,stock_code,stock_info_registry,1.0,2026-06-06T19:08:54.900593
02643,HK,曹操出行,company_name,stock_info_registry,0.95,2026-06-06T19:08:54.900595
02648,HK,02648,stock_code,stock_info_registry,1.0,2026-06-06T19:08:54.900605
02648,HK,安井食品,company_name,stock_info_registry,0.95,2026-06-06T19:08:54.900607
02649,HK,02649,stock_code,stock_info_registry,1.0,2026-06-06T19:08:54.900618
02649,HK,优乐赛共享,company_name,stock_info_registry,0.95,2026-06-06T19:08:54.900620
02650,HK,02650,stock_code,stock_info_registry,1.0,2026-06-06T19:08:54.900630
02650,HK,挚达科技,company_name,stock_info_registry,0.95,2026-06-06T19:08:54.900632
02651,HK,02651,stock_code,stock_info_registry,1.0,2026-06-06T19:08:54.900642
02651,HK,大众口腔,company_name,stock_info_registry,0.95,2026-06-06T19:08:54.900644
02652,HK,02652,stock_code,stock_info_registry,1.0,2026-06-06T19:08:54.900655
02652,HK,长风药业,company_name,stock_info_registry,0.95,2026-06-06T19:08:54.900656
02655,HK,02655,stock_code,stock_info_registry,1.0,2026-06-06T19:08:54.900668
02655,HK,果下科技,company_name,stock_info_registry,0.95,2026-06-06T19:08:54.900670
02656,HK,02656,stock_code,stock_info_registry,1.0,2026-06-06T19:08:54.900681
02656,HK,健康160,company_name,stock_info_registry,0.95,2026-06-06T19:08:54.900683
02657,HK,02657,stock_code,stock_info_registry,1.0,2026-06-06T19:08:54.900693
02657,HK,林清轩,company_name,stock_info_registry,0.95,2026-06-06T19:08:54.900695
02658,HK,02658,stock_code,stock_info_registry,1.0,2026-06-06T19:08:54.900707
02658,HK,天域半导体,company_name,stock_info_registry,0.95,2026-06-06T19:08:54.900709
02659,HK,02659,stock_code,stock_info_registry,1.0,2026-06-06T19:08:54.900719
02659,HK,宝济药业-B,company_name,stock_info_registry,0.95,2026-06-06T19:08:54.900721
02660,HK,02660,stock_code,stock_info_registry,1.0,2026-06-06T19:08:54.900732
02660,HK,禅游科技,company_name,stock_info_registry,0.95,2026-06-06T19:08:54.900734
02661,HK,02661,stock_code,stock_info_registry,1.0,2026-06-06T19:08:54.900744
02661,HK,轻松健康,company_name,stock_info_registry,0.95,2026-06-06T19:08:54.900746
02663,HK,02663,stock_code,stock_info_registry,1.0,2026-06-06T19:08:54.900756
02663,HK,应力控股,company_name,stock_info_registry,0.95,2026-06-06T19:08:54.900758
02665,HK,02665,stock_code,stock_info_registry,1.0,2026-06-06T19:08:54.900769
02665,HK,图达通,company_name,stock_info_registry,0.95,2026-06-06T19:08:54.900770
02666,HK,02666,stock_code,stock_info_registry,1.0,2026-06-06T19:08:54.900781
02666,HK,环球医疗,company_name,stock_info_registry,0.95,2026-06-06T19:08:54.900783
02668,HK,02668,stock_code,stock_info_registry,1.0,2026-06-06T19:08:54.900793
02668,HK,百德国际,company_name,stock_info_registry,0.95,2026-06-06T19:08:54.900795
02669,HK,02669,stock_code,stock_info_registry,1.0,2026-06-06T19:08:54.900805
02669,HK,中海物业,company_name,stock_info_registry,0.95,2026-06-06T19:08:54.900807
02670,HK,02670,stock_code,stock_info_registry,1.0,2026-06-06T19:08:54.900818
02670,HK,云迹,company_name,stock_info_registry,0.95,2026-06-06T19:08:54.900820
02671,HK,02671,stock_code,stock_info_registry,1.0,2026-06-06T19:08:54.900830
02671,HK,美联股份,company_name,stock_info_registry,0.95,2026-06-06T19:08:54.900832
02673,HK,02673,stock_code,stock_info_registry,1.0,2026-06-06T19:08:54.900842
02675,HK,02675,stock_code,stock_info_registry,1.0,2026-06-06T19:08:54.900853
02675,HK,精锋医疗-B,company_name,stock_info_registry,0.95,2026-06-06T19:08:54.900855
02676,HK,02676,stock_code,stock_info_registry,1.0,2026-06-06T19:08:54.900866
02676,HK,纳芯微,company_name,stock_info_registry,0.95,2026-06-06T19:08:54.900867
02677,HK,02677,stock_code,stock_info_registry,1.0,2026-06-06T19:08:54.900879
02677,HK,卓正医疗,company_name,stock_info_registry,0.95,2026-06-06T19:08:54.900880
02678,HK,02678,stock_code,stock_info_registry,1.0,2026-06-06T19:08:54.900892
02678,HK,天虹国际集团,company_name,stock_info_registry,0.95,2026-06-06T19:08:54.900894
02680,HK,02680,stock_code,stock_info_registry,1.0,2026-06-06T19:08:54.900906
02680,HK,创升控股,company_name,stock_info_registry,0.95,2026-06-06T19:08:54.900907
02682,HK,02682,stock_code,stock_info_registry,1.0,2026-06-06T19:08:54.900919
02682,HK,润利海事,company_name,stock_info_registry,0.95,2026-06-06T19:08:54.900921
02683,HK,02683,stock_code,stock_info_registry,1.0,2026-06-06T19:08:54.900932
02683,HK,华新手袋国际控股,company_name,stock_info_registry,0.95,2026-06-06T19:08:54.900933
02685,HK,02685,stock_code,stock_info_registry,1.0,2026-06-06T19:08:54.900944
02685,HK,量化派,company_name,stock_info_registry,0.95,2026-06-06T19:08:54.900946
02687,HK,02687,stock_code,stock_info_registry,1.0,2026-06-06T19:08:54.900956
02687,HK,卓越睿新,company_name,stock_info_registry,0.95,2026-06-06T19:08:54.900958
02688,HK,02688,stock_code,stock_info_registry,1.0,2026-06-06T19:08:54.900968
02688,HK,新奥能源,company_name,stock_info_registry,0.95,2026-06-06T19:08:54.900970
02689,HK,02689,stock_code,stock_info_registry,1.0,2026-06-06T19:08:54.900981
02689,HK,玖龙纸业,company_name,stock_info_registry,0.95,2026-06-06T19:08:54.900982
02691,HK,02691,stock_code,stock_info_registry,1.0,2026-06-06T19:08:54.900993
02691,HK,南华期货股份,company_name,stock_info_registry,0.95,2026-06-06T19:08:54.900995
02692,HK,02692,stock_code,stock_info_registry,1.0,2026-06-06T19:08:54.901005
02692,HK,兆威机电,company_name,stock_info_registry,0.95,2026-06-06T19:08:54.901007
02693,HK,02693,stock_code,stock_info_registry,1.0,2026-06-06T19:08:54.901018
02693,HK,金岩高岭新材,company_name,stock_info_registry,0.95,2026-06-06T19:08:54.901019
02695,HK,02695,stock_code,stock_info_registry,1.0,2026-06-06T19:08:54.901067
02695,HK,印象大红袍,company_name,stock_info_registry,0.95,2026-06-06T19:08:54.901073
02696,HK,02696,stock_code,stock_info_registry,1.0,2026-06-06T19:08:54.901109
02696,HK,复宏汉霖,company_name,stock_info_registry,0.95,2026-06-06T19:08:54.901112
02698,HK,02698,stock_code,stock_info_registry,1.0,2026-06-06T19:08:54.901131
02698,HK,乐舒适,company_name,stock_info_registry,0.95,2026-06-06T19:08:54.901133
02699,HK,02699,stock_code,stock_info_registry,1.0,2026-06-06T19:08:54.901147
02699,HK,新明中国,company_name,stock_info_registry,0.95,2026-06-06T19:08:54.901149
02700,HK,02700,stock_code,stock_info_registry,1.0,2026-06-06T19:08:54.901162
02700,HK,格林国际控股,company_name,stock_info_registry,0.95,2026-06-06T19:08:54.901164
02701,HK,02701,stock_code,stock_info_registry,1.0,2026-06-06T19:08:54.901176
02701,HK,国民技术,company_name,stock_info_registry,0.95,2026-06-06T19:08:54.901178
02706,HK,02706,stock_code,stock_info_registry,1.0,2026-06-06T19:08:54.901190
02706,HK,海致科技集团,company_name,stock_info_registry,0.95,2026-06-06T19:08:54.901192
02708,HK,02708,stock_code,stock_info_registry,1.0,2026-06-06T19:08:54.901204
02714,HK,02714,stock_code,stock_info_registry,1.0,2026-06-06T19:08:54.901215
02714,HK,牧原股份,company_name,stock_info_registry,0.95,2026-06-06T19:08:54.901217
02715,HK,02715,stock_code,stock_info_registry,1.0,2026-06-06T19:08:54.901229
02715,HK,埃斯顿,company_name,stock_info_registry,0.95,2026-06-06T19:08:54.901231
02718,HK,02718,stock_code,stock_info_registry,1.0,2026-06-06T19:08:54.901244
02718,HK,明略科技-W,company_name,stock_info_registry,0.95,2026-06-06T19:08:54.901246
02720,HK,02720,stock_code,stock_info_registry,1.0,2026-06-06T19:08:54.901263
02720,HK,乐欣户外,company_name,stock_info_registry,0.95,2026-06-06T19:08:54.901265
02722,HK,02722,stock_code,stock_info_registry,1.0,2026-06-06T19:08:54.901276
02722,HK,重庆机电,company_name,stock_info_registry,0.95,2026-06-06T19:08:54.901278
02723,HK,02723,stock_code,stock_info_registry,1.0,2026-06-06T19:08:54.901293
02723,HK,深演智能,company_name,stock_info_registry,0.95,2026-06-06T19:08:54.901296
02726,HK,02726,stock_code,stock_info_registry,1.0,2026-06-06T19:08:54.901309
02726,HK,瀚天天成,company_name,stock_info_registry,0.95,2026-06-06T19:08:54.901311
02727,HK,02727,stock_code,stock_info_registry,1.0,2026-06-06T19:08:54.901323
02727,HK,上海电气,company_name,stock_info_registry,0.95,2026-06-06T19:08:54.901325
02728,HK,02728,stock_code,stock_info_registry,1.0,2026-06-06T19:08:54.901336
02728,HK,金泰能源控股,company_name,stock_info_registry,0.95,2026-06-06T19:08:54.901338
02729,HK,02729,stock_code,stock_info_registry,1.0,2026-06-06T19:08:54.901349
02729,HK,凯乐士科技,company_name,stock_info_registry,0.95,2026-06-06T19:08:54.901351
02738,HK,02738,stock_code,stock_info_registry,1.0,2026-06-06T19:08:54.901362
02738,HK,华津国际控股,company_name,stock_info_registry,0.95,2026-06-06T19:08:54.901364
02768,HK,02768,stock_code,stock_info_registry,1.0,2026-06-06T19:08:54.901375
02768,HK,国恩科技,company_name,stock_info_registry,0.95,2026-06-06T19:08:54.901377
02772,HK,02772,stock_code,stock_info_registry,1.0,2026-06-06T19:08:54.901390
02772,HK,中梁控股,company_name,stock_info_registry,0.95,2026-06-06T19:08:54.901391
02777,HK,02777,stock_code,stock_info_registry,1.0,2026-06-06T19:08:54.901403
02777,HK,富力地产,company_name,stock_info_registry,0.95,2026-06-06T19:08:54.901404
02779,HK,02779,stock_code,stock_info_registry,1.0,2026-06-06T19:08:54.901416
02779,HK,中国新华教育,company_name,stock_info_registry,0.95,2026-06-06T19:08:54.901418
02788,HK,02788,stock_code,stock_info_registry,1.0,2026-06-06T19:08:54.901429
02788,HK,创新实业,company_name,stock_info_registry,0.95,2026-06-06T19:08:54.901431
02789,HK,02789,stock_code,stock_info_registry,1.0,2026-06-06T19:08:54.901442
02789,HK,远大中国,company_name,stock_info_registry,0.95,2026-06-06T19:08:54.901444
02798,HK,02798,stock_code,stock_info_registry,1.0,2026-06-06T19:08:54.901455
02798,HK,久泰邦达能源,company_name,stock_info_registry,0.95,2026-06-06T19:08:54.901457
02799,HK,02799,stock_code,stock_info_registry,1.0,2026-06-06T19:08:54.901468
02799,HK,中信金融资产,company_name,stock_info_registry,0.95,2026-06-06T19:08:54.901470
02858,HK,02858,stock_code,stock_info_registry,1.0,2026-06-06T19:08:54.901481
02858,HK,易鑫集团,company_name,stock_info_registry,0.95,2026-06-06T19:08:54.901482
02863,HK,02863,stock_code,stock_info_registry,1.0,2026-06-06T19:08:54.901493
02863,HK,高丰集团控股,company_name,stock_info_registry,0.95,2026-06-06T19:08:54.901495
02865,HK,02865,stock_code,stock_info_registry,1.0,2026-06-06T19:08:54.901506
02865,HK,钧达股份,company_name,stock_info_registry,0.95,2026-06-06T19:08:54.901508
02866,HK,02866,stock_code,stock_info_registry,1.0,2026-06-06T19:08:54.901518
02866,HK,中远海发,company_name,stock_info_registry,0.95,2026-06-06T19:08:54.901520
02869,HK,02869,stock_code,stock_info_registry,1.0,2026-06-06T19:08:54.901531
02869,HK,绿城服务,company_name,stock_info_registry,0.95,2026-06-06T19:08:54.901533
02877,HK,02877,stock_code,stock_info_registry,1.0,2026-06-06T19:08:54.901544
02877,HK,神威药业,company_name,stock_info_registry,0.95,2026-06-06T19:08:54.901545
02878,HK,02878,stock_code,stock_info_registry,1.0,2026-06-06T19:08:54.901556
02878,HK,晶门半导体,company_name,stock_info_registry,0.95,2026-06-06T19:08:54.901558
02880,HK,02880,stock_code,stock_info_registry,1.0,2026-06-06T19:08:54.901569
02880,HK,辽港股份,company_name,stock_info_registry,0.95,2026-06-06T19:08:54.901571
02881,HK,02881,stock_code,stock_info_registry,1.0,2026-06-06T19:08:54.901582
02881,HK,武汉有机,company_name,stock_info_registry,0.95,2026-06-06T19:08:54.901584
02882,HK,02882,stock_code,stock_info_registry,1.0,2026-06-06T19:08:54.901595
02882,HK,金至尊集团,company_name,stock_info_registry,0.95,2026-06-06T19:08:54.901596
02883,HK,02883,stock_code,stock_info_registry,1.0,2026-06-06T19:08:54.901608
02883,HK,中海油田服务,company_name,stock_info_registry,0.95,2026-06-06T19:08:54.901609
02885,HK,02885,stock_code,stock_info_registry,1.0,2026-06-06T19:08:54.901620
02885,HK,彼岸控股,company_name,stock_info_registry,0.95,2026-06-06T19:08:54.901622
02886,HK,02886,stock_code,stock_info_registry,1.0,2026-06-06T19:08:54.901633
02886,HK,滨海投资,company_name,stock_info_registry,0.95,2026-06-06T19:08:54.901635
02888,HK,02888,stock_code,stock_info_registry,1.0,2026-06-06T19:08:54.901646
02888,HK,渣打集团,company_name,stock_info_registry,0.95,2026-06-06T19:08:54.901647
02889,HK,02889,stock_code,stock_info_registry,1.0,2026-06-06T19:08:54.901658
02889,HK,博泰车联,company_name,stock_info_registry,0.95,2026-06-06T19:08:54.901660
02892,HK,02892,stock_code,stock_info_registry,1.0,2026-06-06T19:08:54.901671
02892,HK,万城控股,company_name,stock_info_registry,0.95,2026-06-06T19:08:54.901672
02898,HK,02898,stock_code,stock_info_registry,1.0,2026-06-06T19:08:54.901683
02898,HK,盛禾生物-B,company_name,stock_info_registry,0.95,2026-06-06T19:08:54.901685
02899,HK,02899,stock_code,stock_info_registry,1.0,2026-06-06T19:08:54.901696
02899,HK,紫金矿业,company_name,stock_info_registry,0.95,2026-06-06T19:08:54.901698
02905,HK,02905,stock_code,stock_info_registry,1.0,2026-06-06T19:08:54.901708
02909,HK,02909,stock_code,stock_info_registry,1.0,2026-06-06T19:08:54.901719
02923,HK,02923,stock_code,stock_info_registry,1.0,2026-06-06T19:08:54.901730
02934,HK,02934,stock_code,stock_info_registry,1.0,2026-06-06T19:08:54.901741
02935,HK,02935,stock_code,stock_info_registry,1.0,2026-06-06T19:08:54.901752
02940,HK,02940,stock_code,stock_info_registry,1.0,2026-06-06T19:08:54.901762
02941,HK,02941,stock_code,stock_info_registry,1.0,2026-06-06T19:08:54.901773
02942,HK,02942,stock_code,stock_info_registry,1.0,2026-06-06T19:08:54.901784
02944,HK,02944,stock_code,stock_info_registry,1.0,2026-06-06T19:08:54.901794
02944,HK,02944,company_name,stock_info_registry,0.95,2026-06-06T19:08:54.901796
02945,HK,02945,stock_code,stock_info_registry,1.0,2026-06-06T19:08:54.901808
02946,HK,02946,stock_code,stock_info_registry,1.0,2026-06-06T19:08:54.901819
02946,HK,谊和股份(旧),company_name,stock_info_registry,0.95,2026-06-06T19:08:54.901821
02947,HK,02947,stock_code,stock_info_registry,1.0,2026-06-06T19:08:54.901832
02948,HK,02948,stock_code,stock_info_registry,1.0,2026-06-06T19:08:54.901842
02949,HK,02949,stock_code,stock_info_registry,1.0,2026-06-06T19:08:54.901853
02950,HK,02950,stock_code,stock_info_registry,1.0,2026-06-06T19:08:54.901864
02950,HK,升能集团(旧),company_name,stock_info_registry,0.95,2026-06-06T19:08:54.901866
02951,HK,02951,stock_code,stock_info_registry,1.0,2026-06-06T19:08:54.901876
02951,HK,京玖康疗(旧),company_name,stock_info_registry,0.95,2026-06-06T19:08:54.901878
02952,HK,02952,stock_code,stock_info_registry,1.0,2026-06-06T19:08:54.901889
02952,HK,杭品生活科技股权,company_name,stock_info_registry,0.95,2026-06-06T19:08:54.901891
02955,HK,02955,stock_code,stock_info_registry,1.0,2026-06-06T19:08:54.901902
02955,HK,国富量子(二千),company_name,stock_info_registry,0.95,2026-06-06T19:08:54.901904
02956,HK,02956,stock_code,stock_info_registry,1.0,2026-06-06T19:08:54.901914
02956,HK,中国健康科技股权,company_name,stock_info_registry,0.95,2026-06-06T19:08:54.901916
02957,HK,02957,stock_code,stock_info_registry,1.0,2026-06-06T19:08:54.901927
02957,HK,中国金融国际,company_name,stock_info_registry,0.95,2026-06-06T19:08:54.901929
02958,HK,02958,stock_code,stock_info_registry,1.0,2026-06-06T19:08:54.901940
02958,HK,远见控股,company_name,stock_info_registry,0.95,2026-06-06T19:08:54.901942
02959,HK,02959,stock_code,stock_info_registry,1.0,2026-06-06T19:08:54.901952
02959,HK,杜甫酒业集团,company_name,stock_info_registry,0.95,2026-06-06T19:08:54.901954
02960,HK,02960,stock_code,stock_info_registry,1.0,2026-06-06T19:08:54.901965
02960,HK,爱高集团股权,company_name,stock_info_registry,0.95,2026-06-06T19:08:54.901966
02961,HK,02961,stock_code,stock_info_registry,1.0,2026-06-06T19:08:54.901977
02961,HK,中深建业股权,company_name,stock_info_registry,0.95,2026-06-06T19:08:54.901979
02962,HK,02962,stock_code,stock_info_registry,1.0,2026-06-06T19:08:54.901990
02962,HK,新明中国,company_name,stock_info_registry,0.95,2026-06-06T19:08:54.901992
02974,HK,02974,stock_code,stock_info_registry,1.0,2026-06-06T19:08:54.902002
02979,HK,02979,stock_code,stock_info_registry,1.0,2026-06-06T19:08:54.902013
02983,HK,02983,stock_code,stock_info_registry,1.0,2026-06-06T19:08:54.902024
02998,HK,02998,stock_code,stock_info_registry,1.0,2026-06-06T19:08:54.902035
03200,HK,03200,stock_code,stock_info_registry,1.0,2026-06-06T19:08:54.902045
03200,HK,大族数控,company_name,stock_info_registry,0.95,2026-06-06T19:08:54.902047
03268,HK,03268,stock_code,stock_info_registry,1.0,2026-06-06T19:08:54.902058
03268,HK,美格智能,company_name,stock_info_registry,0.95,2026-06-06T19:08:54.902060
03277,HK,03277,stock_code,stock_info_registry,1.0,2026-06-06T19:08:54.902070
03277,HK,长光辰芯,company_name,stock_info_registry,0.95,2026-06-06T19:08:54.902072
03288,HK,03288,stock_code,stock_info_registry,1.0,2026-06-06T19:08:54.902083
03288,HK,海天味业,company_name,stock_info_registry,0.95,2026-06-06T19:08:54.902085
03296,HK,03296,stock_code,stock_info_registry,1.0,2026-06-06T19:08:54.902096
03296,HK,华勤技术,company_name,stock_info_registry,0.95,2026-06-06T19:08:54.902097
03300,HK,03300,stock_code,stock_info_registry,1.0,2026-06-06T19:08:54.902108
03300,HK,中国玻璃,company_name,stock_info_registry,0.95,2026-06-06T19:08:54.902110
03301,HK,03301,stock_code,stock_info_registry,1.0,2026-06-06T19:08:54.902121
03301,HK,融信中国,company_name,stock_info_registry,0.95,2026-06-06T19:08:54.902122
03302,HK,03302,stock_code,stock_info_registry,1.0,2026-06-06T19:08:54.902133
03302,HK,精技集团,company_name,stock_info_registry,0.95,2026-06-06T19:08:54.902135
03303,HK,03303,stock_code,stock_info_registry,1.0,2026-06-06T19:08:54.902146
03303,HK,巨涛海洋石油服务,company_name,stock_info_registry,0.95,2026-06-06T19:08:54.902148
03306,HK,03306,stock_code,stock_info_registry,1.0,2026-06-06T19:08:54.902159
03306,HK,江南布衣,company_name,stock_info_registry,0.95,2026-06-06T19:08:54.902160
03309,HK,03309,stock_code,stock_info_registry,1.0,2026-06-06T19:08:54.902171
03309,HK,希玛医疗,company_name,stock_info_registry,0.95,2026-06-06T19:08:54.902173
03310,HK,03310,stock_code,stock_info_registry,1.0,2026-06-06T19:08:54.902186
03310,HK,云英谷科技,company_name,stock_info_registry,0.95,2026-06-06T19:08:54.902188
03311,HK,03311,stock_code,stock_info_registry,1.0,2026-06-06T19:08:54.902199
03311,HK,中国建筑国际,company_name,stock_info_registry,0.95,2026-06-06T19:08:54.902201
03313,HK,03313,stock_code,stock_info_registry,1.0,2026-06-06T19:08:54.902213
03313,HK,雅高控股,company_name,stock_info_registry,0.95,2026-06-06T19:08:54.902215
03315,HK,03315,stock_code,stock_info_registry,1.0,2026-06-06T19:08:54.902226
03315,HK,金邦达宝嘉,company_name,stock_info_registry,0.95,2026-06-06T19:08:54.902228
03316,HK,03316,stock_code,stock_info_registry,1.0,2026-06-06T19:08:54.902239
03316,HK,滨江服务,company_name,stock_info_registry,0.95,2026-06-06T19:08:54.902241
03317,HK,03317,stock_code,stock_info_registry,1.0,2026-06-06T19:08:54.902251
03317,HK,迅策,company_name,stock_info_registry,0.95,2026-06-06T19:08:54.902253
03318,HK,03318,stock_code,stock_info_registry,1.0,2026-06-06T19:08:54.902264
03318,HK,中国波顿,company_name,stock_info_registry,0.95,2026-06-06T19:08:54.902266
03319,HK,03319,stock_code,stock_info_registry,1.0,2026-06-06T19:08:54.902277
03319,HK,雅生活服务,company_name,stock_info_registry,0.95,2026-06-06T19:08:54.902278
03320,HK,03320,stock_code,stock_info_registry,1.0,2026-06-06T19:08:54.902289
03320,HK,华润医药,company_name,stock_info_registry,0.95,2026-06-06T19:08:54.902291
03321,HK,03321,stock_code,stock_info_registry,1.0,2026-06-06T19:08:54.902302
03321,HK,中科集团控股,company_name,stock_info_registry,0.95,2026-06-06T19:08:54.902304
03322,HK,03322,stock_code,stock_info_registry,1.0,2026-06-06T19:08:54.902314
03322,HK,永嘉集团,company_name,stock_info_registry,0.95,2026-06-06T19:08:54.902316
03323,HK,03323,stock_code,stock_info_registry,1.0,2026-06-06T19:08:54.902327
03323,HK,中国建材,company_name,stock_info_registry,0.95,2026-06-06T19:08:54.902328
03326,HK,03326,stock_code,stock_info_registry,1.0,2026-06-06T19:08:54.902341
03328,HK,03328,stock_code,stock_info_registry,1.0,2026-06-06T19:08:54.902352
03328,HK,交通银行,company_name,stock_info_registry,0.95,2026-06-06T19:08:54.902353
03329,HK,03329,stock_code,stock_info_registry,1.0,2026-06-06T19:08:54.902364
03329,HK,交银国际,company_name,stock_info_registry,0.95,2026-06-06T19:08:54.902366
03330,HK,03330,stock_code,stock_info_registry,1.0,2026-06-06T19:08:54.902376
03330,HK,灵宝黄金,company_name,stock_info_registry,0.95,2026-06-06T19:08:54.902378
03332,HK,03332,stock_code,stock_info_registry,1.0,2026-06-06T19:08:54.902389
03332,HK,中生联合,company_name,stock_info_registry,0.95,2026-06-06T19:08:54.902391
03333,HK,03333,stock_code,stock_info_registry,1.0,2026-06-06T19:08:54.902401
03336,HK,03336,stock_code,stock_info_registry,1.0,2026-06-06T19:08:54.902412
03336,HK,巨腾国际,company_name,stock_info_registry,0.95,2026-06-06T19:08:54.902414
03337,HK,03337,stock_code,stock_info_registry,1.0,2026-06-06T19:08:54.902425
03337,HK,安东油田服务,company_name,stock_info_registry,0.95,2026-06-06T19:08:54.902427
03339,HK,03339,stock_code,stock_info_registry,1.0,2026-06-06T19:08:54.902437
03339,HK,中国龙工,company_name,stock_info_registry,0.95,2026-06-06T19:08:54.902439
03347,HK,03347,stock_code,stock_info_registry,1.0,2026-06-06T19:08:54.902450
03347,HK,泰格医药,company_name,stock_info_registry,0.95,2026-06-06T19:08:54.902452
03348,HK,03348,stock_code,stock_info_registry,1.0,2026-06-06T19:08:54.902462
03348,HK,中国鹏飞集团,company_name,stock_info_registry,0.95,2026-06-06T19:08:54.902464
03355,HK,03355,stock_code,stock_info_registry,1.0,2026-06-06T19:08:54.902475
03355,HK,飞速创新,company_name,stock_info_registry,0.95,2026-06-06T19:08:54.902477
03360,HK,03360,stock_code,stock_info_registry,1.0,2026-06-06T19:08:54.902488
03360,HK,远东宏信,company_name,stock_info_registry,0.95,2026-06-06T19:08:54.902490
03363,HK,03363,stock_code,stock_info_registry,1.0,2026-06-06T19:08:54.902500
03363,HK,正业国际,company_name,stock_info_registry,0.95,2026-06-06T19:08:54.902502
03366,HK,03366,stock_code,stock_info_registry,1.0,2026-06-06T19:08:54.902513
03366,HK,华侨城(亚洲),company_name,stock_info_registry,0.95,2026-06-06T19:08:54.902515
03368,HK,03368,stock_code,stock_info_registry,1.0,2026-06-06T19:08:54.902525
03368,HK,百盛集团,company_name,stock_info_registry,0.95,2026-06-06T19:08:54.902527
03369,HK,03369,stock_code,stock_info_registry,1.0,2026-06-06T19:08:54.902538
03369,HK,秦港股份,company_name,stock_info_registry,0.95,2026-06-06T19:08:54.902540
03377,HK,03377,stock_code,stock_info_registry,1.0,2026-06-06T19:08:54.902550
03377,HK,远洋集团,company_name,stock_info_registry,0.95,2026-06-06T19:08:54.902552
03378,HK,03378,stock_code,stock_info_registry,1.0,2026-06-06T19:08:54.902563
03378,HK,翰思艾泰-B,company_name,stock_info_registry,0.95,2026-06-06T19:08:54.902565
03380,HK,03380,stock_code,stock_info_registry,1.0,2026-06-06T19:08:54.902575
03380,HK,龙光集团,company_name,stock_info_registry,0.95,2026-06-06T19:08:54.902577
03382,HK,03382,stock_code,stock_info_registry,1.0,2026-06-06T19:08:54.902588
03382,HK,天津港发展,company_name,stock_info_registry,0.95,2026-06-06T19:08:54.902590
03383,HK,03383,stock_code,stock_info_registry,1.0,2026-06-06T19:08:54.902600
03383,HK,雅居乐集团,company_name,stock_info_registry,0.95,2026-06-06T19:08:54.902602
03388,HK,03388,stock_code,stock_info_registry,1.0,2026-06-06T19:08:54.902613
03388,HK,创想三维,company_name,stock_info_registry,0.95,2026-06-06T19:08:54.902614
03389,HK,03389,stock_code,stock_info_registry,1.0,2026-06-06T19:08:54.902625
03389,HK,亨得利,company_name,stock_info_registry,0.95,2026-06-06T19:08:54.902627
03390,HK,03390,stock_code,stock_info_registry,1.0,2026-06-06T19:08:54.902638
03390,HK,满贯集团,company_name,stock_info_registry,0.95,2026-06-06T19:08:54.902640
03393,HK,03393,stock_code,stock_info_registry,1.0,2026-06-06T19:08:54.902650
03393,HK,威胜控股,company_name,stock_info_registry,0.95,2026-06-06T19:08:54.902652
03395,HK,03395,stock_code,stock_info_registry,1.0,2026-06-06T19:08:54.902663
03395,HK,吉星新能源,company_name,stock_info_registry,0.95,2026-06-06T19:08:54.902665
03396,HK,03396,stock_code,stock_info_registry,1.0,2026-06-06T19:08:54.902675
03396,HK,联想控股,company_name,stock_info_registry,0.95,2026-06-06T19:08:54.902677
03398,HK,03398,stock_code,stock_info_registry,1.0,2026-06-06T19:08:54.902688
03398,HK,华鼎控股,company_name,stock_info_registry,0.95,2026-06-06T19:08:54.902690
03399,HK,03399,stock_code,stock_info_registry,1.0,2026-06-06T19:08:54.902700
03399,HK,粤运交通,company_name,stock_info_registry,0.95,2026-06-06T19:08:54.902702
03600,HK,03600,stock_code,stock_info_registry,1.0,2026-06-06T19:08:54.902716
03600,HK,现代牙科,company_name,stock_info_registry,0.95,2026-06-06T19:08:54.902718
03601,HK,03601,stock_code,stock_info_registry,1.0,2026-06-06T19:08:54.902729
03601,HK,鲁大师,company_name,stock_info_registry,0.95,2026-06-06T19:08:54.902731
03603,HK,03603,stock_code,stock_info_registry,1.0,2026-06-06T19:08:54.902742
03603,HK,信基沙溪,company_name,stock_info_registry,0.95,2026-06-06T19:08:54.902744
03606,HK,03606,stock_code,stock_info_registry,1.0,2026-06-06T19:08:54.902755
03606,HK,福耀玻璃,company_name,stock_info_registry,0.95,2026-06-06T19:08:54.902757
03613,HK,03613,stock_code,stock_info_registry,1.0,2026-06-06T19:08:54.902767
03613,HK,同仁堂国药,company_name,stock_info_registry,0.95,2026-06-06T19:08:54.902769
03616,HK,03616,stock_code,stock_info_registry,1.0,2026-06-06T19:08:54.902780
03616,HK,恒达集团控股,company_name,stock_info_registry,0.95,2026-06-06T19:08:54.902782
03618,HK,03618,stock_code,stock_info_registry,1.0,2026-06-06T19:08:54.902793
03618,HK,重庆农村商业银行,company_name,stock_info_registry,0.95,2026-06-06T19:08:54.902794
03623,HK,03623,stock_code,stock_info_registry,1.0,2026-06-06T19:08:54.902805
03623,HK,中国金融发展,company_name,stock_info_registry,0.95,2026-06-06T19:08:54.902807
03625,HK,03625,stock_code,stock_info_registry,1.0,2026-06-06T19:08:54.902818
03625,HK,傅里叶,company_name,stock_info_registry,0.95,2026-06-06T19:08:54.902820
03626,HK,03626,stock_code,stock_info_registry,1.0,2026-06-06T19:08:54.902830
03626,HK,启明东方控股,company_name,stock_info_registry,0.95,2026-06-06T19:08:54.902832
03628,HK,03628,stock_code,stock_info_registry,1.0,2026-06-06T19:08:54.902844
03628,HK,仁恒实业控股,company_name,stock_info_registry,0.95,2026-06-06T19:08:54.902846
03633,HK,03633,stock_code,stock_info_registry,1.0,2026-06-06T19:08:54.902857
03633,HK,中裕能源,company_name,stock_info_registry,0.95,2026-06-06T19:08:54.902858
03636,HK,03636,stock_code,stock_info_registry,1.0,2026-06-06T19:08:54.902869
03636,HK,金浔资源,company_name,stock_info_registry,0.95,2026-06-06T19:08:54.902871
03638,HK,03638,stock_code,stock_info_registry,1.0,2026-06-06T19:08:54.902882
03638,HK,亨利加集团,company_name,stock_info_registry,0.95,2026-06-06T19:08:54.902883
03639,HK,03639,stock_code,stock_info_registry,1.0,2026-06-06T19:08:54.902894
03639,HK,亿达中国,company_name,stock_info_registry,0.95,2026-06-06T19:08:54.902896
03650,HK,03650,stock_code,stock_info_registry,1.0,2026-06-06T19:08:54.902907
03650,HK,KEEP,company_name,stock_info_registry,0.95,2026-06-06T19:08:54.902908
03658,HK,03658,stock_code,stock_info_registry,1.0,2026-06-06T19:08:54.902919
03658,HK,新希望服务,company_name,stock_info_registry,0.95,2026-06-06T19:08:54.902921
03660,HK,03660,stock_code,stock_info_registry,1.0,2026-06-06T19:08:54.902932
03660,HK,奇富科技-S,company_name,stock_info_registry,0.95,2026-06-06T19:08:54.902933
03662,HK,03662,stock_code,stock_info_registry,1.0,2026-06-06T19:08:54.902944
03662,HK,星悦康旅,company_name,stock_info_registry,0.95,2026-06-06T19:08:54.902946
03666,HK,03666,stock_code,stock_info_registry,1.0,2026-06-06T19:08:54.902956
03666,HK,上海小南国,company_name,stock_info_registry,0.95,2026-06-06T19:08:54.902958
03668,HK,03668,stock_code,stock_info_registry,1.0,2026-06-06T19:08:54.902969
03668,HK,兖煤澳大利亚,company_name,stock_info_registry,0.95,2026-06-06T19:08:54.902971
03669,HK,03669,stock_code,stock_info_registry,1.0,2026-06-06T19:08:54.902981
03669,HK,永达汽车,company_name,stock_info_registry,0.95,2026-06-06T19:08:54.902983
03677,HK,03677,stock_code,stock_info_registry,1.0,2026-06-06T19:08:54.902994
03677,HK,正力新能,company_name,stock_info_registry,0.95,2026-06-06T19:08:54.902995
03678,HK,03678,stock_code,stock_info_registry,1.0,2026-06-06T19:08:54.903006
03678,HK,弘业期货,company_name,stock_info_registry,0.95,2026-06-06T19:08:54.903008
03680,HK,03680,stock_code,stock_info_registry,1.0,2026-06-06T19:08:54.903018
03680,HK,瑞和数智,company_name,stock_info_registry,0.95,2026-06-06T19:08:54.903020
03681,HK,03681,stock_code,stock_info_registry,1.0,2026-06-06T19:08:54.903031
03681,HK,中国抗体-B,company_name,stock_info_registry,0.95,2026-06-06T19:08:54.903033
03683,HK,03683,stock_code,stock_info_registry,1.0,2026-06-06T19:08:54.903043
03683,HK,荣丰亿控股,company_name,stock_info_registry,0.95,2026-06-06T19:08:54.903045
03686,HK,03686,stock_code,stock_info_registry,1.0,2026-06-06T19:08:54.903056
03686,HK,祈福生活服务,company_name,stock_info_registry,0.95,2026-06-06T19:08:54.903058
03688,HK,03688,stock_code,stock_info_registry,1.0,2026-06-06T19:08:54.903068
03688,HK,莱蒙国际,company_name,stock_info_registry,0.95,2026-06-06T19:08:54.903070
03689,HK,03689,stock_code,stock_info_registry,1.0,2026-06-06T19:08:54.903085
03689,HK,康华医疗,company_name,stock_info_registry,0.95,2026-06-06T19:08:54.903087
03690,HK,03690,stock_code,stock_info_registry,1.0,2026-06-06T19:08:54.903099
03690,HK,美团-W,company_name,stock_info_registry,0.95,2026-06-06T19:08:54.903101
03692,HK,03692,stock_code,stock_info_registry,1.0,2026-06-06T19:08:54.903112
03692,HK,翰森制药,company_name,stock_info_registry,0.95,2026-06-06T19:08:54.903114
03696,HK,03696,stock_code,stock_info_registry,1.0,2026-06-06T19:08:54.903124
03696,HK,英矽智能,company_name,stock_info_registry,0.95,2026-06-06T19:08:54.903126
03698,HK,03698,stock_code,stock_info_registry,1.0,2026-06-06T19:08:54.903137
03698,HK,徽商银行,company_name,stock_info_registry,0.95,2026-06-06T19:08:54.903139
03699,HK,03699,stock_code,stock_info_registry,1.0,2026-06-06T19:08:54.903149
03699,HK,光大永年,company_name,stock_info_registry,0.95,2026-06-06T19:08:54.903151
03700,HK,03700,stock_code,stock_info_registry,1.0,2026-06-06T19:08:54.903161
03700,HK,映宇宙,company_name,stock_info_registry,0.95,2026-06-06T19:08:54.903163
03708,HK,03708,stock_code,stock_info_registry,1.0,2026-06-06T19:08:54.903174
03708,HK,世界数字经济产业,company_name,stock_info_registry,0.95,2026-06-06T19:08:54.903176
03709,HK,03709,stock_code,stock_info_registry,1.0,2026-06-06T19:08:54.903187
03709,HK,赢家时尚,company_name,stock_info_registry,0.95,2026-06-06T19:08:54.903188
03718,HK,03718,stock_code,stock_info_registry,1.0,2026-06-06T19:08:54.903199
03718,HK,北控城市资源,company_name,stock_info_registry,0.95,2026-06-06T19:08:54.903201
03728,HK,03728,stock_code,stock_info_registry,1.0,2026-06-06T19:08:54.903211
03728,HK,正利控股,company_name,stock_info_registry,0.95,2026-06-06T19:08:54.903213
03737,HK,03737,stock_code,stock_info_registry,1.0,2026-06-06T19:08:54.903226
03737,HK,中智药业,company_name,stock_info_registry,0.95,2026-06-06T19:08:54.903228
03738,HK,03738,stock_code,stock_info_registry,1.0,2026-06-06T19:08:54.903239
03738,HK,阜博集团,company_name,stock_info_registry,0.95,2026-06-06T19:08:54.903241
03750,HK,03750,stock_code,stock_info_registry,1.0,2026-06-06T19:08:54.903252
03750,HK,宁德时代,company_name,stock_info_registry,0.95,2026-06-06T19:08:54.903254
03759,HK,03759,stock_code,stock_info_registry,1.0,2026-06-06T19:08:54.903264
03759,HK,康龙化成,company_name,stock_info_registry,0.95,2026-06-06T19:08:54.903266
03768,HK,03768,stock_code,stock_info_registry,1.0,2026-06-06T19:08:54.903277
03768,HK,滇池水务,company_name,stock_info_registry,0.95,2026-06-06T19:08:54.903279
03773,HK,03773,stock_code,stock_info_registry,1.0,2026-06-06T19:08:54.903289
03773,HK,银盛数惠,company_name,stock_info_registry,0.95,2026-06-06T19:08:54.903291
03778,HK,03778,stock_code,stock_info_registry,1.0,2026-06-06T19:08:54.903302
03778,HK,中国织材控股,company_name,stock_info_registry,0.95,2026-06-06T19:08:54.903303
03788,HK,03788,stock_code,stock_info_registry,1.0,2026-06-06T19:08:54.903314
03788,HK,罕王黄金,company_name,stock_info_registry,0.95,2026-06-06T19:08:54.903316
03789,HK,03789,stock_code,stock_info_registry,1.0,2026-06-06T19:08:54.903326
03789,HK,御佳控股,company_name,stock_info_registry,0.95,2026-06-06T19:08:54.903328
03798,HK,03798,stock_code,stock_info_registry,1.0,2026-06-06T19:08:54.903340
03798,HK,家乡互动,company_name,stock_info_registry,0.95,2026-06-06T19:08:54.903342
03800,HK,03800,stock_code,stock_info_registry,1.0,2026-06-06T19:08:54.903353
03800,HK,协鑫科技,company_name,stock_info_registry,0.95,2026-06-06T19:08:54.903354
03808,HK,03808,stock_code,stock_info_registry,1.0,2026-06-06T19:08:54.903365
03808,HK,中国重汽,company_name,stock_info_registry,0.95,2026-06-06T19:08:54.903367
03813,HK,03813,stock_code,stock_info_registry,1.0,2026-06-06T19:08:54.903377
03813,HK,宝胜国际,company_name,stock_info_registry,0.95,2026-06-06T19:08:54.903379
03816,HK,03816,stock_code,stock_info_registry,1.0,2026-06-06T19:08:54.903390
03816,HK,KFM金德,company_name,stock_info_registry,0.95,2026-06-06T19:08:54.903392
03818,HK,03818,stock_code,stock_info_registry,1.0,2026-06-06T19:08:54.903402
03818,HK,中国动向,company_name,stock_info_registry,0.95,2026-06-06T19:08:54.903404
03822,HK,03822,stock_code,stock_info_registry,1.0,2026-06-06T19:08:54.903414
03822,HK,三和建筑集团,company_name,stock_info_registry,0.95,2026-06-06T19:08:54.903416
03828,HK,03828,stock_code,stock_info_registry,1.0,2026-06-06T19:08:54.903427
03828,HK,明辉国际,company_name,stock_info_registry,0.95,2026-06-06T19:08:54.903429
03830,HK,03830,stock_code,stock_info_registry,1.0,2026-06-06T19:08:54.903439
03830,HK,童园国际,company_name,stock_info_registry,0.95,2026-06-06T19:08:54.903441
03833,HK,03833,stock_code,stock_info_registry,1.0,2026-06-06T19:08:54.903451
03833,HK,新疆新鑫矿业,company_name,stock_info_registry,0.95,2026-06-06T19:08:54.903453
03836,HK,03836,stock_code,stock_info_registry,1.0,2026-06-06T19:08:54.903464
03836,HK,和谐汽车,company_name,stock_info_registry,0.95,2026-06-06T19:08:54.903466
03838,HK,03838,stock_code,stock_info_registry,1.0,2026-06-06T19:08:54.903476
03838,HK,中国淀粉,company_name,stock_info_registry,0.95,2026-06-06T19:08:54.903478
03839,HK,03839,stock_code,stock_info_registry,1.0,2026-06-06T19:08:54.903490
03839,HK,正大企业国际,company_name,stock_info_registry,0.95,2026-06-06T19:08:54.903492
03848,HK,03848,stock_code,stock_info_registry,1.0,2026-06-06T19:08:54.903503
03848,HK,浩森金融科技,company_name,stock_info_registry,0.95,2026-06-06T19:08:54.903504
03858,HK,03858,stock_code,stock_info_registry,1.0,2026-06-06T19:08:54.903515
03858,HK,佳鑫国际资源,company_name,stock_info_registry,0.95,2026-06-06T19:08:54.903517
03860,HK,03860,stock_code,stock_info_registry,1.0,2026-06-06T19:08:54.903528
03860,HK,EPS创健科技,company_name,stock_info_registry,0.95,2026-06-06T19:08:54.903530
03866,HK,03866,stock_code,stock_info_registry,1.0,2026-06-06T19:08:54.903540
03866,HK,青岛银行,company_name,stock_info_registry,0.95,2026-06-06T19:08:54.903542
03868,HK,03868,stock_code,stock_info_registry,1.0,2026-06-06T19:08:54.903552
03868,HK,信义能源,company_name,stock_info_registry,0.95,2026-06-06T19:08:54.903554
03869,HK,03869,stock_code,stock_info_registry,1.0,2026-06-06T19:08:54.903565
03869,HK,弘和仁爱医疗,company_name,stock_info_registry,0.95,2026-06-06T19:08:54.903566
03877,HK,03877,stock_code,stock_info_registry,1.0,2026-06-06T19:08:54.903577
03877,HK,中国船舶租赁,company_name,stock_info_registry,0.95,2026-06-06T19:08:54.903579
03878,HK,03878,stock_code,stock_info_registry,1.0,2026-06-06T19:08:54.903590
03878,HK,VICON HOLDINGS,company_name,stock_info_registry,0.95,2026-06-06T19:08:54.903591
03880,HK,03880,stock_code,stock_info_registry,1.0,2026-06-06T19:08:54.903602
03880,HK,泰德医药,company_name,stock_info_registry,0.95,2026-06-06T19:08:54.903604
03881,HK,03881,stock_code,stock_info_registry,1.0,2026-06-06T19:08:54.903614
03881,HK,希迪智驾,company_name,stock_info_registry,0.95,2026-06-06T19:08:54.903616
03882,HK,03882,stock_code,stock_info_registry,1.0,2026-06-06T19:08:54.903626
03882,HK,天彩控股,company_name,stock_info_registry,0.95,2026-06-06T19:08:54.903628
03883,HK,03883,stock_code,stock_info_registry,1.0,2026-06-06T19:08:54.903639
03883,HK,中国奥园,company_name,stock_info_registry,0.95,2026-06-06T19:08:54.903641
03886,HK,03886,stock_code,stock_info_registry,1.0,2026-06-06T19:08:54.903651
03886,HK,康健国际医疗,company_name,stock_info_registry,0.95,2026-06-06T19:08:54.903653
03887,HK,03887,stock_code,stock_info_registry,1.0,2026-06-06T19:08:54.903664
03887,HK,HASHKEY HLDGS,company_name,stock_info_registry,0.95,2026-06-06T19:08:54.903666
03888,HK,03888,stock_code,stock_info_registry,1.0,2026-06-06T19:08:54.903676
03888,HK,金山软件,company_name,stock_info_registry,0.95,2026-06-06T19:08:54.903678
03889,HK,03889,stock_code,stock_info_registry,1.0,2026-06-06T19:08:54.903689
03889,HK,大成玉米集团,company_name,stock_info_registry,0.95,2026-06-06T19:08:54.903690
03893,HK,03893,stock_code,stock_info_registry,1.0,2026-06-06T19:08:54.903701
03893,HK,易纬集团,company_name,stock_info_registry,0.95,2026-06-06T19:08:54.903703
03896,HK,03896,stock_code,stock_info_registry,1.0,2026-06-06T19:08:54.903713
03896,HK,金山云,company_name,stock_info_registry,0.95,2026-06-06T19:08:54.903715
03898,HK,03898,stock_code,stock_info_registry,1.0,2026-06-06T19:08:54.903726
03898,HK,时代电气,company_name,stock_info_registry,0.95,2026-06-06T19:08:54.903728
03899,HK,03899,stock_code,stock_info_registry,1.0,2026-06-06T19:08:54.903738
03899,HK,中集安瑞科,company_name,stock_info_registry,0.95,2026-06-06T19:08:54.903740
03900,HK,03900,stock_code,stock_info_registry,1.0,2026-06-06T19:08:54.903750
03900,HK,绿城中国,company_name,stock_info_registry,0.95,2026-06-06T19:08:54.903752
03903,HK,03903,stock_code,stock_info_registry,1.0,2026-06-06T19:08:54.903763
03903,HK,瀚华金控,company_name,stock_info_registry,0.95,2026-06-06T19:08:54.903764
03908,HK,03908,stock_code,stock_info_registry,1.0,2026-06-06T19:08:54.903775
03908,HK,中金公司,company_name,stock_info_registry,0.95,2026-06-06T19:08:54.903777
03913,HK,03913,stock_code,stock_info_registry,1.0,2026-06-06T19:08:54.903787
03913,HK,合景悠活,company_name,stock_info_registry,0.95,2026-06-06T19:08:54.903789
03918,HK,03918,stock_code,stock_info_registry,1.0,2026-06-06T19:08:54.903800
03918,HK,金界控股,company_name,stock_info_registry,0.95,2026-06-06T19:08:54.903802
03919,HK,03919,stock_code,stock_info_registry,1.0,2026-06-06T19:08:54.903812
03919,HK,金力集团,company_name,stock_info_registry,0.95,2026-06-06T19:08:54.903814
03928,HK,03928,stock_code,stock_info_registry,1.0,2026-06-06T19:08:54.903826
03928,HK,中国新零售供应链,company_name,stock_info_registry,0.95,2026-06-06T19:08:54.903828
03931,HK,03931,stock_code,stock_info_registry,1.0,2026-06-06T19:08:54.903838
03931,HK,中创新航,company_name,stock_info_registry,0.95,2026-06-06T19:08:54.903840
03933,HK,03933,stock_code,stock_info_registry,1.0,2026-06-06T19:08:54.903851
03933,HK,联邦制药,company_name,stock_info_registry,0.95,2026-06-06T19:08:54.903852
03938,HK,03938,stock_code,stock_info_registry,1.0,2026-06-06T19:08:54.903863
03938,HK,LFG投资控股,company_name,stock_info_registry,0.95,2026-06-06T19:08:54.903865
03939,HK,03939,stock_code,stock_info_registry,1.0,2026-06-06T19:08:54.903876
03939,HK,万国黄金集团,company_name,stock_info_registry,0.95,2026-06-06T19:08:54.903877
03958,HK,03958,stock_code,stock_info_registry,1.0,2026-06-06T19:08:54.903888
03958,HK,东方证券,company_name,stock_info_registry,0.95,2026-06-06T19:08:54.903890
03963,HK,03963,stock_code,stock_info_registry,1.0,2026-06-06T19:08:54.903900
03963,HK,融众金融,company_name,stock_info_registry,0.95,2026-06-06T19:08:54.903902
03968,HK,03968,stock_code,stock_info_registry,1.0,2026-06-06T19:08:54.903913
03968,HK,招商银行,company_name,stock_info_registry,0.95,2026-06-06T19:08:54.903914
03969,HK,03969,stock_code,stock_info_registry,1.0,2026-06-06T19:08:54.903925
03969,HK,中国通号,company_name,stock_info_registry,0.95,2026-06-06T19:08:54.903927
03978,HK,03978,stock_code,stock_info_registry,1.0,2026-06-06T19:08:54.903942
03978,HK,卓越教育集团,company_name,stock_info_registry,0.95,2026-06-06T19:08:54.903944
03983,HK,03983,stock_code,stock_info_registry,1.0,2026-06-06T19:08:54.903954
03983,HK,中海石油化学,company_name,stock_info_registry,0.95,2026-06-06T19:08:54.903956
03986,HK,03986,stock_code,stock_info_registry,1.0,2026-06-06T19:08:54.903967
03986,HK,兆易创新,company_name,stock_info_registry,0.95,2026-06-06T19:08:54.903969
03988,HK,03988,stock_code,stock_info_registry,1.0,2026-06-06T19:08:54.903979
03988,HK,中国银行,company_name,stock_info_registry,0.95,2026-06-06T19:08:54.903981
03989,HK,03989,stock_code,stock_info_registry,1.0,2026-06-06T19:08:54.903992
03989,HK,首创环境,company_name,stock_info_registry,0.95,2026-06-06T19:08:54.903994
03990,HK,03990,stock_code,stock_info_registry,1.0,2026-06-06T19:08:54.904004
03990,HK,美的置业,company_name,stock_info_registry,0.95,2026-06-06T19:08:54.904006
03991,HK,03991,stock_code,stock_info_registry,1.0,2026-06-06T19:08:54.904017
03991,HK,长虹佳华,company_name,stock_info_registry,0.95,2026-06-06T19:08:54.904018
03993,HK,03993,stock_code,stock_info_registry,1.0,2026-06-06T19:08:54.904029
03993,HK,洛阳钼业,company_name,stock_info_registry,0.95,2026-06-06T19:08:54.904031
03996,HK,03996,stock_code,stock_info_registry,1.0,2026-06-06T19:08:54.904041
03996,HK,中国能源建设,company_name,stock_info_registry,0.95,2026-06-06T19:08:54.904043
03997,HK,03997,stock_code,stock_info_registry,1.0,2026-06-06T19:08:54.904053
03997,HK,电讯首科,company_name,stock_info_registry,0.95,2026-06-06T19:08:54.904055
03998,HK,03998,stock_code,stock_info_registry,1.0,2026-06-06T19:08:54.904066
03998,HK,波司登,company_name,stock_info_registry,0.95,2026-06-06T19:08:54.904068
03999,HK,03999,stock_code,stock_info_registry,1.0,2026-06-06T19:08:54.904078
03999,HK,大成食品,company_name,stock_info_registry,0.95,2026-06-06T19:08:54.904080
04332,HK,04332,stock_code,stock_info_registry,1.0,2026-06-06T19:08:54.904091
04332,HK,AMGEN-T,company_name,stock_info_registry,0.95,2026-06-06T19:08:54.904092
04333,HK,04333,stock_code,stock_info_registry,1.0,2026-06-06T19:08:54.904103
04333,HK,思科-T,company_name,stock_info_registry,0.95,2026-06-06T19:08:54.904105
04335,HK,04335,stock_code,stock_info_registry,1.0,2026-06-06T19:08:54.904115
04335,HK,英特尔-T,company_name,stock_info_registry,0.95,2026-06-06T19:08:54.904117
04336,HK,04336,stock_code,stock_info_registry,1.0,2026-06-06T19:08:54.904128
04336,HK,应用材料-T,company_name,stock_info_registry,0.95,2026-06-06T19:08:54.904130
04337,HK,04337,stock_code,stock_info_registry,1.0,2026-06-06T19:08:54.904140
04337,HK,星巴克-T,company_name,stock_info_registry,0.95,2026-06-06T19:08:54.904142
04338,HK,04338,stock_code,stock_info_registry,1.0,2026-06-06T19:08:54.904153
04338,HK,微软-T,company_name,stock_info_registry,0.95,2026-06-06T19:08:54.904154
04621,HK,04621,stock_code,stock_info_registry,1.0,2026-06-06T19:08:54.904165
04855,HK,04855,stock_code,stock_info_registry,1.0,2026-06-06T19:08:54.904176
06030,HK,06030,stock_code,stock_info_registry,1.0,2026-06-06T19:08:54.904186
06030,HK,中信证券,company_name,stock_info_registry,0.95,2026-06-06T19:08:54.904188
06031,HK,06031,stock_code,stock_info_registry,1.0,2026-06-06T19:08:54.904199
06031,HK,三一重工,company_name,stock_info_registry,0.95,2026-06-06T19:08:54.904200
06033,HK,06033,stock_code,stock_info_registry,1.0,2026-06-06T19:08:54.904211
06033,HK,电讯数码控股,company_name,stock_info_registry,0.95,2026-06-06T19:08:54.904213
06036,HK,06036,stock_code,stock_info_registry,1.0,2026-06-06T19:08:54.904224
06036,HK,光丽科技,company_name,stock_info_registry,0.95,2026-06-06T19:08:54.904225
06038,HK,06038,stock_code,stock_info_registry,1.0,2026-06-06T19:08:54.904236
06038,HK,信越控股,company_name,stock_info_registry,0.95,2026-06-06T19:08:54.904238
06049,HK,06049,stock_code,stock_info_registry,1.0,2026-06-06T19:08:54.904248
06049,HK,保利物业,company_name,stock_info_registry,0.95,2026-06-06T19:08:54.904250
06051,HK,06051,stock_code,stock_info_registry,1.0,2026-06-06T19:08:54.904261
06051,HK,有赞,company_name,stock_info_registry,0.95,2026-06-06T19:08:54.904263
06055,HK,06055,stock_code,stock_info_registry,1.0,2026-06-06T19:08:54.904274
06055,HK,中烟香港,company_name,stock_info_registry,0.95,2026-06-06T19:08:54.904276
06058,HK,06058,stock_code,stock_info_registry,1.0,2026-06-06T19:08:54.904286
06058,HK,兴证国际,company_name,stock_info_registry,0.95,2026-06-06T19:08:54.904288
06060,HK,06060,stock_code,stock_info_registry,1.0,2026-06-06T19:08:54.904299
06060,HK,众安在线,company_name,stock_info_registry,0.95,2026-06-06T19:08:54.904301
06063,HK,06063,stock_code,stock_info_registry,1.0,2026-06-06T19:08:54.904311
06063,HK,智中国际,company_name,stock_info_registry,0.95,2026-06-06T19:08:54.904313
06066,HK,06066,stock_code,stock_info_registry,1.0,2026-06-06T19:08:54.904325
06066,HK,中信建投证券,company_name,stock_info_registry,0.95,2026-06-06T19:08:54.904327
06068,HK,06068,stock_code,stock_info_registry,1.0,2026-06-06T19:08:54.904337
06068,HK,光正教育,company_name,stock_info_registry,0.95,2026-06-06T19:08:54.904339
06069,HK,06069,stock_code,stock_info_registry,1.0,2026-06-06T19:08:54.904350
06069,HK,盛业,company_name,stock_info_registry,0.95,2026-06-06T19:08:54.904352
06078,HK,06078,stock_code,stock_info_registry,1.0,2026-06-06T19:08:54.904362
06078,HK,海吉亚医疗,company_name,stock_info_registry,0.95,2026-06-06T19:08:54.904364
06080,HK,06080,stock_code,stock_info_registry,1.0,2026-06-06T19:08:54.904375
06080,HK,荣智控股,company_name,stock_info_registry,0.95,2026-06-06T19:08:54.904376
06082,HK,06082,stock_code,stock_info_registry,1.0,2026-06-06T19:08:54.904387
06082,HK,壁仞科技,company_name,stock_info_registry,0.95,2026-06-06T19:08:54.904389
06083,HK,06083,stock_code,stock_info_registry,1.0,2026-06-06T19:08:54.904399
06083,HK,环宇物流(亚洲),company_name,stock_info_registry,0.95,2026-06-06T19:08:54.904401
06086,HK,06086,stock_code,stock_info_registry,1.0,2026-06-06T19:08:54.904411
06086,HK,方舟健客,company_name,stock_info_registry,0.95,2026-06-06T19:08:54.904413
06088,HK,06088,stock_code,stock_info_registry,1.0,2026-06-06T19:08:54.904424
06088,HK,鸿腾精密,company_name,stock_info_registry,0.95,2026-06-06T19:08:54.904426
06090,HK,06090,stock_code,stock_info_registry,1.0,2026-06-06T19:08:54.904436
06090,HK,不同集团,company_name,stock_info_registry,0.95,2026-06-06T19:08:54.904438
06093,HK,06093,stock_code,stock_info_registry,1.0,2026-06-06T19:08:54.904449
06093,HK,和泓服务,company_name,stock_info_registry,0.95,2026-06-06T19:08:54.904450
06098,HK,06098,stock_code,stock_info_registry,1.0,2026-06-06T19:08:54.904461
06098,HK,碧桂园服务,company_name,stock_info_registry,0.95,2026-06-06T19:08:54.904463
06099,HK,06099,stock_code,stock_info_registry,1.0,2026-06-06T19:08:54.904473
06099,HK,招商证券,company_name,stock_info_registry,0.95,2026-06-06T19:08:54.904475
06100,HK,06100,stock_code,stock_info_registry,1.0,2026-06-06T19:08:54.904486
06100,HK,同道猎聘,company_name,stock_info_registry,0.95,2026-06-06T19:08:54.904487
06108,HK,06108,stock_code,stock_info_registry,1.0,2026-06-06T19:08:54.904498
06108,HK,新锐医药,company_name,stock_info_registry,0.95,2026-06-06T19:08:54.904500
06110,HK,06110,stock_code,stock_info_registry,1.0,2026-06-06T19:08:54.904510
06110,HK,滔搏,company_name,stock_info_registry,0.95,2026-06-06T19:08:54.904512
06113,HK,06113,stock_code,stock_info_registry,1.0,2026-06-06T19:08:54.904523
06113,HK,比特策略,company_name,stock_info_registry,0.95,2026-06-06T19:08:54.904524
06117,HK,06117,stock_code,stock_info_registry,1.0,2026-06-06T19:08:54.904535
06117,HK,日照港裕廊,company_name,stock_info_registry,0.95,2026-06-06T19:08:54.904537
06118,HK,06118,stock_code,stock_info_registry,1.0,2026-06-06T19:08:54.904547
06118,HK,奥星生命科技,company_name,stock_info_registry,0.95,2026-06-06T19:08:54.904549
06119,HK,06119,stock_code,stock_info_registry,1.0,2026-06-06T19:08:54.904562
06119,HK,天源集团,company_name,stock_info_registry,0.95,2026-06-06T19:08:54.904564
06123,HK,06123,stock_code,stock_info_registry,1.0,2026-06-06T19:08:54.904577
06123,HK,圆通国际快递,company_name,stock_info_registry,0.95,2026-06-06T19:08:54.904579
06127,HK,06127,stock_code,stock_info_registry,1.0,2026-06-06T19:08:54.904590
06127,HK,昭衍新药,company_name,stock_info_registry,0.95,2026-06-06T19:08:54.904592
06128,HK,06128,stock_code,stock_info_registry,1.0,2026-06-06T19:08:54.904602
06128,HK,烯石电车新材料,company_name,stock_info_registry,0.95,2026-06-06T19:08:54.904604
06133,HK,06133,stock_code,stock_info_registry,1.0,2026-06-06T19:08:54.904615
06133,HK,维太创科,company_name,stock_info_registry,0.95,2026-06-06T19:08:54.904617
06136,HK,06136,stock_code,stock_info_registry,1.0,2026-06-06T19:08:54.904627
06136,HK,康达环保,company_name,stock_info_registry,0.95,2026-06-06T19:08:54.904629
06138,HK,06138,stock_code,stock_info_registry,1.0,2026-06-06T19:08:54.904640
06138,HK,哈尔滨银行,company_name,stock_info_registry,0.95,2026-06-06T19:08:54.904642
06158,HK,06158,stock_code,stock_info_registry,1.0,2026-06-06T19:08:54.904652
06158,HK,正荣地产,company_name,stock_info_registry,0.95,2026-06-06T19:08:54.904654
06160,HK,06160,stock_code,stock_info_registry,1.0,2026-06-06T19:08:54.904665
06160,HK,百济神州,company_name,stock_info_registry,0.95,2026-06-06T19:08:54.904666
06162,HK,06162,stock_code,stock_info_registry,1.0,2026-06-06T19:08:54.904677
06162,HK,天瑞汽车内饰,company_name,stock_info_registry,0.95,2026-06-06T19:08:54.904679
06163,HK,06163,stock_code,stock_info_registry,1.0,2026-06-06T19:08:54.904690
06163,HK,彭顺国际,company_name,stock_info_registry,0.95,2026-06-06T19:08:54.904691
06166,HK,06166,stock_code,stock_info_registry,1.0,2026-06-06T19:08:54.904703
06166,HK,剑桥科技,company_name,stock_info_registry,0.95,2026-06-06T19:08:54.904705
06168,HK,06168,stock_code,stock_info_registry,1.0,2026-06-06T19:08:54.904716
06168,HK,周六福,company_name,stock_info_registry,0.95,2026-06-06T19:08:54.904718
06169,HK,06169,stock_code,stock_info_registry,1.0,2026-06-06T19:08:54.904729
06169,HK,宇华教育,company_name,stock_info_registry,0.95,2026-06-06T19:08:54.904731
06178,HK,06178,stock_code,stock_info_registry,1.0,2026-06-06T19:08:54.904742
06178,HK,光大证券,company_name,stock_info_registry,0.95,2026-06-06T19:08:54.904744
06181,HK,06181,stock_code,stock_info_registry,1.0,2026-06-06T19:08:54.904754
06181,HK,老铺黄金,company_name,stock_info_registry,0.95,2026-06-06T19:08:54.904756
06182,HK,06182,stock_code,stock_info_registry,1.0,2026-06-06T19:08:54.904767
06182,HK,乙德投资控股,company_name,stock_info_registry,0.95,2026-06-06T19:08:54.904769
06185,HK,06185,stock_code,stock_info_registry,1.0,2026-06-06T19:08:54.904781
06185,HK,康希诺生物,company_name,stock_info_registry,0.95,2026-06-06T19:08:54.904783
06186,HK,06186,stock_code,stock_info_registry,1.0,2026-06-06T19:08:54.904794
06186,HK,中国飞鹤,company_name,stock_info_registry,0.95,2026-06-06T19:08:54.904796
06188,HK,06188,stock_code,stock_info_registry,1.0,2026-06-06T19:08:54.904807
06188,HK,迪信通,company_name,stock_info_registry,0.95,2026-06-06T19:08:54.904809
06189,HK,06189,stock_code,stock_info_registry,1.0,2026-06-06T19:08:54.904821
06189,HK,爱得威建设集团,company_name,stock_info_registry,0.95,2026-06-06T19:08:54.904823
06190,HK,06190,stock_code,stock_info_registry,1.0,2026-06-06T19:08:54.904834
06190,HK,九江银行,company_name,stock_info_registry,0.95,2026-06-06T19:08:54.904836
06193,HK,06193,stock_code,stock_info_registry,1.0,2026-06-06T19:08:54.904849
06193,HK,泰林科建,company_name,stock_info_registry,0.95,2026-06-06T19:08:54.904851
06196,HK,06196,stock_code,stock_info_registry,1.0,2026-06-06T19:08:54.904862
06196,HK,郑州银行,company_name,stock_info_registry,0.95,2026-06-06T19:08:54.904864
06198,HK,06198,stock_code,stock_info_registry,1.0,2026-06-06T19:08:54.904874
06198,HK,青岛港,company_name,stock_info_registry,0.95,2026-06-06T19:08:54.904876
06199,HK,06199,stock_code,stock_info_registry,1.0,2026-06-06T19:08:54.904887
06199,HK,贵州银行,company_name,stock_info_registry,0.95,2026-06-06T19:08:54.904889
06288,HK,06288,stock_code,stock_info_registry,1.0,2026-06-06T19:08:54.904903
06600,HK,06600,stock_code,stock_info_registry,1.0,2026-06-06T19:08:54.904915
06600,HK,卧安机器人,company_name,stock_info_registry,0.95,2026-06-06T19:08:54.904917
06601,HK,06601,stock_code,stock_info_registry,1.0,2026-06-06T19:08:54.904928
06601,HK,朝云集团,company_name,stock_info_registry,0.95,2026-06-06T19:08:54.904930
06603,HK,06603,stock_code,stock_info_registry,1.0,2026-06-06T19:08:54.904941
06603,HK,IFBH,company_name,stock_info_registry,0.95,2026-06-06T19:08:54.904943
06606,HK,06606,stock_code,stock_info_registry,1.0,2026-06-06T19:08:54.904954
06608,HK,06608,stock_code,stock_info_registry,1.0,2026-06-06T19:08:54.904964
06608,HK,百融云-W,company_name,stock_info_registry,0.95,2026-06-06T19:08:54.904966
06609,HK,06609,stock_code,stock_info_registry,1.0,2026-06-06T19:08:54.904977
06609,HK,心玮医疗-B,company_name,stock_info_registry,0.95,2026-06-06T19:08:54.904979
06610,HK,06610,stock_code,stock_info_registry,1.0,2026-06-06T19:08:54.904989
06610,HK,飞天云动,company_name,stock_info_registry,0.95,2026-06-06T19:08:54.904991
06611,HK,06611,stock_code,stock_info_registry,1.0,2026-06-06T19:08:54.905001
06611,HK,三巽集团,company_name,stock_info_registry,0.95,2026-06-06T19:08:54.905003
06613,HK,06613,stock_code,stock_info_registry,1.0,2026-06-06T19:08:54.905014
06613,HK,蓝思科技,company_name,stock_info_registry,0.95,2026-06-06T19:08:54.905016
06616,HK,06616,stock_code,stock_info_registry,1.0,2026-06-06T19:08:54.905026
06616,HK,环球新材国际,company_name,stock_info_registry,0.95,2026-06-06T19:08:54.905028
06618,HK,06618,stock_code,stock_info_registry,1.0,2026-06-06T19:08:54.905039
06618,HK,京东健康,company_name,stock_info_registry,0.95,2026-06-06T19:08:54.905040
06622,HK,06622,stock_code,stock_info_registry,1.0,2026-06-06T19:08:54.905051
06622,HK,兆科眼科-B,company_name,stock_info_registry,0.95,2026-06-06T19:08:54.905053
06623,HK,06623,stock_code,stock_info_registry,1.0,2026-06-06T19:08:54.905063
06623,HK,陆控,company_name,stock_info_registry,0.95,2026-06-06T19:08:54.905065
06626,HK,06626,stock_code,stock_info_registry,1.0,2026-06-06T19:08:54.905076
06626,HK,越秀服务,company_name,stock_info_registry,0.95,2026-06-06T19:08:54.905078
06628,HK,06628,stock_code,stock_info_registry,1.0,2026-06-06T19:08:54.905088
06628,HK,创胜集团医药-B,company_name,stock_info_registry,0.95,2026-06-06T19:08:54.905090
06633,HK,06633,stock_code,stock_info_registry,1.0,2026-06-06T19:08:54.905101
06633,HK,青瓷游戏,company_name,stock_info_registry,0.95,2026-06-06T19:08:54.905103
06636,HK,06636,stock_code,stock_info_registry,1.0,2026-06-06T19:08:54.905113
06636,HK,极视角,company_name,stock_info_registry,0.95,2026-06-06T19:08:54.905115
06638,HK,06638,stock_code,stock_info_registry,1.0,2026-06-06T19:08:54.905126
06639,HK,06639,stock_code,stock_info_registry,1.0,2026-06-06T19:08:54.905136
06639,HK,瑞尔集团,company_name,stock_info_registry,0.95,2026-06-06T19:08:54.905138
06651,HK,06651,stock_code,stock_info_registry,1.0,2026-06-06T19:08:54.905148
06651,HK,五一视界,company_name,stock_info_registry,0.95,2026-06-06T19:08:54.905150
06655,HK,06655,stock_code,stock_info_registry,1.0,2026-06-06T19:08:54.905161
06655,HK,华新建材,company_name,stock_info_registry,0.95,2026-06-06T19:08:54.905163
06656,HK,06656,stock_code,stock_info_registry,1.0,2026-06-06T19:08:54.905174
06656,HK,思格新能,company_name,stock_info_registry,0.95,2026-06-06T19:08:54.905175
06657,HK,06657,stock_code,stock_info_registry,1.0,2026-06-06T19:08:54.905186
06657,HK,百望股份,company_name,stock_info_registry,0.95,2026-06-06T19:08:54.905188
06660,HK,06660,stock_code,stock_info_registry,1.0,2026-06-06T19:08:54.905198
06660,HK,艾美疫苗,company_name,stock_info_registry,0.95,2026-06-06T19:08:54.905200
06661,HK,06661,stock_code,stock_info_registry,1.0,2026-06-06T19:08:54.905211
06661,HK,湖州燃气,company_name,stock_info_registry,0.95,2026-06-06T19:08:54.905212
06663,HK,06663,stock_code,stock_info_registry,1.0,2026-06-06T19:08:54.905223
06663,HK,国际永胜集团,company_name,stock_info_registry,0.95,2026-06-06T19:08:54.905225
06666,HK,06666,stock_code,stock_info_registry,1.0,2026-06-06T19:08:54.905235
06666,HK,恒大物业,company_name,stock_info_registry,0.95,2026-06-06T19:08:54.905237
06667,HK,06667,stock_code,stock_info_registry,1.0,2026-06-06T19:08:54.905248
06667,HK,美因基因,company_name,stock_info_registry,0.95,2026-06-06T19:08:54.905249
06668,HK,06668,stock_code,stock_info_registry,1.0,2026-06-06T19:08:54.905260
06668,HK,星盛商业,company_name,stock_info_registry,0.95,2026-06-06T19:08:54.905262
06669,HK,06669,stock_code,stock_info_registry,1.0,2026-06-06T19:08:54.905272
06669,HK,先瑞达医疗-B,company_name,stock_info_registry,0.95,2026-06-06T19:08:54.905274
06676,HK,06676,stock_code,stock_info_registry,1.0,2026-06-06T19:08:54.905284
06676,HK,找钢网-W,company_name,stock_info_registry,0.95,2026-06-06T19:08:54.905286
06677,HK,06677,stock_code,stock_info_registry,1.0,2026-06-06T19:08:54.905297
06677,HK,远洋服务,company_name,stock_info_registry,0.95,2026-06-06T19:08:54.905299
06680,HK,06680,stock_code,stock_info_registry,1.0,2026-06-06T19:08:54.905309
06680,HK,金力永磁,company_name,stock_info_registry,0.95,2026-06-06T19:08:54.905311
06681,HK,06681,stock_code,stock_info_registry,1.0,2026-06-06T19:08:54.905321
06681,HK,脑动极光-B,company_name,stock_info_registry,0.95,2026-06-06T19:08:54.905325
06682,HK,06682,stock_code,stock_info_registry,1.0,2026-06-06T19:08:54.905335
06682,HK,范式智能,company_name,stock_info_registry,0.95,2026-06-06T19:08:54.905337
06683,HK,06683,stock_code,stock_info_registry,1.0,2026-06-06T19:08:54.905348
06683,HK,巨星传奇,company_name,stock_info_registry,0.95,2026-06-06T19:08:54.905350
06686,HK,06686,stock_code,stock_info_registry,1.0,2026-06-06T19:08:54.905360
06686,HK,诺亚控股,company_name,stock_info_registry,0.95,2026-06-06T19:08:54.905362
06687,HK,06687,stock_code,stock_info_registry,1.0,2026-06-06T19:08:54.905372
06687,HK,聚水潭,company_name,stock_info_registry,0.95,2026-06-06T19:08:54.905374
06690,HK,06690,stock_code,stock_info_registry,1.0,2026-06-06T19:08:54.905385
06690,HK,海尔智家,company_name,stock_info_registry,0.95,2026-06-06T19:08:54.905387
06693,HK,06693,stock_code,stock_info_registry,1.0,2026-06-06T19:08:54.905397
06693,HK,赤峰黄金,company_name,stock_info_registry,0.95,2026-06-06T19:08:54.905399
06696,HK,06696,stock_code,stock_info_registry,1.0,2026-06-06T19:08:54.905409
06696,HK,多想云,company_name,stock_info_registry,0.95,2026-06-06T19:08:54.905411
06698,HK,06698,stock_code,stock_info_registry,1.0,2026-06-06T19:08:54.905422
06698,HK,星空华文,company_name,stock_info_registry,0.95,2026-06-06T19:08:54.905424
06699,HK,06699,stock_code,stock_info_registry,1.0,2026-06-06T19:08:54.905434
06699,HK,时代天使,company_name,stock_info_registry,0.95,2026-06-06T19:08:54.905436
06805,HK,06805,stock_code,stock_info_registry,1.0,2026-06-06T19:08:54.905446
06805,HK,金茂源环保,company_name,stock_info_registry,0.95,2026-06-06T19:08:54.905448
06806,HK,06806,stock_code,stock_info_registry,1.0,2026-06-06T19:08:54.905458
06806,HK,申万宏源,company_name,stock_info_registry,0.95,2026-06-06T19:08:54.905460
06808,HK,06808,stock_code,stock_info_registry,1.0,2026-06-06T19:08:54.905471
06808,HK,高鑫零售,company_name,stock_info_registry,0.95,2026-06-06T19:08:54.905473
06809,HK,06809,stock_code,stock_info_registry,1.0,2026-06-06T19:08:54.905483
06809,HK,澜起科技,company_name,stock_info_registry,0.95,2026-06-06T19:08:54.905485
06810,HK,06810,stock_code,stock_info_registry,1.0,2026-06-06T19:08:54.905496
06810,HK,商米科技-W,company_name,stock_info_registry,0.95,2026-06-06T19:08:54.905498
06811,HK,06811,stock_code,stock_info_registry,1.0,2026-06-06T19:08:54.905508
06811,HK,太兴集团,company_name,stock_info_registry,0.95,2026-06-06T19:08:54.905510
06812,HK,06812,stock_code,stock_info_registry,1.0,2026-06-06T19:08:54.905521
06812,HK,永顺控股香港,company_name,stock_info_registry,0.95,2026-06-06T19:08:54.905522
06816,HK,06816,stock_code,stock_info_registry,1.0,2026-06-06T19:08:54.905533
06816,HK,瑞港建设,company_name,stock_info_registry,0.95,2026-06-06T19:08:54.905535
06818,HK,06818,stock_code,stock_info_registry,1.0,2026-06-06T19:08:54.905545
06818,HK,中国光大银行,company_name,stock_info_registry,0.95,2026-06-06T19:08:54.905547
06820,HK,06820,stock_code,stock_info_registry,1.0,2026-06-06T19:08:54.905558
06820,HK,友谊时光,company_name,stock_info_registry,0.95,2026-06-06T19:08:54.905560
06821,HK,06821,stock_code,stock_info_registry,1.0,2026-06-06T19:08:54.905570
06821,HK,凯莱英,company_name,stock_info_registry,0.95,2026-06-06T19:08:54.905572
06822,HK,06822,stock_code,stock_info_registry,1.0,2026-06-06T19:08:54.905582
06822,HK,科劲国际,company_name,stock_info_registry,0.95,2026-06-06T19:08:54.905584
06823,HK,06823,stock_code,stock_info_registry,1.0,2026-06-06T19:08:54.905595
06823,HK,香港电讯-SS,company_name,stock_info_registry,0.95,2026-06-06T19:08:54.905597
06826,HK,06826,stock_code,stock_info_registry,1.0,2026-06-06T19:08:54.905607
06826,HK,昊海生物科技,company_name,stock_info_registry,0.95,2026-06-06T19:08:54.905609
06828,HK,06828,stock_code,stock_info_registry,1.0,2026-06-06T19:08:54.905619
06828,HK,北京燃气蓝天,company_name,stock_info_registry,0.95,2026-06-06T19:08:54.905621
06829,HK,06829,stock_code,stock_info_registry,1.0,2026-06-06T19:08:54.905632
06829,HK,龙升集团控股,company_name,stock_info_registry,0.95,2026-06-06T19:08:54.905633
06830,HK,06830,stock_code,stock_info_registry,1.0,2026-06-06T19:08:54.905644
06830,HK,华众车载,company_name,stock_info_registry,0.95,2026-06-06T19:08:54.905646
06831,HK,06831,stock_code,stock_info_registry,1.0,2026-06-06T19:08:54.905656
06831,HK,绿茶集团,company_name,stock_info_registry,0.95,2026-06-06T19:08:54.905658
06833,HK,06833,stock_code,stock_info_registry,1.0,2026-06-06T19:08:54.905670
06833,HK,兴科蓉医药,company_name,stock_info_registry,0.95,2026-06-06T19:08:54.905671
06838,HK,06838,stock_code,stock_info_registry,1.0,2026-06-06T19:08:54.905682
06838,HK,盈利时,company_name,stock_info_registry,0.95,2026-06-06T19:08:54.905684
06839,HK,06839,stock_code,stock_info_registry,1.0,2026-06-06T19:08:54.905694
06839,HK,云南水务,company_name,stock_info_registry,0.95,2026-06-06T19:08:54.905696
06855,HK,06855,stock_code,stock_info_registry,1.0,2026-06-06T19:08:54.905707
06855,HK,亚盛医药,company_name,stock_info_registry,0.95,2026-06-06T19:08:54.905709
06858,HK,06858,stock_code,stock_info_registry,1.0,2026-06-06T19:08:54.905719
06858,HK,本间高尔夫,company_name,stock_info_registry,0.95,2026-06-06T19:08:54.905721
06860,HK,06860,stock_code,stock_info_registry,1.0,2026-06-06T19:08:54.905732
06860,HK,指尖悦动,company_name,stock_info_registry,0.95,2026-06-06T19:08:54.905733
06862,HK,06862,stock_code,stock_info_registry,1.0,2026-06-06T19:08:54.905744
06862,HK,海底捞,company_name,stock_info_registry,0.95,2026-06-06T19:08:54.905746
06865,HK,06865,stock_code,stock_info_registry,1.0,2026-06-06T19:08:54.905756
06865,HK,福莱特玻璃,company_name,stock_info_registry,0.95,2026-06-06T19:08:54.905758
06866,HK,06866,stock_code,stock_info_registry,1.0,2026-06-06T19:08:54.905769
06866,HK,佐力科创,company_name,stock_info_registry,0.95,2026-06-06T19:08:54.905770
06868,HK,06868,stock_code,stock_info_registry,1.0,2026-06-06T19:08:54.905781
06868,HK,天福,company_name,stock_info_registry,0.95,2026-06-06T19:08:54.905783
06869,HK,06869,stock_code,stock_info_registry,1.0,2026-06-06T19:08:54.905793
06869,HK,长飞光纤光缆,company_name,stock_info_registry,0.95,2026-06-06T19:08:54.905795
06871,HK,06871,stock_code,stock_info_registry,1.0,2026-06-06T19:08:54.905806
06871,HK,翼菲科技,company_name,stock_info_registry,0.95,2026-06-06T19:08:54.905818
06872,HK,06872,stock_code,stock_info_registry,1.0,2026-06-06T19:08:54.905829
06872,HK,丹诺医药-B,company_name,stock_info_registry,0.95,2026-06-06T19:08:54.905830
06877,HK,06877,stock_code,stock_info_registry,1.0,2026-06-06T19:08:54.905841
06877,HK,TE HEALTHCARE,company_name,stock_info_registry,0.95,2026-06-06T19:08:54.905843
06878,HK,06878,stock_code,stock_info_registry,1.0,2026-06-06T19:08:54.905853
06878,HK,鼎丰集团汽车,company_name,stock_info_registry,0.95,2026-06-06T19:08:54.905855
06881,HK,06881,stock_code,stock_info_registry,1.0,2026-06-06T19:08:54.905866
06881,HK,中国银河,company_name,stock_info_registry,0.95,2026-06-06T19:08:54.905868
06882,HK,06882,stock_code,stock_info_registry,1.0,2026-06-06T19:08:54.905878
06882,HK,东瀛游,company_name,stock_info_registry,0.95,2026-06-06T19:08:54.905880
06883,HK,06883,stock_code,stock_info_registry,1.0,2026-06-06T19:08:54.905890
06883,HK,颖通控股,company_name,stock_info_registry,0.95,2026-06-06T19:08:54.905892
06885,HK,06885,stock_code,stock_info_registry,1.0,2026-06-06T19:08:54.905903
06885,HK,金马能源,company_name,stock_info_registry,0.95,2026-06-06T19:08:54.905904
06886,HK,06886,stock_code,stock_info_registry,1.0,2026-06-06T19:08:54.905915
06886,HK,华泰证券,company_name,stock_info_registry,0.95,2026-06-06T19:08:54.905917
06887,HK,06887,stock_code,stock_info_registry,1.0,2026-06-06T19:08:54.905927
06887,HK,东阳光药,company_name,stock_info_registry,0.95,2026-06-06T19:08:54.905929
06888,HK,06888,stock_code,stock_info_registry,1.0,2026-06-06T19:08:54.905940
06888,HK,英达公路再生科技,company_name,stock_info_registry,0.95,2026-06-06T19:08:54.905941
06889,HK,06889,stock_code,stock_info_registry,1.0,2026-06-06T19:08:54.905952
06889,HK,DYNAM JAPAN,company_name,stock_info_registry,0.95,2026-06-06T19:08:54.905954
06890,HK,06890,stock_code,stock_info_registry,1.0,2026-06-06T19:08:54.905965
06890,HK,康利国际控股,company_name,stock_info_registry,0.95,2026-06-06T19:08:54.905968
06893,HK,06893,stock_code,stock_info_registry,1.0,2026-06-06T19:08:54.905982
06893,HK,衍生集团,company_name,stock_info_registry,0.95,2026-06-06T19:08:54.905984
06896,HK,06896,stock_code,stock_info_registry,1.0,2026-06-06T19:08:54.905995
06896,HK,金嗓子,company_name,stock_info_registry,0.95,2026-06-06T19:08:54.905997
06898,HK,06898,stock_code,stock_info_registry,1.0,2026-06-06T19:08:54.906008
06898,HK,中国铝罐,company_name,stock_info_registry,0.95,2026-06-06T19:08:54.906010
06899,HK,06899,stock_code,stock_info_registry,1.0,2026-06-06T19:08:54.906022
06899,HK,联众,company_name,stock_info_registry,0.95,2026-06-06T19:08:54.906024
06900,HK,06900,stock_code,stock_info_registry,1.0,2026-06-06T19:08:54.906035
06908,HK,06908,stock_code,stock_info_registry,1.0,2026-06-06T19:08:54.906046
06908,HK,宏光半导体,company_name,stock_info_registry,0.95,2026-06-06T19:08:54.906048
06909,HK,06909,stock_code,stock_info_registry,1.0,2026-06-06T19:08:54.906059
06909,HK,百得利控股,company_name,stock_info_registry,0.95,2026-06-06T19:08:54.906062
06911,HK,06911,stock_code,stock_info_registry,1.0,2026-06-06T19:08:54.906072
06911,HK,澜沧古茶,company_name,stock_info_registry,0.95,2026-06-06T19:08:54.906074
06913,HK,06913,stock_code,stock_info_registry,1.0,2026-06-06T19:08:54.906085
06913,HK,华南职业教育,company_name,stock_info_registry,0.95,2026-06-06T19:08:54.906086
06918,HK,06918,stock_code,stock_info_registry,1.0,2026-06-06T19:08:54.906098
06918,HK,奇士达,company_name,stock_info_registry,0.95,2026-06-06T19:08:54.906100
06919,HK,06919,stock_code,stock_info_registry,1.0,2026-06-06T19:08:54.906111
06919,HK,人瑞人才,company_name,stock_info_registry,0.95,2026-06-06T19:08:54.906113
06922,HK,06922,stock_code,stock_info_registry,1.0,2026-06-06T19:08:54.906123
06922,HK,康沣生物-B,company_name,stock_info_registry,0.95,2026-06-06T19:08:54.906125
06928,HK,06928,stock_code,stock_info_registry,1.0,2026-06-06T19:08:54.906136
06928,HK,万马控股,company_name,stock_info_registry,0.95,2026-06-06T19:08:54.906138
06929,HK,06929,stock_code,stock_info_registry,1.0,2026-06-06T19:08:54.906148
06929,HK,业聚医疗,company_name,stock_info_registry,0.95,2026-06-06T19:08:54.906150
06933,HK,06933,stock_code,stock_info_registry,1.0,2026-06-06T19:08:54.906160
06933,HK,新娱科控股,company_name,stock_info_registry,0.95,2026-06-06T19:08:54.906162
06936,HK,06936,stock_code,stock_info_registry,1.0,2026-06-06T19:08:54.906173
06936,HK,顺丰控股,company_name,stock_info_registry,0.95,2026-06-06T19:08:54.906175
06938,HK,06938,stock_code,stock_info_registry,1.0,2026-06-06T19:08:54.906185
06938,HK,瑞博生物-B,company_name,stock_info_registry,0.95,2026-06-06T19:08:54.906187
06939,HK,06939,stock_code,stock_info_registry,1.0,2026-06-06T19:08:54.906197
06939,HK,美佳音控股,company_name,stock_info_registry,0.95,2026-06-06T19:08:54.906199
06955,HK,06955,stock_code,stock_info_registry,1.0,2026-06-06T19:08:54.906210
06955,HK,博安生物,company_name,stock_info_registry,0.95,2026-06-06T19:08:54.906211
06958,HK,06958,stock_code,stock_info_registry,1.0,2026-06-06T19:08:54.906222
06958,HK,正荣服务,company_name,stock_info_registry,0.95,2026-06-06T19:08:54.906224
06959,HK,06959,stock_code,stock_info_registry,1.0,2026-06-06T19:08:54.906234
06959,HK,长久股份,company_name,stock_info_registry,0.95,2026-06-06T19:08:54.906236
06960,HK,06960,stock_code,stock_info_registry,1.0,2026-06-06T19:08:54.906247
06960,HK,双登股份,company_name,stock_info_registry,0.95,2026-06-06T19:08:54.906248
06963,HK,06963,stock_code,stock_info_registry,1.0,2026-06-06T19:08:54.906259
06963,HK,阳光保险,company_name,stock_info_registry,0.95,2026-06-06T19:08:54.906261
06966,HK,06966,stock_code,stock_info_registry,1.0,2026-06-06T19:08:54.906271
06966,HK,中国万桐园,company_name,stock_info_registry,0.95,2026-06-06T19:08:54.906273
06968,HK,06968,stock_code,stock_info_registry,1.0,2026-06-06T19:08:54.906284
06968,HK,港龙中国地产,company_name,stock_info_registry,0.95,2026-06-06T19:08:54.906285
06969,HK,06969,stock_code,stock_info_registry,1.0,2026-06-06T19:08:54.906296
06969,HK,思摩尔国际,company_name,stock_info_registry,0.95,2026-06-06T19:08:54.906298
06978,HK,06978,stock_code,stock_info_registry,1.0,2026-06-06T19:08:54.906308
06978,HK,永泰生物-B,company_name,stock_info_registry,0.95,2026-06-06T19:08:54.906310
06979,HK,06979,stock_code,stock_info_registry,1.0,2026-06-06T19:08:54.906322
06979,HK,珍酒李渡,company_name,stock_info_registry,0.95,2026-06-06T19:08:54.906324
06980,HK,06980,stock_code,stock_info_registry,1.0,2026-06-06T19:08:54.906334
06980,HK,八马茶业,company_name,stock_info_registry,0.95,2026-06-06T19:08:54.906336
06988,HK,06988,stock_code,stock_info_registry,1.0,2026-06-06T19:08:54.906348
06988,HK,乐享集团,company_name,stock_info_registry,0.95,2026-06-06T19:08:54.906350
06989,HK,06989,stock_code,stock_info_registry,1.0,2026-06-06T19:08:54.906361
06989,HK,卓越商企服务,company_name,stock_info_registry,0.95,2026-06-06T19:08:54.906363
06990,HK,06990,stock_code,stock_info_registry,1.0,2026-06-06T19:08:54.906377
06990,HK,科伦博泰生物,company_name,stock_info_registry,0.95,2026-06-06T19:08:54.906380
06993,HK,06993,stock_code,stock_info_registry,1.0,2026-06-06T19:08:54.906392
06993,HK,蓝月亮集团,company_name,stock_info_registry,0.95,2026-06-06T19:08:54.906394
06996,HK,06996,stock_code,stock_info_registry,1.0,2026-06-06T19:08:54.906405
06996,HK,德琪医药-B,company_name,stock_info_registry,0.95,2026-06-06T19:08:54.906407
06998,HK,06998,stock_code,stock_info_registry,1.0,2026-06-06T19:08:54.906418
06998,HK,亿腾嘉和,company_name,stock_info_registry,0.95,2026-06-06T19:08:54.906420
06999,HK,06999,stock_code,stock_info_registry,1.0,2026-06-06T19:08:54.906431
06999,HK,领地控股,company_name,stock_info_registry,0.95,2026-06-06T19:08:54.906433
07489,HK,07489,stock_code,stock_info_registry,1.0,2026-06-06T19:08:54.906444
07489,HK,岚图汽车,company_name,stock_info_registry,0.95,2026-06-06T19:08:54.906446
07618,HK,07618,stock_code,stock_info_registry,1.0,2026-06-06T19:08:54.906458
07618,HK,京东工业,company_name,stock_info_registry,0.95,2026-06-06T19:08:54.906460
07630,HK,07630,stock_code,stock_info_registry,1.0,2026-06-06T19:08:54.906472
07630,HK,英派药业-B,company_name,stock_info_registry,0.95,2026-06-06T19:08:54.906474
07666,HK,07666,stock_code,stock_info_registry,1.0,2026-06-06T19:08:54.906485
07666,HK,剂泰科技-P,company_name,stock_info_registry,0.95,2026-06-06T19:08:54.906487
07688,HK,07688,stock_code,stock_info_registry,1.0,2026-06-06T19:08:54.906498
07688,HK,拓璞数控,company_name,stock_info_registry,0.95,2026-06-06T19:08:54.906500
08001,HK,08001,stock_code,stock_info_registry,1.0,2026-06-06T19:08:54.906511
08003,HK,08003,stock_code,stock_info_registry,1.0,2026-06-06T19:08:54.906522
08003,HK,世大控股,company_name,stock_info_registry,0.95,2026-06-06T19:08:54.906524
08005,HK,08005,stock_code,stock_info_registry,1.0,2026-06-06T19:08:54.906535
08005,HK,裕兴科技,company_name,stock_info_registry,0.95,2026-06-06T19:08:54.906537
08006,HK,08006,stock_code,stock_info_registry,1.0,2026-06-06T19:08:54.906547
08006,HK,华泰瑞银,company_name,stock_info_registry,0.95,2026-06-06T19:08:54.906549
08007,HK,08007,stock_code,stock_info_registry,1.0,2026-06-06T19:08:54.906564
08007,HK,环球战略集团,company_name,stock_info_registry,0.95,2026-06-06T19:08:54.906565
08013,HK,08013,stock_code,stock_info_registry,1.0,2026-06-06T19:08:54.906576
08013,HK,ECI TECH,company_name,stock_info_registry,0.95,2026-06-06T19:08:54.906578
08017,HK,08017,stock_code,stock_info_registry,1.0,2026-06-06T19:08:54.906588
08017,HK,捷利交易宝,company_name,stock_info_registry,0.95,2026-06-06T19:08:54.906590
08018,HK,08018,stock_code,stock_info_registry,1.0,2026-06-06T19:08:54.906601
08018,HK,汇财金融投资,company_name,stock_info_registry,0.95,2026-06-06T19:08:54.906602
08019,HK,08019,stock_code,stock_info_registry,1.0,2026-06-06T19:08:54.906613
08019,HK,皓文控股,company_name,stock_info_registry,0.95,2026-06-06T19:08:54.906615
08020,HK,08020,stock_code,stock_info_registry,1.0,2026-06-06T19:08:54.906625
08020,HK,宏海控股集团,company_name,stock_info_registry,0.95,2026-06-06T19:08:54.906627
08021,HK,08021,stock_code,stock_info_registry,1.0,2026-06-06T19:08:54.906638
08021,HK,汇隆控股,company_name,stock_info_registry,0.95,2026-06-06T19:08:54.906639
08023,HK,08023,stock_code,stock_info_registry,1.0,2026-06-06T19:08:54.906650
08023,HK,邝文记,company_name,stock_info_registry,0.95,2026-06-06T19:08:54.906652
08026,HK,08026,stock_code,stock_info_registry,1.0,2026-06-06T19:08:54.906662
08026,HK,朗华国际集团,company_name,stock_info_registry,0.95,2026-06-06T19:08:54.906664
08027,HK,08027,stock_code,stock_info_registry,1.0,2026-06-06T19:08:54.906675
08027,HK,吉辉控股,company_name,stock_info_registry,0.95,2026-06-06T19:08:54.906676
08028,HK,08028,stock_code,stock_info_registry,1.0,2026-06-06T19:08:54.906687
08028,HK,天时资源,company_name,stock_info_registry,0.95,2026-06-06T19:08:54.906689
08029,HK,08029,stock_code,stock_info_registry,1.0,2026-06-06T19:08:54.906699
08029,HK,中投金融科技集团,company_name,stock_info_registry,0.95,2026-06-06T19:08:54.906701
08030,HK,08030,stock_code,stock_info_registry,1.0,2026-06-06T19:08:54.906712
08030,HK,丰银禾控股,company_name,stock_info_registry,0.95,2026-06-06T19:08:54.906713
08031,HK,08031,stock_code,stock_info_registry,1.0,2026-06-06T19:08:54.906724
08031,HK,易通讯集团,company_name,stock_info_registry,0.95,2026-06-06T19:08:54.906726
08033,HK,08033,stock_code,stock_info_registry,1.0,2026-06-06T19:08:54.906736
08033,HK,爱达利网络,company_name,stock_info_registry,0.95,2026-06-06T19:08:54.906738
08035,HK,08035,stock_code,stock_info_registry,1.0,2026-06-06T19:08:54.906749
08035,HK,骏高控股,company_name,stock_info_registry,0.95,2026-06-06T19:08:54.906750
08036,HK,08036,stock_code,stock_info_registry,1.0,2026-06-06T19:08:54.906761
08036,HK,电子交易集团,company_name,stock_info_registry,0.95,2026-06-06T19:08:54.906763
08037,HK,08037,stock_code,stock_info_registry,1.0,2026-06-06T19:08:54.906773
08037,HK,中国生物科技服务,company_name,stock_info_registry,0.95,2026-06-06T19:08:54.906775
08039,HK,08039,stock_code,stock_info_registry,1.0,2026-06-06T19:08:54.906785
08039,HK,中国来骑哦,company_name,stock_info_registry,0.95,2026-06-06T19:08:54.906787
08040,HK,08040,stock_code,stock_info_registry,1.0,2026-06-06T19:08:54.906798
08040,HK,快意智能,company_name,stock_info_registry,0.95,2026-06-06T19:08:54.906799
08041,HK,08041,stock_code,stock_info_registry,1.0,2026-06-06T19:08:54.906810
08041,HK,中微智码,company_name,stock_info_registry,0.95,2026-06-06T19:08:54.906812
08042,HK,08042,stock_code,stock_info_registry,1.0,2026-06-06T19:08:54.906822
08042,HK,高奥士人才集团,company_name,stock_info_registry,0.95,2026-06-06T19:08:54.906825
08043,HK,08043,stock_code,stock_info_registry,1.0,2026-06-06T19:08:54.906836
08043,HK,ATLINKS,company_name,stock_info_registry,0.95,2026-06-06T19:08:54.906838
08047,HK,08047,stock_code,stock_info_registry,1.0,2026-06-06T19:08:54.906848
08047,HK,中国海洋发展,company_name,stock_info_registry,0.95,2026-06-06T19:08:54.906850
08048,HK,08048,stock_code,stock_info_registry,1.0,2026-06-06T19:08:54.906861
08048,HK,御德国际控股,company_name,stock_info_registry,0.95,2026-06-06T19:08:54.906863
08049,HK,08049,stock_code,stock_info_registry,1.0,2026-06-06T19:08:54.906873
08049,HK,吉林长龙药业,company_name,stock_info_registry,0.95,2026-06-06T19:08:54.906875
08050,HK,08050,stock_code,stock_info_registry,1.0,2026-06-06T19:08:54.906885
08050,HK,城市酷选,company_name,stock_info_registry,0.95,2026-06-06T19:08:54.906887
08051,HK,08051,stock_code,stock_info_registry,1.0,2026-06-06T19:08:54.906898
08051,HK,讯智海,company_name,stock_info_registry,0.95,2026-06-06T19:08:54.906900
08052,HK,08052,stock_code,stock_info_registry,1.0,2026-06-06T19:08:54.906910
08052,HK,陆庆娱乐,company_name,stock_info_registry,0.95,2026-06-06T19:08:54.906912
08056,HK,08056,stock_code,stock_info_registry,1.0,2026-06-06T19:08:54.907015
08056,HK,生活概念,company_name,stock_info_registry,0.95,2026-06-06T19:08:54.907017
08056,HK,Life Concepts Holdings Limited,theme_seed,stock_info_registry,0.55,2026-06-06T19:08:54.907019
08057,HK,08057,stock_code,stock_info_registry,1.0,2026-06-06T19:08:54.907036
08057,HK,麦迪森控股(新),company_name,stock_info_registry,0.95,2026-06-06T19:08:54.907038
08059,HK,08059,stock_code,stock_info_registry,1.0,2026-06-06T19:08:54.907051
08059,HK,朝威控股,company_name,stock_info_registry,0.95,2026-06-06T19:08:54.907053
08060,HK,08060,stock_code,stock_info_registry,1.0,2026-06-06T19:08:54.907064
08060,HK,国联通信,company_name,stock_info_registry,0.95,2026-06-06T19:08:54.907066
08062,HK,08062,stock_code,stock_info_registry,1.0,2026-06-06T19:08:54.907077
08062,HK,俊盟国际,company_name,stock_info_registry,0.95,2026-06-06T19:08:54.907079
08063,HK,08063,stock_code,stock_info_registry,1.0,2026-06-06T19:08:54.907090
08065,HK,08065,stock_code,stock_info_registry,1.0,2026-06-06T19:08:54.907101
08065,HK,高萌科技,company_name,stock_info_registry,0.95,2026-06-06T19:08:54.907103
08066,HK,08066,stock_code,stock_info_registry,1.0,2026-06-06T19:08:54.907113
08066,HK,品创控股,company_name,stock_info_registry,0.95,2026-06-06T19:08:54.907115
08067,HK,08067,stock_code,stock_info_registry,1.0,2026-06-06T19:08:54.907127
08067,HK,东方大学城控股,company_name,stock_info_registry,0.95,2026-06-06T19:08:54.907129
08069,HK,08069,stock_code,stock_info_registry,1.0,2026-06-06T19:08:54.907143
08069,HK,飞道旅游科技-新,company_name,stock_info_registry,0.95,2026-06-06T19:08:54.907145
08070,HK,08070,stock_code,stock_info_registry,1.0,2026-06-06T19:08:54.907157
08070,HK,侨洋国际控股,company_name,stock_info_registry,0.95,2026-06-06T19:08:54.907159
08071,HK,08071,stock_code,stock_info_registry,1.0,2026-06-06T19:08:54.907170
08071,HK,中彩网通控股,company_name,stock_info_registry,0.95,2026-06-06T19:08:54.907172
08072,HK,08072,stock_code,stock_info_registry,1.0,2026-06-06T19:08:54.907216
08072,HK,兰谷股份,company_name,stock_info_registry,0.95,2026-06-06T19:08:54.907218
08073,HK,08073,stock_code,stock_info_registry,1.0,2026-06-06T19:08:54.907245
08073,HK,水发兴业新材料,company_name,stock_info_registry,0.95,2026-06-06T19:08:54.907248
08076,HK,08076,stock_code,stock_info_registry,1.0,2026-06-06T19:08:54.907265
08076,HK,新利软件,company_name,stock_info_registry,0.95,2026-06-06T19:08:54.907267
08079,HK,08079,stock_code,stock_info_registry,1.0,2026-06-06T19:08:54.907281
08079,HK,仍志集团控股,company_name,stock_info_registry,0.95,2026-06-06T19:08:54.907284
08080,HK,08080,stock_code,stock_info_registry,1.0,2026-06-06T19:08:54.907298
08080,HK,北亚策略,company_name,stock_info_registry,0.95,2026-06-06T19:08:54.907300
08081,HK,08081,stock_code,stock_info_registry,1.0,2026-06-06T19:08:54.907313
08081,HK,白居易控股,company_name,stock_info_registry,0.95,2026-06-06T19:08:54.907315
08082,HK,08082,stock_code,stock_info_registry,1.0,2026-06-06T19:08:54.907328
08082,HK,擎华控股,company_name,stock_info_registry,0.95,2026-06-06T19:08:54.907330
08087,HK,08087,stock_code,stock_info_registry,1.0,2026-06-06T19:08:54.907342
08087,HK,中国三三传媒,company_name,stock_info_registry,0.95,2026-06-06T19:08:54.907345
08091,HK,08091,stock_code,stock_info_registry,1.0,2026-06-06T19:08:54.907357
08091,HK,奥传思维控股,company_name,stock_info_registry,0.95,2026-06-06T19:08:54.907359
08092,HK,08092,stock_code,stock_info_registry,1.0,2026-06-06T19:08:54.907370
08092,HK,ITE HOLDINGS,company_name,stock_info_registry,0.95,2026-06-06T19:08:54.907372
08093,HK,08093,stock_code,stock_info_registry,1.0,2026-06-06T19:08:54.907384
08093,HK,瓦普思瑞元宇宙,company_name,stock_info_registry,0.95,2026-06-06T19:08:54.907386
08095,HK,08095,stock_code,stock_info_registry,1.0,2026-06-06T19:08:54.907397
08095,HK,北大青鸟环宇,company_name,stock_info_registry,0.95,2026-06-06T19:08:54.907399
08096,HK,08096,stock_code,stock_info_registry,1.0,2026-06-06T19:08:54.907410
08096,HK,赏之味,company_name,stock_info_registry,0.95,2026-06-06T19:08:54.907412
08098,HK,08098,stock_code,stock_info_registry,1.0,2026-06-06T19:08:54.907424
08098,HK,昌利控股,company_name,stock_info_registry,0.95,2026-06-06T19:08:54.907425
08100,HK,08100,stock_code,stock_info_registry,1.0,2026-06-06T19:08:54.907437
08100,HK,名科国际,company_name,stock_info_registry,0.95,2026-06-06T19:08:54.907439
08103,HK,08103,stock_code,stock_info_registry,1.0,2026-06-06T19:08:54.907450
08103,HK,HMVOD视频,company_name,stock_info_registry,0.95,2026-06-06T19:08:54.907452
08106,HK,08106,stock_code,stock_info_registry,1.0,2026-06-06T19:08:54.907463
08106,HK,芯化兰德,company_name,stock_info_registry,0.95,2026-06-06T19:08:54.907465
08107,HK,08107,stock_code,stock_info_registry,1.0,2026-06-06T19:08:54.907477
08107,HK,细叶榕科技,company_name,stock_info_registry,0.95,2026-06-06T19:08:54.907478
08111,HK,08111,stock_code,stock_info_registry,1.0,2026-06-06T19:08:54.907490
08111,HK,中国科技产业集团,company_name,stock_info_registry,0.95,2026-06-06T19:08:54.907491
08112,HK,08112,stock_code,stock_info_registry,1.0,2026-06-06T19:08:54.907503
08112,HK,基石金融,company_name,stock_info_registry,0.95,2026-06-06T19:08:54.907506
08113,HK,08113,stock_code,stock_info_registry,1.0,2026-06-06T19:08:54.907518
08113,HK,时腾科技,company_name,stock_info_registry,0.95,2026-06-06T19:08:54.907520
08115,HK,08115,stock_code,stock_info_registry,1.0,2026-06-06T19:08:54.907531
08115,HK,清大东方,company_name,stock_info_registry,0.95,2026-06-06T19:08:54.907533
08117,HK,08117,stock_code,stock_info_registry,1.0,2026-06-06T19:08:54.907544
08117,HK,中国基础能源,company_name,stock_info_registry,0.95,2026-06-06T19:08:54.907546
08118,HK,08118,stock_code,stock_info_registry,1.0,2026-06-06T19:08:54.907557
08118,HK,中资国际控股,company_name,stock_info_registry,0.95,2026-06-06T19:08:54.907559
08120,HK,08120,stock_code,stock_info_registry,1.0,2026-06-06T19:08:54.907570
08120,HK,国农金融投资,company_name,stock_info_registry,0.95,2026-06-06T19:08:54.907572
08121,HK,08121,stock_code,stock_info_registry,1.0,2026-06-06T19:08:54.907583
08121,HK,国恩控股,company_name,stock_info_registry,0.95,2026-06-06T19:08:54.907585
08123,HK,08123,stock_code,stock_info_registry,1.0,2026-06-06T19:08:54.907601
08123,HK,华亿金控,company_name,stock_info_registry,0.95,2026-06-06T19:08:54.907602
08125,HK,08125,stock_code,stock_info_registry,1.0,2026-06-06T19:08:54.907615
08125,HK,中新控股,company_name,stock_info_registry,0.95,2026-06-06T19:08:54.907617
08126,HK,08126,stock_code,stock_info_registry,1.0,2026-06-06T19:08:54.907628
08128,HK,08128,stock_code,stock_info_registry,1.0,2026-06-06T19:08:54.907639
08128,HK,中国恒有源集团,company_name,stock_info_registry,0.95,2026-06-06T19:08:54.907641
08130,HK,08130,stock_code,stock_info_registry,1.0,2026-06-06T19:08:54.907652
08130,HK,大地国际集团,company_name,stock_info_registry,0.95,2026-06-06T19:08:54.907654
08131,HK,08131,stock_code,stock_info_registry,1.0,2026-06-06T19:08:54.907665
08131,HK,辰罡科技,company_name,stock_info_registry,0.95,2026-06-06T19:08:54.907667
08132,HK,08132,stock_code,stock_info_registry,1.0,2026-06-06T19:08:54.907678
08132,HK,百能国际能源,company_name,stock_info_registry,0.95,2026-06-06T19:08:54.907679
08133,HK,08133,stock_code,stock_info_registry,1.0,2026-06-06T19:08:54.907690
08133,HK,吉盛集团控股,company_name,stock_info_registry,0.95,2026-06-06T19:08:54.907692
08136,HK,08136,stock_code,stock_info_registry,1.0,2026-06-06T19:08:54.907703
08136,HK,英马斯集团,company_name,stock_info_registry,0.95,2026-06-06T19:08:54.907705
08137,HK,08137,stock_code,stock_info_registry,1.0,2026-06-06T19:08:54.907716
08137,HK,洪桥集团,company_name,stock_info_registry,0.95,2026-06-06T19:08:54.907718
08139,HK,08139,stock_code,stock_info_registry,1.0,2026-06-06T19:08:54.907729
08139,HK,长安仁恒,company_name,stock_info_registry,0.95,2026-06-06T19:08:54.907731
08140,HK,08140,stock_code,stock_info_registry,1.0,2026-06-06T19:08:54.907742
08140,HK,人和科技,company_name,stock_info_registry,0.95,2026-06-06T19:08:54.907743
08143,HK,08143,stock_code,stock_info_registry,1.0,2026-06-06T19:08:54.907755
08143,HK,金威医疗,company_name,stock_info_registry,0.95,2026-06-06T19:08:54.907756
08146,HK,08146,stock_code,stock_info_registry,1.0,2026-06-06T19:08:54.907767
08146,HK,怡园酒业,company_name,stock_info_registry,0.95,2026-06-06T19:08:54.907769
08147,HK,08147,stock_code,stock_info_registry,1.0,2026-06-06T19:08:54.907782
08147,HK,汇思太平洋,company_name,stock_info_registry,0.95,2026-06-06T19:08:54.907785
08148,HK,08148,stock_code,stock_info_registry,1.0,2026-06-06T19:08:54.907796
08148,HK,悟喜生活,company_name,stock_info_registry,0.95,2026-06-06T19:08:54.907798
08149,HK,08149,stock_code,stock_info_registry,1.0,2026-06-06T19:08:54.907812
08149,HK,浩德控股,company_name,stock_info_registry,0.95,2026-06-06T19:08:54.907814
08152,HK,08152,stock_code,stock_info_registry,1.0,2026-06-06T19:08:54.907827
08152,HK,明梁控股,company_name,stock_info_registry,0.95,2026-06-06T19:08:54.907829
08153,HK,08153,stock_code,stock_info_registry,1.0,2026-06-06T19:08:54.907841
08153,HK,嘉鼎国际集团,company_name,stock_info_registry,0.95,2026-06-06T19:08:54.907843
08156,HK,08156,stock_code,stock_info_registry,1.0,2026-06-06T19:08:54.907856
08156,HK,国药科技股份,company_name,stock_info_registry,0.95,2026-06-06T19:08:54.907859
08158,HK,08158,stock_code,stock_info_registry,1.0,2026-06-06T19:08:54.907873
08158,HK,中国再生医学,company_name,stock_info_registry,0.95,2026-06-06T19:08:54.907876
08159,HK,08159,stock_code,stock_info_registry,1.0,2026-06-06T19:08:54.907888
08159,HK,新华联合投资,company_name,stock_info_registry,0.95,2026-06-06T19:08:54.907890
08160,HK,08160,stock_code,stock_info_registry,1.0,2026-06-06T19:08:54.907902
08160,HK,金汇教育,company_name,stock_info_registry,0.95,2026-06-06T19:08:54.907904
08161,HK,08161,stock_code,stock_info_registry,1.0,2026-06-06T19:08:54.907915
08161,HK,医汇集团,company_name,stock_info_registry,0.95,2026-06-06T19:08:54.907917
08162,HK,08162,stock_code,stock_info_registry,1.0,2026-06-06T19:08:54.907927
08162,HK,港银控股,company_name,stock_info_registry,0.95,2026-06-06T19:08:54.907929
08163,HK,08163,stock_code,stock_info_registry,1.0,2026-06-06T19:08:54.907940
08163,HK,声扬集团,company_name,stock_info_registry,0.95,2026-06-06T19:08:54.907942
08168,HK,08168,stock_code,stock_info_registry,1.0,2026-06-06T19:08:54.907953
08168,HK,宝积资本,company_name,stock_info_registry,0.95,2026-06-06T19:08:54.907955
08169,HK,08169,stock_code,stock_info_registry,1.0,2026-06-06T19:08:54.907965
08169,HK,环康集团,company_name,stock_info_registry,0.95,2026-06-06T19:08:54.907967
08172,HK,08172,stock_code,stock_info_registry,1.0,2026-06-06T19:08:54.907978
08172,HK,拉近网娱,company_name,stock_info_registry,0.95,2026-06-06T19:08:54.907980
08173,HK,08173,stock_code,stock_info_registry,1.0,2026-06-06T19:08:54.907991
08173,HK,客思控股,company_name,stock_info_registry,0.95,2026-06-06T19:08:54.907992
08176,HK,08176,stock_code,stock_info_registry,1.0,2026-06-06T19:08:54.908003
08176,HK,超人智能,company_name,stock_info_registry,0.95,2026-06-06T19:08:54.908005
08178,HK,08178,stock_code,stock_info_registry,1.0,2026-06-06T19:08:54.908016
08178,HK,中国信息科技,company_name,stock_info_registry,0.95,2026-06-06T19:08:54.908017
08179,HK,08179,stock_code,stock_info_registry,1.0,2026-06-06T19:08:54.908028
08179,HK,百利达集团控股,company_name,stock_info_registry,0.95,2026-06-06T19:08:54.908030
08181,HK,08181,stock_code,stock_info_registry,1.0,2026-06-06T19:08:54.908045
08181,HK,港深智能管理,company_name,stock_info_registry,0.95,2026-06-06T19:08:54.908047
08186,HK,08186,stock_code,stock_info_registry,1.0,2026-06-06T19:08:54.908058
08186,HK,曼妠,company_name,stock_info_registry,0.95,2026-06-06T19:08:54.908060
08187,HK,08187,stock_code,stock_info_registry,1.0,2026-06-06T19:08:54.908071
08187,HK,积木集团,company_name,stock_info_registry,0.95,2026-06-06T19:08:54.908073
08188,HK,08188,stock_code,stock_info_registry,1.0,2026-06-06T19:08:54.908084
08188,HK,骏杰集团控股,company_name,stock_info_registry,0.95,2026-06-06T19:08:54.908086
08189,HK,08189,stock_code,stock_info_registry,1.0,2026-06-06T19:08:54.908096
08189,HK,泰达生物,company_name,stock_info_registry,0.95,2026-06-06T19:08:54.908098
08191,HK,08191,stock_code,stock_info_registry,1.0,2026-06-06T19:08:54.908109
08191,HK,鸿伟亚洲,company_name,stock_info_registry,0.95,2026-06-06T19:08:54.908111
08193,HK,08193,stock_code,stock_info_registry,1.0,2026-06-06T19:08:54.908121
08193,HK,亚太金融投资,company_name,stock_info_registry,0.95,2026-06-06T19:08:54.908123
08195,HK,08195,stock_code,stock_info_registry,1.0,2026-06-06T19:08:54.908134
08195,HK,传承教育集团,company_name,stock_info_registry,0.95,2026-06-06T19:08:54.908136
08196,HK,08196,stock_code,stock_info_registry,1.0,2026-06-06T19:08:54.908146
08196,HK,福田股份,company_name,stock_info_registry,0.95,2026-06-06T19:08:54.908148
08198,HK,08198,stock_code,stock_info_registry,1.0,2026-06-06T19:08:54.908159
08198,HK,加幂科技,company_name,stock_info_registry,0.95,2026-06-06T19:08:54.908161
08200,HK,08200,stock_code,stock_info_registry,1.0,2026-06-06T19:08:54.908172
08200,HK,修身堂,company_name,stock_info_registry,0.95,2026-06-06T19:08:54.908173
08201,HK,08201,stock_code,stock_info_registry,1.0,2026-06-06T19:08:54.908189
08201,HK,宝联控股,company_name,stock_info_registry,0.95,2026-06-06T19:08:54.908191
08203,HK,08203,stock_code,stock_info_registry,1.0,2026-06-06T19:08:54.908202
08203,HK,凯顺控股,company_name,stock_info_registry,0.95,2026-06-06T19:08:54.908203
08205,HK,08205,stock_code,stock_info_registry,1.0,2026-06-06T19:08:54.908214
08205,HK,交大慧谷,company_name,stock_info_registry,0.95,2026-06-06T19:08:54.908216
08206,HK,08206,stock_code,stock_info_registry,1.0,2026-06-06T19:08:54.908227
08206,HK,神通机器人教育,company_name,stock_info_registry,0.95,2026-06-06T19:08:54.908229
08208,HK,08208,stock_code,stock_info_registry,1.0,2026-06-06T19:08:54.908249
08208,HK,永通万国集团,company_name,stock_info_registry,0.95,2026-06-06T19:08:54.908250
08210,HK,08210,stock_code,stock_info_registry,1.0,2026-06-06T19:08:54.908262
08210,HK,衍汇亚洲,company_name,stock_info_registry,0.95,2026-06-06T19:08:54.908263
08211,HK,08211,stock_code,stock_info_registry,1.0,2026-06-06T19:08:54.908275
08213,HK,08213,stock_code,stock_info_registry,1.0,2026-06-06T19:08:54.908285
08213,HK,荣晖控股,company_name,stock_info_registry,0.95,2026-06-06T19:08:54.908287
08217,HK,08217,stock_code,stock_info_registry,1.0,2026-06-06T19:08:54.908298
08217,HK,菊福堂生物,company_name,stock_info_registry,0.95,2026-06-06T19:08:54.908300
08218,HK,08218,stock_code,stock_info_registry,1.0,2026-06-06T19:08:54.908311
08218,HK,毅高国际控股,company_name,stock_info_registry,0.95,2026-06-06T19:08:54.908312
08219,HK,08219,stock_code,stock_info_registry,1.0,2026-06-06T19:08:54.908323
08219,HK,恒伟集团控股,company_name,stock_info_registry,0.95,2026-06-06T19:08:54.908325
08220,HK,08220,stock_code,stock_info_registry,1.0,2026-06-06T19:08:54.908336
08220,HK,比高集团,company_name,stock_info_registry,0.95,2026-06-06T19:08:54.908338
08221,HK,08221,stock_code,stock_info_registry,1.0,2026-06-06T19:08:54.908348
08221,HK,高裕金融,company_name,stock_info_registry,0.95,2026-06-06T19:08:54.908350
08222,HK,08222,stock_code,stock_info_registry,1.0,2026-06-06T19:08:54.908361
08222,HK,壹照明,company_name,stock_info_registry,0.95,2026-06-06T19:08:54.908363
08223,HK,08223,stock_code,stock_info_registry,1.0,2026-06-06T19:08:54.908373
08223,HK,紫元元,company_name,stock_info_registry,0.95,2026-06-06T19:08:54.908375
08225,HK,08225,stock_code,stock_info_registry,1.0,2026-06-06T19:08:54.908386
08225,HK,中国医疗集团,company_name,stock_info_registry,0.95,2026-06-06T19:08:54.908388
08226,HK,08226,stock_code,stock_info_registry,1.0,2026-06-06T19:08:54.908399
08226,HK,树熊金融集团,company_name,stock_info_registry,0.95,2026-06-06T19:08:54.908401
08227,HK,08227,stock_code,stock_info_registry,1.0,2026-06-06T19:08:54.908411
08227,HK,海天天线,company_name,stock_info_registry,0.95,2026-06-06T19:08:54.908413
08229,HK,08229,stock_code,stock_info_registry,1.0,2026-06-06T19:08:54.908425
08229,HK,未来数据集团,company_name,stock_info_registry,0.95,2026-06-06T19:08:54.908428
08232,HK,08232,stock_code,stock_info_registry,1.0,2026-06-06T19:08:54.908441
08232,HK,一木集团,company_name,stock_info_registry,0.95,2026-06-06T19:08:54.908443
08237,HK,08237,stock_code,stock_info_registry,1.0,2026-06-06T19:08:54.908454
08237,HK,华星控股,company_name,stock_info_registry,0.95,2026-06-06T19:08:54.908456
08238,HK,08238,stock_code,stock_info_registry,1.0,2026-06-06T19:08:54.908467
08238,HK,惠陶集团,company_name,stock_info_registry,0.95,2026-06-06T19:08:54.908469
08239,HK,08239,stock_code,stock_info_registry,1.0,2026-06-06T19:08:54.908480
08239,HK,首都金融(五百),company_name,stock_info_registry,0.95,2026-06-06T19:08:54.908481
08241,HK,08241,stock_code,stock_info_registry,1.0,2026-06-06T19:08:54.908492
08241,HK,英记茶庄集团,company_name,stock_info_registry,0.95,2026-06-06T19:08:54.908494
08245,HK,08245,stock_code,stock_info_registry,1.0,2026-06-06T19:08:54.908505
08245,HK,烽翼集团,company_name,stock_info_registry,0.95,2026-06-06T19:08:54.908507
08246,HK,08246,stock_code,stock_info_registry,1.0,2026-06-06T19:08:54.908518
08246,HK,中华燃气,company_name,stock_info_registry,0.95,2026-06-06T19:08:54.908519
08247,HK,08247,stock_code,stock_info_registry,1.0,2026-06-06T19:08:54.908538
08247,HK,中生北控生物科技,company_name,stock_info_registry,0.95,2026-06-06T19:08:54.908540
08249,HK,08249,stock_code,stock_info_registry,1.0,2026-06-06T19:08:54.908551
08249,HK,瑞远智控,company_name,stock_info_registry,0.95,2026-06-06T19:08:54.908553
08250,HK,08250,stock_code,stock_info_registry,1.0,2026-06-06T19:08:54.908563
08250,HK,都都控股,company_name,stock_info_registry,0.95,2026-06-06T19:08:54.908569
08262,HK,08262,stock_code,stock_info_registry,1.0,2026-06-06T19:08:54.908580
08262,HK,宏强控股,company_name,stock_info_registry,0.95,2026-06-06T19:08:54.908582
08267,HK,08267,stock_code,stock_info_registry,1.0,2026-06-06T19:08:54.908593
08267,HK,蓝港互动,company_name,stock_info_registry,0.95,2026-06-06T19:08:54.908595
08268,HK,08268,stock_code,stock_info_registry,1.0,2026-06-06T19:08:54.908606
08268,HK,智城发展控股,company_name,stock_info_registry,0.95,2026-06-06T19:08:54.908607
08269,HK,08269,stock_code,stock_info_registry,1.0,2026-06-06T19:08:54.908618
08269,HK,倍升教育科技,company_name,stock_info_registry,0.95,2026-06-06T19:08:54.908620
08270,HK,08270,stock_code,stock_info_registry,1.0,2026-06-06T19:08:54.908631
08270,HK,中国煤层气,company_name,stock_info_registry,0.95,2026-06-06T19:08:54.908632
08271,HK,08271,stock_code,stock_info_registry,1.0,2026-06-06T19:08:54.908643
08271,HK,环球数码创意,company_name,stock_info_registry,0.95,2026-06-06T19:08:54.908645
08275,HK,08275,stock_code,stock_info_registry,1.0,2026-06-06T19:08:54.908656
08275,HK,中国新消费集团,company_name,stock_info_registry,0.95,2026-06-06T19:08:54.908658
08277,HK,08277,stock_code,stock_info_registry,1.0,2026-06-06T19:08:54.908669
08277,HK,骏东控股,company_name,stock_info_registry,0.95,2026-06-06T19:08:54.908670
08279,HK,08279,stock_code,stock_info_registry,1.0,2026-06-06T19:08:54.908681
08279,HK,亚博科技控股,company_name,stock_info_registry,0.95,2026-06-06T19:08:54.908683
08280,HK,08280,stock_code,stock_info_registry,1.0,2026-06-06T19:08:54.908693
08280,HK,中国数字视频,company_name,stock_info_registry,0.95,2026-06-06T19:08:54.908695
08281,HK,08281,stock_code,stock_info_registry,1.0,2026-06-06T19:08:54.908706
08281,HK,中国金典集团,company_name,stock_info_registry,0.95,2026-06-06T19:08:54.908708
08282,HK,08282,stock_code,stock_info_registry,1.0,2026-06-06T19:08:54.908719
08282,HK,智傲控股,company_name,stock_info_registry,0.95,2026-06-06T19:08:54.908720
08283,HK,08283,stock_code,stock_info_registry,1.0,2026-06-06T19:08:54.908731
08283,HK,中食民安,company_name,stock_info_registry,0.95,2026-06-06T19:08:54.908733
08285,HK,08285,stock_code,stock_info_registry,1.0,2026-06-06T19:08:54.908744
08285,HK,森浩集团,company_name,stock_info_registry,0.95,2026-06-06T19:08:54.908745
08286,HK,08286,stock_code,stock_info_registry,1.0,2026-06-06T19:08:54.908756
08286,HK,长城微光,company_name,stock_info_registry,0.95,2026-06-06T19:08:54.908758
08290,HK,08290,stock_code,stock_info_registry,1.0,2026-06-06T19:08:54.908769
08290,HK,亚势备份,company_name,stock_info_registry,0.95,2026-06-06T19:08:54.908771
08291,HK,08291,stock_code,stock_info_registry,1.0,2026-06-06T19:08:54.908781
08291,HK,港娱国际,company_name,stock_info_registry,0.95,2026-06-06T19:08:54.908783
08292,HK,08292,stock_code,stock_info_registry,1.0,2026-06-06T19:08:54.908794
08292,HK,VSING,company_name,stock_info_registry,0.95,2026-06-06T19:08:54.908796
08293,HK,08293,stock_code,stock_info_registry,1.0,2026-06-06T19:08:54.908806
08293,HK,星亚控股,company_name,stock_info_registry,0.95,2026-06-06T19:08:54.908808
08295,HK,08295,stock_code,stock_info_registry,1.0,2026-06-06T19:08:54.908819
08295,HK,金慧科技,company_name,stock_info_registry,0.95,2026-06-06T19:08:54.908821
08296,HK,08296,stock_code,stock_info_registry,1.0,2026-06-06T19:08:54.908831
08296,HK,中国生命集团,company_name,stock_info_registry,0.95,2026-06-06T19:08:54.908833
08297,HK,08297,stock_code,stock_info_registry,1.0,2026-06-06T19:08:54.908844
08297,HK,海纳星空科技,company_name,stock_info_registry,0.95,2026-06-06T19:08:54.908846
08299,HK,08299,stock_code,stock_info_registry,1.0,2026-06-06T19:08:54.908857
08299,HK,大唐黄金,company_name,stock_info_registry,0.95,2026-06-06T19:08:54.908858
08300,HK,08300,stock_code,stock_info_registry,1.0,2026-06-06T19:08:54.908869
08300,HK,今米房集团,company_name,stock_info_registry,0.95,2026-06-06T19:08:54.908871
08305,HK,08305,stock_code,stock_info_registry,1.0,2026-06-06T19:08:54.908882
08305,HK,圣唐控股,company_name,stock_info_registry,0.95,2026-06-06T19:08:54.908884
08307,HK,08307,stock_code,stock_info_registry,1.0,2026-06-06T19:08:54.908894
08307,HK,密迪斯肌,company_name,stock_info_registry,0.95,2026-06-06T19:08:54.908896
08308,HK,08308,stock_code,stock_info_registry,1.0,2026-06-06T19:08:54.908907
08308,HK,古兜控股,company_name,stock_info_registry,0.95,2026-06-06T19:08:54.908909
08309,HK,08309,stock_code,stock_info_registry,1.0,2026-06-06T19:08:54.908919
08309,HK,万成环球控股,company_name,stock_info_registry,0.95,2026-06-06T19:08:54.908921
08310,HK,08310,stock_code,stock_info_registry,1.0,2026-06-06T19:08:54.908932
08310,HK,盐城港,company_name,stock_info_registry,0.95,2026-06-06T19:08:54.908934
08311,HK,08311,stock_code,stock_info_registry,1.0,2026-06-06T19:08:54.908944
08311,HK,圆美光电,company_name,stock_info_registry,0.95,2026-06-06T19:08:54.908946
08313,HK,08313,stock_code,stock_info_registry,1.0,2026-06-06T19:08:54.908958
08313,HK,杰地集团,company_name,stock_info_registry,0.95,2026-06-06T19:08:54.908960
08315,HK,08315,stock_code,stock_info_registry,1.0,2026-06-06T19:08:54.908971
08315,HK,新都酒店,company_name,stock_info_registry,0.95,2026-06-06T19:08:54.908973
08316,HK,08316,stock_code,stock_info_registry,1.0,2026-06-06T19:08:54.908984
08316,HK,中国红包,company_name,stock_info_registry,0.95,2026-06-06T19:08:54.908985
08317,HK,08317,stock_code,stock_info_registry,1.0,2026-06-06T19:08:54.908996
08317,HK,财华社集团,company_name,stock_info_registry,0.95,2026-06-06T19:08:54.908998
08319,HK,08319,stock_code,stock_info_registry,1.0,2026-06-06T19:08:54.909008
08319,HK,思博系统,company_name,stock_info_registry,0.95,2026-06-06T19:08:54.909010
08320,HK,08320,stock_code,stock_info_registry,1.0,2026-06-06T19:08:54.909021
08320,HK,沛然环保,company_name,stock_info_registry,0.95,2026-06-06T19:08:54.909023
08321,HK,08321,stock_code,stock_info_registry,1.0,2026-06-06T19:08:54.909034
08321,HK,泰锦控股,company_name,stock_info_registry,0.95,2026-06-06T19:08:54.909035
08326,HK,08326,stock_code,stock_info_registry,1.0,2026-06-06T19:08:54.909046
08326,HK,同景新能源,company_name,stock_info_registry,0.95,2026-06-06T19:08:54.909048
08328,HK,08328,stock_code,stock_info_registry,1.0,2026-06-06T19:08:54.909059
08328,HK,信义储电,company_name,stock_info_registry,0.95,2026-06-06T19:08:54.909062
08329,HK,08329,stock_code,stock_info_registry,1.0,2026-06-06T19:08:54.909073
08329,HK,海王英特龙,company_name,stock_info_registry,0.95,2026-06-06T19:08:54.909075
08331,HK,08331,stock_code,stock_info_registry,1.0,2026-06-06T19:08:54.909086
08331,HK,倍搏集团,company_name,stock_info_registry,0.95,2026-06-06T19:08:54.909087
08333,HK,08333,stock_code,stock_info_registry,1.0,2026-06-06T19:08:54.909098
08333,HK,阿仕特朗金融,company_name,stock_info_registry,0.95,2026-06-06T19:08:54.909100
08337,HK,08337,stock_code,stock_info_registry,1.0,2026-06-06T19:08:54.909111
08337,HK,直通电讯,company_name,stock_info_registry,0.95,2026-06-06T19:08:54.909113
08340,HK,08340,stock_code,stock_info_registry,1.0,2026-06-06T19:08:54.909123
08340,HK,紫荆国际金融,company_name,stock_info_registry,0.95,2026-06-06T19:08:54.909125
08341,HK,08341,stock_code,stock_info_registry,1.0,2026-06-06T19:08:54.909136
08341,HK,艾硕控股,company_name,stock_info_registry,0.95,2026-06-06T19:08:54.909138
08347,HK,08347,stock_code,stock_info_registry,1.0,2026-06-06T19:08:54.909148
08347,HK,F8企业,company_name,stock_info_registry,0.95,2026-06-06T19:08:54.909150
08348,HK,08348,stock_code,stock_info_registry,1.0,2026-06-06T19:08:54.909161
08348,HK,滨海泰达物流,company_name,stock_info_registry,0.95,2026-06-06T19:08:54.909162
08349,HK,08349,stock_code,stock_info_registry,1.0,2026-06-06T19:08:54.909173
08349,HK,硅鑫集团,company_name,stock_info_registry,0.95,2026-06-06T19:08:54.909175
08350,HK,08350,stock_code,stock_info_registry,1.0,2026-06-06T19:08:54.909185
08350,HK,立桥证券控股,company_name,stock_info_registry,0.95,2026-06-06T19:08:54.909187
08356,HK,08356,stock_code,stock_info_registry,1.0,2026-06-06T19:08:54.909198
08356,HK,进业控股,company_name,stock_info_registry,0.95,2026-06-06T19:08:54.909200
08357,HK,08357,stock_code,stock_info_registry,1.0,2026-06-06T19:08:54.909211
08357,HK,REPUBLIC HC,company_name,stock_info_registry,0.95,2026-06-06T19:08:54.909212
08360,HK,08360,stock_code,stock_info_registry,1.0,2026-06-06T19:08:54.909223
08360,HK,简朴新生活,company_name,stock_info_registry,0.95,2026-06-06T19:08:54.909225
08362,HK,08362,stock_code,stock_info_registry,1.0,2026-06-06T19:08:54.909236
08362,HK,运兴泰集团,company_name,stock_info_registry,0.95,2026-06-06T19:08:54.909238
08365,HK,08365,stock_code,stock_info_registry,1.0,2026-06-06T19:08:54.909249
08365,HK,亦辰集团,company_name,stock_info_registry,0.95,2026-06-06T19:08:54.909250
08366,HK,08366,stock_code,stock_info_registry,1.0,2026-06-06T19:08:54.909261
08366,HK,浙江联合投资,company_name,stock_info_registry,0.95,2026-06-06T19:08:54.909263
08367,HK,08367,stock_code,stock_info_registry,1.0,2026-06-06T19:08:54.909274
08367,HK,倩碧控股,company_name,stock_info_registry,0.95,2026-06-06T19:08:54.909276
08368,HK,08368,stock_code,stock_info_registry,1.0,2026-06-06T19:08:54.909286
08368,HK,中国创意控股,company_name,stock_info_registry,0.95,2026-06-06T19:08:54.909288
08370,HK,08370,stock_code,stock_info_registry,1.0,2026-06-06T19:08:54.909299
08370,HK,智昇集团控股,company_name,stock_info_registry,0.95,2026-06-06T19:08:54.909301
08371,HK,08371,stock_code,stock_info_registry,1.0,2026-06-06T19:08:54.909311
08371,HK,尝高美集团,company_name,stock_info_registry,0.95,2026-06-06T19:08:54.909313
08372,HK,08372,stock_code,stock_info_registry,1.0,2026-06-06T19:08:54.909324
08372,HK,君百延集团,company_name,stock_info_registry,0.95,2026-06-06T19:08:54.909326
08373,HK,08373,stock_code,stock_info_registry,1.0,2026-06-06T19:08:54.909336
08373,HK,靛蓝星,company_name,stock_info_registry,0.95,2026-06-06T19:08:54.909338
08375,HK,08375,stock_code,stock_info_registry,1.0,2026-06-06T19:08:54.909349
08375,HK,数盟资本,company_name,stock_info_registry,0.95,2026-06-06T19:08:54.909350
08377,HK,08377,stock_code,stock_info_registry,1.0,2026-06-06T19:08:54.909361
08377,HK,维港育马,company_name,stock_info_registry,0.95,2026-06-06T19:08:54.909363
08379,HK,08379,stock_code,stock_info_registry,1.0,2026-06-06T19:08:54.909373
08379,HK,盈证国际,company_name,stock_info_registry,0.95,2026-06-06T19:08:54.909375
08385,HK,08385,stock_code,stock_info_registry,1.0,2026-06-06T19:08:54.909386
08385,HK,万里印刷,company_name,stock_info_registry,0.95,2026-06-06T19:08:54.909388
08391,HK,08391,stock_code,stock_info_registry,1.0,2026-06-06T19:08:54.909403
08391,HK,基石科技控股,company_name,stock_info_registry,0.95,2026-06-06T19:08:54.909405
08392,HK,08392,stock_code,stock_info_registry,1.0,2026-06-06T19:08:54.909415
08392,HK,舍图控股,company_name,stock_info_registry,0.95,2026-06-06T19:08:54.909417
08395,HK,08395,stock_code,stock_info_registry,1.0,2026-06-06T19:08:54.909428
08395,HK,中显智能齐家控股,company_name,stock_info_registry,0.95,2026-06-06T19:08:54.909430
08400,HK,08400,stock_code,stock_info_registry,1.0,2026-06-06T19:08:54.909441
08400,HK,亚洲先锋娱乐,company_name,stock_info_registry,0.95,2026-06-06T19:08:54.909442
08401,HK,08401,stock_code,stock_info_registry,1.0,2026-06-06T19:08:54.909453
08401,HK,源想集团,company_name,stock_info_registry,0.95,2026-06-06T19:08:54.909455
08402,HK,08402,stock_code,stock_info_registry,1.0,2026-06-06T19:08:54.909466
08402,HK,高原之宝,company_name,stock_info_registry,0.95,2026-06-06T19:08:54.909467
08403,HK,08403,stock_code,stock_info_registry,1.0,2026-06-06T19:08:54.909478
08403,HK,德丰宿来,company_name,stock_info_registry,0.95,2026-06-06T19:08:54.909480
08406,HK,08406,stock_code,stock_info_registry,1.0,2026-06-06T19:08:54.909491
08406,HK,中国口腔产业,company_name,stock_info_registry,0.95,2026-06-06T19:08:54.909492
08411,HK,08411,stock_code,stock_info_registry,1.0,2026-06-06T19:08:54.909503
08411,HK,K W NELSON GP,company_name,stock_info_registry,0.95,2026-06-06T19:08:54.909505
08412,HK,08412,stock_code,stock_info_registry,1.0,2026-06-06T19:08:54.909515
08412,HK,新爱德集团,company_name,stock_info_registry,0.95,2026-06-06T19:08:54.909517
08413,HK,08413,stock_code,stock_info_registry,1.0,2026-06-06T19:08:54.909528
08413,HK,亚洲富思,company_name,stock_info_registry,0.95,2026-06-06T19:08:54.909530
08416,HK,08416,stock_code,stock_info_registry,1.0,2026-06-06T19:08:54.909540
08416,HK,HM INTL HLDGS,company_name,stock_info_registry,0.95,2026-06-06T19:08:54.909542
08417,HK,08417,stock_code,stock_info_registry,1.0,2026-06-06T19:08:54.909553
08417,HK,大地教育,company_name,stock_info_registry,0.95,2026-06-06T19:08:54.909556
08418,HK,08418,stock_code,stock_info_registry,1.0,2026-06-06T19:08:54.909567
08418,HK,傲迪玛汽车,company_name,stock_info_registry,0.95,2026-06-06T19:08:54.909569
08419,HK,08419,stock_code,stock_info_registry,1.0,2026-06-06T19:08:54.909579
08419,HK,AV策划推广,company_name,stock_info_registry,0.95,2026-06-06T19:08:54.909581
08420,HK,08420,stock_code,stock_info_registry,1.0,2026-06-06T19:08:54.909592
08420,HK,NEXION TECH,company_name,stock_info_registry,0.95,2026-06-06T19:08:54.909594
08422,HK,08422,stock_code,stock_info_registry,1.0,2026-06-06T19:08:54.909605
08422,HK,WT集团,company_name,stock_info_registry,0.95,2026-06-06T19:08:54.909606
08423,HK,08423,stock_code,stock_info_registry,1.0,2026-06-06T19:08:54.909617
08423,HK,潪澔发展控股,company_name,stock_info_registry,0.95,2026-06-06T19:08:54.909619
08425,HK,08425,stock_code,stock_info_registry,1.0,2026-06-06T19:08:54.909630
08425,HK,兴铭控股,company_name,stock_info_registry,0.95,2026-06-06T19:08:54.909631
08426,HK,08426,stock_code,stock_info_registry,1.0,2026-06-06T19:08:54.909642
08426,HK,雅居投资控股,company_name,stock_info_registry,0.95,2026-06-06T19:08:54.909644
08427,HK,08427,stock_code,stock_info_registry,1.0,2026-06-06T19:08:54.909655
08427,HK,万顺瑞强集团,company_name,stock_info_registry,0.95,2026-06-06T19:08:54.909656
08428,HK,08428,stock_code,stock_info_registry,1.0,2026-06-06T19:08:54.909667
08428,HK,汉诺佳池,company_name,stock_info_registry,0.95,2026-06-06T19:08:54.909669
08429,HK,08429,stock_code,stock_info_registry,1.0,2026-06-06T19:08:54.909680
08429,HK,华美乐乐,company_name,stock_info_registry,0.95,2026-06-06T19:08:54.909681
08430,HK,08430,stock_code,stock_info_registry,1.0,2026-06-06T19:08:54.909692
08430,HK,春能控股,company_name,stock_info_registry,0.95,2026-06-06T19:08:54.909694
08431,HK,08431,stock_code,stock_info_registry,1.0,2026-06-06T19:08:54.909704
08431,HK,浩柏国际,company_name,stock_info_registry,0.95,2026-06-06T19:08:54.909706
08432,HK,08432,stock_code,stock_info_registry,1.0,2026-06-06T19:08:54.909717
08432,HK,太平洋酒吧,company_name,stock_info_registry,0.95,2026-06-06T19:08:54.909719
08436,HK,08436,stock_code,stock_info_registry,1.0,2026-06-06T19:08:54.909729
08436,HK,德宝集团控股,company_name,stock_info_registry,0.95,2026-06-06T19:08:54.909731
08437,HK,08437,stock_code,stock_info_registry,1.0,2026-06-06T19:08:54.909742
08437,HK,德斯控股,company_name,stock_info_registry,0.95,2026-06-06T19:08:54.909744
08439,HK,08439,stock_code,stock_info_registry,1.0,2026-06-06T19:08:54.909754
08439,HK,新百利融资,company_name,stock_info_registry,0.95,2026-06-06T19:08:54.909756
08445,HK,08445,stock_code,stock_info_registry,1.0,2026-06-06T19:08:54.909767
08445,HK,怡康泰工程集团,company_name,stock_info_registry,0.95,2026-06-06T19:08:54.909769
08446,HK,08446,stock_code,stock_info_registry,1.0,2026-06-06T19:08:54.909780
08446,HK,耀星科技集团,company_name,stock_info_registry,0.95,2026-06-06T19:08:54.909781
08447,HK,08447,stock_code,stock_info_registry,1.0,2026-06-06T19:08:54.909792
08447,HK,MS CONCEPT,company_name,stock_info_registry,0.95,2026-06-06T19:08:54.909794
08448,HK,08448,stock_code,stock_info_registry,1.0,2026-06-06T19:08:54.909804
08448,HK,环球印馆,company_name,stock_info_registry,0.95,2026-06-06T19:08:54.909806
08450,HK,08450,stock_code,stock_info_registry,1.0,2026-06-06T19:08:54.909817
08450,HK,钜京控股,company_name,stock_info_registry,0.95,2026-06-06T19:08:54.909819
08451,HK,08451,stock_code,stock_info_registry,1.0,2026-06-06T19:08:54.909831
08451,HK,日光控股,company_name,stock_info_registry,0.95,2026-06-06T19:08:54.909832
08452,HK,08452,stock_code,stock_info_registry,1.0,2026-06-06T19:08:54.909843
08452,HK,富银融资股份,company_name,stock_info_registry,0.95,2026-06-06T19:08:54.909845
08455,HK,08455,stock_code,stock_info_registry,1.0,2026-06-06T19:08:54.909856
08455,HK,礼建德集团,company_name,stock_info_registry,0.95,2026-06-06T19:08:54.909858
08456,HK,08456,stock_code,stock_info_registry,1.0,2026-06-06T19:08:54.909868
08456,HK,民信国际控股,company_name,stock_info_registry,0.95,2026-06-06T19:08:54.909870
08460,HK,08460,stock_code,stock_info_registry,1.0,2026-06-06T19:08:54.909881
08460,HK,基地锦标集团,company_name,stock_info_registry,0.95,2026-06-06T19:08:54.909883
08462,HK,08462,stock_code,stock_info_registry,1.0,2026-06-06T19:08:54.909893
08462,HK,中安控股集团,company_name,stock_info_registry,0.95,2026-06-06T19:08:54.909895
08471,HK,08471,stock_code,stock_info_registry,1.0,2026-06-06T19:08:54.909906
08471,HK,新达控股,company_name,stock_info_registry,0.95,2026-06-06T19:08:54.909908
08472,HK,08472,stock_code,stock_info_registry,1.0,2026-06-06T19:08:54.909918
08472,HK,立高控股,company_name,stock_info_registry,0.95,2026-06-06T19:08:54.909920
08473,HK,08473,stock_code,stock_info_registry,1.0,2026-06-06T19:08:54.909931
08473,HK,弥明生活百货,company_name,stock_info_registry,0.95,2026-06-06T19:08:54.909933
08475,HK,08475,stock_code,stock_info_registry,1.0,2026-06-06T19:08:54.909943
08475,HK,易站绿色科技,company_name,stock_info_registry,0.95,2026-06-06T19:08:54.909945
08476,HK,08476,stock_code,stock_info_registry,1.0,2026-06-06T19:08:54.909955
08480,HK,08480,stock_code,stock_info_registry,1.0,2026-06-06T19:08:54.909966
08480,HK,飞霓控股,company_name,stock_info_registry,0.95,2026-06-06T19:08:54.909968
08481,HK,08481,stock_code,stock_info_registry,1.0,2026-06-06T19:08:54.909979
08481,HK,盛龙锦秀国际,company_name,stock_info_registry,0.95,2026-06-06T19:08:54.909981
08482,HK,08482,stock_code,stock_info_registry,1.0,2026-06-06T19:08:54.909991
08482,HK,万励达,company_name,stock_info_registry,0.95,2026-06-06T19:08:54.909993
08483,HK,08483,stock_code,stock_info_registry,1.0,2026-06-06T19:08:54.910004
08483,HK,名仕快相,company_name,stock_info_registry,0.95,2026-06-06T19:08:54.910005
08487,HK,08487,stock_code,stock_info_registry,1.0,2026-06-06T19:08:54.910016
08487,HK,ISP GLOBAL,company_name,stock_info_registry,0.95,2026-06-06T19:08:54.910018
08489,HK,08489,stock_code,stock_info_registry,1.0,2026-06-06T19:08:54.910029
08489,HK,裕程物流,company_name,stock_info_registry,0.95,2026-06-06T19:08:54.910031
08490,HK,08490,stock_code,stock_info_registry,1.0,2026-06-06T19:08:54.910041
08490,HK,骏码半导体,company_name,stock_info_registry,0.95,2026-06-06T19:08:54.910043
08491,HK,08491,stock_code,stock_info_registry,1.0,2026-06-06T19:08:54.910055
08491,HK,COOL LINK,company_name,stock_info_registry,0.95,2026-06-06T19:08:54.910056
08493,HK,08493,stock_code,stock_info_registry,1.0,2026-06-06T19:08:54.910067
08493,HK,炙龙控股,company_name,stock_info_registry,0.95,2026-06-06T19:08:54.910069
08495,HK,08495,stock_code,stock_info_registry,1.0,2026-06-06T19:08:54.910080
08495,HK,1957 & CO.,company_name,stock_info_registry,0.95,2026-06-06T19:08:54.910081
08496,HK,08496,stock_code,stock_info_registry,1.0,2026-06-06T19:08:54.910092
08496,HK,环球友饮智能,company_name,stock_info_registry,0.95,2026-06-06T19:08:54.910094
08500,HK,08500,stock_code,stock_info_registry,1.0,2026-06-06T19:08:54.910104
08500,HK,天泓文创,company_name,stock_info_registry,0.95,2026-06-06T19:08:54.910106
08501,HK,08501,stock_code,stock_info_registry,1.0,2026-06-06T19:08:54.910117
08501,HK,庄皇集团公司,company_name,stock_info_registry,0.95,2026-06-06T19:08:54.910119
08502,HK,08502,stock_code,stock_info_registry,1.0,2026-06-06T19:08:54.910130
08502,HK,远航港口,company_name,stock_info_registry,0.95,2026-06-06T19:08:54.910131
08507,HK,08507,stock_code,stock_info_registry,1.0,2026-06-06T19:08:54.910142
08507,HK,爱世纪集团,company_name,stock_info_registry,0.95,2026-06-06T19:08:54.910144
08509,HK,08509,stock_code,stock_info_registry,1.0,2026-06-06T19:08:54.910158
08509,HK,威扬酒业控股,company_name,stock_info_registry,0.95,2026-06-06T19:08:54.910159
08510,HK,08510,stock_code,stock_info_registry,1.0,2026-06-06T19:08:54.910170
08510,HK,TOPSTANDARDCORP,company_name,stock_info_registry,0.95,2026-06-06T19:08:54.910172
08511,HK,08511,stock_code,stock_info_registry,1.0,2026-06-06T19:08:54.910183
08511,HK,民富国际,company_name,stock_info_registry,0.95,2026-06-06T19:08:54.910185
08512,HK,08512,stock_code,stock_info_registry,1.0,2026-06-06T19:08:54.910196
08512,HK,凯富善集团控股,company_name,stock_info_registry,0.95,2026-06-06T19:08:54.910198
08513,HK,08513,stock_code,stock_info_registry,1.0,2026-06-06T19:08:54.910212
08513,HK,加和国际控股,company_name,stock_info_registry,0.95,2026-06-06T19:08:54.910214
08516,HK,08516,stock_code,stock_info_registry,1.0,2026-06-06T19:08:54.910226
08516,HK,中盈国际,company_name,stock_info_registry,0.95,2026-06-06T19:08:54.910228
08519,HK,08519,stock_code,stock_info_registry,1.0,2026-06-06T19:08:54.910240
08519,HK,新享时代,company_name,stock_info_registry,0.95,2026-06-06T19:08:54.910242
08521,HK,08521,stock_code,stock_info_registry,1.0,2026-06-06T19:08:54.910257
08521,HK,智云国际控股,company_name,stock_info_registry,0.95,2026-06-06T19:08:54.910259
08523,HK,08523,stock_code,stock_info_registry,1.0,2026-06-06T19:08:54.910275
08525,HK,08525,stock_code,stock_info_registry,1.0,2026-06-06T19:08:54.910286
08525,HK,百应控股,company_name,stock_info_registry,0.95,2026-06-06T19:08:54.910288
08526,HK,08526,stock_code,stock_info_registry,1.0,2026-06-06T19:08:54.910300
08526,HK,荣丰集团亚洲,company_name,stock_info_registry,0.95,2026-06-06T19:08:54.910302
08527,HK,08527,stock_code,stock_info_registry,1.0,2026-06-06T19:08:54.910314
08527,HK,聚利宝控股,company_name,stock_info_registry,0.95,2026-06-06T19:08:54.910316
08529,HK,08529,stock_code,stock_info_registry,1.0,2026-06-06T19:08:54.910327
08529,HK,优博控股,company_name,stock_info_registry,0.95,2026-06-06T19:08:54.910329
08532,HK,08532,stock_code,stock_info_registry,1.0,2026-06-06T19:08:54.910340
08532,HK,宝发控股,company_name,stock_info_registry,0.95,2026-06-06T19:08:54.910342
08535,HK,08535,stock_code,stock_info_registry,1.0,2026-06-06T19:08:54.910355
08535,HK,荧德控股,company_name,stock_info_registry,0.95,2026-06-06T19:08:54.910357
08536,HK,08536,stock_code,stock_info_registry,1.0,2026-06-06T19:08:54.910370
08536,HK,TL NATURAL GAS,company_name,stock_info_registry,0.95,2026-06-06T19:08:54.910372
08537,HK,08537,stock_code,stock_info_registry,1.0,2026-06-06T19:08:54.910384
08537,HK,创辉珠宝,company_name,stock_info_registry,0.95,2026-06-06T19:08:54.910386
08540,HK,08540,stock_code,stock_info_registry,1.0,2026-06-06T19:08:54.910397
08540,HK,胜利证券,company_name,stock_info_registry,0.95,2026-06-06T19:08:54.910399
08545,HK,08545,stock_code,stock_info_registry,1.0,2026-06-06T19:08:54.910410
08545,HK,佰悦集团,company_name,stock_info_registry,0.95,2026-06-06T19:08:54.910411
08547,HK,08547,stock_code,stock_info_registry,1.0,2026-06-06T19:08:54.910422
08547,HK,PACIFIC LEGEND,company_name,stock_info_registry,0.95,2026-06-06T19:08:54.910424
08549,HK,08549,stock_code,stock_info_registry,1.0,2026-06-06T19:08:54.910435
08549,HK,金叶国际集团,company_name,stock_info_registry,0.95,2026-06-06T19:08:54.910437
08551,HK,08551,stock_code,stock_info_registry,1.0,2026-06-06T19:08:54.910448
08552,HK,08552,stock_code,stock_info_registry,1.0,2026-06-06T19:08:54.910458
08552,HK,华亿金控(旧),company_name,stock_info_registry,0.95,2026-06-06T19:08:54.910460
08553,HK,08553,stock_code,stock_info_registry,1.0,2026-06-06T19:08:54.910471
08553,HK,中国三三传媒-旧,company_name,stock_info_registry,0.95,2026-06-06T19:08:54.910473
08555,HK,08555,stock_code,stock_info_registry,1.0,2026-06-06T19:08:54.910483
08556,HK,08556,stock_code,stock_info_registry,1.0,2026-06-06T19:08:54.910494
08556,HK,NIUHOLDINGS RTS,company_name,stock_info_registry,0.95,2026-06-06T19:08:54.910496
08557,HK,08557,stock_code,stock_info_registry,1.0,2026-06-06T19:08:54.910506
08557,HK,飞道旅游科技-旧,company_name,stock_info_registry,0.95,2026-06-06T19:08:54.910508
08558,HK,08558,stock_code,stock_info_registry,1.0,2026-06-06T19:08:54.910519
08558,HK,麦迪森控股(旧),company_name,stock_info_registry,0.95,2026-06-06T19:08:54.910521
08559,HK,08559,stock_code,stock_info_registry,1.0,2026-06-06T19:08:54.910531
08559,HK,首都金融(一万),company_name,stock_info_registry,0.95,2026-06-06T19:08:54.910533
08560,HK,08560,stock_code,stock_info_registry,1.0,2026-06-06T19:08:54.910544
08560,HK,麦迪森控股股权,company_name,stock_info_registry,0.95,2026-06-06T19:08:54.910546
08561,HK,08561,stock_code,stock_info_registry,1.0,2026-06-06T19:08:54.910556
08561,HK,爱世纪集团股权,company_name,stock_info_registry,0.95,2026-06-06T19:08:54.910558
08579,HK,08579,stock_code,stock_info_registry,1.0,2026-06-06T19:08:54.910569
08601,HK,08601,stock_code,stock_info_registry,1.0,2026-06-06T19:08:54.910579
08601,HK,宝燵控股,company_name,stock_info_registry,0.95,2026-06-06T19:08:54.910581
08603,HK,08603,stock_code,stock_info_registry,1.0,2026-06-06T19:08:54.910593
08603,HK,亮晴控股,company_name,stock_info_registry,0.95,2026-06-06T19:08:54.910595
08606,HK,08606,stock_code,stock_info_registry,1.0,2026-06-06T19:08:54.910605
08606,HK,倢冠控股,company_name,stock_info_registry,0.95,2026-06-06T19:08:54.910607
08610,HK,08610,stock_code,stock_info_registry,1.0,2026-06-06T19:08:54.910618
08610,HK,BBSB INTL,company_name,stock_info_registry,0.95,2026-06-06T19:08:54.910620
08611,HK,08611,stock_code,stock_info_registry,1.0,2026-06-06T19:08:54.910631
08611,HK,九福来,company_name,stock_info_registry,0.95,2026-06-06T19:08:54.910633
08612,HK,08612,stock_code,stock_info_registry,1.0,2026-06-06T19:08:54.910643
08612,HK,维亮控股,company_name,stock_info_registry,0.95,2026-06-06T19:08:54.910645
08613,HK,08613,stock_code,stock_info_registry,1.0,2026-06-06T19:08:54.910656
08613,HK,东方支付集团控股,company_name,stock_info_registry,0.95,2026-06-06T19:08:54.910658
08616,HK,08616,stock_code,stock_info_registry,1.0,2026-06-06T19:08:54.910669
08616,HK,新威工程集团,company_name,stock_info_registry,0.95,2026-06-06T19:08:54.910670
08619,HK,08619,stock_code,stock_info_registry,1.0,2026-06-06T19:08:54.910682
08619,HK,NIU HOLDINGS,company_name,stock_info_registry,0.95,2026-06-06T19:08:54.910683
08620,HK,08620,stock_code,stock_info_registry,1.0,2026-06-06T19:08:54.910694
08620,HK,亚洲速运,company_name,stock_info_registry,0.95,2026-06-06T19:08:54.910696
08621,HK,08621,stock_code,stock_info_registry,1.0,2026-06-06T19:08:54.910707
08621,HK,METROPOLIS CAP,company_name,stock_info_registry,0.95,2026-06-06T19:08:54.910708
08622,HK,08622,stock_code,stock_info_registry,1.0,2026-06-06T19:08:54.910719
08622,HK,愉悦集团,company_name,stock_info_registry,0.95,2026-06-06T19:08:54.910721
08623,HK,08623,stock_code,stock_info_registry,1.0,2026-06-06T19:08:54.910732
08623,HK,中国蜀塔,company_name,stock_info_registry,0.95,2026-06-06T19:08:54.910734
08627,HK,08627,stock_code,stock_info_registry,1.0,2026-06-06T19:08:54.910744
08627,HK,旅橙文化,company_name,stock_info_registry,0.95,2026-06-06T19:08:54.910746
08629,HK,08629,stock_code,stock_info_registry,1.0,2026-06-06T19:08:54.910756
08629,HK,集信国控,company_name,stock_info_registry,0.95,2026-06-06T19:08:54.910758
08631,HK,08631,stock_code,stock_info_registry,1.0,2026-06-06T19:08:54.910769
08631,HK,申港控股,company_name,stock_info_registry,0.95,2026-06-06T19:08:54.910771
08635,HK,08635,stock_code,stock_info_registry,1.0,2026-06-06T19:08:54.910781
08635,HK,大象控股集团,company_name,stock_info_registry,0.95,2026-06-06T19:08:54.910783
08637,HK,08637,stock_code,stock_info_registry,1.0,2026-06-06T19:08:54.910794
08637,HK,元续科技,company_name,stock_info_registry,0.95,2026-06-06T19:08:54.910796
08645,HK,08645,stock_code,stock_info_registry,1.0,2026-06-06T19:08:54.910808
08645,HK,比特元宇宙,company_name,stock_info_registry,0.95,2026-06-06T19:08:54.910810
08646,HK,08646,stock_code,stock_info_registry,1.0,2026-06-06T19:08:54.910822
08646,HK,中国宏光,company_name,stock_info_registry,0.95,2026-06-06T19:08:54.910823
08657,HK,08657,stock_code,stock_info_registry,1.0,2026-06-06T19:08:54.910834
08657,HK,TRUE PARTNER,company_name,stock_info_registry,0.95,2026-06-06T19:08:54.910836
08659,HK,08659,stock_code,stock_info_registry,1.0,2026-06-06T19:08:54.910847
08659,HK,易和国际控股,company_name,stock_info_registry,0.95,2026-06-06T19:08:54.910849
08661,HK,08661,stock_code,stock_info_registry,1.0,2026-06-06T19:08:54.910860
08668,HK,08668,stock_code,stock_info_registry,1.0,2026-06-06T19:08:54.910871
08668,HK,瀛海集团,company_name,stock_info_registry,0.95,2026-06-06T19:08:54.910873
09600,HK,09600,stock_code,stock_info_registry,1.0,2026-06-06T19:08:54.910884
09600,HK,新纽科技,company_name,stock_info_registry,0.95,2026-06-06T19:08:54.910886
09606,HK,09606,stock_code,stock_info_registry,1.0,2026-06-06T19:08:54.910896
09606,HK,映恩生物-B,company_name,stock_info_registry,0.95,2026-06-06T19:08:54.910898
09608,HK,09608,stock_code,stock_info_registry,1.0,2026-06-06T19:08:54.910909
09608,HK,宋都服务,company_name,stock_info_registry,0.95,2026-06-06T19:08:54.910910
09609,HK,09609,stock_code,stock_info_registry,1.0,2026-06-06T19:08:54.910921
09609,HK,海伟股份,company_name,stock_info_registry,0.95,2026-06-06T19:08:54.910923
09611,HK,09611,stock_code,stock_info_registry,1.0,2026-06-06T19:08:54.910934
09611,HK,龙旗科技,company_name,stock_info_registry,0.95,2026-06-06T19:08:54.910935
09616,HK,09616,stock_code,stock_info_registry,1.0,2026-06-06T19:08:54.910946
09616,HK,东软睿新集团,company_name,stock_info_registry,0.95,2026-06-06T19:08:54.910948
09618,HK,09618,stock_code,stock_info_registry,1.0,2026-06-06T19:08:54.910959
09618,HK,京东集团-SW,company_name,stock_info_registry,0.95,2026-06-06T19:08:54.910961
09626,HK,09626,stock_code,stock_info_registry,1.0,2026-06-06T19:08:54.910971
09626,HK,哔哩哔哩-W,company_name,stock_info_registry,0.95,2026-06-06T19:08:54.910973
09633,HK,09633,stock_code,stock_info_registry,1.0,2026-06-06T19:08:54.910984
09633,HK,农夫山泉,company_name,stock_info_registry,0.95,2026-06-06T19:08:54.910986
09636,HK,09636,stock_code,stock_info_registry,1.0,2026-06-06T19:08:54.910997
09636,HK,九方智投控股,company_name,stock_info_registry,0.95,2026-06-06T19:08:54.910999
09638,HK,09638,stock_code,stock_info_registry,1.0,2026-06-06T19:08:54.911009
09638,HK,法拉帝,company_name,stock_info_registry,0.95,2026-06-06T19:08:54.911011
09639,HK,09639,stock_code,stock_info_registry,1.0,2026-06-06T19:08:54.911022
09639,HK,荣利营造,company_name,stock_info_registry,0.95,2026-06-06T19:08:54.911024
09658,HK,09658,stock_code,stock_info_registry,1.0,2026-06-06T19:08:54.911035
09658,HK,特海国际,company_name,stock_info_registry,0.95,2026-06-06T19:08:54.911036
09660,HK,09660,stock_code,stock_info_registry,1.0,2026-06-06T19:08:54.911047
09660,HK,地平线机器人-W,company_name,stock_info_registry,0.95,2026-06-06T19:08:54.911049
09663,HK,09663,stock_code,stock_info_registry,1.0,2026-06-06T19:08:54.911091
09663,HK,国鸿氢能,company_name,stock_info_registry,0.95,2026-06-06T19:08:54.911097
09666,HK,09666,stock_code,stock_info_registry,1.0,2026-06-06T19:08:54.911138
09668,HK,09668,stock_code,stock_info_registry,1.0,2026-06-06T19:08:54.911158
09668,HK,渤海银行,company_name,stock_info_registry,0.95,2026-06-06T19:08:54.911160
09669,HK,09669,stock_code,stock_info_registry,1.0,2026-06-06T19:08:54.911178
09669,HK,北森控股,company_name,stock_info_registry,0.95,2026-06-06T19:08:54.911180
09676,HK,09676,stock_code,stock_info_registry,1.0,2026-06-06T19:08:54.911193
09676,HK,十月稻田,company_name,stock_info_registry,0.95,2026-06-06T19:08:54.911195
09677,HK,09677,stock_code,stock_info_registry,1.0,2026-06-06T19:08:54.911207
09677,HK,威海银行,company_name,stock_info_registry,0.95,2026-06-06T19:08:54.911209
09678,HK,09678,stock_code,stock_info_registry,1.0,2026-06-06T19:08:54.911221
09678,HK,云知声,company_name,stock_info_registry,0.95,2026-06-06T19:08:54.911223
09680,HK,09680,stock_code,stock_info_registry,1.0,2026-06-06T19:08:54.911235
09680,HK,如祺出行,company_name,stock_info_registry,0.95,2026-06-06T19:08:54.911237
09686,HK,09686,stock_code,stock_info_registry,1.0,2026-06-06T19:08:54.911251
09686,HK,熙康云医院,company_name,stock_info_registry,0.95,2026-06-06T19:08:54.911253
09688,HK,09688,stock_code,stock_info_registry,1.0,2026-06-06T19:08:54.911265
09688,HK,再鼎医药,company_name,stock_info_registry,0.95,2026-06-06T19:08:54.911267
09689,HK,09689,stock_code,stock_info_registry,1.0,2026-06-06T19:08:54.911279
09689,HK,金泰丰国际控股,company_name,stock_info_registry,0.95,2026-06-06T19:08:54.911281
09690,HK,09690,stock_code,stock_info_registry,1.0,2026-06-06T19:08:54.911292
09690,HK,途虎-W,company_name,stock_info_registry,0.95,2026-06-06T19:08:54.911294
09696,HK,09696,stock_code,stock_info_registry,1.0,2026-06-06T19:08:54.911305
09696,HK,天齐锂业,company_name,stock_info_registry,0.95,2026-06-06T19:08:54.911307
09698,HK,09698,stock_code,stock_info_registry,1.0,2026-06-06T19:08:54.911319
09698,HK,万国数据-SW,company_name,stock_info_registry,0.95,2026-06-06T19:08:54.911321
09699,HK,09699,stock_code,stock_info_registry,1.0,2026-06-06T19:08:54.911332
09699,HK,顺丰同城,company_name,stock_info_registry,0.95,2026-06-06T19:08:54.911334
09857,HK,09857,stock_code,stock_info_registry,1.0,2026-06-06T19:08:54.911345
09857,HK,柠萌影视,company_name,stock_info_registry,0.95,2026-06-06T19:08:54.911346
09858,HK,09858,stock_code,stock_info_registry,1.0,2026-06-06T19:08:54.911357
09858,HK,优然牧业,company_name,stock_info_registry,0.95,2026-06-06T19:08:54.911359
09860,HK,09860,stock_code,stock_info_registry,1.0,2026-06-06T19:08:54.911370
09860,HK,艾迪康控股,company_name,stock_info_registry,0.95,2026-06-06T19:08:54.911372
09863,HK,09863,stock_code,stock_info_registry,1.0,2026-06-06T19:08:54.911383
09863,HK,零跑汽车,company_name,stock_info_registry,0.95,2026-06-06T19:08:54.911385
09866,HK,09866,stock_code,stock_info_registry,1.0,2026-06-06T19:08:54.911397
09866,HK,蔚来-SW,company_name,stock_info_registry,0.95,2026-06-06T19:08:54.911399
09868,HK,09868,stock_code,stock_info_registry,1.0,2026-06-06T19:08:54.911410
09868,HK,小鹏集团-W,company_name,stock_info_registry,0.95,2026-06-06T19:08:54.911411
09869,HK,09869,stock_code,stock_info_registry,1.0,2026-06-06T19:08:54.911422
09869,HK,海伦司,company_name,stock_info_registry,0.95,2026-06-06T19:08:54.911424
09876,HK,09876,stock_code,stock_info_registry,1.0,2026-06-06T19:08:54.911435
09876,HK,大洋环球控股,company_name,stock_info_registry,0.95,2026-06-06T19:08:54.911437
09877,HK,09877,stock_code,stock_info_registry,1.0,2026-06-06T19:08:54.911449
09877,HK,健世科技-B,company_name,stock_info_registry,0.95,2026-06-06T19:08:54.911451
09878,HK,09878,stock_code,stock_info_registry,1.0,2026-06-06T19:08:54.911462
09878,HK,汇通达网络,company_name,stock_info_registry,0.95,2026-06-06T19:08:54.911464
09879,HK,09879,stock_code,stock_info_registry,1.0,2026-06-06T19:08:54.911474
09879,HK,米高集团,company_name,stock_info_registry,0.95,2026-06-06T19:08:54.911476
09880,HK,09880,stock_code,stock_info_registry,1.0,2026-06-06T19:08:54.911487
09880,HK,优必选,company_name,stock_info_registry,0.95,2026-06-06T19:08:54.911489
09881,HK,09881,stock_code,stock_info_registry,1.0,2026-06-06T19:08:54.911500
09881,HK,容大科技,company_name,stock_info_registry,0.95,2026-06-06T19:08:54.911502
09882,HK,09882,stock_code,stock_info_registry,1.0,2026-06-06T19:08:54.911513
09882,HK,永联丰控股,company_name,stock_info_registry,0.95,2026-06-06T19:08:54.911514
09885,HK,09885,stock_code,stock_info_registry,1.0,2026-06-06T19:08:54.911526
09885,HK,药师帮,company_name,stock_info_registry,0.95,2026-06-06T19:08:54.911528
09886,HK,09886,stock_code,stock_info_registry,1.0,2026-06-06T19:08:54.911538
09886,HK,叮当健康,company_name,stock_info_registry,0.95,2026-06-06T19:08:54.911540
09887,HK,09887,stock_code,stock_info_registry,1.0,2026-06-06T19:08:54.911551
09887,HK,维立志博-B,company_name,stock_info_registry,0.95,2026-06-06T19:08:54.911553
09888,HK,09888,stock_code,stock_info_registry,1.0,2026-06-06T19:08:54.911564
09888,HK,百度集团-SW,company_name,stock_info_registry,0.95,2026-06-06T19:08:54.911566
09889,HK,09889,stock_code,stock_info_registry,1.0,2026-06-06T19:08:54.911577
09889,HK,东莞农商银行,company_name,stock_info_registry,0.95,2026-06-06T19:08:54.911579
09890,HK,09890,stock_code,stock_info_registry,1.0,2026-06-06T19:08:54.911590
09890,HK,贪玩,company_name,stock_info_registry,0.95,2026-06-06T19:08:54.911592
09893,HK,09893,stock_code,stock_info_registry,1.0,2026-06-06T19:08:54.911605
09893,HK,比优集团,company_name,stock_info_registry,0.95,2026-06-06T19:08:54.911606
09896,HK,09896,stock_code,stock_info_registry,1.0,2026-06-06T19:08:54.911618
09896,HK,名创优品,company_name,stock_info_registry,0.95,2026-06-06T19:08:54.911620
09898,HK,09898,stock_code,stock_info_registry,1.0,2026-06-06T19:08:54.911631
09898,HK,微博-SW,company_name,stock_info_registry,0.95,2026-06-06T19:08:54.911633
09899,HK,09899,stock_code,stock_info_registry,1.0,2026-06-06T19:08:54.911644
09899,HK,网易云音乐,company_name,stock_info_registry,0.95,2026-06-06T19:08:54.911646
09900,HK,09900,stock_code,stock_info_registry,1.0,2026-06-06T19:08:54.911658
09900,HK,智云科技建设,company_name,stock_info_registry,0.95,2026-06-06T19:08:54.911660
09901,HK,09901,stock_code,stock_info_registry,1.0,2026-06-06T19:08:54.911671
09901,HK,新东方-S,company_name,stock_info_registry,0.95,2026-06-06T19:08:54.911673
09903,HK,09903,stock_code,stock_info_registry,1.0,2026-06-06T19:08:54.911683
09903,HK,天数智芯,company_name,stock_info_registry,0.95,2026-06-06T19:08:54.911685
09906,HK,09906,stock_code,stock_info_registry,1.0,2026-06-06T19:08:54.911699
09906,HK,宏力医疗管理,company_name,stock_info_registry,0.95,2026-06-06T19:08:54.911701
09908,HK,09908,stock_code,stock_info_registry,1.0,2026-06-06T19:08:54.911713
09908,HK,嘉兴燃气,company_name,stock_info_registry,0.95,2026-06-06T19:08:54.911715
09909,HK,09909,stock_code,stock_info_registry,1.0,2026-06-06T19:08:54.911725
09909,HK,宝龙商业,company_name,stock_info_registry,0.95,2026-06-06T19:08:54.911727
09911,HK,09911,stock_code,stock_info_registry,1.0,2026-06-06T19:08:54.911738
09911,HK,赤子城科技,company_name,stock_info_registry,0.95,2026-06-06T19:08:54.911740
09913,HK,09913,stock_code,stock_info_registry,1.0,2026-06-06T19:08:54.911751
09913,HK,智勤控股,company_name,stock_info_registry,0.95,2026-06-06T19:08:54.911753
09916,HK,09916,stock_code,stock_info_registry,1.0,2026-06-06T19:08:54.911763
09916,HK,兴业物联,company_name,stock_info_registry,0.95,2026-06-06T19:08:54.911765
09918,HK,09918,stock_code,stock_info_registry,1.0,2026-06-06T19:08:54.911776
09918,HK,丽年国际,company_name,stock_info_registry,0.95,2026-06-06T19:08:54.911778
09919,HK,09919,stock_code,stock_info_registry,1.0,2026-06-06T19:08:54.911789
09919,HK,艾德韦宣集团,company_name,stock_info_registry,0.95,2026-06-06T19:08:54.911791
09922,HK,09922,stock_code,stock_info_registry,1.0,2026-06-06T19:08:54.911801
09922,HK,九毛九,company_name,stock_info_registry,0.95,2026-06-06T19:08:54.911803
09923,HK,09923,stock_code,stock_info_registry,1.0,2026-06-06T19:08:54.911814
09923,HK,移卡,company_name,stock_info_registry,0.95,2026-06-06T19:08:54.911816
09926,HK,09926,stock_code,stock_info_registry,1.0,2026-06-06T19:08:54.911827
09926,HK,康方生物,company_name,stock_info_registry,0.95,2026-06-06T19:08:54.911829
09927,HK,09927,stock_code,stock_info_registry,1.0,2026-06-06T19:08:54.911840
09927,HK,赛力斯,company_name,stock_info_registry,0.95,2026-06-06T19:08:54.911842
09928,HK,09928,stock_code,stock_info_registry,1.0,2026-06-06T19:08:54.911853
09928,HK,时代邻里,company_name,stock_info_registry,0.95,2026-06-06T19:08:54.911854
09929,HK,09929,stock_code,stock_info_registry,1.0,2026-06-06T19:08:54.911865
09929,HK,澳达控股,company_name,stock_info_registry,0.95,2026-06-06T19:08:54.911867
09930,HK,09930,stock_code,stock_info_registry,1.0,2026-06-06T19:08:54.911878
09930,HK,宏信建发,company_name,stock_info_registry,0.95,2026-06-06T19:08:54.911880
09933,HK,09933,stock_code,stock_info_registry,1.0,2026-06-06T19:08:54.911894
09933,HK,GHW INTL,company_name,stock_info_registry,0.95,2026-06-06T19:08:54.911896
09936,HK,09936,stock_code,stock_info_registry,1.0,2026-06-06T19:08:54.911907
09936,HK,稀美资源,company_name,stock_info_registry,0.95,2026-06-06T19:08:54.911909
09938,HK,09938,stock_code,stock_info_registry,1.0,2026-06-06T19:08:54.911920
09938,HK,华和控股,company_name,stock_info_registry,0.95,2026-06-06T19:08:54.911922
09939,HK,09939,stock_code,stock_info_registry,1.0,2026-06-06T19:08:54.911933
09939,HK,开拓药业-B,company_name,stock_info_registry,0.95,2026-06-06T19:08:54.911935
09955,HK,09955,stock_code,stock_info_registry,1.0,2026-06-06T19:08:54.911945
09955,HK,智云健康,company_name,stock_info_registry,0.95,2026-06-06T19:08:54.911947
09958,HK,09958,stock_code,stock_info_registry,1.0,2026-06-06T19:08:54.911958
09958,HK,力天影业,company_name,stock_info_registry,0.95,2026-06-06T19:08:54.911960
09959,HK,09959,stock_code,stock_info_registry,1.0,2026-06-06T19:08:54.911971
09959,HK,联易融科技-W,company_name,stock_info_registry,0.95,2026-06-06T19:08:54.911973
09960,HK,09960,stock_code,stock_info_registry,1.0,2026-06-06T19:08:54.911983
09960,HK,康圣环球,company_name,stock_info_registry,0.95,2026-06-06T19:08:54.911985
09961,HK,09961,stock_code,stock_info_registry,1.0,2026-06-06T19:08:54.911996
09961,HK,携程集团-S,company_name,stock_info_registry,0.95,2026-06-06T19:08:54.911998
09963,HK,09963,stock_code,stock_info_registry,1.0,2026-06-06T19:08:54.912009
09963,HK,高科桥,company_name,stock_info_registry,0.95,2026-06-06T19:08:54.912011
09966,HK,09966,stock_code,stock_info_registry,1.0,2026-06-06T19:08:54.912021
09966,HK,康宁杰瑞制药-B,company_name,stock_info_registry,0.95,2026-06-06T19:08:54.912023
09968,HK,09968,stock_code,stock_info_registry,1.0,2026-06-06T19:08:54.912034
09968,HK,汇景控股,company_name,stock_info_registry,0.95,2026-06-06T19:08:54.912036
09969,HK,09969,stock_code,stock_info_registry,1.0,2026-06-06T19:08:54.912047
09969,HK,诺诚健华,company_name,stock_info_registry,0.95,2026-06-06T19:08:54.912049
09973,HK,09973,stock_code,stock_info_registry,1.0,2026-06-06T19:08:54.912059
09973,HK,奇瑞汽车,company_name,stock_info_registry,0.95,2026-06-06T19:08:54.912061
09978,HK,09978,stock_code,stock_info_registry,1.0,2026-06-06T19:08:54.912072
09978,HK,方圆生活服务,company_name,stock_info_registry,0.95,2026-06-06T19:08:54.912074
09979,HK,09979,stock_code,stock_info_registry,1.0,2026-06-06T19:08:54.912085
09979,HK,绿城管理控股,company_name,stock_info_registry,0.95,2026-06-06T19:08:54.912086
09980,HK,09980,stock_code,stock_info_registry,1.0,2026-06-06T19:08:54.912097
09980,HK,东鹏饮料,company_name,stock_info_registry,0.95,2026-06-06T19:08:54.912099
09981,HK,09981,stock_code,stock_info_registry,1.0,2026-06-06T19:08:54.912110
09981,HK,沃尔核材,company_name,stock_info_registry,0.95,2026-06-06T19:08:54.912112
09982,HK,09982,stock_code,stock_info_registry,1.0,2026-06-06T19:08:54.912122
09982,HK,中原建业,company_name,stock_info_registry,0.95,2026-06-06T19:08:54.912124
09983,HK,09983,stock_code,stock_info_registry,1.0,2026-06-06T19:08:54.912137
09983,HK,建业新生活,company_name,stock_info_registry,0.95,2026-06-06T19:08:54.912139
09985,HK,09985,stock_code,stock_info_registry,1.0,2026-06-06T19:08:54.912150
09985,HK,卫龙美味,company_name,stock_info_registry,0.95,2026-06-06T19:08:54.912152
09986,HK,09986,stock_code,stock_info_registry,1.0,2026-06-06T19:08:54.912162
09986,HK,大山教育,company_name,stock_info_registry,0.95,2026-06-06T19:08:54.912164
09987,HK,09987,stock_code,stock_info_registry,1.0,2026-06-06T19:08:54.912175
09987,HK,百胜中国,company_name,stock_info_registry,0.95,2026-06-06T19:08:54.912177
09988,HK,09988,stock_code,stock_info_registry,1.0,2026-06-06T19:08:54.912188
09988,HK,阿里巴巴-W,company_name,stock_info_registry,0.95,2026-06-06T19:08:54.912189
09989,HK,09989,stock_code,stock_info_registry,1.0,2026-06-06T19:08:54.912201
09989,HK,海普瑞,company_name,stock_info_registry,0.95,2026-06-06T19:08:54.912203
09990,HK,09990,stock_code,stock_info_registry,1.0,2026-06-06T19:08:54.912214
09990,HK,祖龙娱乐,company_name,stock_info_registry,0.95,2026-06-06T19:08:54.912216
09991,HK,09991,stock_code,stock_info_registry,1.0,2026-06-06T19:08:54.912227
09991,HK,宝尊电商-W,company_name,stock_info_registry,0.95,2026-06-06T19:08:54.912228
09992,HK,09992,stock_code,stock_info_registry,1.0,2026-06-06T19:08:54.912240
09992,HK,泡泡玛特,company_name,stock_info_registry,0.95,2026-06-06T19:08:54.912241
09993,HK,09993,stock_code,stock_info_registry,1.0,2026-06-06T19:08:54.912253
09993,HK,金辉控股,company_name,stock_info_registry,0.95,2026-06-06T19:08:54.912255
09995,HK,09995,stock_code,stock_info_registry,1.0,2026-06-06T19:08:54.912266
09995,HK,荣昌生物,company_name,stock_info_registry,0.95,2026-06-06T19:08:54.912268
09996,HK,09996,stock_code,stock_info_registry,1.0,2026-06-06T19:08:54.912279
09996,HK,沛嘉医疗-B,company_name,stock_info_registry,0.95,2026-06-06T19:08:54.912280
09998,HK,09998,stock_code,stock_info_registry,1.0,2026-06-06T19:08:54.912291
09998,HK,光荣控股,company_name,stock_info_registry,0.95,2026-06-06T19:08:54.912293
09999,HK,09999,stock_code,stock_info_registry,1.0,2026-06-06T19:08:54.912304
09999,HK,网易-S,company_name,stock_info_registry,0.95,2026-06-06T19:08:54.912306
80016,HK,80016,stock_code,stock_info_registry,1.0,2026-06-06T19:08:54.912317
80016,HK,新鸿基地产-R,company_name,stock_info_registry,0.95,2026-06-06T19:08:54.912319
80020,HK,80020,stock_code,stock_info_registry,1.0,2026-06-06T19:08:54.912330
80020,HK,商汤-WR,company_name,stock_info_registry,0.95,2026-06-06T19:08:54.912332
80175,HK,80175,stock_code,stock_info_registry,1.0,2026-06-06T19:08:54.912343
80175,HK,吉利汽车-R,company_name,stock_info_registry,0.95,2026-06-06T19:08:54.912345
80291,HK,80291,stock_code,stock_info_registry,1.0,2026-06-06T19:08:54.912356
80291,HK,华润啤酒-R,company_name,stock_info_registry,0.95,2026-06-06T19:08:54.912358
80388,HK,80388,stock_code,stock_info_registry,1.0,2026-06-06T19:08:54.912368
80388,HK,香港交易所-R,company_name,stock_info_registry,0.95,2026-06-06T19:08:54.912370
80700,HK,80700,stock_code,stock_info_registry,1.0,2026-06-06T19:08:54.912381
80700,HK,腾讯控股-R,company_name,stock_info_registry,0.95,2026-06-06T19:08:54.912383
80700,HK,80700,stock_code,stock_info_registry,1.0,2026-06-06T19:08:54.912393
80700,HK,腾讯控股-R,company_name,stock_info_registry,0.95,2026-06-06T19:08:54.912395
80737,HK,80737,stock_code,stock_info_registry,1.0,2026-06-06T19:08:54.912406
80737,HK,湾区发展-R,company_name,stock_info_registry,0.95,2026-06-06T19:08:54.912408
80737,HK,80737,stock_code,stock_info_registry,1.0,2026-06-06T19:08:54.912419
80737,HK,湾区发展-R,company_name,stock_info_registry,0.95,2026-06-06T19:08:54.912421
80883,HK,80883,stock_code,stock_info_registry,1.0,2026-06-06T19:08:54.912432
80883,HK,中国海洋石油-R,company_name,stock_info_registry,0.95,2026-06-06T19:08:54.912434
80883,HK,80883,stock_code,stock_info_registry,1.0,2026-06-06T19:08:54.912445
80883,HK,中国海洋石油-R,company_name,stock_info_registry,0.95,2026-06-06T19:08:54.912447
80941,HK,80941,stock_code,stock_info_registry,1.0,2026-06-06T19:08:54.912458
80941,HK,中国移动-R,company_name,stock_info_registry,0.95,2026-06-06T19:08:54.912459
80941,HK,80941,stock_code,stock_info_registry,1.0,2026-06-06T19:08:54.912470
80941,HK,中国移动-R,company_name,stock_info_registry,0.95,2026-06-06T19:08:54.912472
80992,HK,80992,stock_code,stock_info_registry,1.0,2026-06-06T19:08:54.912483
80992,HK,联想集团-R,company_name,stock_info_registry,0.95,2026-06-06T19:08:54.912485
80992,HK,80992,stock_code,stock_info_registry,1.0,2026-06-06T19:08:54.912496
80992,HK,联想集团-R,company_name,stock_info_registry,0.95,2026-06-06T19:08:54.912498
81024,HK,81024,stock_code,stock_info_registry,1.0,2026-06-06T19:08:54.912509
81024,HK,快手-WR,company_name,stock_info_registry,0.95,2026-06-06T19:08:54.912511
81024,HK,81024,stock_code,stock_info_registry,1.0,2026-06-06T19:08:54.912521
81024,HK,快手-WR,company_name,stock_info_registry,0.95,2026-06-06T19:08:54.912523
81211,HK,81211,stock_code,stock_info_registry,1.0,2026-06-06T19:08:54.912534
81211,HK,比亚迪股份-R,company_name,stock_info_registry,0.95,2026-06-06T19:08:54.912536
81211,HK,81211,stock_code,stock_info_registry,1.0,2026-06-06T19:08:54.912547
81211,HK,比亚迪股份-R,company_name,stock_info_registry,0.95,2026-06-06T19:08:54.912549
81299,HK,81299,stock_code,stock_info_registry,1.0,2026-06-06T19:08:54.912560
81299,HK,友邦保险-R,company_name,stock_info_registry,0.95,2026-06-06T19:08:54.912562
81299,HK,81299,stock_code,stock_info_registry,1.0,2026-06-06T19:08:54.912572
81299,HK,友邦保险-R,company_name,stock_info_registry,0.95,2026-06-06T19:08:54.912574
81810,HK,81810,stock_code,stock_info_registry,1.0,2026-06-06T19:08:54.912585
81810,HK,小米集团-WR,company_name,stock_info_registry,0.95,2026-06-06T19:08:54.912587
81810,HK,81810,stock_code,stock_info_registry,1.0,2026-06-06T19:08:54.912598
81810,HK,小米集团-WR,company_name,stock_info_registry,0.95,2026-06-06T19:08:54.912600
82020,HK,82020,stock_code,stock_info_registry,1.0,2026-06-06T19:08:54.912611
82020,HK,安踏体育-R,company_name,stock_info_registry,0.95,2026-06-06T19:08:54.912613
82020,HK,82020,stock_code,stock_info_registry,1.0,2026-06-06T19:08:54.912624
82020,HK,安踏体育-R,company_name,stock_info_registry,0.95,2026-06-06T19:08:54.912625
82318,HK,82318,stock_code,stock_info_registry,1.0,2026-06-06T19:08:54.912636
82318,HK,中国平安-R,company_name,stock_info_registry,0.95,2026-06-06T19:08:54.912638
82318,HK,82318,stock_code,stock_info_registry,1.0,2026-06-06T19:08:54.912649
82318,HK,中国平安-R,company_name,stock_info_registry,0.95,2026-06-06T19:08:54.912651
82331,HK,82331,stock_code,stock_info_registry,1.0,2026-06-06T19:08:54.912662
82331,HK,李宁-R,company_name,stock_info_registry,0.95,2026-06-06T19:08:54.912664
82331,HK,82331,stock_code,stock_info_registry,1.0,2026-06-06T19:08:54.912675
82331,HK,李宁-R,company_name,stock_info_registry,0.95,2026-06-06T19:08:54.912677
82333,HK,82333,stock_code,stock_info_registry,1.0,2026-06-06T19:08:54.912687
82333,HK,长城汽车-R,company_name,stock_info_registry,0.95,2026-06-06T19:08:54.912689
82333,HK,82333,stock_code,stock_info_registry,1.0,2026-06-06T19:08:54.912704
82333,HK,长城汽车-R,company_name,stock_info_registry,0.95,2026-06-06T19:08:54.912706
82388,HK,82388,stock_code,stock_info_registry,1.0,2026-06-06T19:08:54.912717
82388,HK,中银香港-R,company_name,stock_info_registry,0.95,2026-06-06T19:08:54.912719
82388,HK,82388,stock_code,stock_info_registry,1.0,2026-06-06T19:08:54.912730
82388,HK,中银香港-R,company_name,stock_info_registry,0.95,2026-06-06T19:08:54.912732
83690,HK,83690,stock_code,stock_info_registry,1.0,2026-06-06T19:08:54.912743
83690,HK,美团-WR,company_name,stock_info_registry,0.95,2026-06-06T19:08:54.912744
83690,HK,83690,stock_code,stock_info_registry,1.0,2026-06-06T19:08:54.912755
83690,HK,美团-WR,company_name,stock_info_registry,0.95,2026-06-06T19:08:54.912757
86618,HK,86618,stock_code,stock_info_registry,1.0,2026-06-06T19:08:54.912768
86618,HK,京东健康-R,company_name,stock_info_registry,0.95,2026-06-06T19:08:54.912770
86618,HK,86618,stock_code,stock_info_registry,1.0,2026-06-06T19:08:54.912780
86618,HK,京东健康-R,company_name,stock_info_registry,0.95,2026-06-06T19:08:54.912782
89618,HK,89618,stock_code,stock_info_registry,1.0,2026-06-06T19:08:54.912793
89618,HK,京东集团-SWR,company_name,stock_info_registry,0.95,2026-06-06T19:08:54.912795
89618,HK,89618,stock_code,stock_info_registry,1.0,2026-06-06T19:08:54.912806
89618,HK,京东集团-SWR,company_name,stock_info_registry,0.95,2026-06-06T19:08:54.912807
89888,HK,89888,stock_code,stock_info_registry,1.0,2026-06-06T19:08:54.912818
89888,HK,百度集团-SWR,company_name,stock_info_registry,0.95,2026-06-06T19:08:54.912820
89888,HK,89888,stock_code,stock_info_registry,1.0,2026-06-06T19:08:54.912831
89888,HK,百度集团-SWR,company_name,stock_info_registry,0.95,2026-06-06T19:08:54.912833
89988,HK,89988,stock_code,stock_info_registry,1.0,2026-06-06T19:08:54.912843
89988,HK,阿里巴巴-WR,company_name,stock_info_registry,0.95,2026-06-06T19:08:54.912845
89988,HK,89988,stock_code,stock_info_registry,1.0,2026-06-06T19:08:54.912856
89988,HK,阿里巴巴-WR,company_name,stock_info_registry,0.95,2026-06-06T19:08:54.912858
