stock_code,market,exchange,asset_type,name,current_price,close_price,open_price,high,low,volume,market_cap,pe_ratio,pb_ratio,dividend_yield,total_shares,circulating_shares,week_52_high,week_52_low,industry_l1,industry_l2,industry_l3,theme_tags,industry_source,industry_updated_at,instrument_type,is_fund_like,tradable_flag,instrument_source,instrument_updated_at,source,ingest_time
00001,HK,,,,,,,,,,,,,,,,,,综合企业,综合企业,,港股;综合企业,akshare_eastmoney_company_profile,2026-06-02T14:22:26.039478,common_stock,False,True,,,,
00002,HK,,,,,,,,,,,,,,,,,,公用事业,公用事业,,港股;公用事业;高股息,akshare_eastmoney_company_profile,2026-06-02T14:22:25.528318,common_stock,False,True,,,,
00003,HK,,,,,,,,,,,,,,,,,,公用事业,公用事业,,港股;公用事业;高股息,akshare_eastmoney_company_profile,2026-06-02T14:22:25.531786,common_stock,False,True,,,,
00004,HK,,,,,,,,,,,,,,,,,,地产业,地产,,港股;地产业;地产;房地产,akshare_eastmoney_company_profile,2026-06-02T14:22:25.517837,common_stock,False,True,,,,
00005,HK,,,,,,,,,,,,,,,,,,金融业,银行,,港股;金融业;银行;金融服务,akshare_eastmoney_company_profile,2026-06-02T14:22:25.538750,common_stock,False,True,,,,
00006,HK,,,,,,,,,,,,,,,,,,公用事业,公用事业,,港股;公用事业;高股息,akshare_eastmoney_company_profile,2026-06-02T14:22:25.521743,common_stock,False,True,,,,
00007,HK,,,,,,,,,,,,,,,,,,非必需性消费,家庭电器及用品,,港股;非必需性消费;家庭电器及用品;消费,akshare_eastmoney_company_profile,2026-06-02T14:22:25.526352,common_stock,False,True,,,,
00008,HK,,,,,,,,,,,,,,,,,,电讯业,电讯,,港股;电讯业;电讯,akshare_eastmoney_company_profile,2026-06-02T14:22:25.535498,common_stock,False,True,,,,
00009,HK,,,,,,,,,,,,,,,,,,地产业,地产,,港股;地产业;地产;房地产,akshare_eastmoney_company_profile,2026-06-02T14:22:25.627190,common_stock,False,True,,,,
00010,HK,,,,,,,,,,,,,,,,,,地产业,地产,,港股;地产业;地产;房地产,akshare_eastmoney_company_profile,2026-06-02T14:22:25.753033,common_stock,False,True,,,,
00012,HK,,,,,,,,,,,,,,,,,,地产业,地产,,港股;地产业;地产;房地产,akshare_eastmoney_company_profile,2026-06-02T14:22:25.733348,common_stock,False,True,,,,
00013,HK,,,,,,,,,,,,,,,,,,医疗保健业,药品及生物科技,,港股;医疗保健业;药品及生物科技;医药医疗,akshare_eastmoney_company_profile,2026-06-02T14:22:25.746223,common_stock,False,True,,,,
00014,HK,,,,,,,,,,,,,,,,,,地产业,地产,,港股;地产业;地产;房地产,akshare_eastmoney_company_profile,2026-06-02T14:22:25.749659,common_stock,False,True,,,,
00016,HK,,,,,,,,,,,,,,,,,,地产业,地产,,港股;地产业;地产;房地产,akshare_eastmoney_company_profile,2026-06-02T14:22:25.751681,common_stock,False,True,,,,
00017,HK,,,,,,,,,,,,,,,,,,地产业,地产,,港股;地产业;地产;房地产,akshare_eastmoney_company_profile,2026-06-02T14:22:26.041059,common_stock,False,True,,,,
00018,HK,,,,,,,,,,,,,,,,,,非必需性消费,媒体及娱乐,,港股;非必需性消费;媒体及娱乐;消费,akshare_eastmoney_company_profile,2026-06-02T14:22:25.778651,common_stock,False,True,,,,
00019,HK,,,,,,,,,,,,,,,,,,综合企业,综合企业,,港股;综合企业,akshare_eastmoney_company_profile,2026-06-02T14:22:25.819221,common_stock,False,True,,,,
00020,HK,,,,,,,,,,,,,,,,,,资讯科技业,软件服务,,港股;资讯科技业;软件服务;科技,akshare_eastmoney_company_profile,2026-06-02T14:22:25.888496,common_stock,False,True,,,,
00021,HK,,,,,,,,,,,,,,,,,,地产业,地产,,港股;地产业;地产;房地产,akshare_eastmoney_company_profile,2026-06-02T14:22:25.928874,common_stock,False,True,,,,
00022,HK,,,,,,,,,,,,,,,,,,工业,建筑,,港股;工业;建筑,akshare_eastmoney_company_profile,2026-06-02T14:22:25.938184,common_stock,False,True,,,,
00023,HK,,,,,,,,,,,,,,,,,,金融业,银行,,港股;金融业;银行;金融服务,akshare_eastmoney_company_profile,2026-06-02T14:22:25.925865,common_stock,False,True,,,,
00025,HK,,,,,,,,,,,,,,,,,,综合企业,综合企业,,港股;综合企业,akshare_eastmoney_company_profile,2026-06-02T14:22:25.936428,common_stock,False,True,,,,
00026,HK,,,,,,,,,,,,,,,,,,地产业,地产,,港股;地产业;地产;房地产,akshare_eastmoney_company_profile,2026-06-02T14:22:25.997011,common_stock,False,True,,,,
00027,HK,,,,,,,,,,,,,,,,,,非必需性消费,旅游及消闲设施,,港股;非必需性消费;旅游及消闲设施;消费,akshare_eastmoney_company_profile,2026-06-02T14:22:26.045387,common_stock,False,True,,,,
00028,HK,,,,,,,,,,,,,,,,,,地产业,地产,,港股;地产业;地产;房地产,akshare_eastmoney_company_profile,2026-06-02T14:22:26.069021,common_stock,False,True,,,,
00029,HK,,,,,,,,,,,,,,,,,,地产业,地产,,港股;地产业;地产;房地产,akshare_eastmoney_company_profile,2026-06-02T14:22:26.071435,common_stock,False,True,,,,
00030,HK,,,,,,,,,,,,,,,,,,医疗保健业,其他医疗保健,,港股;医疗保健业;其他医疗保健;医药医疗,akshare_eastmoney_company_profile,2026-06-02T14:22:26.153360,common_stock,False,True,,,,
00031,HK,,,,,,,,,,,,,,,,,,工业,工业工程,,港股;工业;工业工程,akshare_eastmoney_company_profile,2026-06-02T14:22:26.075599,common_stock,False,True,,,,
00032,HK,,,,,,,,,,,,,,,,,,非必需性消费,支援服务,,港股;非必需性消费;支援服务,akshare_eastmoney_company_profile,2026-06-02T14:22:26.104269,common_stock,False,True,,,,
00033,HK,,,,,,,,,,,,,,,,,,非必需性消费,家庭电器及用品,,港股;非必需性消费;家庭电器及用品;消费,akshare_eastmoney_company_profile,2026-06-02T14:22:26.211244,common_stock,False,True,,,,
00034,HK,,,,,,,,,,,,,,,,,,地产业,地产,,港股;地产业;地产;房地产,akshare_eastmoney_company_profile,2026-06-02T14:22:26.204050,common_stock,False,True,,,,
00035,HK,,,,,,,,,,,,,,,,,,地产业,地产,,港股;地产业;地产;房地产,akshare_eastmoney_company_profile,2026-06-02T14:22:26.219436,common_stock,False,True,,,,
00036,HK,,,,,,,,,,,,,,,,,,地产业,地产,,港股;地产业;地产;房地产,akshare_eastmoney_company_profile,2026-06-02T14:22:26.301505,common_stock,False,True,,,,
00037,HK,,,,,,,,,,,,,,,,,,非必需性消费,旅游及消闲设施,,港股;非必需性消费;旅游及消闲设施;消费,akshare_eastmoney_company_profile,2026-06-02T14:22:26.293282,common_stock,False,True,,,,
00038,HK,,,,,,,,,,,,,,,,,,工业,工业工程,,港股;工业;工业工程,akshare_eastmoney_company_profile,2026-06-02T14:22:26.282574,common_stock,False,True,,,,
00039,HK,,,,,,,,,,,,,,,,,,非必需性消费,消费者主要零售商,,港股;非必需性消费;消费者主要零售商;消费,akshare_eastmoney_company_profile,2026-06-02T14:22:26.285726,common_stock,False,True,,,,
00040,HK,,,,,,,,,,,,,,,,,,非必需性消费,家庭电器及用品,,港股;非必需性消费;家庭电器及用品;消费,akshare_eastmoney_company_profile,2026-06-02T14:22:26.284260,common_stock,False,True,,,,
00041,HK,,,,,,,,,,,,,,,,,,地产业,地产,,港股;地产业;地产;房地产,akshare_eastmoney_company_profile,2026-06-02T14:22:26.295063,common_stock,False,True,,,,
00042,HK,,,,,,,,,,,,,,,,,,工业,工业工程,,港股;工业;工业工程,akshare_eastmoney_company_profile,2026-06-02T14:22:26.316338,common_stock,False,True,,,,
00045,HK,,,,,,,,,,,,,,,,,,非必需性消费,旅游及消闲设施,,港股;非必需性消费;旅游及消闲设施;消费,akshare_eastmoney_company_profile,2026-06-02T14:22:26.412807,common_stock,False,True,,,,
00046,HK,,,,,,,,,,,,,,,,,,资讯科技业,软件服务,,港股;资讯科技业;软件服务;科技,akshare_eastmoney_company_profile,2026-06-02T14:22:26.545079,common_stock,False,True,,,,
00048,HK,,,,,,,,,,,,,,,,,,非必需性消费,汽车,,港股;非必需性消费;汽车;消费,akshare_eastmoney_company_profile,2026-06-02T14:22:26.642998,common_stock,False,True,,,,
00050,HK,,,,,,,,,,,,,,,,,,地产业,地产,,港股;地产业;地产;房地产,akshare_eastmoney_company_profile,2026-06-02T14:22:26.512603,common_stock,False,True,,,,
00051,HK,,,,,,,,,,,,,,,,,,非必需性消费,旅游及消闲设施,,港股;非必需性消费;旅游及消闲设施;消费,akshare_eastmoney_company_profile,2026-06-02T14:22:26.538253,common_stock,False,True,,,,
00052,HK,,,,,,,,,,,,,,,,,,非必需性消费,旅游及消闲设施,,港股;非必需性消费;旅游及消闲设施;消费,akshare_eastmoney_company_profile,2026-06-02T14:22:26.782530,common_stock,False,True,,,,
00053,HK,,,,,,,,,,,,,,,,,,地产业,地产,,港股;地产业;地产;房地产,akshare_eastmoney_company_profile,2026-06-02T14:22:26.646184,common_stock,False,True,,,,
00055,HK,,,,,,,,,,,,,,,,,,工业,工用支援,,港股;工业;工用支援,akshare_eastmoney_company_profile,2026-06-02T14:22:26.583106,common_stock,False,True,,,,
00057,HK,,,,,,,,,,,,,,,,,,工业,工业工程,,港股;工业;工业工程,akshare_eastmoney_company_profile,2026-06-02T14:22:26.532100,common_stock,False,True,,,,
00058,HK,,,,,,,,,,,,,,,,,,工业,建筑,,港股;工业;建筑,akshare_eastmoney_company_profile,2026-06-02T14:22:26.739553,common_stock,False,True,,,,
00059,HK,,,,,,,,,,,,,,,,,,地产业,地产,,港股;地产业;地产;房地产,akshare_eastmoney_company_profile,2026-06-02T14:22:26.721699,common_stock,False,True,,,,
00060,HK,,,,,,,,,,,,,,,,,,必需性消费,食物饮品,,港股;必需性消费;食物饮品,akshare_eastmoney_company_profile,2026-06-02T14:22:26.634890,common_stock,False,True,,,,
00061,HK,,,,,,,,,,,,,,,,,,能源业,煤炭,,港股;能源业;煤炭;资源能源,akshare_eastmoney_company_profile,2026-06-02T14:22:26.679820,common_stock,False,True,,,,
00062,HK,,,,,,,,,,,,,,,,,,非必需性消费,旅游及消闲设施,,港股;非必需性消费;旅游及消闲设施;消费,akshare_eastmoney_company_profile,2026-06-02T14:22:26.662503,common_stock,False,True,,,,
00063,HK,,,,,,,,,,,,,,,,,,地产业,地产,,港股;地产业;地产;房地产,akshare_eastmoney_company_profile,2026-06-02T14:22:26.775231,common_stock,False,True,,,,
00064,HK,,,,,,,,,,,,,,,,,,金融业,其他金融,,港股;金融业;其他金融;金融服务,akshare_eastmoney_company_profile,2026-06-02T14:22:26.926167,common_stock,False,True,,,,
00065,HK,,,,,,,,,,,,,,,,,,能源业,煤炭,,港股;能源业;煤炭;资源能源,akshare_eastmoney_company_profile,2026-06-02T14:22:26.795951,common_stock,False,True,,,,
00066,HK,,,,,,,,,,,,,,,,,,非必需性消费,旅游及消闲设施,,港股;非必需性消费;旅游及消闲设施;消费,akshare_eastmoney_company_profile,2026-06-02T14:22:26.790857,common_stock,False,True,,,,
00068,HK,,,,,,,,,,,,,,,,,,资讯科技业,软件服务,,港股;资讯科技业;软件服务;科技,akshare_eastmoney_company_profile,2026-06-02T14:22:26.792872,common_stock,False,True,,,,
00069,HK,,,,,,,,,,,,,,,,,,非必需性消费,旅游及消闲设施,,港股;非必需性消费;旅游及消闲设施;消费,akshare_eastmoney_company_profile,2026-06-02T14:22:26.805345,common_stock,False,True,,,,
00070,HK,,,,,,,,,,,,,,,,,,综合企业,综合企业,,港股;综合企业,akshare_eastmoney_company_profile,2026-06-02T14:22:26.823839,common_stock,False,True,,,,
00071,HK,,,,,,,,,,,,,,,,,,地产业,地产,,港股;地产业;地产;房地产,akshare_eastmoney_company_profile,2026-06-02T14:22:26.915950,common_stock,False,True,,,,
00072,HK,,,,,,,,,,,,,,,,,,非必需性消费,媒体及娱乐,,港股;非必需性消费;媒体及娱乐;消费,akshare_eastmoney_company_profile,2026-06-02T14:22:26.868297,common_stock,False,True,,,,
00073,HK,,,,,,,,,,,,,,,,,,必需性消费,农业产品,,港股;必需性消费;农业产品,akshare_eastmoney_company_profile,2026-06-02T14:22:26.974289,common_stock,False,True,,,,
00075,HK,,,,,,,,,,,,,,,,,,地产业,地产,,港股;地产业;地产;房地产,akshare_eastmoney_company_profile,2026-06-02T14:22:26.978974,common_stock,False,True,,,,
00076,HK,,,,,,,,,,,,,,,,,,工业,工业工程,,港股;工业;工业工程,akshare_eastmoney_company_profile,2026-06-02T14:22:27.285982,common_stock,False,True,,,,
00077,HK,,,,,,,,,,,,,,,,,,非必需性消费,旅游及消闲设施,,港股;非必需性消费;旅游及消闲设施;消费,akshare_eastmoney_company_profile,2026-06-02T14:22:26.981638,common_stock,False,True,,,,
00078,HK,,,,,,,,,,,,,,,,,,非必需性消费,旅游及消闲设施,,港股;非必需性消费;旅游及消闲设施;消费,akshare_eastmoney_company_profile,2026-06-02T14:22:26.990471,common_stock,False,True,,,,
00079,HK,,,,,,,,,,,,,,,,,,非必需性消费,旅游及消闲设施,,港股;非必需性消费;旅游及消闲设施;消费,akshare_eastmoney_company_profile,2026-06-02T14:22:26.987797,common_stock,False,True,,,,
00080,HK,,,,,,,,,,,,,,,,,,金融业,其他金融,,港股;金融业;其他金融;金融服务,akshare_eastmoney_company_profile,2026-06-02T14:22:26.997963,common_stock,False,True,,,,
00081,HK,,,,,,,,,,,,,,,,,,地产业,地产,,港股;地产业;地产;房地产,akshare_eastmoney_company_profile,2026-06-02T14:22:27.033542,common_stock,False,True,,,,
00082,HK,,,,,,,,,,,,,,,,,,非必需性消费,媒体及娱乐,,港股;非必需性消费;媒体及娱乐;消费,akshare_eastmoney_company_profile,2026-06-02T14:22:27.061440,common_stock,False,True,,,,
00083,HK,,,,,,,,,,,,,,,,,,地产业,地产,,港股;地产业;地产;房地产,akshare_eastmoney_company_profile,2026-06-02T14:22:27.161972,common_stock,False,True,,,,
00084,HK,,,,,,,,,,,,,,,,,,非必需性消费,专业零售,,港股;非必需性消费;专业零售;消费,akshare_eastmoney_company_profile,2026-06-02T14:22:27.195365,common_stock,False,True,,,,
00085,HK,,,,,,,,,,,,,,,,,,资讯科技业,半导体,,港股;资讯科技业;半导体;科技,akshare_eastmoney_company_profile,2026-06-02T14:22:27.185566,common_stock,False,True,,,,
00086,HK,,,,,,,,,,,,,,,,,,金融业,其他金融,,港股;金融业;其他金融;金融服务,akshare_eastmoney_company_profile,2026-06-02T14:22:27.180614,common_stock,False,True,,,,
00087,HK,,,,,,,,,,,,,,,,,,综合企业,综合企业,,港股;综合企业,akshare_eastmoney_company_profile,2026-06-02T14:22:27.269654,common_stock,False,True,,,,
00088,HK,,,,,,,,,,,,,,,,,,地产业,地产,,港股;地产业;地产;房地产,akshare_eastmoney_company_profile,2026-06-02T14:22:27.190089,common_stock,False,True,,,,
00089,HK,,,,,,,,,,,,,,,,,,地产业,地产,,港股;地产业;地产;房地产,akshare_eastmoney_company_profile,2026-06-02T14:22:27.237134,common_stock,False,True,,,,
00090,HK,,,,,,,,,,,,,,,,,,公用事业,公用事业,,港股;公用事业;高股息,akshare_eastmoney_company_profile,2026-06-02T14:22:27.261802,common_stock,False,True,,,,
00092,HK,,,,,,,,,,,,,,,,,,资讯科技业,软件服务,,港股;资讯科技业;软件服务;科技,akshare_eastmoney_company_profile,2026-06-02T14:22:27.283459,common_stock,False,True,,,,
00093,HK,,,,,,,,,,,,,,,,,,金融业,其他金融,,港股;金融业;其他金融;金融服务,akshare_eastmoney_company_profile,2026-06-02T14:22:27.429707,common_stock,False,True,,,,
00094,HK,,,,,,,,,,,,,,,,,,原材料业,原材料,,港股;原材料业;原材料;资源材料,akshare_eastmoney_company_profile,2026-06-02T14:22:27.318477,common_stock,False,True,,,,
00095,HK,,,,,,,,,,,,,,,,,,地产业,地产,,港股;地产业;地产;房地产,akshare_eastmoney_company_profile,2026-06-02T14:22:27.492551,common_stock,False,True,,,,
00096,HK,,,,,,,,,,,,,,,,,,工业,工业工程,,港股;工业;工业工程,akshare_eastmoney_company_profile,2026-06-02T14:22:27.336856,common_stock,False,True,,,,
00097,HK,,,,,,,,,,,,,,,,,,非必需性消费,专业零售,,港股;非必需性消费;专业零售;消费,akshare_eastmoney_company_profile,2026-06-02T14:22:27.401241,common_stock,False,True,,,,
00098,HK,,,,,,,,,,,,,,,,,,原材料业,一般金属及矿石,,港股;原材料业;一般金属及矿石;资源材料,akshare_eastmoney_company_profile,2026-06-02T14:22:27.501930,common_stock,False,True,,,,
00099,HK,,,,,,,,,,,,,,,,,,工业,工业工程,,港股;工业;工业工程,akshare_eastmoney_company_profile,2026-06-02T14:22:27.392713,common_stock,False,True,,,,
00100,HK,,,,,,,,,,,,,,,,,,资讯科技业,软件服务,,港股;资讯科技业;软件服务;科技,akshare_eastmoney_company_profile,2026-06-02T14:22:27.545139,common_stock,False,True,,,,
00101,HK,,,,,,,,,,,,,,,,,,地产业,地产,,港股;地产业;地产;房地产,akshare_eastmoney_company_profile,2026-06-02T14:22:27.411897,common_stock,False,True,,,,
00103,HK,,,,,,,,,,,,,,,,,,工业,工业工程,,港股;工业;工业工程,akshare_eastmoney_company_profile,2026-06-02T14:22:27.424308,common_stock,False,True,,,,
00104,HK,,,,,,,,,,,,,,,,,,非必需性消费,专业零售,,港股;非必需性消费;专业零售;消费,akshare_eastmoney_company_profile,2026-06-02T14:22:27.528904,common_stock,False,True,,,,
00105,HK,,,,,,,,,,,,,,,,,,地产业,地产,,港股;地产业;地产;房地产,akshare_eastmoney_company_profile,2026-06-02T14:22:27.521266,common_stock,False,True,,,,
00106,HK,,,,,,,,,,,,,,,,,,地产业,地产,,港股;地产业;地产;房地产,akshare_eastmoney_company_profile,2026-06-02T14:22:27.524242,common_stock,False,True,,,,
00107,HK,,,,,,,,,,,,,,,,,,工业,工用运输,,港股;工业;工用运输,akshare_eastmoney_company_profile,2026-06-02T14:22:27.522604,common_stock,False,True,,,,
00108,HK,,,,,,,,,,,,,,,,,,地产业,地产,,港股;地产业;地产;房地产,akshare_eastmoney_company_profile,2026-06-02T14:22:27.525797,common_stock,False,True,,,,
00110,HK,,,,,,,,,,,,,,,,,,资讯科技业,资讯科技器材,,港股;资讯科技业;资讯科技器材;科技,akshare_eastmoney_company_profile,2026-06-02T14:22:27.577060,common_stock,False,True,,,,
00111,HK,,,,,,,,,,,,,,,,,,金融业,其他金融,,港股;金融业;其他金融;金融服务,akshare_eastmoney_company_profile,2026-06-02T14:22:27.604461,common_stock,False,True,,,,
00113,HK,,,,,,,,,,,,,,,,,,非必需性消费,纺织及服饰,,港股;非必需性消费;纺织及服饰;消费,akshare_eastmoney_company_profile,2026-06-02T14:22:28.201290,common_stock,False,True,,,,
00114,HK,,,,,,,,,,,,,,,,,,非必需性消费,家庭电器及用品,,港股;非必需性消费;家庭电器及用品;消费,akshare_eastmoney_company_profile,2026-06-02T14:22:27.761954,common_stock,False,True,,,,
00115,HK,,,,,,,,,,,,,,,,,,地产业,地产,,港股;地产业;地产;房地产,akshare_eastmoney_company_profile,2026-06-02T14:22:27.774682,common_stock,False,True,,,,
00116,HK,,,,,,,,,,,,,,,,,,非必需性消费,专业零售,,港股;非必需性消费;专业零售;消费,akshare_eastmoney_company_profile,2026-06-02T14:22:27.763994,common_stock,False,True,,,,
00117,HK,,,,,,,,,,,,,,,,,,工业,工业工程,,港股;工业;工业工程,akshare_eastmoney_company_profile,2026-06-02T14:22:27.776633,common_stock,False,True,,,,
00118,HK,,,,,,,,,,,,,,,,,,工业,工业工程,,港股;工业;工业工程,akshare_eastmoney_company_profile,2026-06-02T14:22:27.767511,common_stock,False,True,,,,
00119,HK,,,,,,,,,,,,,,,,,,地产业,地产,,港股;地产业;地产;房地产,akshare_eastmoney_company_profile,2026-06-02T14:22:27.784757,common_stock,False,True,,,,
00120,HK,,,,,,,,,,,,,,,,,,地产业,地产,,港股;地产业;地产;房地产,akshare_eastmoney_company_profile,2026-06-02T14:22:27.770571,common_stock,False,True,,,,
00122,HK,,,,,,,,,,,,,,,,,,地产业,地产,,港股;地产业;地产;房地产,akshare_eastmoney_company_profile,2026-06-02T14:22:28.000530,common_stock,False,True,,,,
00123,HK,,,,,,,,,,,,,,,,,,地产业,地产,,港股;地产业;地产;房地产,akshare_eastmoney_company_profile,2026-06-02T14:22:27.944290,common_stock,False,True,,,,
00124,HK,,,,,,,,,,,,,,,,,,地产业,地产,,港股;地产业;地产;房地产,akshare_eastmoney_company_profile,2026-06-02T14:22:27.987229,common_stock,False,True,,,,
00125,HK,,,,,,,,,,,,,,,,,,非必需性消费,纺织及服饰,,港股;非必需性消费;纺织及服饰;消费,akshare_eastmoney_company_profile,2026-06-02T14:22:27.993023,common_stock,False,True,,,,
00126,HK,,,,,,,,,,,,,,,,,,非必需性消费,旅游及消闲设施,,港股;非必需性消费;旅游及消闲设施;消费,akshare_eastmoney_company_profile,2026-06-02T14:22:27.995067,common_stock,False,True,,,,
00127,HK,,,,,,,,,,,,,,,,,,地产业,地产,,港股;地产业;地产;房地产,akshare_eastmoney_company_profile,2026-06-02T14:22:27.997580,common_stock,False,True,,,,
00128,HK,,,,,,,,,,,,,,,,,,非必需性消费,专业零售,,港股;非必需性消费;专业零售;消费,akshare_eastmoney_company_profile,2026-06-02T14:22:28.007283,common_stock,False,True,,,,
00129,HK,,,,,,,,,,,,,,,,,,金融业,其他金融,,港股;金融业;其他金融;金融服务,akshare_eastmoney_company_profile,2026-06-02T14:22:28.034633,common_stock,False,True,,,,
00130,HK,,,,,,,,,,,,,,,,,,非必需性消费,纺织及服饰,,港股;非必需性消费;纺织及服饰;消费,akshare_eastmoney_company_profile,2026-06-02T14:22:28.084470,common_stock,False,True,,,,
00131,HK,,,,,,,,,,,,,,,,,,地产业,地产,,港股;地产业;地产;房地产,akshare_eastmoney_company_profile,2026-06-02T14:22:28.160881,common_stock,False,True,,,,
00132,HK,,,,,,,,,,,,,,,,,,综合企业,综合企业,,港股;综合企业,akshare_eastmoney_company_profile,2026-06-02T14:22:28.199174,common_stock,False,True,,,,
00133,HK,,,,,,,,,,,,,,,,,,金融业,其他金融,,港股;金融业;其他金融;金融服务,akshare_eastmoney_company_profile,2026-06-02T14:22:28.241264,common_stock,False,True,,,,
00135,HK,,,,,,,,,,,,,,,,,,公用事业,公用事业,,港股;公用事业;高股息,akshare_eastmoney_company_profile,2026-06-02T14:22:28.196420,common_stock,False,True,,,,
00136,HK,,,,,,,,,,,,,,,,,,非必需性消费,媒体及娱乐,,港股;非必需性消费;媒体及娱乐;消费,akshare_eastmoney_company_profile,2026-06-02T14:22:28.212659,common_stock,False,True,,,,
00137,HK,,,,,,,,,,,,,,,,,,工业,工用运输,,港股;工业;工用运输,akshare_eastmoney_company_profile,2026-06-02T14:22:28.210707,common_stock,False,True,,,,
00138,HK,,,,,,,,,,,,,,,,,,非必需性消费,专业零售,,港股;非必需性消费;专业零售;消费,akshare_eastmoney_company_profile,2026-06-02T14:22:28.218226,common_stock,False,True,,,,
00139,HK,,,,,,,,,,,,,,,,,,金融业,其他金融,,港股;金融业;其他金融;金融服务,akshare_eastmoney_company_profile,2026-06-02T14:22:28.249445,common_stock,False,True,,,,
00142,HK,,,,,,,,,,,,,,,,,,必需性消费,食物饮品,,港股;必需性消费;食物饮品,akshare_eastmoney_company_profile,2026-06-02T14:22:28.429664,common_stock,False,True,,,,
00144,HK,,,,,,,,,,,,,,,,,,工业,工用运输,,港股;工业;工用运输,akshare_eastmoney_company_profile,2026-06-02T14:22:28.423065,common_stock,False,True,,,,
00145,HK,,,,,,,,,,,,,,,,,,非必需性消费,支援服务,,港股;非必需性消费;支援服务,akshare_eastmoney_company_profile,2026-06-02T14:22:28.722845,common_stock,False,True,,,,
00146,HK,,,,,,,,,,,,,,,,,,非必需性消费,纺织及服饰,,港股;非必需性消费;纺织及服饰;消费,akshare_eastmoney_company_profile,2026-06-02T14:22:28.765960,common_stock,False,True,,,,
00147,HK,,,,,,,,,,,,,,,,,,资讯科技业,资讯科技器材,,港股;资讯科技业;资讯科技器材;科技,akshare_eastmoney_company_profile,2026-06-02T14:22:28.455033,common_stock,False,True,,,,
00148,HK,,,,,,,,,,,,,,,,,,工业,工业工程,,港股;工业;工业工程,akshare_eastmoney_company_profile,2026-06-02T14:22:28.457530,common_stock,False,True,,,,
00149,HK,,,,,,,,,,,,,,,,,,必需性消费,农业产品,,港股;必需性消费;农业产品,akshare_eastmoney_company_profile,2026-06-02T14:22:28.466000,common_stock,False,True,,,,
00150,HK,,,,,,,,,,,,,,,,,,非必需性消费,媒体及娱乐,,港股;非必需性消费;媒体及娱乐;消费,akshare_eastmoney_company_profile,2026-06-02T14:22:28.464367,common_stock,False,True,,,,
00151,HK,,,,,,,,,,,,,,,,,,必需性消费,食物饮品,,港股;必需性消费;食物饮品,akshare_eastmoney_company_profile,2026-06-02T14:22:28.580887,common_stock,False,True,,,,
00152,HK,,,,,,,,,,,,,,,,,,工业,工用运输,,港股;工业;工用运输,akshare_eastmoney_company_profile,2026-06-02T14:22:28.590216,common_stock,False,True,,,,
00154,HK,,,,,,,,,,,,,,,,,,工业,工业工程,,港股;工业;工业工程,akshare_eastmoney_company_profile,2026-06-02T14:22:28.605283,common_stock,False,True,,,,
00156,HK,,,,,,,,,,,,,,,,,,非必需性消费,旅游及消闲设施,,港股;非必需性消费;旅游及消闲设施;消费,akshare_eastmoney_company_profile,2026-06-02T14:22:28.594830,common_stock,False,True,,,,
00157,HK,,,,,,,,,,,,,,,,,,医疗保健业,其他医疗保健,,港股;医疗保健业;其他医疗保健;医药医疗,akshare_eastmoney_company_profile,2026-06-02T14:22:28.602788,common_stock,False,True,,,,
00158,HK,,,,,,,,,,,,,,,,,,地产业,地产,,港股;地产业;地产;房地产,akshare_eastmoney_company_profile,2026-06-02T14:22:28.613582,common_stock,False,True,,,,
00159,HK,,,,,,,,,,,,,,,,,,原材料业,一般金属及矿石,,港股;原材料业;一般金属及矿石;资源材料,akshare_eastmoney_company_profile,2026-06-02T14:22:28.667274,common_stock,False,True,,,,
00160,HK,,,,,,,,,,,,,,,,,,地产业,地产,,港股;地产业;地产;房地产,akshare_eastmoney_company_profile,2026-06-02T14:22:28.677638,common_stock,False,True,,,,
00162,HK,,,,,,,,,,,,,,,,,,非必需性消费,专业零售,,港股;非必需性消费;专业零售;消费,akshare_eastmoney_company_profile,2026-06-02T14:22:28.735859,common_stock,False,True,,,,
00163,HK,,,,,,,,,,,,,,,,,,地产业,地产,,港股;地产业;地产;房地产,akshare_eastmoney_company_profile,2026-06-02T14:22:29.047630,common_stock,False,True,,,,
00164,HK,,,,,,,,,,,,,,,,,,非必需性消费,媒体及娱乐,,港股;非必需性消费;媒体及娱乐;消费,akshare_eastmoney_company_profile,2026-06-02T14:22:28.748756,common_stock,False,True,,,,
00165,HK,,,,,,,,,,,,,,,,,,金融业,其他金融,,港股;金融业;其他金融;金融服务,akshare_eastmoney_company_profile,2026-06-02T14:22:28.763420,common_stock,False,True,,,,
00166,HK,,,,,,,,,,,,,,,,,,原材料业,黄金及贵金属,,港股;原材料业;黄金及贵金属;资源材料,akshare_eastmoney_company_profile,2026-06-02T14:22:28.800051,common_stock,False,True,,,,
00167,HK,,,,,,,,,,,,,,,,,,非必需性消费,家庭电器及用品,,港股;非必需性消费;家庭电器及用品;消费,akshare_eastmoney_company_profile,2026-06-02T14:22:28.806981,common_stock,False,True,,,,
00168,HK,,,,,,,,,,,,,,,,,,必需性消费,食物饮品,,港股;必需性消费;食物饮品,akshare_eastmoney_company_profile,2026-06-02T14:22:29.211510,common_stock,False,True,,,,
00169,HK,,,,,,,,,,,,,,,,,,非必需性消费,旅游及消闲设施,,港股;非必需性消费;旅游及消闲设施;消费,akshare_eastmoney_company_profile,2026-06-02T14:22:28.834254,common_stock,False,True,,,,
00171,HK,,,,,,,,,,,,,,,,,,地产业,地产,,港股;地产业;地产;房地产,akshare_eastmoney_company_profile,2026-06-02T14:22:28.843289,common_stock,False,True,,,,
00173,HK,,,,,,,,,,,,,,,,,,地产业,地产,,港股;地产业;地产;房地产,akshare_eastmoney_company_profile,2026-06-02T14:22:28.876561,common_stock,False,True,,,,
00174,HK,,,,,,,,,,,,,,,,,,地产业,地产,,港股;地产业;地产;房地产,akshare_eastmoney_company_profile,2026-06-02T14:22:28.899210,common_stock,False,True,,,,
00175,HK,,,,,,,,,,,,,,,,,,非必需性消费,汽车,,港股;非必需性消费;汽车;消费,akshare_eastmoney_company_profile,2026-06-02T14:22:28.893396,common_stock,False,True,,,,
00176,HK,,,,,,,,,,,,,,,,,,非必需性消费,家庭电器及用品,,港股;非必需性消费;家庭电器及用品;消费,akshare_eastmoney_company_profile,2026-06-02T14:22:28.896264,common_stock,False,True,,,,
00177,HK,,,,,,,,,,,,,,,,,,工业,工用运输,,港股;工业;工用运输,akshare_eastmoney_company_profile,2026-06-02T14:22:28.987069,common_stock,False,True,,,,
00178,HK,,,,,,,,,,,,,,,,,,医疗保健业,其他医疗保健,,港股;医疗保健业;其他医疗保健;医药医疗,akshare_eastmoney_company_profile,2026-06-02T14:22:28.934359,common_stock,False,True,,,,
00179,HK,,,,,,,,,,,,,,,,,,非必需性消费,汽车,,港股;非必需性消费;汽车;消费,akshare_eastmoney_company_profile,2026-06-02T14:22:28.982015,common_stock,False,True,,,,
00180,HK,,,,,,,,,,,,,,,,,,非必需性消费,家庭电器及用品,,港股;非必需性消费;家庭电器及用品;消费,akshare_eastmoney_company_profile,2026-06-02T14:22:29.073821,common_stock,False,True,,,,
00181,HK,,,,,,,,,,,,,,,,,,非必需性消费,旅游及消闲设施,,港股;非必需性消费;旅游及消闲设施;消费,akshare_eastmoney_company_profile,2026-06-02T14:22:29.028369,common_stock,False,True,,,,
00182,HK,,,,,,,,,,,,,,,,,,公用事业,公用事业,,港股;公用事业;高股息,akshare_eastmoney_company_profile,2026-06-02T14:22:29.061736,common_stock,False,True,,,,
00183,HK,,,,,,,,,,,,,,,,,,地产业,地产,,港股;地产业;地产;房地产,akshare_eastmoney_company_profile,2026-06-02T14:22:29.067920,common_stock,False,True,,,,
00184,HK,,,,,,,,,,,,,,,,,,非必需性消费,旅游及消闲设施,,港股;非必需性消费;旅游及消闲设施;消费,akshare_eastmoney_company_profile,2026-06-02T14:22:29.076454,common_stock,False,True,,,,
00185,HK,,,,,,,,,,,,,,,,,,地产业,地产,,港股;地产业;地产;房地产,akshare_eastmoney_company_profile,2026-06-02T14:22:29.242952,common_stock,False,True,,,,
00186,HK,,,,,,,,,,,,,,,,,,地产业,地产,,港股;地产业;地产;房地产,akshare_eastmoney_company_profile,2026-06-02T14:22:29.114687,common_stock,False,True,,,,
00187,HK,,,,,,,,,,,,,,,,,,工业,工业工程,,港股;工业;工业工程,akshare_eastmoney_company_profile,2026-06-02T14:22:29.141570,common_stock,False,True,,,,
00188,HK,,,,,,,,,,,,,,,,,,金融业,其他金融,,港股;金融业;其他金融;金融服务,akshare_eastmoney_company_profile,2026-06-02T14:22:29.151077,common_stock,False,True,,,,
00189,HK,,,,,,,,,,,,,,,,,,原材料业,原材料,,港股;原材料业;原材料;资源材料,akshare_eastmoney_company_profile,2026-06-02T14:22:29.166595,common_stock,False,True,,,,
00191,HK,,,,,,,,,,,,,,,,,,综合企业,综合企业,,港股;综合企业,akshare_eastmoney_company_profile,2026-06-02T14:22:29.192433,common_stock,False,True,,,,
00193,HK,,,,,,,,,,,,,,,,,,金融业,其他金融,,港股;金融业;其他金融;金融服务,akshare_eastmoney_company_profile,2026-06-02T14:22:29.267323,common_stock,False,True,,,,
00194,HK,,,,,,,,,,,,,,,,,,地产业,地产,,港股;地产业;地产;房地产,akshare_eastmoney_company_profile,2026-06-02T14:22:29.277766,common_stock,False,True,,,,
00195,HK,,,,,,,,,,,,,,,,,,原材料业,一般金属及矿石,,港股;原材料业;一般金属及矿石;资源材料,akshare_eastmoney_company_profile,2026-06-02T14:22:29.229002,common_stock,False,True,,,,
00196,HK,,,,,,,,,,,,,,,,,,能源业,石油及天然气,,港股;能源业;石油及天然气;资源能源,akshare_eastmoney_company_profile,2026-06-02T14:22:29.289331,common_stock,False,True,,,,
00197,HK,,,,,,,,,,,,,,,,,,必需性消费,食物饮品,,港股;必需性消费;食物饮品,akshare_eastmoney_company_profile,2026-06-02T14:22:29.272840,common_stock,False,True,,,,
00199,HK,,,,,,,,,,,,,,,,,,地产业,地产,,港股;地产业;地产;房地产,akshare_eastmoney_company_profile,2026-06-02T14:22:29.297774,common_stock,False,True,,,,
00200,HK,,,,,,,,,,,,,,,,,,非必需性消费,旅游及消闲设施,,港股;非必需性消费;旅游及消闲设施;消费,akshare_eastmoney_company_profile,2026-06-02T14:22:29.305059,common_stock,False,True,,,,
00201,HK,,,,,,,,,,,,,,,,,,非必需性消费,旅游及消闲设施,,港股;非必需性消费;旅游及消闲设施;消费,akshare_eastmoney_company_profile,2026-06-02T14:22:29.317564,common_stock,False,True,,,,
00202,HK,,,,,,,,,,,,,,,,,,必需性消费,农业产品,,港股;必需性消费;农业产品,akshare_eastmoney_company_profile,2026-06-02T14:22:29.334758,common_stock,False,True,,,,
00204,HK,,,,,,,,,,,,,,,,,,金融业,其他金融,,港股;金融业;其他金融;金融服务,akshare_eastmoney_company_profile,2026-06-02T14:22:29.358734,common_stock,False,True,,,,
00205,HK,,,,,,,,,,,,,,,,,,非必需性消费,媒体及娱乐,,港股;非必需性消费;媒体及娱乐;消费,akshare_eastmoney_company_profile,2026-06-02T14:22:29.415107,common_stock,False,True,,,,
00206,HK,,,,,,,,,,,,,,,,,,能源业,石油及天然气,,港股;能源业;石油及天然气;资源能源,akshare_eastmoney_company_profile,2026-06-02T14:22:29.438854,common_stock,False,True,,,,
00209,HK,,,,,,,,,,,,,,,,,,非必需性消费,家庭电器及用品,,港股;非必需性消费;家庭电器及用品;消费,akshare_eastmoney_company_profile,2026-06-02T14:22:29.490506,common_stock,False,True,,,,
00210,HK,,,,,,,,,,,,,,,,,,非必需性消费,纺织及服饰,,港股;非必需性消费;纺织及服饰;消费,akshare_eastmoney_company_profile,2026-06-02T14:22:29.514749,common_stock,False,True,,,,
00211,HK,,,,,,,,,,,,,,,,,,金融业,其他金融,,港股;金融业;其他金融;金融服务,akshare_eastmoney_company_profile,2026-06-02T14:22:29.520601,common_stock,False,True,,,,
00212,HK,,,,,,,,,,,,,,,,,,地产业,地产,,港股;地产业;地产;房地产,akshare_eastmoney_company_profile,2026-06-02T14:22:29.602489,common_stock,False,True,,,,
00213,HK,,,,,,,,,,,,,,,,,,工业,工业工程,,港股;工业;工业工程,akshare_eastmoney_company_profile,2026-06-02T14:22:29.548334,common_stock,False,True,,,,
00214,HK,,,,,,,,,,,,,,,,,,金融业,其他金融,,港股;金融业;其他金融;金融服务,akshare_eastmoney_company_profile,2026-06-02T14:22:29.540894,common_stock,False,True,,,,
00215,HK,,,,,,,,,,,,,,,,,,电讯业,电讯,,港股;电讯业;电讯,akshare_eastmoney_company_profile,2026-06-02T14:22:29.555484,common_stock,False,True,,,,
00216,HK,,,,,,,,,,,,,,,,,,地产业,地产,,港股;地产业;地产;房地产,akshare_eastmoney_company_profile,2026-06-02T14:22:29.559863,common_stock,False,True,,,,
00217,HK,,,,,,,,,,,,,,,,,,原材料业,一般金属及矿石,,港股;原材料业;一般金属及矿石;资源材料,akshare_eastmoney_company_profile,2026-06-02T14:22:29.597423,common_stock,False,True,,,,
00218,HK,,,,,,,,,,,,,,,,,,金融业,其他金融,,港股;金融业;其他金融;金融服务,akshare_eastmoney_company_profile,2026-06-02T14:22:29.609515,common_stock,False,True,,,,
00219,HK,,,,,,,,,,,,,,,,,,非必需性消费,旅游及消闲设施,,港股;非必需性消费;旅游及消闲设施;消费,akshare_eastmoney_company_profile,2026-06-02T14:22:29.606925,common_stock,False,True,,,,
00220,HK,,,,,,,,,,,,,,,,,,必需性消费,食物饮品,,港股;必需性消费;食物饮品,akshare_eastmoney_company_profile,2026-06-02T14:22:29.625466,common_stock,False,True,,,,
00222,HK,,,,,,,,,,,,,,,,,,金融业,保险,,港股;金融业;保险;金融服务,akshare_eastmoney_company_profile,2026-06-02T14:22:29.638425,common_stock,False,True,,,,
00223,HK,,,,,,,,,,,,,,,,,,工业,工用支援,,港股;工业;工用支援,akshare_eastmoney_company_profile,2026-06-02T14:22:29.662412,common_stock,False,True,,,,
00224,HK,,,,,,,,,,,,,,,,,,地产业,地产,,港股;地产业;地产;房地产,akshare_eastmoney_company_profile,2026-06-02T14:22:29.656824,common_stock,False,True,,,,
00225,HK,,,,,,,,,,,,,,,,,,地产业,地产,,港股;地产业;地产;房地产,akshare_eastmoney_company_profile,2026-06-02T14:22:29.689029,common_stock,False,True,,,,
00227,HK,,,,,,,,,,,,,,,,,,金融业,其他金融,,港股;金融业;其他金融;金融服务,akshare_eastmoney_company_profile,2026-06-02T14:22:29.755688,common_stock,False,True,,,,
00228,HK,,,,,,,,,,,,,,,,,,能源业,石油及天然气,,港股;能源业;石油及天然气;资源能源,akshare_eastmoney_company_profile,2026-06-02T14:22:29.804879,common_stock,False,True,,,,
00229,HK,,,,,,,,,,,,,,,,,,非必需性消费,家庭电器及用品,,港股;非必需性消费;家庭电器及用品;消费,akshare_eastmoney_company_profile,2026-06-02T14:22:29.810895,common_stock,False,True,,,,
00232,HK,,,,,,,,,,,,,,,,,,工业,工业工程,,港股;工业;工业工程,akshare_eastmoney_company_profile,2026-06-02T14:22:29.833257,common_stock,False,True,,,,
00234,HK,,,,,,,,,,,,,,,,,,金融业,其他金融,,港股;金融业;其他金融;金融服务,akshare_eastmoney_company_profile,2026-06-02T14:22:29.840205,common_stock,False,True,,,,
00235,HK,,,,,,,,,,,,,,,,,,金融业,其他金融,,港股;金融业;其他金融;金融服务,akshare_eastmoney_company_profile,2026-06-02T14:22:29.856400,common_stock,False,True,,,,
00236,HK,,,,,,,,,,,,,,,,,,必需性消费,食物饮品,,港股;必需性消费;食物饮品,akshare_eastmoney_company_profile,2026-06-02T14:22:29.853582,common_stock,False,True,,,,
00237,HK,,,,,,,,,,,,,,,,,,地产业,地产,,港股;地产业;地产;房地产,akshare_eastmoney_company_profile,2026-06-02T14:22:29.865067,common_stock,False,True,,,,
00239,HK,,,,,,,,,,,,,,,,,,医疗保健业,药品及生物科技,,港股;医疗保健业;药品及生物科技;医药医疗,akshare_eastmoney_company_profile,2026-06-02T14:22:29.862522,common_stock,False,True,,,,
00240,HK,,,,,,,,,,,,,,,,,,工业,建筑,,港股;工业;建筑,akshare_eastmoney_company_profile,2026-06-02T14:22:29.891453,common_stock,False,True,,,,
00241,HK,,,,,,,,,,,,,,,,,,医疗保健业,药品及生物科技,,港股;医疗保健业;药品及生物科技;医药医疗,akshare_eastmoney_company_profile,2026-06-02T14:22:29.913381,common_stock,False,True,,,,
00242,HK,,,,,,,,,,,,,,,,,,综合企业,综合企业,,港股;综合企业,akshare_eastmoney_company_profile,2026-06-02T14:22:29.920782,common_stock,False,True,,,,
00243,HK,,,,,,,,,,,,,,,,,,资讯科技业,半导体,,港股;资讯科技业;半导体;科技,akshare_eastmoney_company_profile,2026-06-02T14:22:29.938604,common_stock,False,True,,,,
00244,HK,,,,,,,,,,,,,,,,,,非必需性消费,专业零售,,港股;非必需性消费;专业零售;消费,akshare_eastmoney_company_profile,2026-06-02T14:22:29.999072,common_stock,False,True,,,,
00245,HK,,,,,,,,,,,,,,,,,,金融业,其他金融,,港股;金融业;其他金融;金融服务,akshare_eastmoney_company_profile,2026-06-02T14:22:30.028125,common_stock,False,True,,,,
00247,HK,,,,,,,,,,,,,,,,,,地产业,地产,,港股;地产业;地产;房地产,akshare_eastmoney_company_profile,2026-06-02T14:22:30.062667,common_stock,False,True,,,,
00248,HK,,,,,,,,,,,,,,,,,,资讯科技业,软件服务,,港股;资讯科技业;软件服务;科技,akshare_eastmoney_company_profile,2026-06-02T14:22:30.061235,common_stock,False,True,,,,
00251,HK,,,,,,,,,,,,,,,,,,地产业,地产,,港股;地产业;地产;房地产,akshare_eastmoney_company_profile,2026-06-02T14:22:30.115895,common_stock,False,True,,,,
00252,HK,,,,,,,,,,,,,,,,,,工业,工用支援,,港股;工业;工用支援,akshare_eastmoney_company_profile,2026-06-02T14:22:30.575138,common_stock,False,True,,,,
00253,HK,,,,,,,,,,,,,,,,,,非必需性消费,旅游及消闲设施,,港股;非必需性消费;旅游及消闲设施;消费,akshare_eastmoney_company_profile,2026-06-02T14:22:30.114406,common_stock,False,True,,,,
00254,HK,,,,,,,,,,,,,,,,,,非必需性消费,旅游及消闲设施,,港股;非必需性消费;旅游及消闲设施;消费,akshare_eastmoney_company_profile,2026-06-02T14:22:30.201065,common_stock,False,True,,,,
00255,HK,,,,,,,,,,,,,,,,,,工业,工业工程,,港股;工业;工业工程,akshare_eastmoney_company_profile,2026-06-02T14:22:30.141302,common_stock,False,True,,,,
00256,HK,,,,,,,,,,,,,,,,,,非必需性消费,纺织及服饰,,港股;非必需性消费;纺织及服饰;消费,akshare_eastmoney_company_profile,2026-06-02T14:22:30.135944,common_stock,False,True,,,,
00257,HK,,,,,,,,,,,,,,,,,,公用事业,公用事业,,港股;公用事业;高股息,akshare_eastmoney_company_profile,2026-06-02T14:22:30.170131,common_stock,False,True,,,,
00258,HK,,,,,,,,,,,,,,,,,,地产业,地产,,港股;地产业;地产;房地产,akshare_eastmoney_company_profile,2026-06-02T14:22:30.168693,common_stock,False,True,,,,
00259,HK,,,,,,,,,,,,,,,,,,工业,工业工程,,港股;工业;工业工程,akshare_eastmoney_company_profile,2026-06-02T14:22:30.245565,common_stock,False,True,,,,
00261,HK,,,,,,,,,,,,,,,,,,地产业,地产,,港股;地产业;地产;房地产,akshare_eastmoney_company_profile,2026-06-02T14:22:30.246551,common_stock,False,True,,,,
00262,HK,,,,,,,,,,,,,,,,,,地产业,地产,,港股;地产业;地产;房地产,akshare_eastmoney_company_profile,2026-06-02T14:22:30.315764,common_stock,False,True,,,,
00264,HK,,,,,,,,,,,,,,,,,,非必需性消费,纺织及服饰,,港股;非必需性消费;纺织及服饰;消费,akshare_eastmoney_company_profile,2026-06-02T14:22:30.346524,common_stock,False,True,,,,
00265,HK,,,,,,,,,,,,,,,,,,地产业,地产,,港股;地产业;地产;房地产,akshare_eastmoney_company_profile,2026-06-02T14:22:30.312818,common_stock,False,True,,,,
00266,HK,,,,,,,,,,,,,,,,,,地产业,地产,,港股;地产业;地产;房地产,akshare_eastmoney_company_profile,2026-06-02T14:22:30.338710,common_stock,False,True,,,,
00267,HK,,,,,,,,,,,,,,,,,,综合企业,综合企业,,港股;综合企业,akshare_eastmoney_company_profile,2026-06-02T14:22:30.323320,common_stock,False,True,,,,
00268,HK,,,,,,,,,,,,,,,,,,资讯科技业,软件服务,,港股;资讯科技业;软件服务;科技,akshare_eastmoney_company_profile,2026-06-02T14:22:30.350895,common_stock,False,True,,,,
00269,HK,,,,,,,,,,,,,,,,,,工业,工用运输,,港股;工业;工用运输,akshare_eastmoney_company_profile,2026-06-02T14:22:30.357079,common_stock,False,True,,,,
00270,HK,,,,,,,,,,,,,,,,,,公用事业,公用事业,,港股;公用事业;高股息,akshare_eastmoney_company_profile,2026-06-02T14:22:30.488924,common_stock,False,True,,,,
00271,HK,,,,,,,,,,,,,,,,,,地产业,地产,,港股;地产业;地产;房地产,akshare_eastmoney_company_profile,2026-06-02T14:22:30.576674,common_stock,False,True,,,,
00272,HK,,,,,,,,,,,,,,,,,,地产业,地产,,港股;地产业;地产;房地产,akshare_eastmoney_company_profile,2026-06-02T14:22:30.533026,common_stock,False,True,,,,
00274,HK,,,,,,,,,,,,,,,,,,原材料业,黄金及贵金属,,港股;原材料业;黄金及贵金属;资源材料,akshare_eastmoney_company_profile,2026-06-02T14:22:30.536409,common_stock,False,True,,,,
00276,HK,,,,,,,,,,,,,,,,,,能源业,煤炭,,港股;能源业;煤炭;资源能源,akshare_eastmoney_company_profile,2026-06-02T14:22:30.538042,common_stock,False,True,,,,
00277,HK,,,,,,,,,,,,,,,,,,地产业,地产,,港股;地产业;地产;房地产,akshare_eastmoney_company_profile,2026-06-02T14:22:30.541088,common_stock,False,True,,,,
00279,HK,,,,,,,,,,,,,,,,,,金融业,其他金融,,港股;金融业;其他金融;金融服务,akshare_eastmoney_company_profile,2026-06-02T14:22:30.618472,common_stock,False,True,,,,
00280,HK,,,,,,,,,,,,,,,,,,非必需性消费,纺织及服饰,,港股;非必需性消费;纺织及服饰;消费,akshare_eastmoney_company_profile,2026-06-02T14:22:30.699418,common_stock,False,True,,,,
00285,HK,,,,,,,,,,,,,,,,,,资讯科技业,资讯科技器材,,港股;资讯科技业;资讯科技器材;科技,akshare_eastmoney_company_profile,2026-06-02T14:22:30.693367,common_stock,False,True,,,,
00286,HK,,,,,,,,,,,,,,,,,,医疗保健业,其他医疗保健,,港股;医疗保健业;其他医疗保健;医药医疗,akshare_eastmoney_company_profile,2026-06-02T14:22:30.723454,common_stock,False,True,,,,
00287,HK,,,,,,,,,,,,,,,,,,地产业,地产,,港股;地产业;地产;房地产,akshare_eastmoney_company_profile,2026-06-02T14:22:31.210879,common_stock,False,True,,,,
00288,HK,,,,,,,,,,,,,,,,,,必需性消费,食物饮品,,港股;必需性消费;食物饮品,akshare_eastmoney_company_profile,2026-06-02T14:22:30.734541,common_stock,False,True,,,,
00289,HK,,,,,,,,,,,,,,,,,,非必需性消费,专业零售,,港股;非必需性消费;专业零售;消费,akshare_eastmoney_company_profile,2026-06-02T14:22:31.053272,common_stock,False,True,,,,
00290,HK,,,,,,,,,,,,,,,,,,金融业,其他金融,,港股;金融业;其他金融;金融服务,akshare_eastmoney_company_profile,2026-06-02T14:22:30.758670,common_stock,False,True,,,,
00291,HK,,,,,,,,,,,,,,,,,,必需性消费,食物饮品,,港股;必需性消费;食物饮品,akshare_eastmoney_company_profile,2026-06-02T14:22:30.926444,common_stock,False,True,,,,
00293,HK,,,,,,,,,,,,,,,,,,非必需性消费,旅游及消闲设施,,港股;非必需性消费;旅游及消闲设施;消费,akshare_eastmoney_company_profile,2026-06-02T14:22:30.777502,common_stock,False,True,,,,
00294,HK,,,,,,,,,,,,,,,,,,非必需性消费,纺织及服饰,,港股;非必需性消费;纺织及服饰;消费,akshare_eastmoney_company_profile,2026-06-02T14:22:30.801224,common_stock,False,True,,,,
00295,HK,,,,,,,,,,,,,,,,,,公用事业,公用事业,,港股;公用事业;高股息,akshare_eastmoney_company_profile,2026-06-02T14:22:30.826096,common_stock,False,True,,,,
00296,HK,,,,,,,,,,,,,,,,,,非必需性消费,旅游及消闲设施,,港股;非必需性消费;旅游及消闲设施;消费,akshare_eastmoney_company_profile,2026-06-02T14:22:30.815108,common_stock,False,True,,,,
00297,HK,,,,,,,,,,,,,,,,,,原材料业,原材料,,港股;原材料业;原材料;资源材料,akshare_eastmoney_company_profile,2026-06-02T14:22:30.899746,common_stock,False,True,,,,
00298,HK,,,,,,,,,,,,,,,,,,地产业,地产,,港股;地产业;地产;房地产,akshare_eastmoney_company_profile,2026-06-02T14:22:30.858265,common_stock,False,True,,,,
00299,HK,,,,,,,,,,,,,,,,,,地产业,地产,,港股;地产业;地产;房地产,akshare_eastmoney_company_profile,2026-06-02T14:22:30.901739,common_stock,False,True,,,,
00300,HK,,,,,,,,,,,,,,,,,,非必需性消费,家庭电器及用品,,港股;非必需性消费;家庭电器及用品;消费,akshare_eastmoney_company_profile,2026-06-02T14:22:31.206890,common_stock,False,True,,,,
00301,HK,,,,,,,,,,,,,,,,,,原材料业,原材料,,港股;原材料业;原材料;资源材料,akshare_eastmoney_company_profile,2026-06-02T14:22:30.932816,common_stock,False,True,,,,
00302,HK,,,,,,,,,,,,,,,,,,资讯科技业,软件服务,,港股;资讯科技业;软件服务;科技,akshare_eastmoney_company_profile,2026-06-02T14:22:31.229957,common_stock,False,True,,,,
00303,HK,,,,,,,,,,,,,,,,,,资讯科技业,资讯科技器材,,港股;资讯科技业;资讯科技器材;科技,akshare_eastmoney_company_profile,2026-06-02T14:22:31.056151,common_stock,False,True,,,,
00305,HK,,,,,,,,,,,,,,,,,,非必需性消费,汽车,,港股;非必需性消费;汽车;消费,akshare_eastmoney_company_profile,2026-06-02T14:22:31.269077,common_stock,False,True,,,,
00306,HK,,,,,,,,,,,,,,,,,,非必需性消费,旅游及消闲设施,,港股;非必需性消费;旅游及消闲设施;消费,akshare_eastmoney_company_profile,2026-06-02T14:22:31.039495,common_stock,False,True,,,,
00308,HK,,,,,,,,,,,,,,,,,,非必需性消费,旅游及消闲设施,,港股;非必需性消费;旅游及消闲设施;消费,akshare_eastmoney_company_profile,2026-06-02T14:22:31.244989,common_stock,False,True,,,,
00309,HK,,,,,,,,,,,,,,,,,,非必需性消费,支援服务,,港股;非必需性消费;支援服务,akshare_eastmoney_company_profile,2026-06-02T14:22:31.128080,common_stock,False,True,,,,
00310,HK,,,,,,,,,,,,,,,,,,金融业,其他金融,,港股;金融业;其他金融;金融服务,akshare_eastmoney_company_profile,2026-06-02T14:22:31.168644,common_stock,False,True,,,,
00311,HK,,,,,,,,,,,,,,,,,,非必需性消费,纺织及服饰,,港股;非必需性消费;纺织及服饰;消费,akshare_eastmoney_company_profile,2026-06-02T14:22:31.162313,common_stock,False,True,,,,
00312,HK,,,,,,,,,,,,,,,,,,非必需性消费,专业零售,,港股;非必需性消费;专业零售;消费,akshare_eastmoney_company_profile,2026-06-02T14:22:31.216655,common_stock,False,True,,,,
00313,HK,,,,,,,,,,,,,,,,,,地产业,地产,,港股;地产业;地产;房地产,akshare_eastmoney_company_profile,2026-06-02T14:22:31.258373,common_stock,False,True,,,,
00314,HK,,,,,,,,,,,,,,,,,,医疗保健业,药品及生物科技,,港股;医疗保健业;药品及生物科技;医药医疗,akshare_eastmoney_company_profile,2026-06-02T14:22:31.286731,common_stock,False,True,,,,
00315,HK,,,,,,,,,,,,,,,,,,电讯业,电讯,,港股;电讯业;电讯,akshare_eastmoney_company_profile,2026-06-02T14:22:31.321417,common_stock,False,True,,,,
00316,HK,,,,,,,,,,,,,,,,,,工业,工用运输,,港股;工业;工用运输,akshare_eastmoney_company_profile,2026-06-02T14:22:31.366523,common_stock,False,True,,,,
00317,HK,,,,,,,,,,,,,,,,,,工业,工业工程,,港股;工业;工业工程,akshare_eastmoney_company_profile,2026-06-02T14:22:31.390209,common_stock,False,True,,,,
00318,HK,,,,,,,,,,,,,,,,,,资讯科技业,软件服务,,港股;资讯科技业;软件服务;科技,akshare_eastmoney_company_profile,2026-06-02T14:22:31.430065,common_stock,False,True,,,,
00320,HK,,,,,,,,,,,,,,,,,,工业,工业工程,,港股;工业;工业工程,akshare_eastmoney_company_profile,2026-06-02T14:22:31.440823,common_stock,False,True,,,,
00321,HK,,,,,,,,,,,,,,,,,,非必需性消费,纺织及服饰,,港股;非必需性消费;纺织及服饰;消费,akshare_eastmoney_company_profile,2026-06-02T14:22:31.472605,common_stock,False,True,,,,
00322,HK,,,,,,,,,,,,,,,,,,必需性消费,食物饮品,,港股;必需性消费;食物饮品,akshare_eastmoney_company_profile,2026-06-02T14:22:31.482655,common_stock,False,True,,,,
00323,HK,,,,,,,,,,,,,,,,,,原材料业,一般金属及矿石,,港股;原材料业;一般金属及矿石;资源材料,akshare_eastmoney_company_profile,2026-06-02T14:22:31.488455,common_stock,False,True,,,,
00325,HK,,,,,,,,,,,,,,,,,,非必需性消费,家庭电器及用品,,港股;非必需性消费;家庭电器及用品;消费,akshare_eastmoney_company_profile,2026-06-02T14:22:31.669766,common_stock,False,True,,,,
00326,HK,,,,,,,,,,,,,,,,,,非必需性消费,媒体及娱乐,,港股;非必需性消费;媒体及娱乐;消费,akshare_eastmoney_company_profile,2026-06-02T14:22:31.592419,common_stock,False,True,,,,
00327,HK,,,,,,,,,,,,,,,,,,资讯科技业,资讯科技器材,,港股;资讯科技业;资讯科技器材;科技,akshare_eastmoney_company_profile,2026-06-02T14:22:31.620013,common_stock,False,True,,,,
00328,HK,,,,,,,,,,,,,,,,,,资讯科技业,资讯科技器材,,港股;资讯科技业;资讯科技器材;科技,akshare_eastmoney_company_profile,2026-06-02T14:22:31.622603,common_stock,False,True,,,,
00329,HK,,,,,,,,,,,,,,,,,,金融业,其他金融,,港股;金融业;其他金融;金融服务,akshare_eastmoney_company_profile,2026-06-02T14:22:31.526909,common_stock,False,True,,,,
00330,HK,,,,,,,,,,,,,,,,,,非必需性消费,纺织及服饰,,港股;非必需性消费;纺织及服饰;消费,akshare_eastmoney_company_profile,2026-06-02T14:22:31.740105,common_stock,False,True,,,,
00331,HK,,,,,,,,,,,,,,,,,,非必需性消费,支援服务,,港股;非必需性消费;支援服务,akshare_eastmoney_company_profile,2026-06-02T14:22:31.583057,common_stock,False,True,,,,
00332,HK,,,,,,,,,,,,,,,,,,能源业,石油及天然气,,港股;能源业;石油及天然气;资源能源,akshare_eastmoney_company_profile,2026-06-02T14:22:31.603075,common_stock,False,True,,,,
00333,HK,,,,,,,,,,,,,,,,,,非必需性消费,纺织及服饰,,港股;非必需性消费;纺织及服饰;消费,akshare_eastmoney_company_profile,2026-06-02T14:22:31.630511,common_stock,False,True,,,,
00334,HK,,,,,,,,,,,,,,,,,,资讯科技业,资讯科技器材,,港股;资讯科技业;资讯科技器材;科技,akshare_eastmoney_company_profile,2026-06-02T14:22:31.689563,common_stock,False,True,,,,
00335,HK,,,,,,,,,,,,,,,,,,金融业,其他金融,,港股;金融业;其他金融;金融服务,akshare_eastmoney_company_profile,2026-06-02T14:22:31.687712,common_stock,False,True,,,,
00336,HK,,,,,,,,,,,,,,,,,,必需性消费,食物饮品,,港股;必需性消费;食物饮品,akshare_eastmoney_company_profile,2026-06-02T14:22:31.701624,common_stock,False,True,,,,
00337,HK,,,,,,,,,,,,,,,,,,地产业,地产,,港股;地产业;地产;房地产,akshare_eastmoney_company_profile,2026-06-02T14:22:31.761190,common_stock,False,True,,,,
00338,HK,,,,,,,,,,,,,,,,,,原材料业,原材料,,港股;原材料业;原材料;资源材料,akshare_eastmoney_company_profile,2026-06-02T14:22:31.745806,common_stock,False,True,,,,
00339,HK,,,,,,,,,,,,,,,,,,金融业,其他金融,,港股;金融业;其他金融;金融服务,akshare_eastmoney_company_profile,2026-06-02T14:22:31.830421,common_stock,False,True,,,,
00340,HK,,,,,,,,,,,,,,,,,,原材料业,黄金及贵金属,,港股;原材料业;黄金及贵金属;资源材料,akshare_eastmoney_company_profile,2026-06-02T14:22:31.759552,common_stock,False,True,,,,
00341,HK,,,,,,,,,,,,,,,,,,非必需性消费,旅游及消闲设施,,港股;非必需性消费;旅游及消闲设施;消费,akshare_eastmoney_company_profile,2026-06-02T14:22:31.828563,common_stock,False,True,,,,
00343,HK,,,,,,,,,,,,,,,,,,非必需性消费,媒体及娱乐,,港股;非必需性消费;媒体及娱乐;消费,akshare_eastmoney_company_profile,2026-06-02T14:22:31.816883,common_stock,False,True,,,,
00345,HK,,,,,,,,,,,,,,,,,,必需性消费,食物饮品,,港股;必需性消费;食物饮品,akshare_eastmoney_company_profile,2026-06-02T14:22:31.819537,common_stock,False,True,,,,
00346,HK,,,,,,,,,,,,,,,,,,能源业,石油及天然气,,港股;能源业;石油及天然气;资源能源,akshare_eastmoney_company_profile,2026-06-02T14:22:31.832958,common_stock,False,True,,,,
00347,HK,,,,,,,,,,,,,,,,,,原材料业,一般金属及矿石,,港股;原材料业;一般金属及矿石;资源材料,akshare_eastmoney_company_profile,2026-06-02T14:22:31.847990,common_stock,False,True,,,,
00348,HK,,,,,,,,,,,,,,,,,,医疗保健业,药品及生物科技,,港股;医疗保健业;药品及生物科技;医药医疗,akshare_eastmoney_company_profile,2026-06-02T14:22:31.883080,common_stock,False,True,,,,
00351,HK,,,,,,,,,,,,,,,,,,工业,工用运输,,港股;工业;工用运输,akshare_eastmoney_company_profile,2026-06-02T14:22:31.861261,common_stock,False,True,,,,
00352,HK,,,,,,,,,,,,,,,,,,地产业,地产,,港股;地产业;地产;房地产,akshare_eastmoney_company_profile,2026-06-02T14:22:32.066816,common_stock,False,True,,,,
00353,HK,,,,,,,,,,,,,,,,,,能源业,石油及天然气,,港股;能源业;石油及天然气;资源能源,akshare_eastmoney_company_profile,2026-06-02T14:22:31.998107,common_stock,False,True,,,,
00354,HK,,,,,,,,,,,,,,,,,,资讯科技业,软件服务,,港股;资讯科技业;软件服务;科技,akshare_eastmoney_company_profile,2026-06-02T14:22:32.105560,common_stock,False,True,,,,
00355,HK,,,,,,,,,,,,,,,,,,非必需性消费,旅游及消闲设施,,港股;非必需性消费;旅游及消闲设施;消费,akshare_eastmoney_company_profile,2026-06-02T14:22:32.093136,common_stock,False,True,,,,
00356,HK,,,,,,,,,,,,,,,,,,金融业,其他金融,,港股;金融业;其他金融;金融服务,akshare_eastmoney_company_profile,2026-06-02T14:22:32.059834,common_stock,False,True,,,,
00357,HK,,,,,,,,,,,,,,,,,,非必需性消费,旅游及消闲设施,,港股;非必需性消费;旅游及消闲设施;消费,akshare_eastmoney_company_profile,2026-06-02T14:22:32.103804,common_stock,False,True,,,,
00358,HK,,,,,,,,,,,,,,,,,,原材料业,一般金属及矿石,,港股;原材料业;一般金属及矿石;资源材料,akshare_eastmoney_company_profile,2026-06-02T14:22:32.077978,common_stock,False,True,,,,
00360,HK,,,,,,,,,,,,,,,,,,非必需性消费,汽车,,港股;非必需性消费;汽车;消费,akshare_eastmoney_company_profile,2026-06-02T14:22:32.072477,common_stock,False,True,,,,
00361,HK,,,,,,,,,,,,,,,,,,非必需性消费,家庭电器及用品,,港股;非必需性消费;家庭电器及用品;消费,akshare_eastmoney_company_profile,2026-06-02T14:22:32.094890,common_stock,False,True,,,,
00362,HK,,,,,,,,,,,,,,,,,,原材料业,原材料,,港股;原材料业;原材料;资源材料,akshare_eastmoney_company_profile,2026-06-02T14:22:32.421755,common_stock,False,True,,,,
00363,HK,,,,,,,,,,,,,,,,,,综合企业,综合企业,,港股;综合企业,akshare_eastmoney_company_profile,2026-06-02T14:22:32.418996,common_stock,False,True,,,,
00365,HK,,,,,,,,,,,,,,,,,,工业,工业工程,,港股;工业;工业工程,akshare_eastmoney_company_profile,2026-06-02T14:22:32.271612,common_stock,False,True,,,,
00366,HK,,,,,,,,,,,,,,,,,,工业,建筑,,港股;工业;建筑,akshare_eastmoney_company_profile,2026-06-02T14:22:32.284757,common_stock,False,True,,,,
00367,HK,,,,,,,,,,,,,,,,,,地产业,地产,,港股;地产业;地产;房地产,akshare_eastmoney_company_profile,2026-06-02T14:22:32.279108,common_stock,False,True,,,,
00368,HK,,,,,,,,,,,,,,,,,,工业,建筑,,港股;工业;建筑,akshare_eastmoney_company_profile,2026-06-02T14:22:32.294079,common_stock,False,True,,,,
00369,HK,,,,,,,,,,,,,,,,,,地产业,地产,,港股;地产业;地产;房地产,akshare_eastmoney_company_profile,2026-06-02T14:22:32.291399,common_stock,False,True,,,,
00370,HK,,,,,,,,,,,,,,,,,,工业,建筑,,港股;工业;建筑,akshare_eastmoney_company_profile,2026-06-02T14:22:32.306838,common_stock,False,True,,,,
00371,HK,,,,,,,,,,,,,,,,,,公用事业,公用事业,,港股;公用事业;高股息,akshare_eastmoney_company_profile,2026-06-02T14:22:32.381877,common_stock,False,True,,,,
00372,HK,,,,,,,,,,,,,,,,,,原材料业,原材料,,港股;原材料业;原材料;资源材料,akshare_eastmoney_company_profile,2026-06-02T14:22:32.364769,common_stock,False,True,,,,
00373,HK,,,,,,,,,,,,,,,,,,金融业,其他金融,,港股;金融业;其他金融;金融服务,akshare_eastmoney_company_profile,2026-06-02T14:22:32.391461,common_stock,False,True,,,,
00374,HK,,,,,,,,,,,,,,,,,,必需性消费,食物饮品,,港股;必需性消费;食物饮品,akshare_eastmoney_company_profile,2026-06-02T14:22:32.432903,common_stock,False,True,,,,
00375,HK,,,,,,,,,,,,,,,,,,非必需性消费,纺织及服饰,,港股;非必需性消费;纺织及服饰;消费,akshare_eastmoney_company_profile,2026-06-02T14:22:32.430224,common_stock,False,True,,,,
00376,HK,,,,,,,,,,,,,,,,,,金融业,保险,,港股;金融业;保险;金融服务,akshare_eastmoney_company_profile,2026-06-02T14:22:32.424441,common_stock,False,True,,,,
00377,HK,,,,,,,,,,,,,,,,,,工业,工用支援,,港股;工业;工用支援,akshare_eastmoney_company_profile,2026-06-02T14:22:32.460425,common_stock,False,True,,,,
00379,HK,,,,,,,,,,,,,,,,,,医疗保健业,其他医疗保健,,港股;医疗保健业;其他医疗保健;医药医疗,akshare_eastmoney_company_profile,2026-06-02T14:22:32.468878,common_stock,False,True,,,,
00380,HK,,,,,,,,,,,,,,,,,,工业,建筑,,港股;工业;建筑,akshare_eastmoney_company_profile,2026-06-02T14:22:32.507444,common_stock,False,True,,,,
00381,HK,,,,,,,,,,,,,,,,,,非必需性消费,家庭电器及用品,,港股;非必需性消费;家庭电器及用品;消费,akshare_eastmoney_company_profile,2026-06-02T14:22:32.602213,common_stock,False,True,,,,
00382,HK,,,,,,,,,,,,,,,,,,非必需性消费,支援服务,,港股;非必需性消费;支援服务,akshare_eastmoney_company_profile,2026-06-02T14:22:32.663529,common_stock,False,True,,,,
00383,HK,,,,,,,,,,,,,,,,,,医疗保健业,其他医疗保健,,港股;医疗保健业;其他医疗保健;医药医疗,akshare_eastmoney_company_profile,2026-06-02T14:22:32.642490,common_stock,False,True,,,,
00384,HK,,,,,,,,,,,,,,,,,,公用事业,公用事业,,港股;公用事业;高股息,akshare_eastmoney_company_profile,2026-06-02T14:22:32.654297,common_stock,False,True,,,,
00385,HK,,,,,,,,,,,,,,,,,,工业,建筑,,港股;工业;建筑,akshare_eastmoney_company_profile,2026-06-02T14:22:32.666277,common_stock,False,True,,,,
00386,HK,,,,,,,,,,,,,,,,,,能源业,石油及天然气,,港股;能源业;石油及天然气;资源能源,akshare_eastmoney_company_profile,2026-06-02T14:22:32.677193,common_stock,False,True,,,,
00387,HK,,,,,,,,,,,,,,,,,,工业,工业工程,,港股;工业;工业工程,akshare_eastmoney_company_profile,2026-06-02T14:22:32.668882,common_stock,False,True,,,,
00388,HK,,,,,,,,,,,,,,,,,,金融业,其他金融,,港股;金融业;其他金融;金融服务,akshare_eastmoney_company_profile,2026-06-02T14:22:32.680183,common_stock,False,True,,,,
00389,HK,,,,,,,,,,,,,,,,,,必需性消费,食物饮品,,港股;必需性消费;食物饮品,akshare_eastmoney_company_profile,2026-06-02T14:22:32.714758,common_stock,False,True,,,,
00390,HK,,,,,,,,,,,,,,,,,,工业,建筑,,港股;工业;建筑,akshare_eastmoney_company_profile,2026-06-02T14:22:32.803965,common_stock,False,True,,,,
00391,HK,,,,,,,,,,,,,,,,,,非必需性消费,媒体及娱乐,,港股;非必需性消费;媒体及娱乐;消费,akshare_eastmoney_company_profile,2026-06-02T14:22:32.750868,common_stock,False,True,,,,
00392,HK,,,,,,,,,,,,,,,,,,公用事业,公用事业,,港股;公用事业;高股息,akshare_eastmoney_company_profile,2026-06-02T14:22:32.832326,common_stock,False,True,,,,
00393,HK,,,,,,,,,,,,,,,,,,工业,建筑,,港股;工业;建筑,akshare_eastmoney_company_profile,2026-06-02T14:22:32.869391,common_stock,False,True,,,,
00396,HK,,,,,,,,,,,,,,,,,,非必需性消费,家庭电器及用品,,港股;非必需性消费;家庭电器及用品;消费,akshare_eastmoney_company_profile,2026-06-02T14:22:32.866129,common_stock,False,True,,,,
00397,HK,,,,,,,,,,,,,,,,,,金融业,其他金融,,港股;金融业;其他金融;金融服务,akshare_eastmoney_company_profile,2026-06-02T14:22:32.873492,common_stock,False,True,,,,
00398,HK,,,,,,,,,,,,,,,,,,非必需性消费,专业零售,,港股;非必需性消费;专业零售;消费,akshare_eastmoney_company_profile,2026-06-02T14:22:32.891142,common_stock,False,True,,,,
00399,HK,,,,,,,,,,,,,,,,,,非必需性消费,消费者主要零售商,,港股;非必需性消费;消费者主要零售商;消费,akshare_eastmoney_company_profile,2026-06-02T14:22:32.885602,common_stock,False,True,,,,
00400,HK,,,,,,,,,,,,,,,,,,资讯科技业,半导体,,港股;资讯科技业;半导体;科技,akshare_eastmoney_company_profile,2026-06-02T14:22:32.905148,common_stock,False,True,,,,
00401,HK,,,,,,,,,,,,,,,,,,医疗保健业,其他医疗保健,,港股;医疗保健业;其他医疗保健;医药医疗,akshare_eastmoney_company_profile,2026-06-02T14:22:32.901825,common_stock,False,True,,,,
00403,HK,,,,,,,,,,,,,,,,,,工业,工用支援,,港股;工业;工用支援,akshare_eastmoney_company_profile,2026-06-02T14:22:32.925513,common_stock,False,True,,,,
00405,HK,,,,,,,,,,,,,,,,,,地产业,地产投资信托基金,,港股;REIT;房地产基金;收息资产;地产业;地产投资信托基金;房地产,nan+local_taxonomy+local_taxonomy+local_taxonomy;local_registry_enrichment,2026-06-03T07:15:43.584322,fund_like,True,True,local_registry_enrichment,2026-06-03T07:15:43.584322,,
00406,HK,,,,,,,,,,,,,,,,,,工业,建筑,,港股;工业;建筑,akshare_eastmoney_company_profile,2026-06-02T14:22:33.128638,common_stock,False,True,,,,
00408,HK,,,,,,,,,,,,,,,,,,原材料业,原材料,,港股;原材料业;原材料;资源材料,akshare_eastmoney_company_profile,2026-06-02T14:22:33.070952,common_stock,False,True,,,,
00410,HK,,,,,,,,,,,,,,,,,,地产业,地产,,港股;地产业;地产;房地产,akshare_eastmoney_company_profile,2026-06-02T14:22:33.114519,common_stock,False,True,,,,
00411,HK,,,,,,,,,,,,,,,,,,必需性消费,农业产品,,港股;必需性消费;农业产品,akshare_eastmoney_company_profile,2026-06-02T14:22:33.131603,common_stock,False,True,,,,
00412,HK,,,,,,,,,,,,,,,,,,金融业,其他金融,,港股;金融业;其他金融;金融服务,akshare_eastmoney_company_profile,2026-06-02T14:22:33.206949,common_stock,False,True,,,,
00413,HK,,,,,,,,,,,,,,,,,,非必需性消费,家庭电器及用品,,港股;非必需性消费;家庭电器及用品;消费,akshare_eastmoney_company_profile,2026-06-02T14:22:33.196706,common_stock,False,True,,,,
00417,HK,,,,,,,,,,,,,,,,,,非必需性消费,专业零售,,港股;非必需性消费;专业零售;消费,akshare_eastmoney_company_profile,2026-06-02T14:22:33.195119,common_stock,False,True,,,,
00418,HK,,,,,,,,,,,,,,,,,,资讯科技业,软件服务,,港股;资讯科技业;软件服务;科技,akshare_eastmoney_company_profile,2026-06-02T14:22:33.214531,common_stock,False,True,,,,
00419,HK,,,,,,,,,,,,,,,,,,资讯科技业,软件服务,,港股;资讯科技业;软件服务;科技,akshare_eastmoney_company_profile,2026-06-02T14:22:33.220493,common_stock,False,True,,,,
00420,HK,,,,,,,,,,,,,,,,,,非必需性消费,纺织及服饰,,港股;非必需性消费;纺织及服饰;消费,akshare_eastmoney_company_profile,2026-06-02T14:22:33.248008,common_stock,False,True,,,,
00422,HK,,,,,,,,,,,,,,,,,,非必需性消费,汽车,,港股;非必需性消费;汽车;消费,akshare_eastmoney_company_profile,2026-06-02T14:22:33.250410,common_stock,False,True,,,,
00423,HK,,,,,,,,,,,,,,,,,,非必需性消费,媒体及娱乐,,港股;非必需性消费;媒体及娱乐;消费,akshare_eastmoney_company_profile,2026-06-02T14:22:33.400952,common_stock,False,True,,,,
00425,HK,,,,,,,,,,,,,,,,,,非必需性消费,汽车,,港股;非必需性消费;汽车;消费,akshare_eastmoney_company_profile,2026-06-02T14:22:33.515629,common_stock,False,True,,,,
00426,HK,,,,,,,,,,,,,,,,,,非必需性消费,媒体及娱乐,,港股;非必需性消费;媒体及娱乐;消费,akshare_eastmoney_company_profile,2026-06-02T14:22:33.427821,common_stock,False,True,,,,
00428,HK,,,,,,,,,,,,,,,,,,金融业,其他金融,,港股;金融业;其他金融;金融服务,akshare_eastmoney_company_profile,2026-06-02T14:22:33.430340,common_stock,False,True,,,,
00430,HK,,,,,,,,,,,,,,,,,,地产业,地产,,港股;地产业;地产;房地产,akshare_eastmoney_company_profile,2026-06-02T14:22:33.439452,common_stock,False,True,,,,
00431,HK,,,,,,,,,,,,,,,,,,金融业,其他金融,,港股;金融业;其他金融;金融服务,akshare_eastmoney_company_profile,2026-06-02T14:22:33.445189,common_stock,False,True,,,,
00432,HK,,,,,,,,,,,,,,,,,,地产业,地产,,港股;地产业;地产;房地产,akshare_eastmoney_company_profile,2026-06-02T14:22:33.454143,common_stock,False,True,,,,
00433,HK,,,,,,,,,,,,,,,,,,原材料业,一般金属及矿石,,港股;原材料业;一般金属及矿石;资源材料,akshare_eastmoney_company_profile,2026-06-02T14:22:33.468988,common_stock,False,True,,,,
00434,HK,,,,,,,,,,,,,,,,,,资讯科技业,软件服务,,港股;资讯科技业;软件服务;科技,akshare_eastmoney_company_profile,2026-06-02T14:22:33.491234,common_stock,False,True,,,,
00435,HK,,,,,,,,,,,,,,,,,,地产业,地产投资信托基金,,港股;REIT;房地产基金;收息资产;地产业;地产投资信托基金;房地产,nan+local_taxonomy+local_taxonomy+local_taxonomy;local_registry_enrichment,2026-06-03T07:15:43.584322,fund_like,True,True,local_registry_enrichment,2026-06-03T07:15:43.584322,,
00436,HK,,,,,,,,,,,,,,,,,,工业,工业工程,,港股;工业;工业工程,akshare_eastmoney_company_profile,2026-06-02T14:22:33.606021,common_stock,False,True,,,,
00438,HK,,,,,,,,,,,,,,,,,,工业,工业工程,,港股;工业;工业工程,akshare_eastmoney_company_profile,2026-06-02T14:22:33.645531,common_stock,False,True,,,,
00439,HK,,,,,,,,,,,,,,,,,,资讯科技业,软件服务,,港股;资讯科技业;软件服务;科技,akshare_eastmoney_company_profile,2026-06-02T14:22:33.733793,common_stock,False,True,,,,
00440,HK,,,,,,,,,,,,,,,,,,金融业,银行,,港股;金融业;银行;金融服务,akshare_eastmoney_company_profile,2026-06-02T14:22:33.714783,common_stock,False,True,,,,
00442,HK,,,,,,,,,,,,,,,,,,非必需性消费,纺织及服饰,,港股;非必需性消费;纺织及服饰;消费,akshare_eastmoney_company_profile,2026-06-02T14:22:33.685538,common_stock,False,True,,,,
00444,HK,,,,,,,,,,,,,,,,,,非必需性消费,专业零售,,港股;非必需性消费;专业零售;消费,akshare_eastmoney_company_profile,2026-06-02T14:22:33.678448,common_stock,False,True,,,,
00450,HK,,,,,,,,,,,,,,,,,,工业,工用支援,,港股;工业;工用支援,akshare_eastmoney_company_profile,2026-06-02T14:22:33.702241,common_stock,False,True,,,,
00451,HK,,,,,,,,,,,,,,,,,,公用事业,公用事业,,港股;公用事业;高股息,akshare_eastmoney_company_profile,2026-06-02T14:22:33.923218,common_stock,False,True,,,,
00455,HK,,,,,,,,,,,,,,,,,,医疗保健业,药品及生物科技,,港股;医疗保健业;药品及生物科技;医药医疗,akshare_eastmoney_company_profile,2026-06-02T14:22:33.732296,common_stock,False,True,,,,
00456,HK,,,,,,,,,,,,,,,,,,地产业,地产,,港股;地产业;地产;房地产,akshare_eastmoney_company_profile,2026-06-02T14:22:33.767151,common_stock,False,True,,,,
00458,HK,,,,,,,,,,,,,,,,,,非必需性消费,纺织及服饰,,港股;非必需性消费;纺织及服饰;消费,akshare_eastmoney_company_profile,2026-06-02T14:22:33.789545,common_stock,False,True,,,,
00460,HK,,,,,,,,,,,,,,,,,,医疗保健业,药品及生物科技,,港股;医疗保健业;药品及生物科技;医药医疗,akshare_eastmoney_company_profile,2026-06-02T14:22:33.839526,common_stock,False,True,,,,
00464,HK,,,,,,,,,,,,,,,,,,非必需性消费,家庭电器及用品,,港股;非必需性消费;家庭电器及用品;消费,akshare_eastmoney_company_profile,2026-06-02T14:22:33.811692,common_stock,False,True,,,,
00465,HK,,,,,,,,,,,,,,,,,,资讯科技业,软件服务,,港股;资讯科技业;软件服务;科技,akshare_eastmoney_company_profile,2026-06-02T14:22:33.846663,common_stock,False,True,,,,
00467,HK,,,,,,,,,,,,,,,,,,能源业,石油及天然气,,港股;能源业;石油及天然气;资源能源,akshare_eastmoney_company_profile,2026-06-02T14:22:33.842733,common_stock,False,True,,,,
00468,HK,,,,,,,,,,,,,,,,,,工业,工用支援,,港股;工业;工用支援,akshare_eastmoney_company_profile,2026-06-02T14:22:33.870978,common_stock,False,True,,,,
00470,HK,,,,,,,,,,,,,,,,,,工业,工业工程,,港股;工业;工业工程,akshare_eastmoney_company_profile,2026-06-02T14:22:33.903261,common_stock,False,True,,,,
00471,HK,,,,,,,,,,,,,,,,,,电讯业,电讯,,港股;电讯业;电讯,akshare_eastmoney_company_profile,2026-06-02T14:22:33.917233,common_stock,False,True,,,,
00472,HK,,,,,,,,,,,,,,,,,,地产业,地产,,港股;地产业;地产;房地产,akshare_eastmoney_company_profile,2026-06-02T14:22:33.930875,common_stock,False,True,,,,
00474,HK,,,,,,,,,,,,,,,,,,工业,工业工程,,港股;工业;工业工程,akshare_eastmoney_company_profile,2026-06-02T14:22:33.937920,common_stock,False,True,,,,
00475,HK,,,,,,,,,,,,,,,,,,工业,工业工程,,港股;工业;工业工程,akshare_eastmoney_company_profile,2026-06-02T14:22:33.964583,common_stock,False,True,,,,
00476,HK,,,,,,,,,,,,,,,,,,工业,工业工程,,港股;工业;工业工程,akshare_eastmoney_company_profile,2026-06-02T14:22:33.972320,common_stock,False,True,,,,
00480,HK,,,,,,,,,,,,,,,,,,地产业,地产,,港股;地产业;地产;房地产,akshare_eastmoney_company_profile,2026-06-02T14:22:33.974010,common_stock,False,True,,,,
00482,HK,,,,,,,,,,,,,,,,,,非必需性消费,家庭电器及用品,,港股;非必需性消费;家庭电器及用品;消费,akshare_eastmoney_company_profile,2026-06-02T14:22:34.002367,common_stock,False,True,,,,
00483,HK,,,,,,,,,,,,,,,,,,非必需性消费,专业零售,,港股;非必需性消费;专业零售;消费,akshare_eastmoney_company_profile,2026-06-02T14:22:34.012984,common_stock,False,True,,,,
00484,HK,,,,,,,,,,,,,,,,,,资讯科技业,资讯科技器材,,港股;资讯科技业;资讯科技器材;科技,akshare_eastmoney_company_profile,2026-06-02T14:22:34.037578,common_stock,False,True,,,,
00485,HK,,,,,,,,,,,,,,,,,,地产业,地产,,港股;地产业;地产;房地产,akshare_eastmoney_company_profile,2026-06-02T14:22:34.025638,common_stock,False,True,,,,
00486,HK,,,,,,,,,,,,,,,,,,原材料业,一般金属及矿石,,港股;原材料业;一般金属及矿石;资源材料,akshare_eastmoney_company_profile,2026-06-02T14:22:34.028286,common_stock,False,True,,,,
00487,HK,,,,,,,,,,,,,,,,,,非必需性消费,旅游及消闲设施,,港股;非必需性消费;旅游及消闲设施;消费,akshare_eastmoney_company_profile,2026-06-02T14:22:34.082311,common_stock,False,True,,,,
00488,HK,,,,,,,,,,,,,,,,,,综合企业,综合企业,,港股;综合企业,akshare_eastmoney_company_profile,2026-06-02T14:22:34.145299,common_stock,False,True,,,,
00491,HK,,,,,,,,,,,,,,,,,,非必需性消费,媒体及娱乐,,港股;非必需性消费;媒体及娱乐;消费,akshare_eastmoney_company_profile,2026-06-02T14:22:34.090012,common_stock,False,True,,,,
00493,HK,,,,,,,,,,,,,,,,,,非必需性消费,专业零售,,港股;非必需性消费;专业零售;消费,akshare_eastmoney_company_profile,2026-06-02T14:22:34.103856,common_stock,False,True,,,,
00495,HK,,,,,,,,,,,,,,,,,,工业,工业工程,,港股;工业;工业工程,akshare_eastmoney_company_profile,2026-06-02T14:22:34.109969,common_stock,False,True,,,,
00496,HK,,,,,,,,,,,,,,,,,,非必需性消费,家庭电器及用品,,港股;非必需性消费;家庭电器及用品;消费,akshare_eastmoney_company_profile,2026-06-02T14:22:34.115666,common_stock,False,True,,,,
00497,HK,,,,,,,,,,,,,,,,,,地产业,地产,,港股;地产业;地产;房地产,akshare_eastmoney_company_profile,2026-06-02T14:22:34.143554,common_stock,False,True,,,,
00498,HK,,,,,,,,,,,,,,,,,,工业,工用运输,,港股;工业;工用运输,akshare_eastmoney_company_profile,2026-06-02T14:22:34.190602,common_stock,False,True,,,,
00499,HK,,,,,,,,,,,,,,,,,,非必需性消费,支援服务,,港股;非必需性消费;支援服务,akshare_eastmoney_company_profile,2026-06-02T14:22:34.203172,common_stock,False,True,,,,
00500,HK,,,,,,,,,,,,,,,,,,非必需性消费,支援服务,,港股;非必需性消费;支援服务,akshare_eastmoney_company_profile,2026-06-02T14:22:34.179038,common_stock,False,True,,,,
00501,HK,,,,,,,,,,,,,,,,,,资讯科技业,半导体,,港股;资讯科技业;半导体;科技,akshare_eastmoney_company_profile,2026-06-02T14:22:34.209234,common_stock,False,True,,,,
00505,HK,,,,,,,,,,,,,,,,,,原材料业,一般金属及矿石,,港股;原材料业;一般金属及矿石;资源材料,akshare_eastmoney_company_profile,2026-06-02T14:22:34.217500,common_stock,False,True,,,,
00506,HK,,,,,,,,,,,,,,,,,,必需性消费,食物饮品,,港股;必需性消费;食物饮品,akshare_eastmoney_company_profile,2026-06-02T14:22:34.225283,common_stock,False,True,,,,
00508,HK,,,,,,,,,,,,,,,,,,地产业,地产,,港股;地产业;地产;房地产,akshare_eastmoney_company_profile,2026-06-02T14:22:34.255522,common_stock,False,True,,,,
00509,HK,,,,,,,,,,,,,,,,,,原材料业,原材料,,港股;原材料业;原材料;资源材料,akshare_eastmoney_company_profile,2026-06-02T14:22:34.258004,common_stock,False,True,,,,
00510,HK,,,,,,,,,,,,,,,,,,金融业,其他金融,,港股;金融业;其他金融;金融服务,akshare_eastmoney_company_profile,2026-06-02T14:22:34.316336,common_stock,False,True,,,,
00511,HK,,,,,,,,,,,,,,,,,,非必需性消费,媒体及娱乐,,港股;非必需性消费;媒体及娱乐;消费,akshare_eastmoney_company_profile,2026-06-02T14:22:34.302071,common_stock,False,True,,,,
00512,HK,,,,,,,,,,,,,,,,,,医疗保健业,药品及生物科技,,港股;医疗保健业;药品及生物科技;医药医疗,akshare_eastmoney_company_profile,2026-06-02T14:22:34.303952,common_stock,False,True,,,,
00513,HK,,,,,,,,,,,,,,,,,,非必需性消费,纺织及服饰,,港股;非必需性消费;纺织及服饰;消费,akshare_eastmoney_company_profile,2026-06-02T14:22:34.333297,common_stock,False,True,,,,
00515,HK,,,,,,,,,,,,,,,,,,工业,工业工程,,港股;工业;工业工程,akshare_eastmoney_company_profile,2026-06-02T14:22:34.314408,common_stock,False,True,,,,
00517,HK,,,,,,,,,,,,,,,,,,工业,工业工程,,港股;工业;工业工程,akshare_eastmoney_company_profile,2026-06-02T14:22:34.325747,common_stock,False,True,,,,
00518,HK,,,,,,,,,,,,,,,,,,非必需性消费,纺织及服饰,,港股;非必需性消费;纺织及服饰;消费,akshare_eastmoney_company_profile,2026-06-02T14:22:34.353211,common_stock,False,True,,,,
00519,HK,,,,,,,,,,,,,,,,,,地产业,地产,,港股;地产业;地产;房地产,akshare_eastmoney_company_profile,2026-06-02T14:22:34.347285,common_stock,False,True,,,,
00520,HK,,,,,,,,,,,,,,,,,,非必需性消费,旅游及消闲设施,,港股;非必需性消费;旅游及消闲设施;消费,akshare_eastmoney_company_profile,2026-06-02T14:22:34.491931,common_stock,False,True,,,,
00521,HK,,,,,,,,,,,,,,,,,,原材料业,一般金属及矿石,,港股;原材料业;一般金属及矿石;资源材料,akshare_eastmoney_company_profile,2026-06-02T14:22:34.482950,common_stock,False,True,,,,
00522,HK,,,,,,,,,,,,,,,,,,资讯科技业,半导体,,港股;资讯科技业;半导体;科技,akshare_eastmoney_company_profile,2026-06-02T14:22:34.546150,common_stock,False,True,,,,
00524,HK,,,,,,,,,,,,,,,,,,电讯业,电讯,,港股;电讯业;电讯,akshare_eastmoney_company_profile,2026-06-02T14:22:34.548967,common_stock,False,True,,,,
00525,HK,,,,,,,,,,,,,,,,,,非必需性消费,旅游及消闲设施,,港股;非必需性消费;旅游及消闲设施;消费,akshare_eastmoney_company_profile,2026-06-02T14:22:34.543439,common_stock,False,True,,,,
00526,HK,,,,,,,,,,,,,,,,,,非必需性消费,家庭电器及用品,,港股;非必需性消费;家庭电器及用品;消费,akshare_eastmoney_company_profile,2026-06-02T14:22:34.563688,common_stock,False,True,,,,
00527,HK,,,,,,,,,,,,,,,,,,公用事业,公用事业,,港股;公用事业;高股息,akshare_eastmoney_company_profile,2026-06-02T14:22:34.566333,common_stock,False,True,,,,
00528,HK,,,,,,,,,,,,,,,,,,非必需性消费,纺织及服饰,,港股;非必需性消费;纺织及服饰;消费,akshare_eastmoney_company_profile,2026-06-02T14:22:34.559949,common_stock,False,True,,,,
00529,HK,,,,,,,,,,,,,,,,,,资讯科技业,资讯科技器材,,港股;资讯科技业;资讯科技器材;科技,akshare_eastmoney_company_profile,2026-06-02T14:22:34.590227,common_stock,False,True,,,,
00532,HK,,,,,,,,,,,,,,,,,,工业,工业工程,,港股;工业;工业工程,akshare_eastmoney_company_profile,2026-06-02T14:22:34.750987,common_stock,False,True,,,,
00533,HK,,,,,,,,,,,,,,,,,,非必需性消费,纺织及服饰,,港股;非必需性消费;纺织及服饰;消费,akshare_eastmoney_company_profile,2026-06-02T14:22:34.785172,common_stock,False,True,,,,
00535,HK,,,,,,,,,,,,,,,,,,地产业,地产,,港股;地产业;地产;房地产,akshare_eastmoney_company_profile,2026-06-02T14:22:34.765572,common_stock,False,True,,,,
00536,HK,,,,,,,,,,,,,,,,,,资讯科技业,软件服务,,港股;资讯科技业;软件服务;科技,akshare_eastmoney_company_profile,2026-06-02T14:22:34.760233,common_stock,False,True,,,,
00538,HK,,,,,,,,,,,,,,,,,,非必需性消费,旅游及消闲设施,,港股;非必需性消费;旅游及消闲设施;消费,akshare_eastmoney_company_profile,2026-06-02T14:22:34.768947,common_stock,False,True,,,,
00540,HK,,,,,,,,,,,,,,,,,,非必需性消费,纺织及服饰,,港股;非必需性消费;纺织及服饰;消费,akshare_eastmoney_company_profile,2026-06-02T14:22:34.763765,common_stock,False,True,,,,
00542,HK,,,,,,,,,,,,,,,,,,地产业,地产,,港股;地产业;地产;房地产,akshare_eastmoney_company_profile,2026-06-02T14:22:34.772838,common_stock,False,True,,,,
00543,HK,,,,,,,,,,,,,,,,,,非必需性消费,专业零售,,港股;非必需性消费;专业零售;消费,akshare_eastmoney_company_profile,2026-06-02T14:22:34.779199,common_stock,False,True,,,,
00544,HK,,,,,,,,,,,,,,,,,,工业,工用运输,,港股;工业;工用运输,akshare_eastmoney_company_profile,2026-06-02T14:22:34.843842,common_stock,False,True,,,,
00546,HK,,,,,,,,,,,,,,,,,,必需性消费,食物饮品,,港股;必需性消费;食物饮品,akshare_eastmoney_company_profile,2026-06-02T14:22:34.900430,common_stock,False,True,,,,
00547,HK,,,,,,,,,,,,,,,,,,非必需性消费,媒体及娱乐,,港股;非必需性消费;媒体及娱乐;消费,akshare_eastmoney_company_profile,2026-06-02T14:22:35.022242,common_stock,False,True,,,,
00548,HK,,,,,,,,,,,,,,,,,,工业,工用运输,,港股;工业;工用运输,akshare_eastmoney_company_profile,2026-06-02T14:22:35.005581,common_stock,False,True,,,,
00550,HK,,,,,,,,,,,,,,,,,,非必需性消费,媒体及娱乐,,港股;非必需性消费;媒体及娱乐;消费,akshare_eastmoney_company_profile,2026-06-02T14:22:35.012563,common_stock,False,True,,,,
00551,HK,,,,,,,,,,,,,,,,,,非必需性消费,纺织及服饰,,港股;非必需性消费;纺织及服饰;消费,akshare_eastmoney_company_profile,2026-06-02T14:22:35.019106,common_stock,False,True,,,,
00552,HK,,,,,,,,,,,,,,,,,,资讯科技业,资讯科技器材,,港股;资讯科技业;资讯科技器材;科技,akshare_eastmoney_company_profile,2026-06-02T14:22:35.025601,common_stock,False,True,,,,
00553,HK,,,,,,,,,,,,,,,,,,资讯科技业,软件服务,,港股;资讯科技业;软件服务;科技,akshare_eastmoney_company_profile,2026-06-02T14:22:35.030168,common_stock,False,True,,,,
00554,HK,,,,,,,,,,,,,,,,,,能源业,石油及天然气,,港股;能源业;石油及天然气;资源能源,akshare_eastmoney_company_profile,2026-06-02T14:22:35.031275,common_stock,False,True,,,,
00556,HK,,,,,,,,,,,,,,,,,,工业,工业工程,,港股;工业;工业工程,akshare_eastmoney_company_profile,2026-06-02T14:22:35.176996,common_stock,False,True,,,,
00557,HK,,,,,,,,,,,,,,,,,,医疗保健业,其他医疗保健,,港股;医疗保健业;其他医疗保健;医药医疗,akshare_eastmoney_company_profile,2026-06-02T14:22:35.094259,common_stock,False,True,,,,
00558,HK,,,,,,,,,,,,,,,,,,工业,工业工程,,港股;工业;工业工程,akshare_eastmoney_company_profile,2026-06-02T14:22:35.115575,common_stock,False,True,,,,
00559,HK,,,,,,,,,,,,,,,,,,非必需性消费,旅游及消闲设施,,港股;非必需性消费;旅游及消闲设施;消费,akshare_eastmoney_company_profile,2026-06-02T14:22:35.196895,common_stock,False,True,,,,
00560,HK,,,,,,,,,,,,,,,,,,工业,工用运输,,港股;工业;工用运输,akshare_eastmoney_company_profile,2026-06-02T14:22:35.264972,common_stock,False,True,,,,
00563,HK,,,,,,,,,,,,,,,,,,地产业,地产,,港股;地产业;地产;房地产,akshare_eastmoney_company_profile,2026-06-02T14:22:35.275432,common_stock,False,True,,,,
00564,HK,,,,,,,,,,,,,,,,,,非必需性消费,汽车,,港股;非必需性消费;汽车;消费,akshare_eastmoney_company_profile,2026-06-02T14:22:35.318170,common_stock,False,True,,,,
00565,HK,,,,,,,,,,,,,,,,,,地产业,地产,,港股;地产业;地产;房地产,akshare_eastmoney_company_profile,2026-06-02T14:22:35.216549,common_stock,False,True,,,,
00567,HK,,,,,,,,,,,,,,,,,,工业,工用支援,,港股;工业;工用支援,akshare_eastmoney_company_profile,2026-06-02T14:22:35.239585,common_stock,False,True,,,,
00568,HK,,,,,,,,,,,,,,,,,,能源业,石油及天然气,,港股;能源业;石油及天然气;资源能源,akshare_eastmoney_company_profile,2026-06-02T14:22:35.302032,common_stock,False,True,,,,
00570,HK,,,,,,,,,,,,,,,,,,医疗保健业,药品及生物科技,,港股;医疗保健业;药品及生物科技;医药医疗,akshare_eastmoney_company_profile,2026-06-02T14:22:35.273654,common_stock,False,True,,,,
00571,HK,,,,,,,,,,,,,,,,,,非必需性消费,媒体及娱乐,,港股;非必需性消费;媒体及娱乐;消费,akshare_eastmoney_company_profile,2026-06-02T14:22:35.295550,common_stock,False,True,,,,
00572,HK,,,,,,,,,,,,,,,,,,地产业,地产,,港股;地产业;地产;房地产,akshare_eastmoney_company_profile,2026-06-02T14:22:35.311738,common_stock,False,True,,,,
00573,HK,,,,,,,,,,,,,,,,,,非必需性消费,旅游及消闲设施,,港股;非必需性消费;旅游及消闲设施;消费,akshare_eastmoney_company_profile,2026-06-02T14:22:35.331932,common_stock,False,True,,,,
00574,HK,,,,,,,,,,,,,,,,,,医疗保健业,药品及生物科技,,港股;医疗保健业;药品及生物科技;医药医疗,akshare_eastmoney_company_profile,2026-06-02T14:22:35.360197,common_stock,False,True,,,,
00575,HK,,,,,,,,,,,,,,,,,,医疗保健业,药品及生物科技,,港股;医疗保健业;药品及生物科技;医药医疗,akshare_eastmoney_company_profile,2026-06-02T14:22:35.407165,common_stock,False,True,,,,
00576,HK,,,,,,,,,,,,,,,,,,工业,工用运输,,港股;工业;工用运输,akshare_eastmoney_company_profile,2026-06-02T14:22:35.405117,common_stock,False,True,,,,
00579,HK,,,,,,,,,,,,,,,,,,公用事业,公用事业,,港股;公用事业;高股息,akshare_eastmoney_company_profile,2026-06-02T14:22:35.485636,common_stock,False,True,,,,
00580,HK,,,,,,,,,,,,,,,,,,工业,工业工程,,港股;工业;工业工程,akshare_eastmoney_company_profile,2026-06-02T14:22:35.529952,common_stock,False,True,,,,
00581,HK,,,,,,,,,,,,,,,,,,原材料业,一般金属及矿石,,港股;原材料业;一般金属及矿石;资源材料,akshare_eastmoney_company_profile,2026-06-02T14:22:35.531411,common_stock,False,True,,,,
00582,HK,,,,,,,,,,,,,,,,,,非必需性消费,旅游及消闲设施,,港股;非必需性消费;旅游及消闲设施;消费,akshare_eastmoney_company_profile,2026-06-02T14:22:35.508752,common_stock,False,True,,,,
00583,HK,,,,,,,,,,,,,,,,,,地产业,地产,,港股;地产业;地产;房地产,akshare_eastmoney_company_profile,2026-06-02T14:22:35.550125,common_stock,False,True,,,,
00585,HK,,,,,,,,,,,,,,,,,,金融业,其他金融,,港股;金融业;其他金融;金融服务,akshare_eastmoney_company_profile,2026-06-02T14:22:35.557631,common_stock,False,True,,,,
00586,HK,,,,,,,,,,,,,,,,,,工业,工业工程,,港股;工业;工业工程,akshare_eastmoney_company_profile,2026-06-02T14:22:35.559476,common_stock,False,True,,,,
00587,HK,,,,,,,,,,,,,,,,,,工业,工业工程,,港股;工业;工业工程,akshare_eastmoney_company_profile,2026-06-02T14:22:35.562231,common_stock,False,True,,,,
00588,HK,,,,,,,,,,,,,,,,,,地产业,地产,,港股;地产业;地产;房地产,akshare_eastmoney_company_profile,2026-06-02T14:22:35.636733,common_stock,False,True,,,,
00589,HK,,,,,,,,,,,,,,,,,,非必需性消费,纺织及服饰,,港股;非必需性消费;纺织及服饰;消费,akshare_eastmoney_company_profile,2026-06-02T14:22:35.616211,common_stock,False,True,,,,
00590,HK,,,,,,,,,,,,,,,,,,非必需性消费,专业零售,,港股;非必需性消费;专业零售;消费,akshare_eastmoney_company_profile,2026-06-02T14:22:35.690323,common_stock,False,True,,,,
00591,HK,,,,,,,,,,,,,,,,,,工业,工业工程,,港股;工业;工业工程,akshare_eastmoney_company_profile,2026-06-02T14:22:35.675162,common_stock,False,True,,,,
00595,HK,,,,,,,,,,,,,,,,,,资讯科技业,半导体,,港股;资讯科技业;半导体;科技,akshare_eastmoney_company_profile,2026-06-02T14:22:35.723176,common_stock,False,True,,,,
00596,HK,,,,,,,,,,,,,,,,,,资讯科技业,软件服务,,港股;资讯科技业;软件服务;科技,akshare_eastmoney_company_profile,2026-06-02T14:22:35.756735,common_stock,False,True,,,,
00598,HK,,,,,,,,,,,,,,,,,,工业,工用运输,,港股;工业;工用运输,akshare_eastmoney_company_profile,2026-06-02T14:22:35.742128,common_stock,False,True,,,,
00599,HK,,,,,,,,,,,,,,,,,,工业,建筑,,港股;工业;建筑,akshare_eastmoney_company_profile,2026-06-02T14:22:35.783056,common_stock,False,True,,,,
00600,HK,,,,,,,,,,,,,,,,,,资讯科技业,半导体,,港股;资讯科技业;半导体;科技,akshare_eastmoney_company_profile,2026-06-02T14:22:35.889693,common_stock,False,True,,,,
00601,HK,,,,,,,,,,,,,,,,,,原材料业,一般金属及矿石,,港股;原材料业;一般金属及矿石;资源材料,akshare_eastmoney_company_profile,2026-06-02T14:22:35.911570,common_stock,False,True,,,,
00602,HK,,,,,,,,,,,,,,,,,,非必需性消费,专业零售,,港股;非必需性消费;专业零售;消费,akshare_eastmoney_company_profile,2026-06-02T14:22:35.950120,common_stock,False,True,,,,
00603,HK,,,,,,,,,,,,,,,,,,公用事业,公用事业,,港股;公用事业;高股息,akshare_eastmoney_company_profile,2026-06-02T14:22:35.805595,common_stock,False,True,,,,
00604,HK,,,,,,,,,,,,,,,,,,地产业,地产,,港股;地产业;地产;房地产,akshare_eastmoney_company_profile,2026-06-02T14:22:35.813214,common_stock,False,True,,,,
00605,HK,,,,,,,,,,,,,,,,,,金融业,其他金融,,港股;金融业;其他金融;金融服务,akshare_eastmoney_company_profile,2026-06-02T14:22:36.024882,common_stock,False,True,,,,
00606,HK,,,,,,,,,,,,,,,,,,地产业,地产,,港股;地产业;地产;房地产,akshare_eastmoney_company_profile,2026-06-02T14:22:35.849134,common_stock,False,True,,,,
00607,HK,,,,,,,,,,,,,,,,,,工业,工业工程,,港股;工业;工业工程,akshare_eastmoney_company_profile,2026-06-02T14:22:35.870823,common_stock,False,True,,,,
00608,HK,,,,,,,,,,,,,,,,,,非必需性消费,纺织及服饰,,港股;非必需性消费;纺织及服饰;消费,akshare_eastmoney_company_profile,2026-06-02T14:22:35.973158,common_stock,False,True,,,,
00609,HK,,,,,,,,,,,,,,,,,,原材料业,原材料,,港股;原材料业;原材料;资源材料,akshare_eastmoney_company_profile,2026-06-02T14:22:35.900995,common_stock,False,True,,,,
00610,HK,,,,,,,,,,,,,,,,,,工业,建筑,,港股;工业;建筑,akshare_eastmoney_company_profile,2026-06-02T14:22:36.069001,common_stock,False,True,,,,
00611,HK,,,,,,,,,,,,,,,,,,公用事业,公用事业,,港股;公用事业;高股息,akshare_eastmoney_company_profile,2026-06-02T14:22:36.163560,common_stock,False,True,,,,
00612,HK,,,,,,,,,,,,,,,,,,金融业,其他金融,,港股;金融业;其他金融;金融服务,akshare_eastmoney_company_profile,2026-06-02T14:22:35.991911,common_stock,False,True,,,,
00613,HK,,,,,,,,,,,,,,,,,,金融业,其他金融,,港股;金融业;其他金融;金融服务,akshare_eastmoney_company_profile,2026-06-02T14:22:36.418991,common_stock,False,True,,,,
00616,HK,,,,,,,,,,,,,,,,,,地产业,地产,,港股;地产业;地产;房地产,akshare_eastmoney_company_profile,2026-06-02T14:22:36.096382,common_stock,False,True,,,,
00617,HK,,,,,,,,,,,,,,,,,,非必需性消费,旅游及消闲设施,,港股;非必需性消费;旅游及消闲设施;消费,akshare_eastmoney_company_profile,2026-06-02T14:22:36.050371,common_stock,False,True,,,,
00618,HK,,,,,,,,,,,,,,,,,,非必需性消费,专业零售,,港股;非必需性消费;专业零售;消费,akshare_eastmoney_company_profile,2026-06-02T14:22:36.066259,common_stock,False,True,,,,
00619,HK,,,,,,,,,,,,,,,,,,金融业,其他金融,,港股;金融业;其他金融;金融服务,akshare_eastmoney_company_profile,2026-06-02T14:22:36.082333,common_stock,False,True,,,,
00620,HK,,,,,,,,,,,,,,,,,,非必需性消费,支援服务,,港股;非必需性消费;支援服务,akshare_eastmoney_company_profile,2026-06-02T14:22:36.114008,common_stock,False,True,,,,
00621,HK,,,,,,,,,,,,,,,,,,原材料业,黄金及贵金属,,港股;原材料业;黄金及贵金属;资源材料,akshare_eastmoney_company_profile,2026-06-02T14:22:36.140836,common_stock,False,True,,,,
00622,HK,,,,,,,,,,,,,,,,,,金融业,其他金融,,港股;金融业;其他金融;金融服务,akshare_eastmoney_company_profile,2026-06-02T14:22:36.156726,common_stock,False,True,,,,
00623,HK,,,,,,,,,,,,,,,,,,非必需性消费,媒体及娱乐,,港股;非必需性消费;媒体及娱乐;消费,akshare_eastmoney_company_profile,2026-06-02T14:22:36.195991,common_stock,False,True,,,,
00626,HK,,,,,,,,,,,,,,,,,,金融业,银行,,港股;金融业;银行;金融服务,akshare_eastmoney_company_profile,2026-06-02T14:22:36.211478,common_stock,False,True,,,,
00627,HK,,,,,,,,,,,,,,,,,,地产业,地产,,港股;地产业;地产;房地产,akshare_eastmoney_company_profile,2026-06-02T14:22:36.599698,common_stock,False,True,,,,
00628,HK,,,,,,,,,,,,,,,,,,金融业,其他金融,,港股;金融业;其他金融;金融服务,akshare_eastmoney_company_profile,2026-06-02T14:22:36.256792,common_stock,False,True,,,,
00629,HK,,,,,,,,,,,,,,,,,,金融业,其他金融,,港股;金融业;其他金融;金融服务,akshare_eastmoney_company_profile,2026-06-02T14:22:36.242419,common_stock,False,True,,,,
00630,HK,,,,,,,,,,,,,,,,,,医疗保健业,其他医疗保健,,港股;医疗保健业;其他医疗保健;医药医疗,akshare_eastmoney_company_profile,2026-06-02T14:22:36.283549,common_stock,False,True,,,,
00631,HK,,,,,,,,,,,,,,,,,,工业,工业工程,,港股;工业;工业工程,akshare_eastmoney_company_profile,2026-06-02T14:22:36.296354,common_stock,False,True,,,,
00632,HK,,,,,,,,,,,,,,,,,,能源业,石油及天然气,,港股;能源业;石油及天然气;资源能源,akshare_eastmoney_company_profile,2026-06-02T14:22:36.280807,common_stock,False,True,,,,
00635,HK,,,,,,,,,,,,,,,,,,非必需性消费,家庭电器及用品,,港股;非必需性消费;家庭电器及用品;消费,akshare_eastmoney_company_profile,2026-06-02T14:22:36.299205,common_stock,False,True,,,,
00636,HK,,,,,,,,,,,,,,,,,,工业,工用运输,,港股;工业;工用运输,akshare_eastmoney_company_profile,2026-06-02T14:22:36.327417,common_stock,False,True,,,,
00637,HK,,,,,,,,,,,,,,,,,,原材料业,一般金属及矿石,,港股;原材料业;一般金属及矿石;资源材料,akshare_eastmoney_company_profile,2026-06-02T14:22:36.359052,common_stock,False,True,,,,
00638,HK,,,,,,,,,,,,,,,,,,工业,工业工程,,港股;工业;工业工程,akshare_eastmoney_company_profile,2026-06-02T14:22:36.607685,common_stock,False,True,,,,
00639,HK,,,,,,,,,,,,,,,,,,能源业,煤炭,,港股;能源业;煤炭;资源能源,akshare_eastmoney_company_profile,2026-06-02T14:22:36.403291,common_stock,False,True,,,,
00640,HK,,,,,,,,,,,,,,,,,,原材料业,原材料,,港股;原材料业;原材料;资源材料,akshare_eastmoney_company_profile,2026-06-02T14:22:36.433426,common_stock,False,True,,,,
00641,HK,,,,,,,,,,,,,,,,,,工业,工业工程,,港股;工业;工业工程,akshare_eastmoney_company_profile,2026-06-02T14:22:36.543141,common_stock,False,True,,,,
00643,HK,,,,,,,,,,,,,,,,,,非必需性消费,纺织及服饰,,港股;非必需性消费;纺织及服饰;消费,akshare_eastmoney_company_profile,2026-06-02T14:22:36.440538,common_stock,False,True,,,,
00645,HK,,,,,,,,,,,,,,,,,,能源业,煤炭,,港股;能源业;煤炭;资源能源,akshare_eastmoney_company_profile,2026-06-02T14:22:36.455950,common_stock,False,True,,,,
00646,HK,,,,,,,,,,,,,,,,,,公用事业,公用事业,,港股;公用事业;高股息,akshare_eastmoney_company_profile,2026-06-02T14:22:36.592327,common_stock,False,True,,,,
00648,HK,,,,,,,,,,,,,,,,,,医疗保健业,其他医疗保健,,港股;医疗保健业;其他医疗保健;医药医疗,akshare_eastmoney_company_profile,2026-06-02T14:22:36.707324,common_stock,False,True,,,,
00650,HK,,,,,,,,,,,,,,,,,,资讯科技业,半导体,,港股;资讯科技业;半导体;科技,akshare_eastmoney_company_profile,2026-06-02T14:22:36.524952,common_stock,False,True,,,,
00653,HK,,,,,,,,,,,,,,,,,,非必需性消费,专业零售,,港股;非必需性消费;专业零售;消费,akshare_eastmoney_company_profile,2026-06-02T14:22:36.533340,common_stock,False,True,,,,
00655,HK,,,,,,,,,,,,,,,,,,地产业,地产,,港股;地产业;地产;房地产,akshare_eastmoney_company_profile,2026-06-02T14:22:36.541084,common_stock,False,True,,,,
00656,HK,,,,,,,,,,,,,,,,,,综合企业,综合企业,,港股;综合企业,akshare_eastmoney_company_profile,2026-06-02T14:22:36.621470,common_stock,False,True,,,,
00657,HK,,,,,,,,,,,,,,,,,,非必需性消费,旅游及消闲设施,,港股;非必需性消费;旅游及消闲设施;消费,akshare_eastmoney_company_profile,2026-06-02T14:22:36.628502,common_stock,False,True,,,,
00658,HK,,,,,,,,,,,,,,,,,,工业,工业工程,,港股;工业;工业工程,akshare_eastmoney_company_profile,2026-06-02T14:22:36.648009,common_stock,False,True,,,,
00659,HK,,,,,,,,,,,,,,,,,,综合企业,综合企业,,港股;综合企业,akshare_eastmoney_company_profile,2026-06-02T14:22:36.635803,common_stock,False,True,,,,
00660,HK,,,,,,,,,,,,,,,,,,原材料业,原材料,,港股;原材料业;原材料;资源材料,akshare_eastmoney_company_profile,2026-06-02T14:22:36.687995,common_stock,False,True,,,,
00661,HK,,,,,,,,,,,,,,,,,,原材料业,一般金属及矿石,,港股;原材料业;一般金属及矿石;资源材料,akshare_eastmoney_company_profile,2026-06-02T14:22:36.696212,common_stock,False,True,,,,
00662,HK,,,,,,,,,,,,,,,,,,金融业,保险,,港股;金融业;保险;金融服务,akshare_eastmoney_company_profile,2026-06-02T14:22:36.771843,common_stock,False,True,,,,
00664,HK,,,,,,,,,,,,,,,,,,非必需性消费,家庭电器及用品,,港股;非必需性消费;家庭电器及用品;消费,akshare_eastmoney_company_profile,2026-06-02T14:22:36.724765,common_stock,False,True,,,,
00666,HK,,,,,,,,,,,,,,,,,,工业,工业工程,,港股;工业;工业工程,akshare_eastmoney_company_profile,2026-06-02T14:22:36.716125,common_stock,False,True,,,,
00667,HK,,,,,,,,,,,,,,,,,,非必需性消费,支援服务,,港股;非必需性消费;支援服务,akshare_eastmoney_company_profile,2026-06-02T14:22:36.738663,common_stock,False,True,,,,
00669,HK,,,,,,,,,,,,,,,,,,非必需性消费,家庭电器及用品,,港股;非必需性消费;家庭电器及用品;消费,akshare_eastmoney_company_profile,2026-06-02T14:22:36.791835,common_stock,False,True,,,,
00670,HK,,,,,,,,,,,,,,,,,,非必需性消费,旅游及消闲设施,,港股;非必需性消费;旅游及消闲设施;消费,akshare_eastmoney_company_profile,2026-06-02T14:22:36.779654,common_stock,False,True,,,,
00672,HK,,,,,,,,,,,,,,,,,,地产业,地产,,港股;地产业;地产;房地产,akshare_eastmoney_company_profile,2026-06-02T14:22:36.798389,common_stock,False,True,,,,
00673,HK,,,,,,,,,,,,,,,,,,医疗保健业,其他医疗保健,,港股;医疗保健业;其他医疗保健;医药医疗,akshare_eastmoney_company_profile,2026-06-02T14:22:36.800927,common_stock,False,True,,,,
00674,HK,,,,,,,,,,,,,,,,,,地产业,地产,,港股;地产业;地产;房地产,akshare_eastmoney_company_profile,2026-06-02T14:22:36.809586,common_stock,False,True,,,,
00675,HK,,,,,,,,,,,,,,,,,,工业,工业工程,,港股;工业;工业工程,akshare_eastmoney_company_profile,2026-06-02T14:22:36.830517,common_stock,False,True,,,,
00676,HK,,,,,,,,,,,,,,,,,,非必需性消费,纺织及服饰,,港股;非必需性消费;纺织及服饰;消费,akshare_eastmoney_company_profile,2026-06-02T14:22:36.839123,common_stock,False,True,,,,
00677,HK,,,,,,,,,,,,,,,,,,非必需性消费,消费者主要零售商,,港股;非必需性消费;消费者主要零售商;消费,akshare_eastmoney_company_profile,2026-06-02T14:22:36.870728,common_stock,False,True,,,,
00679,HK,,,,,,,,,,,,,,,,,,工业,工业工程,,港股;工业;工业工程,akshare_eastmoney_company_profile,2026-06-02T14:22:36.868844,common_stock,False,True,,,,
00681,HK,,,,,,,,,,,,,,,,,,公用事业,公用事业,,港股;公用事业;高股息,akshare_eastmoney_company_profile,2026-06-02T14:22:36.888932,common_stock,False,True,,,,
00682,HK,,,,,,,,,,,,,,,,,,必需性消费,农业产品,,港股;必需性消费;农业产品,akshare_eastmoney_company_profile,2026-06-02T14:22:36.898985,common_stock,False,True,,,,
00683,HK,,,,,,,,,,,,,,,,,,地产业,地产,,港股;地产业;地产;房地产,akshare_eastmoney_company_profile,2026-06-02T14:22:36.961380,common_stock,False,True,,,,
00684,HK,,,,,,,,,,,,,,,,,,非必需性消费,家庭电器及用品,,港股;非必需性消费;家庭电器及用品;消费,akshare_eastmoney_company_profile,2026-06-02T14:22:36.953204,common_stock,False,True,,,,
00685,HK,,,,,,,,,,,,,,,,,,非必需性消费,媒体及娱乐,,港股;非必需性消费;媒体及娱乐;消费,akshare_eastmoney_company_profile,2026-06-02T14:22:37.061428,common_stock,False,True,,,,
00686,HK,,,,,,,,,,,,,,,,,,公用事业,公用事业,,港股;公用事业;高股息,akshare_eastmoney_company_profile,2026-06-02T14:22:37.046401,common_stock,False,True,,,,
00687,HK,,,,,,,,,,,,,,,,,,工业,建筑,,港股;工业;建筑,akshare_eastmoney_company_profile,2026-06-02T14:22:37.048288,common_stock,False,True,,,,
00688,HK,,,,,,,,,,,,,,,,,,地产业,地产,,港股;地产业;地产;房地产,akshare_eastmoney_company_profile,2026-06-02T14:22:37.051328,common_stock,False,True,,,,
00689,HK,,,,,,,,,,,,,,,,,,能源业,石油及天然气,,港股;能源业;石油及天然气;资源能源,akshare_eastmoney_company_profile,2026-06-02T14:22:37.272267,common_stock,False,True,,,,
00690,HK,,,,,,,,,,,,,,,,,,医疗保健业,药品及生物科技,,港股;医疗保健业;药品及生物科技;医药医疗,akshare_eastmoney_company_profile,2026-06-02T14:22:37.075734,common_stock,False,True,,,,
00691,HK,,,,,,,,,,,,,,,,,,工业,建筑,,港股;工业;建筑,akshare_eastmoney_company_profile,2026-06-02T14:22:37.087752,common_stock,False,True,,,,
00693,HK,,,,,,,,,,,,,,,,,,非必需性消费,专业零售,,港股;非必需性消费;专业零售;消费,akshare_eastmoney_company_profile,2026-06-02T14:22:37.187093,common_stock,False,True,,,,
00694,HK,,,,,,,,,,,,,,,,,,非必需性消费,旅游及消闲设施,,港股;非必需性消费;旅游及消闲设施;消费,akshare_eastmoney_company_profile,2026-06-02T14:22:37.220673,common_stock,False,True,,,,
00695,HK,,,,,,,,,,,,,,,,,,工业,建筑,,港股;工业;建筑,akshare_eastmoney_company_profile,2026-06-02T14:22:37.271215,common_stock,False,True,,,,
00696,HK,,,,,,,,,,,,,,,,,,资讯科技业,软件服务,,港股;资讯科技业;软件服务;科技,akshare_eastmoney_company_profile,2026-06-02T14:22:37.243596,common_stock,False,True,,,,
00697,HK,,,,,,,,,,,,,,,,,,金融业,其他金融,,港股;金融业;其他金融;金融服务,akshare_eastmoney_company_profile,2026-06-02T14:22:37.241984,common_stock,False,True,,,,
00698,HK,,,,,,,,,,,,,,,,,,工业,工业工程,,港股;工业;工业工程,akshare_eastmoney_company_profile,2026-06-02T14:22:37.316041,common_stock,False,True,,,,
00699,HK,,,,,,,,,,,,,,,,,,非必需性消费,汽车,,港股;非必需性消费;汽车;消费,akshare_eastmoney_company_profile,2026-06-02T14:22:37.280665,common_stock,False,True,,,,
00700,HK,,,,,,,,,,,,,,,,,,资讯科技业,软件服务,,港股;资讯科技业;软件服务;科技,akshare_eastmoney_company_profile,2026-06-02T14:22:37.359931,common_stock,False,True,,,,
00701,HK,,,,,,,,,,,,,,,,,,工业,建筑,,港股;工业;建筑,akshare_eastmoney_company_profile,2026-06-02T14:22:37.342532,common_stock,False,True,,,,
00702,HK,,,,,,,,,,,,,,,,,,能源业,石油及天然气,,港股;能源业;石油及天然气;资源能源,akshare_eastmoney_company_profile,2026-06-02T14:22:37.350399,common_stock,False,True,,,,
00703,HK,,,,,,,,,,,,,,,,,,非必需性消费,旅游及消闲设施,,港股;非必需性消费;旅游及消闲设施;消费,akshare_eastmoney_company_profile,2026-06-02T14:22:37.377173,common_stock,False,True,,,,
00704,HK,,,,,,,,,,,,,,,,,,能源业,煤炭,,港股;能源业;煤炭;资源能源,akshare_eastmoney_company_profile,2026-06-02T14:22:37.403925,common_stock,False,True,,,,
00707,HK,,,,,,,,,,,,,,,,,,非必需性消费,纺织及服饰,,港股;非必需性消费;纺织及服饰;消费,akshare_eastmoney_company_profile,2026-06-02T14:22:37.401222,common_stock,False,True,,,,
00708,HK,,,,,,,,,,,,,,,,,,非必需性消费,汽车,,港股;非必需性消费;汽车;消费,akshare_eastmoney_company_profile,2026-06-02T14:22:37.414327,common_stock,False,True,,,,
00709,HK,,,,,,,,,,,,,,,,,,非必需性消费,纺织及服饰,,港股;非必需性消费;纺织及服饰;消费,akshare_eastmoney_company_profile,2026-06-02T14:22:37.467561,common_stock,False,True,,,,
00710,HK,,,,,,,,,,,,,,,,,,非必需性消费,汽车,,港股;非必需性消费;汽车;消费,akshare_eastmoney_company_profile,2026-06-02T14:22:37.436469,common_stock,False,True,,,,
00711,HK,,,,,,,,,,,,,,,,,,工业,建筑,,港股;工业;建筑,akshare_eastmoney_company_profile,2026-06-02T14:22:37.443459,common_stock,False,True,,,,
00712,HK,,,,,,,,,,,,,,,,,,工业,工业工程,,港股;工业;工业工程,akshare_eastmoney_company_profile,2026-06-02T14:22:37.454965,common_stock,False,True,,,,
00713,HK,,,,,,,,,,,,,,,,,,非必需性消费,家庭电器及用品,,港股;非必需性消费;家庭电器及用品;消费,akshare_eastmoney_company_profile,2026-06-02T14:22:37.464401,common_stock,False,True,,,,
00716,HK,,,,,,,,,,,,,,,,,,工业,工业工程,,港股;工业;工业工程,akshare_eastmoney_company_profile,2026-06-02T14:22:37.567745,common_stock,False,True,,,,
00717,HK,,,,,,,,,,,,,,,,,,金融业,其他金融,,港股;金融业;其他金融;金融服务,akshare_eastmoney_company_profile,2026-06-02T14:22:37.533962,common_stock,False,True,,,,
00718,HK,,,,,,,,,,,,,,,,,,地产业,地产,,港股;地产业;地产;房地产,akshare_eastmoney_company_profile,2026-06-02T14:22:37.668498,common_stock,False,True,,,,
00719,HK,,,,,,,,,,,,,,,,,,医疗保健业,药品及生物科技,,港股;医疗保健业;药品及生物科技;医药医疗,akshare_eastmoney_company_profile,2026-06-02T14:22:37.634201,common_stock,False,True,,,,
00720,HK,,,,,,,,,,,,,,,,,,地产业,地产,,港股;地产业;地产;房地产,akshare_eastmoney_company_profile,2026-06-02T14:22:37.645126,common_stock,False,True,,,,
00721,HK,,,,,,,,,,,,,,,,,,金融业,其他金融,,港股;金融业;其他金融;金融服务,akshare_eastmoney_company_profile,2026-06-02T14:22:37.650511,common_stock,False,True,,,,
00722,HK,,,,,,,,,,,,,,,,,,医疗保健业,其他医疗保健,,港股;医疗保健业;其他医疗保健;医药医疗,akshare_eastmoney_company_profile,2026-06-02T14:22:37.665548,common_stock,False,True,,,,
00723,HK,,,,,,,,,,,,,,,,,,原材料业,原材料,,港股;原材料业;原材料;资源材料,akshare_eastmoney_company_profile,2026-06-02T14:22:37.674298,common_stock,False,True,,,,
00724,HK,,,,,,,,,,,,,,,,,,资讯科技业,半导体,,港股;资讯科技业;半导体;科技,akshare_eastmoney_company_profile,2026-06-02T14:22:37.694121,common_stock,False,True,,,,
00725,HK,,,,,,,,,,,,,,,,,,工业,工业工程,,港股;工业;工业工程,akshare_eastmoney_company_profile,2026-06-02T14:22:37.683513,common_stock,False,True,,,,
00726,HK,,,,,,,,,,,,,,,,,,地产业,地产,,港股;地产业;地产;房地产,akshare_eastmoney_company_profile,2026-06-02T14:22:37.717975,common_stock,False,True,,,,
00727,HK,,,,,,,,,,,,,,,,,,必需性消费,食物饮品,,港股;必需性消费;食物饮品,akshare_eastmoney_company_profile,2026-06-02T14:22:37.800667,common_stock,False,True,,,,
00728,HK,,,,,,,,,,,,,,,,,,电讯业,电讯,,港股;电讯业;电讯,akshare_eastmoney_company_profile,2026-06-02T14:22:37.745751,common_stock,False,True,,,,
00730,HK,,,,,,,,,,,,,,,,,,金融业,其他金融,,港股;金融业;其他金融;金融服务,akshare_eastmoney_company_profile,2026-06-02T14:22:37.790195,common_stock,False,True,,,,
00731,HK,,,,,,,,,,,,,,,,,,原材料业,原材料,,港股;原材料业;原材料;资源材料,akshare_eastmoney_company_profile,2026-06-02T14:22:37.824859,common_stock,False,True,,,,
00732,HK,,,,,,,,,,,,,,,,,,工业,工业工程,,港股;工业;工业工程,akshare_eastmoney_company_profile,2026-06-02T14:22:37.893723,common_stock,False,True,,,,
00733,HK,,,,,,,,,,,,,,,,,,地产业,地产,,港股;地产业;地产;房地产,akshare_eastmoney_company_profile,2026-06-02T14:22:37.869048,common_stock,False,True,,,,
00736,HK,,,,,,,,,,,,,,,,,,金融业,其他金融,,港股;金融业;其他金融;金融服务,akshare_eastmoney_company_profile,2026-06-02T14:22:37.871800,common_stock,False,True,,,,
00737,HK,,,,,,,,,,,,,,,,,,工业,工用运输,,港股;工业;工用运输,akshare_eastmoney_company_profile,2026-06-02T14:22:37.886177,common_stock,False,True,,,,
00738,HK,,,,,,,,,,,,,,,,,,非必需性消费,纺织及服饰,,港股;非必需性消费;纺织及服饰;消费,akshare_eastmoney_company_profile,2026-06-02T14:22:37.908123,common_stock,False,True,,,,
00743,HK,,,,,,,,,,,,,,,,,,工业,建筑,,港股;工业;建筑,akshare_eastmoney_company_profile,2026-06-02T14:22:37.926437,common_stock,False,True,,,,
00745,HK,,,,,,,,,,,,,,,,,,非必需性消费,专业零售,,港股;非必需性消费;专业零售;消费,akshare_eastmoney_company_profile,2026-06-02T14:22:37.938876,common_stock,False,True,,,,
00746,HK,,,,,,,,,,,,,,,,,,原材料业,原材料,,港股;原材料业;原材料;资源材料,akshare_eastmoney_company_profile,2026-06-02T14:22:37.941769,common_stock,False,True,,,,
00747,HK,,,,,,,,,,,,,,,,,,工业,建筑,,港股;工业;建筑,akshare_eastmoney_company_profile,2026-06-02T14:22:37.968080,common_stock,False,True,,,,
00750,HK,,,,,,,,,,,,,,,,,,工业,工业工程,,港股;工业;工业工程,akshare_eastmoney_company_profile,2026-06-02T14:22:38.018651,common_stock,False,True,,,,
00751,HK,,,,,,,,,,,,,,,,,,非必需性消费,家庭电器及用品,,港股;非必需性消费;家庭电器及用品;消费,akshare_eastmoney_company_profile,2026-06-02T14:22:38.060234,common_stock,False,True,,,,
00752,HK,,,,,,,,,,,,,,,,,,非必需性消费,媒体及娱乐,,港股;非必需性消费;媒体及娱乐;消费,akshare_eastmoney_company_profile,2026-06-02T14:22:38.068723,common_stock,False,True,,,,
00753,HK,,,,,,,,,,,,,,,,,,非必需性消费,旅游及消闲设施,,港股;非必需性消费;旅游及消闲设施;消费,akshare_eastmoney_company_profile,2026-06-02T14:22:38.098915,common_stock,False,True,,,,
00754,HK,,,,,,,,,,,,,,,,,,地产业,地产,,港股;地产业;地产;房地产,akshare_eastmoney_company_profile,2026-06-02T14:22:38.127437,common_stock,False,True,,,,
00755,HK,,,,,,,,,,,,,,,,,,地产业,地产,,港股;地产业;地产;房地产,akshare_eastmoney_company_profile,2026-06-02T14:22:38.202748,common_stock,False,True,,,,
00756,HK,,,,,,,,,,,,,,,,,,必需性消费,食物饮品,,港股;必需性消费;食物饮品,akshare_eastmoney_company_profile,2026-06-02T14:22:38.140991,common_stock,False,True,,,,
00757,HK,,,,,,,,,,,,,,,,,,工业,工业工程,,港股;工业;工业工程,akshare_eastmoney_company_profile,2026-06-02T14:22:38.139276,common_stock,False,True,,,,
00759,HK,,,,,,,,,,,,,,,,,,非必需性消费,消费者主要零售商,,港股;非必需性消费;消费者主要零售商;消费,akshare_eastmoney_company_profile,2026-06-02T14:22:38.193715,common_stock,False,True,,,,
00760,HK,,,,,,,,,,,,,,,,,,地产业,地产,,港股;地产业;地产;房地产,akshare_eastmoney_company_profile,2026-06-02T14:22:38.289800,common_stock,False,True,,,,
00762,HK,,,,,,,,,,,,,,,,,,电讯业,电讯,,港股;电讯业;电讯,akshare_eastmoney_company_profile,2026-06-02T14:22:38.185132,common_stock,False,True,,,,
00763,HK,,,,,,,,,,,,,,,,,,资讯科技业,资讯科技器材,,港股;资讯科技业;资讯科技器材;科技,akshare_eastmoney_company_profile,2026-06-02T14:22:38.250809,common_stock,False,True,,,,
00764,HK,,,,,,,,,,,,,,,,,,综合企业,综合企业,,港股;综合企业,akshare_eastmoney_company_profile,2026-06-02T14:22:38.334806,common_stock,False,True,,,,
00765,HK,,,,,,,,,,,,,,,,,,非必需性消费,家庭电器及用品,,港股;非必需性消费;家庭电器及用品;消费,akshare_eastmoney_company_profile,2026-06-02T14:22:38.237059,common_stock,False,True,,,,
00767,HK,,,,,,,,,,,,,,,,,,医疗保健业,药品及生物科技,,港股;医疗保健业;药品及生物科技;医药医疗,akshare_eastmoney_company_profile,2026-06-02T14:22:38.238875,common_stock,False,True,,,,
00768,HK,,,,,,,,,,,,,,,,,,金融业,其他金融,,港股;金融业;其他金融;金融服务,akshare_eastmoney_company_profile,2026-06-02T14:22:38.336691,common_stock,False,True,,,,
00769,HK,,,,,,,,,,,,,,,,,,原材料业,一般金属及矿石,,港股;原材料业;一般金属及矿石;资源材料,akshare_eastmoney_company_profile,2026-06-02T14:22:38.288070,common_stock,False,True,,,,
00770,HK,,,,,,,,,,,,,,,,,,金融业,其他金融,,港股;金融业;其他金融;金融服务,akshare_eastmoney_company_profile,2026-06-02T14:22:38.304402,common_stock,False,True,,,,
00771,HK,,,,,,,,,,,,,,,,,,资讯科技业,软件服务,,港股;资讯科技业;软件服务;科技,akshare_eastmoney_company_profile,2026-06-02T14:22:38.362132,common_stock,False,True,,,,
00772,HK,,,,,,,,,,,,,,,,,,非必需性消费,媒体及娱乐,,港股;非必需性消费;媒体及娱乐;消费,akshare_eastmoney_company_profile,2026-06-02T14:22:38.355794,common_stock,False,True,,,,
00775,HK,,,,,,,,,,,,,,,,,,医疗保健业,其他医疗保健,,港股;医疗保健业;其他医疗保健;医药医疗,akshare_eastmoney_company_profile,2026-06-02T14:22:38.377397,common_stock,False,True,,,,
00776,HK,,,,,,,,,,,,,,,,,,资讯科技业,软件服务,,港股;资讯科技业;软件服务;科技,akshare_eastmoney_company_profile,2026-06-02T14:22:38.412153,common_stock,False,True,,,,
00777,HK,,,,,,,,,,,,,,,,,,资讯科技业,软件服务,,港股;资讯科技业;软件服务;科技,akshare_eastmoney_company_profile,2026-06-02T14:22:38.434149,common_stock,False,True,,,,
00778,HK,,,,,,,,,,,,,,,,,,地产业,地产投资信托基金,,港股;REIT;房地产基金;收息资产;地产业;地产投资信托基金;房地产,nan+local_taxonomy+local_taxonomy+local_taxonomy;local_registry_enrichment,2026-06-03T07:15:43.584322,fund_like,True,True,local_registry_enrichment,2026-06-03T07:15:43.584322,,
00780,HK,,,,,,,,,,,,,,,,,,非必需性消费,旅游及消闲设施,,港股;非必需性消费;旅游及消闲设施;消费,akshare_eastmoney_company_profile,2026-06-02T14:22:38.482240,common_stock,False,True,,,,
00784,HK,,,,,,,,,,,,,,,,,,工业,建筑,,港股;工业;建筑,akshare_eastmoney_company_profile,2026-06-02T14:22:38.508273,common_stock,False,True,,,,
00788,HK,,,,,,,,,,,,,,,,,,电讯业,电讯,,港股;电讯业;电讯,akshare_eastmoney_company_profile,2026-06-02T14:22:38.533317,common_stock,False,True,,,,
00789,HK,,,,,,,,,,,,,,,,,,非必需性消费,纺织及服饰,,港股;非必需性消费;纺织及服饰;消费,akshare_eastmoney_company_profile,2026-06-02T14:22:38.531617,common_stock,False,True,,,,
00794,HK,,,,,,,,,,,,,,,,,,工业,工用支援,,港股;工业;工用支援,akshare_eastmoney_company_profile,2026-06-02T14:22:38.849895,common_stock,False,True,,,,
00797,HK,,,,,,,,,,,,,,,,,,资讯科技业,软件服务,,港股;资讯科技业;软件服务;科技,akshare_eastmoney_company_profile,2026-06-02T14:22:38.583936,common_stock,False,True,,,,
00798,HK,,,,,,,,,,,,,,,,,,地产业,地产,,港股;地产业;地产;房地产,akshare_eastmoney_company_profile,2026-06-02T14:22:38.592978,common_stock,False,True,,,,
00799,HK,,,,,,,,,,,,,,,,,,资讯科技业,软件服务,,港股;资讯科技业;软件服务;科技,akshare_eastmoney_company_profile,2026-06-02T14:22:38.627699,common_stock,False,True,,,,
00800,HK,,,,,,,,,,,,,,,,,,资讯科技业,软件服务,,港股;资讯科技业;软件服务;科技,akshare_eastmoney_company_profile,2026-06-02T14:22:38.762319,common_stock,False,True,,,,
00802,HK,,,,,,,,,,,,,,,,,,资讯科技业,软件服务,,港股;资讯科技业;软件服务;科技,akshare_eastmoney_company_profile,2026-06-02T14:22:38.640911,common_stock,False,True,,,,
00804,HK,,,,,,,,,,,,,,,,,,金融业,其他金融,,港股;金融业;其他金融;金融服务,akshare_eastmoney_company_profile,2026-06-02T14:22:38.771360,common_stock,False,True,,,,
00805,HK,,,,,,,,,,,,,,,,,,非必需性消费,汽车,,港股;非必需性消费;汽车;消费,akshare_eastmoney_company_profile,2026-06-02T14:22:38.739666,common_stock,False,True,,,,
00806,HK,,,,,,,,,,,,,,,,,,金融业,其他金融,,港股;金融业;其他金融;金融服务,akshare_eastmoney_company_profile,2026-06-02T14:22:38.705757,common_stock,False,True,,,,
00807,HK,,,,,,,,,,,,,,,,,,公用事业,公用事业,,港股;公用事业;高股息,akshare_eastmoney_company_profile,2026-06-02T14:22:38.696637,common_stock,False,True,,,,
00808,HK,,,,,,,,,,,,,,,,,,地产业,地产投资信托基金,,港股;REIT;房地产基金;收息资产;地产业;地产投资信托基金;房地产,nan+local_taxonomy+local_taxonomy+local_taxonomy;local_registry_enrichment,2026-06-03T07:15:43.584322,fund_like,True,True,local_registry_enrichment,2026-06-03T07:15:43.584322,,
00809,HK,,,,,,,,,,,,,,,,,,原材料业,原材料,,港股;原材料业;原材料;资源材料,akshare_eastmoney_company_profile,2026-06-02T14:22:38.755348,common_stock,False,True,,,,
00810,HK,,,,,,,,,,,,,,,,,,金融业,其他金融,,港股;金融业;其他金融;金融服务,akshare_eastmoney_company_profile,2026-06-02T14:22:38.790675,common_stock,False,True,,,,
00811,HK,,,,,,,,,,,,,,,,,,非必需性消费,媒体及娱乐,,港股;非必需性消费;媒体及娱乐;消费,akshare_eastmoney_company_profile,2026-06-02T14:22:38.793744,common_stock,False,True,,,,
00812,HK,,,,,,,,,,,,,,,,,,金融业,其他金融,,港股;金融业;其他金融;金融服务,akshare_eastmoney_company_profile,2026-06-02T14:22:38.865401,common_stock,False,True,,,,
00813,HK,,,,,,,,,,,,,,,,,,地产业,地产,,港股;地产业;地产;房地产,akshare_eastmoney_company_profile,2026-06-02T14:22:38.954439,common_stock,False,True,,,,
00814,HK,,,,,,,,,,,,,,,,,,非必需性消费,消费者主要零售商,,港股;非必需性消费;消费者主要零售商;消费,akshare_eastmoney_company_profile,2026-06-02T14:22:38.951659,common_stock,False,True,,,,
00815,HK,,,,,,,,,,,,,,,,,,原材料业,黄金及贵金属,,港股;原材料业;黄金及贵金属;资源材料,akshare_eastmoney_company_profile,2026-06-02T14:22:38.966811,common_stock,False,True,,,,
00816,HK,,,,,,,,,,,,,,,,,,地产业,地产,,港股;地产业;地产;房地产,akshare_eastmoney_company_profile,2026-06-02T14:22:38.978821,common_stock,False,True,,,,
00817,HK,,,,,,,,,,,,,,,,,,地产业,地产,,港股;地产业;地产;房地产,akshare_eastmoney_company_profile,2026-06-02T14:22:38.999794,common_stock,False,True,,,,
00818,HK,,,,,,,,,,,,,,,,,,金融业,其他金融,,港股;金融业;其他金融;金融服务,akshare_eastmoney_company_profile,2026-06-02T14:22:39.010435,common_stock,False,True,,,,
00819,HK,,,,,,,,,,,,,,,,,,工业,工业工程,,港股;工业;工业工程,akshare_eastmoney_company_profile,2026-06-02T14:22:38.998199,common_stock,False,True,,,,
00821,HK,,,,,,,,,,,,,,,,,,金融业,其他金融,,港股;金融业;其他金融;金融服务,akshare_eastmoney_company_profile,2026-06-02T14:22:39.102642,common_stock,False,True,,,,
00822,HK,,,,,,,,,,,,,,,,,,工业,工业工程,,港股;工业;工业工程,akshare_eastmoney_company_profile,2026-06-02T14:22:39.099939,common_stock,False,True,,,,
00823,HK,,,,,,,,,,,,,,,,,,地产业,地产投资信托基金,,港股;REIT;房地产基金;收息资产;地产业;地产投资信托基金;房地产,nan+local_taxonomy+local_taxonomy+local_taxonomy;local_registry_enrichment,2026-06-03T07:15:43.584322,fund_like,True,True,local_registry_enrichment,2026-06-03T07:15:43.584322,,
00825,HK,,,,,,,,,,,,,,,,,,非必需性消费,专业零售,,港股;非必需性消费;专业零售;消费,akshare_eastmoney_company_profile,2026-06-02T14:22:39.160093,common_stock,False,True,,,,
00826,HK,,,,,,,,,,,,,,,,,,原材料业,一般金属及矿石,,港股;原材料业;一般金属及矿石;资源材料,akshare_eastmoney_company_profile,2026-06-02T14:22:39.178003,common_stock,False,True,,,,
00827,HK,,,,,,,,,,,,,,,,,,原材料业,原材料,,港股;原材料业;原材料;资源材料,akshare_eastmoney_company_profile,2026-06-02T14:22:39.195354,common_stock,False,True,,,,
00828,HK,,,,,,,,,,,,,,,,,,必需性消费,食物饮品,,港股;必需性消费;食物饮品,akshare_eastmoney_company_profile,2026-06-02T14:22:39.179759,common_stock,False,True,,,,
00829,HK,,,,,,,,,,,,,,,,,,必需性消费,食物饮品,,港股;必需性消费;食物饮品,akshare_eastmoney_company_profile,2026-06-02T14:22:39.203481,common_stock,False,True,,,,
00830,HK,,,,,,,,,,,,,,,,,,工业,建筑,,港股;工业;建筑,akshare_eastmoney_company_profile,2026-06-02T14:22:39.192563,common_stock,False,True,,,,
00831,HK,,,,,,,,,,,,,,,,,,必需性消费,食物饮品,,港股;必需性消费;食物饮品,akshare_eastmoney_company_profile,2026-06-02T14:22:39.267442,common_stock,False,True,,,,
00832,HK,,,,,,,,,,,,,,,,,,地产业,地产,,港股;地产业;地产;房地产,akshare_eastmoney_company_profile,2026-06-02T14:22:39.382838,common_stock,False,True,,,,
00833,HK,,,,,,,,,,,,,,,,,,非必需性消费,家庭电器及用品,,港股;非必需性消费;家庭电器及用品;消费,akshare_eastmoney_company_profile,2026-06-02T14:22:39.392168,common_stock,False,True,,,,
00834,HK,,,,,,,,,,,,,,,,,,必需性消费,食物饮品,,港股;必需性消费;食物饮品,akshare_eastmoney_company_profile,2026-06-02T14:22:39.523757,common_stock,False,True,,,,
00836,HK,,,,,,,,,,,,,,,,,,公用事业,公用事业,,港股;公用事业;高股息,akshare_eastmoney_company_profile,2026-06-02T14:22:39.495498,common_stock,False,True,,,,
00837,HK,,,,,,,,,,,,,,,,,,非必需性消费,家庭电器及用品,,港股;非必需性消费;家庭电器及用品;消费,akshare_eastmoney_company_profile,2026-06-02T14:22:39.411375,common_stock,False,True,,,,
00838,HK,,,,,,,,,,,,,,,,,,工业,工业工程,,港股;工业;工业工程,akshare_eastmoney_company_profile,2026-06-02T14:22:39.399853,common_stock,False,True,,,,
00839,HK,,,,,,,,,,,,,,,,,,非必需性消费,支援服务,,港股;非必需性消费;支援服务,akshare_eastmoney_company_profile,2026-06-02T14:22:39.409480,common_stock,False,True,,,,
00840,HK,,,,,,,,,,,,,,,,,,工业,工业工程,,港股;工业;工业工程,akshare_eastmoney_company_profile,2026-06-02T14:22:39.492601,common_stock,False,True,,,,
00841,HK,,,,,,,,,,,,,,,,,,必需性消费,食物饮品,,港股;必需性消费;食物饮品,akshare_eastmoney_company_profile,2026-06-02T14:22:39.882217,common_stock,False,True,,,,
00842,HK,,,,,,,,,,,,,,,,,,工业,工业工程,,港股;工业;工业工程,akshare_eastmoney_company_profile,2026-06-02T14:22:39.503923,common_stock,False,True,,,,
00844,HK,,,,,,,,,,,,,,,,,,非必需性消费,纺织及服饰,,港股;非必需性消费;纺织及服饰;消费,akshare_eastmoney_company_profile,2026-06-02T14:22:39.529019,common_stock,False,True,,,,
00845,HK,,,,,,,,,,,,,,,,,,地产业,地产,,港股;地产业;地产;房地产,akshare_eastmoney_company_profile,2026-06-02T14:22:39.526242,common_stock,False,True,,,,
00846,HK,,,,,,,,,,,,,,,,,,地产业,地产,,港股;地产业;地产;房地产,akshare_eastmoney_company_profile,2026-06-02T14:22:39.564562,common_stock,False,True,,,,
00848,HK,,,,,,,,,,,,,,,,,,非必需性消费,专业零售,,港股;非必需性消费;专业零售;消费,akshare_eastmoney_company_profile,2026-06-02T14:22:39.588322,common_stock,False,True,,,,
00851,HK,,,,,,,,,,,,,,,,,,金融业,其他金融,,港股;金融业;其他金融;金融服务,akshare_eastmoney_company_profile,2026-06-02T14:22:39.604312,common_stock,False,True,,,,
00852,HK,,,,,,,,,,,,,,,,,,能源业,石油及天然气,,港股;能源业;石油及天然气;资源能源,akshare_eastmoney_company_profile,2026-06-02T14:22:39.615250,common_stock,False,True,,,,
00853,HK,,,,,,,,,,,,,,,,,,医疗保健业,其他医疗保健,,港股;医疗保健业;其他医疗保健;医药医疗,akshare_eastmoney_company_profile,2026-06-02T14:22:39.653198,common_stock,False,True,,,,
00854,HK,,,,,,,,,,,,,,,,,,工业,工业工程,,港股;工业;工业工程,akshare_eastmoney_company_profile,2026-06-02T14:22:39.689997,common_stock,False,True,,,,
00855,HK,,,,,,,,,,,,,,,,,,公用事业,公用事业,,港股;公用事业;高股息,akshare_eastmoney_company_profile,2026-06-02T14:22:39.674949,common_stock,False,True,,,,
00856,HK,,,,,,,,,,,,,,,,,,资讯科技业,软件服务,,港股;资讯科技业;软件服务;科技,akshare_eastmoney_company_profile,2026-06-02T14:22:39.713656,common_stock,False,True,,,,
00857,HK,,,,,,,,,,,,,,,,,,能源业,石油及天然气,,港股;能源业;石油及天然气;资源能源,akshare_eastmoney_company_profile,2026-06-02T14:22:39.732645,common_stock,False,True,,,,
00858,HK,,,,,,,,,,,,,,,,,,医疗保健业,药品及生物科技,,港股;医疗保健业;药品及生物科技;医药医疗,akshare_eastmoney_company_profile,2026-06-02T14:22:39.744632,common_stock,False,True,,,,
00859,HK,,,,,,,,,,,,,,,,,,地产业,地产,,港股;地产业;地产;房地产,akshare_eastmoney_company_profile,2026-06-02T14:22:39.752002,common_stock,False,True,,,,
00860,HK,,,,,,,,,,,,,,,,,,非必需性消费,汽车,,港股;非必需性消费;汽车;消费,akshare_eastmoney_company_profile,2026-06-02T14:22:39.772342,common_stock,False,True,,,,
00861,HK,,,,,,,,,,,,,,,,,,资讯科技业,软件服务,,港股;资讯科技业;软件服务;科技,akshare_eastmoney_company_profile,2026-06-02T14:22:39.787487,common_stock,False,True,,,,
00862,HK,,,,,,,,,,,,,,,,,,工业,工用运输,,港股;工业;工用运输,akshare_eastmoney_company_profile,2026-06-02T14:22:39.788842,common_stock,False,True,,,,
00863,HK,,,,,,,,,,,,,,,,,,金融业,其他金融,,港股;金融业;其他金融;金融服务,akshare_eastmoney_company_profile,2026-06-02T14:22:39.798842,common_stock,False,True,,,,
00864,HK,,,,,,,,,,,,,,,,,,地产业,地产,,港股;地产业;地产;房地产,akshare_eastmoney_company_profile,2026-06-02T14:22:39.829820,common_stock,False,True,,,,
00865,HK,,,,,,,,,,,,,,,,,,地产业,地产,,港股;地产业;地产;房地产,akshare_eastmoney_company_profile,2026-06-02T14:22:39.827217,common_stock,False,True,,,,
00866,HK,,,,,,,,,,,,,,,,,,能源业,煤炭,,港股;能源业;煤炭;资源能源,akshare_eastmoney_company_profile,2026-06-02T14:22:39.921141,common_stock,False,True,,,,
00867,HK,,,,,,,,,,,,,,,,,,医疗保健业,药品及生物科技,,港股;医疗保健业;药品及生物科技;医药医疗,akshare_eastmoney_company_profile,2026-06-02T14:22:39.859897,common_stock,False,True,,,,
00868,HK,,,,,,,,,,,,,,,,,,工业,工业工程,,港股;工业;工业工程,akshare_eastmoney_company_profile,2026-06-02T14:22:39.917425,common_stock,False,True,,,,
00869,HK,,,,,,,,,,,,,,,,,,非必需性消费,家庭电器及用品,,港股;非必需性消费;家庭电器及用品;消费,akshare_eastmoney_company_profile,2026-06-02T14:22:39.923034,common_stock,False,True,,,,
00871,HK,,,,,,,,,,,,,,,,,,工业,建筑,,港股;工业;建筑,akshare_eastmoney_company_profile,2026-06-02T14:22:39.941007,common_stock,False,True,,,,
00873,HK,,,,,,,,,,,,,,,,,,地产业,地产,,港股;地产业;地产;房地产,akshare_eastmoney_company_profile,2026-06-02T14:22:39.967200,common_stock,False,True,,,,
00874,HK,,,,,,,,,,,,,,,,,,医疗保健业,药品及生物科技,,港股;医疗保健业;药品及生物科技;医药医疗,akshare_eastmoney_company_profile,2026-06-02T14:22:40.092934,common_stock,False,True,,,,
00875,HK,,,,,,,,,,,,,,,,,,必需性消费,农业产品,,港股;必需性消费;农业产品,akshare_eastmoney_company_profile,2026-06-02T14:22:39.982731,common_stock,False,True,,,,
00876,HK,,,,,,,,,,,,,,,,,,医疗保健业,其他医疗保健,,港股;医疗保健业;其他医疗保健;医药医疗,akshare_eastmoney_company_profile,2026-06-02T14:22:40.001828,common_stock,False,True,,,,
00878,HK,,,,,,,,,,,,,,,,,,地产业,地产,,港股;地产业;地产;房地产,akshare_eastmoney_company_profile,2026-06-02T14:22:40.213256,common_stock,False,True,,,,
00880,HK,,,,,,,,,,,,,,,,,,非必需性消费,旅游及消闲设施,,港股;非必需性消费;旅游及消闲设施;消费,akshare_eastmoney_company_profile,2026-06-02T14:22:40.055992,common_stock,False,True,,,,
00881,HK,,,,,,,,,,,,,,,,,,非必需性消费,专业零售,,港股;非必需性消费;专业零售;消费,akshare_eastmoney_company_profile,2026-06-02T14:22:40.064288,common_stock,False,True,,,,
00882,HK,,,,,,,,,,,,,,,,,,综合企业,综合企业,,港股;综合企业,akshare_eastmoney_company_profile,2026-06-02T14:22:40.071984,common_stock,False,True,,,,
00883,HK,,,,,,,,,,,,,,,,,,能源业,石油及天然气,,港股;能源业;石油及天然气;资源能源,akshare_eastmoney_company_profile,2026-06-02T14:22:40.078984,common_stock,False,True,,,,
00884,HK,,,,,,,,,,,,,,,,,,地产业,地产,,港股;地产业;地产;房地产,akshare_eastmoney_company_profile,2026-06-02T14:22:40.103509,common_stock,False,True,,,,
00887,HK,,,,,,,,,,,,,,,,,,非必需性消费,专业零售,,港股;非必需性消费;专业零售;消费,akshare_eastmoney_company_profile,2026-06-02T14:22:40.095411,common_stock,False,True,,,,
00888,HK,,,,,,,,,,,,,,,,,,金融业,其他金融,,港股;金融业;其他金融;金融服务,akshare_eastmoney_company_profile,2026-06-02T14:22:40.167203,common_stock,False,True,,,,
00889,HK,,,,,,,,,,,,,,,,,,工业,工业工程,,港股;工业;工业工程,akshare_eastmoney_company_profile,2026-06-02T14:22:40.157819,common_stock,False,True,,,,
00893,HK,,,,,,,,,,,,,,,,,,原材料业,一般金属及矿石,,港股;原材料业;一般金属及矿石;资源材料,akshare_eastmoney_company_profile,2026-06-02T14:22:40.175134,common_stock,False,True,,,,
00894,HK,,,,,,,,,,,,,,,,,,工业,工业工程,,港股;工业;工业工程,akshare_eastmoney_company_profile,2026-06-02T14:22:40.176601,common_stock,False,True,,,,
00895,HK,,,,,,,,,,,,,,,,,,工业,工业工程,,港股;工业;工业工程,akshare_eastmoney_company_profile,2026-06-02T14:22:40.210860,common_stock,False,True,,,,
00896,HK,,,,,,,,,,,,,,,,,,工业,建筑,,港股;工业;建筑,akshare_eastmoney_company_profile,2026-06-02T14:22:40.233481,common_stock,False,True,,,,
00897,HK,,,,,,,,,,,,,,,,,,医疗保健业,药品及生物科技,,港股;医疗保健业;药品及生物科技;医药医疗,akshare_eastmoney_company_profile,2026-06-02T14:22:40.342443,common_stock,False,True,,,,
00898,HK,,,,,,,,,,,,,,,,,,地产业,地产,,港股;地产业;地产;房地产,akshare_eastmoney_company_profile,2026-06-02T14:22:40.248339,common_stock,False,True,,,,
00899,HK,,,,,,,,,,,,,,,,,,地产业,地产,,港股;地产业;地产;房地产,akshare_eastmoney_company_profile,2026-06-02T14:22:40.281449,common_stock,False,True,,,,
00900,HK,,,,,,,,,,,,,,,,,,金融业,其他金融,,港股;金融业;其他金融;金融服务,akshare_eastmoney_company_profile,2026-06-02T14:22:40.419978,common_stock,False,True,,,,
00901,HK,,,,,,,,,,,,,,,,,,资讯科技业,资讯科技器材,,港股;资讯科技业;资讯科技器材;科技,akshare_eastmoney_company_profile,2026-06-02T14:22:40.494266,common_stock,False,True,,,,
00902,HK,,,,,,,,,,,,,,,,,,公用事业,公用事业,,港股;公用事业;高股息,akshare_eastmoney_company_profile,2026-06-02T14:22:40.542662,common_stock,False,True,,,,
00905,HK,,,,,,,,,,,,,,,,,,金融业,其他金融,,港股;金融业;其他金融;金融服务,akshare_eastmoney_company_profile,2026-06-02T14:22:40.339496,common_stock,False,True,,,,
00907,HK,,,,,,,,,,,,,,,,,,非必需性消费,纺织及服饰,,港股;非必需性消费;纺织及服饰;消费,akshare_eastmoney_company_profile,2026-06-02T14:22:40.641690,common_stock,False,True,,,,
00909,HK,,,,,,,,,,,,,,,,,,资讯科技业,软件服务,,港股;资讯科技业;软件服务;科技,akshare_eastmoney_company_profile,2026-06-02T14:22:40.452969,common_stock,False,True,,,,
00910,HK,,,,,,,,,,,,,,,,,,地产业,地产,,港股;地产业;地产;房地产,akshare_eastmoney_company_profile,2026-06-02T14:22:40.375038,common_stock,False,True,,,,
00911,HK,,,,,,,,,,,,,,,,,,工业,工业工程,,港股;工业;工业工程,akshare_eastmoney_company_profile,2026-06-02T14:22:40.455787,common_stock,False,True,,,,
00912,HK,,,,,,,,,,,,,,,,,,非必需性消费,家庭电器及用品,,港股;非必需性消费;家庭电器及用品;消费,akshare_eastmoney_company_profile,2026-06-02T14:22:40.443509,common_stock,False,True,,,,
00913,HK,,,,,,,,,,,,,,,,,,金融业,其他金融,,港股;金融业;其他金融;金融服务,akshare_eastmoney_company_profile,2026-06-02T14:22:40.466767,common_stock,False,True,,,,
00914,HK,,,,,,,,,,,,,,,,,,工业,建筑,,港股;工业;建筑,akshare_eastmoney_company_profile,2026-06-02T14:22:40.524806,common_stock,False,True,,,,
00915,HK,,,,,,,,,,,,,,,,,,工业,工用支援,,港股;工业;工用支援,akshare_eastmoney_company_profile,2026-06-02T14:22:40.554138,common_stock,False,True,,,,
00916,HK,,,,,,,,,,,,,,,,,,公用事业,公用事业,,港股;公用事业;高股息,akshare_eastmoney_company_profile,2026-06-02T14:22:40.551135,common_stock,False,True,,,,
00917,HK,,,,,,,,,,,,,,,,,,非必需性消费,媒体及娱乐,,港股;非必需性消费;媒体及娱乐;消费,akshare_eastmoney_company_profile,2026-06-02T14:22:40.566348,common_stock,False,True,,,,
00918,HK,,,,,,,,,,,,,,,,,,工业,工业工程,,港股;工业;工业工程,akshare_eastmoney_company_profile,2026-06-02T14:22:40.724068,common_stock,False,True,,,,
00919,HK,,,,,,,,,,,,,,,,,,医疗保健业,其他医疗保健,,港股;医疗保健业;其他医疗保健;医药医疗,akshare_eastmoney_company_profile,2026-06-02T14:22:40.583058,common_stock,False,True,,,,
00921,HK,,,,,,,,,,,,,,,,,,非必需性消费,家庭电器及用品,,港股;非必需性消费;家庭电器及用品;消费,akshare_eastmoney_company_profile,2026-06-02T14:22:40.614279,common_stock,False,True,,,,
00922,HK,,,,,,,,,,,,,,,,,,非必需性消费,支援服务,,港股;非必需性消费;支援服务,akshare_eastmoney_company_profile,2026-06-02T14:22:40.633404,common_stock,False,True,,,,
00923,HK,,,,,,,,,,,,,,,,,,原材料业,原材料,,港股;原材料业;原材料;资源材料,akshare_eastmoney_company_profile,2026-06-02T14:22:40.650249,common_stock,False,True,,,,
00924,HK,,,,,,,,,,,,,,,,,,工业,建筑,,港股;工业;建筑,akshare_eastmoney_company_profile,2026-06-02T14:22:40.662104,common_stock,False,True,,,,
00925,HK,,,,,,,,,,,,,,,,,,工业,工用运输,,港股;工业;工用运输,akshare_eastmoney_company_profile,2026-06-02T14:22:40.698427,common_stock,False,True,,,,
00926,HK,,,,,,,,,,,,,,,,,,医疗保健业,其他医疗保健,,港股;医疗保健业;其他医疗保健;医药医疗,akshare_eastmoney_company_profile,2026-06-02T14:22:40.680095,common_stock,False,True,,,,
00927,HK,,,,,,,,,,,,,,,,,,非必需性消费,家庭电器及用品,,港股;非必需性消费;家庭电器及用品;消费,akshare_eastmoney_company_profile,2026-06-02T14:22:40.767002,common_stock,False,True,,,,
00928,HK,,,,,,,,,,,,,,,,,,必需性消费,食物饮品,,港股;必需性消费;食物饮品,akshare_eastmoney_company_profile,2026-06-02T14:22:40.726974,common_stock,False,True,,,,
00929,HK,,,,,,,,,,,,,,,,,,非必需性消费,汽车,,港股;非必需性消费;汽车;消费,akshare_eastmoney_company_profile,2026-06-02T14:22:40.755382,common_stock,False,True,,,,
00931,HK,,,,,,,,,,,,,,,,,,公用事业,公用事业,,港股;公用事业;高股息,akshare_eastmoney_company_profile,2026-06-02T14:22:40.739094,common_stock,False,True,,,,
00932,HK,,,,,,,,,,,,,,,,,,医疗保健业,其他医疗保健,,港股;医疗保健业;其他医疗保健;医药医疗,akshare_eastmoney_company_profile,2026-06-02T14:22:40.749403,common_stock,False,True,,,,
00933,HK,,,,,,,,,,,,,,,,,,非必需性消费,纺织及服饰,,港股;非必需性消费;纺织及服饰;消费,akshare_eastmoney_company_profile,2026-06-02T14:22:40.769528,common_stock,False,True,,,,
00934,HK,,,,,,,,,,,,,,,,,,能源业,石油及天然气,,港股;能源业;石油及天然气;资源能源,akshare_eastmoney_company_profile,2026-06-02T14:22:40.935166,common_stock,False,True,,,,
00936,HK,,,,,,,,,,,,,,,,,,工业,工业工程,,港股;工业;工业工程,akshare_eastmoney_company_profile,2026-06-02T14:22:40.823870,common_stock,False,True,,,,
00938,HK,,,,,,,,,,,,,,,,,,地产业,地产,,港股;地产业;地产;房地产,akshare_eastmoney_company_profile,2026-06-02T14:22:40.868555,common_stock,False,True,,,,
00939,HK,,,,,,,,,,,,,,,,,,金融业,银行,,港股;金融业;银行;金融服务,akshare_eastmoney_company_profile,2026-06-02T14:22:40.885594,common_stock,False,True,,,,
00941,HK,,,,,,,,,,,,,,,,,,电讯业,电讯,,港股;电讯业;电讯,akshare_eastmoney_company_profile,2026-06-02T14:22:40.932549,common_stock,False,True,,,,
00943,HK,,,,,,,,,,,,,,,,,,非必需性消费,消费者主要零售商,,港股;非必需性消费;消费者主要零售商;消费,akshare_eastmoney_company_profile,2026-06-02T14:22:41.031563,common_stock,False,True,,,,
00945,HK,,,,,,,,,,,,,,,,,,金融业,保险,,港股;金融业;保险;金融服务,akshare_eastmoney_company_profile,2026-06-02T14:22:40.968044,common_stock,False,True,,,,
00947,HK,,,,,,,,,,,,,,,,,,资讯科技业,资讯科技器材,,港股;资讯科技业;资讯科技器材;科技,akshare_eastmoney_company_profile,2026-06-02T14:22:40.955038,common_stock,False,True,,,,
00948,HK,,,,,,,,,,,,,,,,,,必需性消费,食物饮品,,港股;必需性消费;食物饮品,akshare_eastmoney_company_profile,2026-06-02T14:22:40.957599,common_stock,False,True,,,,
00950,HK,,,,,,,,,,,,,,,,,,医疗保健业,药品及生物科技,,港股;医疗保健业;药品及生物科技;医药医疗,akshare_eastmoney_company_profile,2026-06-02T14:22:40.975223,common_stock,False,True,,,,
00951,HK,,,,,,,,,,,,,,,,,,工业,工业工程,,港股;工业;工业工程,akshare_eastmoney_company_profile,2026-06-02T14:22:40.987650,common_stock,False,True,,,,
00952,HK,,,,,,,,,,,,,,,,,,金融业,其他金融,,港股;金融业;其他金融;金融服务,akshare_eastmoney_company_profile,2026-06-02T14:22:41.055935,common_stock,False,True,,,,
00953,HK,,,,,,,,,,,,,,,,,,非必需性消费,媒体及娱乐,,港股;非必需性消费;媒体及娱乐;消费,akshare_eastmoney_company_profile,2026-06-02T14:22:41.052417,common_stock,False,True,,,,
00954,HK,,,,,,,,,,,,,,,,,,必需性消费,食物饮品,,港股;必需性消费;食物饮品,akshare_eastmoney_company_profile,2026-06-02T14:22:41.152233,common_stock,False,True,,,,
00956,HK,,,,,,,,,,,,,,,,,,公用事业,公用事业,,港股;公用事业;高股息,akshare_eastmoney_company_profile,2026-06-02T14:22:41.919804,common_stock,False,True,,,,
00959,HK,,,,,,,,,,,,,,,,,,非必需性消费,旅游及消闲设施,,港股;非必需性消费;旅游及消闲设施;消费,akshare_eastmoney_company_profile,2026-06-02T14:22:41.161657,common_stock,False,True,,,,
00960,HK,,,,,,,,,,,,,,,,,,地产业,地产,,港股;地产业;地产;房地产,akshare_eastmoney_company_profile,2026-06-02T14:22:41.189387,common_stock,False,True,,,,
00966,HK,,,,,,,,,,,,,,,,,,金融业,保险,,港股;金融业;保险;金融服务,akshare_eastmoney_company_profile,2026-06-02T14:22:41.180985,common_stock,False,True,,,,
00968,HK,,,,,,,,,,,,,,,,,,工业,工业工程,,港股;工业;工业工程,akshare_eastmoney_company_profile,2026-06-02T14:22:41.226285,common_stock,False,True,,,,
00969,HK,,,,,,,,,,,,,,,,,,必需性消费,农业产品,,港股;必需性消费;农业产品,akshare_eastmoney_company_profile,2026-06-02T14:22:41.214688,common_stock,False,True,,,,
00970,HK,,,,,,,,,,,,,,,,,,非必需性消费,专业零售,,港股;非必需性消费;专业零售;消费,akshare_eastmoney_company_profile,2026-06-02T14:22:41.212194,common_stock,False,True,,,,
00974,HK,,,,,,,,,,,,,,,,,,非必需性消费,专业零售,,港股;非必需性消费;专业零售;消费,akshare_eastmoney_company_profile,2026-06-02T14:22:41.248086,common_stock,False,True,,,,
00975,HK,,,,,,,,,,,,,,,,,,能源业,煤炭,,港股;能源业;煤炭;资源能源,akshare_eastmoney_company_profile,2026-06-02T14:22:41.263617,common_stock,False,True,,,,
00976,HK,,,,,,,,,,,,,,,,,,原材料业,一般金属及矿石,,港股;原材料业;一般金属及矿石;资源材料,akshare_eastmoney_company_profile,2026-06-02T14:22:41.262621,common_stock,False,True,,,,
00978,HK,,,,,,,,,,,,,,,,,,地产业,地产,,港股;地产业;地产;房地产,akshare_eastmoney_company_profile,2026-06-02T14:22:41.287623,common_stock,False,True,,,,
00979,HK,,,,,,,,,,,,,,,,,,工业,工业工程,,港股;工业;工业工程,akshare_eastmoney_company_profile,2026-06-02T14:22:41.303075,common_stock,False,True,,,,
00980,HK,,,,,,,,,,,,,,,,,,非必需性消费,消费者主要零售商,,港股;非必需性消费;消费者主要零售商;消费,akshare_eastmoney_company_profile,2026-06-02T14:22:41.320720,common_stock,False,True,,,,
00981,HK,,,,,,,,,,,,,,,,,,资讯科技业,半导体,,港股;资讯科技业;半导体;科技,akshare_eastmoney_company_profile,2026-06-02T14:22:41.407579,common_stock,False,True,,,,
00983,HK,,,,,,,,,,,,,,,,,,工业,建筑,,港股;工业;建筑,akshare_eastmoney_company_profile,2026-06-02T14:22:41.329146,common_stock,False,True,,,,
00984,HK,,,,,,,,,,,,,,,,,,非必需性消费,消费者主要零售商,,港股;非必需性消费;消费者主要零售商;消费,akshare_eastmoney_company_profile,2026-06-02T14:22:41.372517,common_stock,False,True,,,,
00986,HK,,,,,,,,,,,,,,,,,,非必需性消费,纺织及服饰,,港股;非必需性消费;纺织及服饰;消费,akshare_eastmoney_company_profile,2026-06-02T14:22:41.366527,common_stock,False,True,,,,
00987,HK,,,,,,,,,,,,,,,,,,公用事业,公用事业,,港股;公用事业;高股息,akshare_eastmoney_company_profile,2026-06-02T14:22:41.410420,common_stock,False,True,,,,
00989,HK,,,,,,,,,,,,,,,,,,地产业,地产,,港股;地产业;地产;房地产,akshare_eastmoney_company_profile,2026-06-02T14:22:41.464683,common_stock,False,True,,,,
00990,HK,,,,,,,,,,,,,,,,,,原材料业,原材料,,港股;原材料业;原材料;资源材料,akshare_eastmoney_company_profile,2026-06-02T14:22:41.499028,common_stock,False,True,,,,
00991,HK,,,,,,,,,,,,,,,,,,公用事业,公用事业,,港股;公用事业;高股息,akshare_eastmoney_company_profile,2026-06-02T14:22:41.480873,common_stock,False,True,,,,
00992,HK,,,,,,,,,,,,,,,,,,资讯科技业,资讯科技器材,,港股;资讯科技业;资讯科技器材;科技,akshare_eastmoney_company_profile,2026-06-02T14:22:41.515636,common_stock,False,True,,,,
00993,HK,,,,,,,,,,,,,,,,,,金融业,其他金融,,港股;金融业;其他金融;金融服务,akshare_eastmoney_company_profile,2026-06-02T14:22:41.492374,common_stock,False,True,,,,
00994,HK,,,,,,,,,,,,,,,,,,公用事业,公用事业,,港股;公用事业;高股息,akshare_eastmoney_company_profile,2026-06-02T14:22:41.529466,common_stock,False,True,,,,
00995,HK,,,,,,,,,,,,,,,,,,工业,工用运输,,港股;工业;工用运输,akshare_eastmoney_company_profile,2026-06-02T14:22:41.507810,common_stock,False,True,,,,
00997,HK,,,,,,,,,,,,,,,,,,地产业,地产,,港股;地产业;地产;房地产,akshare_eastmoney_company_profile,2026-06-02T14:22:41.554883,common_stock,False,True,,,,
00998,HK,,,,,,,,,,,,,,,,,,金融业,银行,,港股;金融业;银行;金融服务,akshare_eastmoney_company_profile,2026-06-02T14:22:41.568459,common_stock,False,True,,,,
00999,HK,,,,,,,,,,,,,,,,,,非必需性消费,旅游及消闲设施,,港股;非必需性消费;旅游及消闲设施;消费,akshare_eastmoney_company_profile,2026-06-02T14:22:41.583273,common_stock,False,True,,,,
01000,HK,,,,,,,,,,,,,,,,,,非必需性消费,媒体及娱乐,,港股;非必需性消费;媒体及娱乐;消费,akshare_eastmoney_company_profile,2026-06-02T14:22:41.596914,common_stock,False,True,,,,
01001,HK,,,,,,,,,,,,,,,,,,原材料业,一般金属及矿石,,港股;原材料业;一般金属及矿石;资源材料,akshare_eastmoney_company_profile,2026-06-02T14:22:41.640623,common_stock,False,True,,,,
01002,HK,,,,,,,,,,,,,,,,,,工业,工业工程,,港股;工业;工业工程,akshare_eastmoney_company_profile,2026-06-02T14:22:41.637967,common_stock,False,True,,,,
01003,HK,,,,,,,,,,,,,,,,,,非必需性消费,媒体及娱乐,,港股;非必需性消费;媒体及娱乐;消费,akshare_eastmoney_company_profile,2026-06-02T14:22:41.635885,common_stock,False,True,,,,
01004,HK,,,,,,,,,,,,,,,,,,公用事业,公用事业,,港股;公用事业;高股息,akshare_eastmoney_company_profile,2026-06-02T14:22:41.654352,common_stock,False,True,,,,
01005,HK,,,,,,,,,,,,,,,,,,非必需性消费,家庭电器及用品,,港股;非必需性消费;家庭电器及用品;消费,akshare_eastmoney_company_profile,2026-06-02T14:22:41.660621,common_stock,False,True,,,,
01007,HK,,,,,,,,,,,,,,,,,,非必需性消费,旅游及消闲设施,,港股;非必需性消费;旅游及消闲设施;消费,akshare_eastmoney_company_profile,2026-06-02T14:22:41.669548,common_stock,False,True,,,,
01008,HK,,,,,,,,,,,,,,,,,,工业,工用支援,,港股;工业;工用支援,akshare_eastmoney_company_profile,2026-06-02T14:22:41.688883,common_stock,False,True,,,,
01009,HK,,,,,,,,,,,,,,,,,,非必需性消费,旅游及消闲设施,,港股;非必需性消费;旅游及消闲设施;消费,akshare_eastmoney_company_profile,2026-06-02T14:22:41.804650,common_stock,False,True,,,,
01010,HK,,,,,,,,,,,,,,,,,,工业,工业工程,,港股;工业;工业工程,akshare_eastmoney_company_profile,2026-06-02T14:22:41.836402,common_stock,False,True,,,,
01011,HK,,,,,,,,,,,,,,,,,,医疗保健业,药品及生物科技,,港股;医疗保健业;药品及生物科技;医药医疗,akshare_eastmoney_company_profile,2026-06-02T14:22:41.847801,common_stock,False,True,,,,
01013,HK,,,,,,,,,,,,,,,,,,资讯科技业,资讯科技器材,,港股;资讯科技业;资讯科技器材;科技,akshare_eastmoney_company_profile,2026-06-02T14:22:41.855746,common_stock,False,True,,,,
01020,HK,,,,,,,,,,,,,,,,,,资讯科技业,软件服务,,港股;资讯科技业;软件服务;科技,akshare_eastmoney_company_profile,2026-06-02T14:22:41.858445,common_stock,False,True,,,,
01021,HK,,,,,,,,,,,,,,,,,,工业,工业工程,,港股;工业;工业工程,akshare_eastmoney_company_profile,2026-06-02T14:22:41.869549,common_stock,False,True,,,,
01022,HK,,,,,,,,,,,,,,,,,,资讯科技业,软件服务,,港股;资讯科技业;软件服务;科技,akshare_eastmoney_company_profile,2026-06-02T14:22:41.867881,common_stock,False,True,,,,
01023,HK,,,,,,,,,,,,,,,,,,非必需性消费,纺织及服饰,,港股;非必需性消费;纺织及服饰;消费,akshare_eastmoney_company_profile,2026-06-02T14:22:41.885885,common_stock,False,True,,,,
01024,HK,,,,,,,,,,,,,,,,,,非必需性消费,媒体及娱乐,,港股;非必需性消费;媒体及娱乐;消费,akshare_eastmoney_company_profile,2026-06-02T14:22:41.943661,common_stock,False,True,,,,
01025,HK,,,,,,,,,,,,,,,,,,非必需性消费,纺织及服饰,,港股;非必需性消费;纺织及服饰;消费,akshare_eastmoney_company_profile,2026-06-02T14:22:41.962713,common_stock,False,True,,,,
01026,HK,,,,,,,,,,,,,,,,,,公用事业,公用事业,,港股;公用事业;高股息,akshare_eastmoney_company_profile,2026-06-02T14:22:42.012038,common_stock,False,True,,,,
01027,HK,,,,,,,,,,,,,,,,,,非必需性消费,家庭电器及用品,,港股;非必需性消费;家庭电器及用品;消费,akshare_eastmoney_company_profile,2026-06-02T14:22:42.021467,common_stock,False,True,,,,
01028,HK,,,,,,,,,,,,,,,,,,非必需性消费,纺织及服饰,,港股;非必需性消费;纺织及服饰;消费,akshare_eastmoney_company_profile,2026-06-02T14:22:42.070216,common_stock,False,True,,,,
01029,HK,,,,,,,,,,,,,,,,,,原材料业,一般金属及矿石,,港股;原材料业;一般金属及矿石;资源材料,akshare_eastmoney_company_profile,2026-06-02T14:22:42.068497,common_stock,False,True,,,,
01030,HK,,,,,,,,,,,,,,,,,,地产业,地产,,港股;地产业;地产;房地产,akshare_eastmoney_company_profile,2026-06-02T14:22:42.073340,common_stock,False,True,,,,
01033,HK,,,,,,,,,,,,,,,,,,能源业,石油及天然气,,港股;能源业;石油及天然气;资源能源,akshare_eastmoney_company_profile,2026-06-02T14:22:42.114535,common_stock,False,True,,,,
01036,HK,,,,,,,,,,,,,,,,,,地产业,地产,,港股;地产业;地产;房地产,akshare_eastmoney_company_profile,2026-06-02T14:22:42.125948,common_stock,False,True,,,,
01037,HK,,,,,,,,,,,,,,,,,,资讯科技业,软件服务,,港股;资讯科技业;软件服务;科技,akshare_eastmoney_company_profile,2026-06-02T14:22:42.123595,common_stock,False,True,,,,
01038,HK,,,,,,,,,,,,,,,,,,公用事业,公用事业,,港股;公用事业;高股息,akshare_eastmoney_company_profile,2026-06-02T14:22:42.150444,common_stock,False,True,,,,
01039,HK,,,,,,,,,,,,,,,,,,金融业,其他金融,,港股;金融业;其他金融;金融服务,akshare_eastmoney_company_profile,2026-06-02T14:22:42.144058,common_stock,False,True,,,,
01044,HK,,,,,,,,,,,,,,,,,,非必需性消费,消费者主要零售商,,港股;非必需性消费;消费者主要零售商;消费,akshare_eastmoney_company_profile,2026-06-02T14:22:42.191088,common_stock,False,True,,,,
01045,HK,,,,,,,,,,,,,,,,,,电讯业,电讯,,港股;电讯业;电讯,akshare_eastmoney_company_profile,2026-06-02T14:22:42.193897,common_stock,False,True,,,,
01046,HK,,,,,,,,,,,,,,,,,,非必需性消费,媒体及娱乐,,港股;非必需性消费;媒体及娱乐;消费,akshare_eastmoney_company_profile,2026-06-02T14:22:42.315573,common_stock,False,True,,,,
01047,HK,,,,,,,,,,,,,,,,,,原材料业,原材料,,港股;原材料业;原材料;资源材料,akshare_eastmoney_company_profile,2026-06-02T14:22:42.279785,common_stock,False,True,,,,
01049,HK,,,,,,,,,,,,,,,,,,非必需性消费,专业零售,,港股;非必需性消费;专业零售;消费,akshare_eastmoney_company_profile,2026-06-02T14:22:42.332978,common_stock,False,True,,,,
01050,HK,,,,,,,,,,,,,,,,,,资讯科技业,资讯科技器材,,港股;资讯科技业;资讯科技器材;科技,akshare_eastmoney_company_profile,2026-06-02T14:22:42.312993,common_stock,False,True,,,,
01051,HK,,,,,,,,,,,,,,,,,,金融业,其他金融,,港股;金融业;其他金融;金融服务,akshare_eastmoney_company_profile,2026-06-02T14:22:42.334760,common_stock,False,True,,,,
01052,HK,,,,,,,,,,,,,,,,,,工业,工用运输,,港股;工业;工用运输,akshare_eastmoney_company_profile,2026-06-02T14:22:42.336821,common_stock,False,True,,,,
01053,HK,,,,,,,,,,,,,,,,,,原材料业,一般金属及矿石,,港股;原材料业;一般金属及矿石;资源材料,akshare_eastmoney_company_profile,2026-06-02T14:22:42.345619,common_stock,False,True,,,,
01055,HK,,,,,,,,,,,,,,,,,,非必需性消费,旅游及消闲设施,,港股;非必需性消费;旅游及消闲设施;消费,akshare_eastmoney_company_profile,2026-06-02T14:22:42.351505,common_stock,False,True,,,,
01057,HK,,,,,,,,,,,,,,,,,,非必需性消费,汽车,,港股;非必需性消费;汽车;消费,akshare_eastmoney_company_profile,2026-06-02T14:22:42.378609,common_stock,False,True,,,,
01058,HK,,,,,,,,,,,,,,,,,,非必需性消费,纺织及服饰,,港股;非必需性消费;纺织及服饰;消费,akshare_eastmoney_company_profile,2026-06-02T14:22:42.422305,common_stock,False,True,,,,
01059,HK,,,,,,,,,,,,,,,,,,资讯科技业,软件服务,,港股;资讯科技业;软件服务;科技,akshare_eastmoney_company_profile,2026-06-02T14:22:42.432737,common_stock,False,True,,,,
01060,HK,,,,,,,,,,,,,,,,,,非必需性消费,媒体及娱乐,,港股;非必需性消费;媒体及娱乐;消费,akshare_eastmoney_company_profile,2026-06-02T14:22:42.998326,common_stock,False,True,,,,
01061,HK,,,,,,,,,,,,,,,,,,医疗保健业,药品及生物科技,,港股;医疗保健业;药品及生物科技;医药医疗,akshare_eastmoney_company_profile,2026-06-02T14:22:42.766093,common_stock,False,True,,,,
01062,HK,,,,,,,,,,,,,,,,,,金融业,其他金融,,港股;金融业;其他金融;金融服务,akshare_eastmoney_company_profile,2026-06-02T14:22:42.532562,common_stock,False,True,,,,
01063,HK,,,,,,,,,,,,,,,,,,资讯科技业,资讯科技器材,,港股;资讯科技业;资讯科技器材;科技,akshare_eastmoney_company_profile,2026-06-02T14:22:42.542818,common_stock,False,True,,,,
01064,HK,,,,,,,,,,,,,,,,,,地产业,地产,,港股;地产业;地产;房地产,akshare_eastmoney_company_profile,2026-06-02T14:22:43.004579,common_stock,False,True,,,,
01065,HK,,,,,,,,,,,,,,,,,,公用事业,公用事业,,港股;公用事业;高股息,akshare_eastmoney_company_profile,2026-06-02T14:22:42.545665,common_stock,False,True,,,,
01066,HK,,,,,,,,,,,,,,,,,,医疗保健业,其他医疗保健,,港股;医疗保健业;其他医疗保健;医药医疗,akshare_eastmoney_company_profile,2026-06-02T14:22:42.672710,common_stock,False,True,,,,
01068,HK,,,,,,,,,,,,,,,,,,必需性消费,农业产品,,港股;必需性消费;农业产品,akshare_eastmoney_company_profile,2026-06-02T14:22:42.763552,common_stock,False,True,,,,
01069,HK,,,,,,,,,,,,,,,,,,原材料业,原材料,,港股;原材料业;原材料;资源材料,akshare_eastmoney_company_profile,2026-06-02T14:22:42.634679,common_stock,False,True,,,,
01070,HK,,,,,,,,,,,,,,,,,,非必需性消费,家庭电器及用品,,港股;非必需性消费;家庭电器及用品;消费,akshare_eastmoney_company_profile,2026-06-02T14:22:42.637069,common_stock,False,True,,,,
01071,HK,,,,,,,,,,,,,,,,,,公用事业,公用事业,,港股;公用事业;高股息,akshare_eastmoney_company_profile,2026-06-02T14:22:42.631757,common_stock,False,True,,,,
01072,HK,,,,,,,,,,,,,,,,,,工业,工业工程,,港股;工业;工业工程,akshare_eastmoney_company_profile,2026-06-02T14:22:42.772028,common_stock,False,True,,,,
01073,HK,,,,,,,,,,,,,,,,,,金融业,其他金融,,港股;金融业;其他金融;金融服务,akshare_eastmoney_company_profile,2026-06-02T14:22:42.769758,common_stock,False,True,,,,
01075,HK,,,,,,,,,,,,,,,,,,资讯科技业,软件服务,,港股;资讯科技业;软件服务;科技,akshare_eastmoney_company_profile,2026-06-02T14:22:42.786356,common_stock,False,True,,,,
01079,HK,,,,,,,,,,,,,,,,,,资讯科技业,资讯科技器材,,港股;资讯科技业;资讯科技器材;科技,akshare_eastmoney_company_profile,2026-06-02T14:22:42.776145,common_stock,False,True,,,,
01080,HK,,,,,,,,,,,,,,,,,,能源业,石油及天然气,,港股;能源业;石油及天然气;资源能源,akshare_eastmoney_company_profile,2026-06-02T14:22:42.864217,common_stock,False,True,,,,
01082,HK,,,,,,,,,,,,,,,,,,非必需性消费,支援服务,,港股;非必需性消费;支援服务,akshare_eastmoney_company_profile,2026-06-02T14:22:42.986881,common_stock,False,True,,,,
01083,HK,,,,,,,,,,,,,,,,,,公用事业,公用事业,,港股;公用事业;高股息,akshare_eastmoney_company_profile,2026-06-02T14:22:42.873041,common_stock,False,True,,,,
01084,HK,,,,,,,,,,,,,,,,,,必需性消费,食物饮品,,港股;必需性消费;食物饮品,akshare_eastmoney_company_profile,2026-06-02T14:22:42.944405,common_stock,False,True,,,,
01085,HK,,,,,,,,,,,,,,,,,,资讯科技业,资讯科技器材,,港股;资讯科技业;资讯科技器材;科技,akshare_eastmoney_company_profile,2026-06-02T14:22:43.080039,common_stock,False,True,,,,
01086,HK,,,,,,,,,,,,,,,,,,非必需性消费,家庭电器及用品,,港股;非必需性消费;家庭电器及用品;消费,akshare_eastmoney_company_profile,2026-06-02T14:22:42.940935,common_stock,False,True,,,,
01087,HK,,,,,,,,,,,,,,,,,,资讯科技业,资讯科技器材,,港股;资讯科技业;资讯科技器材;科技,akshare_eastmoney_company_profile,2026-06-02T14:22:42.956549,common_stock,False,True,,,,
01088,HK,,,,,,,,,,,,,,,,,,能源业,煤炭,,港股;能源业;煤炭;资源能源,akshare_eastmoney_company_profile,2026-06-02T14:22:42.968922,common_stock,False,True,,,,
01090,HK,,,,,,,,,,,,,,,,,,原材料业,一般金属及矿石,,港股;原材料业;一般金属及矿石;资源材料,akshare_eastmoney_company_profile,2026-06-02T14:22:43.031583,common_stock,False,True,,,,
01091,HK,,,,,,,,,,,,,,,,,,原材料业,一般金属及矿石,,港股;原材料业;一般金属及矿石;资源材料,akshare_eastmoney_company_profile,2026-06-02T14:22:43.066766,common_stock,False,True,,,,
01093,HK,,,,,,,,,,,,,,,,,,医疗保健业,药品及生物科技,,港股;医疗保健业;药品及生物科技;医药医疗,akshare_eastmoney_company_profile,2026-06-02T14:22:43.057690,common_stock,False,True,,,,
01094,HK,,,,,,,,,,,,,,,,,,资讯科技业,软件服务,,港股;资讯科技业;软件服务;科技,akshare_eastmoney_company_profile,2026-06-02T14:22:43.073745,common_stock,False,True,,,,
01097,HK,,,,,,,,,,,,,,,,,,非必需性消费,媒体及娱乐,,港股;非必需性消费;媒体及娱乐;消费,akshare_eastmoney_company_profile,2026-06-02T14:22:43.236320,common_stock,False,True,,,,
01098,HK,,,,,,,,,,,,,,,,,,地产业,地产,,港股;地产业;地产;房地产,akshare_eastmoney_company_profile,2026-06-02T14:22:43.092717,common_stock,False,True,,,,
01099,HK,,,,,,,,,,,,,,,,,,医疗保健业,药品及生物科技,,港股;医疗保健业;药品及生物科技;医药医疗,akshare_eastmoney_company_profile,2026-06-02T14:22:43.259256,common_stock,False,True,,,,
01100,HK,,,,,,,,,,,,,,,,,,非必需性消费,纺织及服饰,,港股;非必需性消费;纺织及服饰;消费,akshare_eastmoney_company_profile,2026-06-02T14:22:43.121309,common_stock,False,True,,,,
01101,HK,,,,,,,,,,,,,,,,,,能源业,石油及天然气,,港股;能源业;石油及天然气;资源能源,akshare_eastmoney_company_profile,2026-06-02T14:22:43.167477,common_stock,False,True,,,,
01102,HK,,,,,,,,,,,,,,,,,,工业,建筑,,港股;工业;建筑,akshare_eastmoney_company_profile,2026-06-02T14:22:43.323022,common_stock,False,True,,,,
01104,HK,,,,,,,,,,,,,,,,,,原材料业,一般金属及矿石,,港股;原材料业;一般金属及矿石;资源材料,akshare_eastmoney_company_profile,2026-06-02T14:22:43.221456,common_stock,False,True,,,,
01105,HK,,,,,,,,,,,,,,,,,,非必需性消费,媒体及娱乐,,港股;非必需性消费;媒体及娱乐;消费,akshare_eastmoney_company_profile,2026-06-02T14:22:43.182450,common_stock,False,True,,,,
01107,HK,,,,,,,,,,,,,,,,,,地产业,地产,,港股;地产业;地产;房地产,akshare_eastmoney_company_profile,2026-06-02T14:22:43.228027,common_stock,False,True,,,,
01108,HK,,,,,,,,,,,,,,,,,,工业,工业工程,,港股;工业;工业工程,akshare_eastmoney_company_profile,2026-06-02T14:22:43.213412,common_stock,False,True,,,,
01109,HK,,,,,,,,,,,,,,,,,,地产业,地产,,港股;地产业;地产;房地产,akshare_eastmoney_company_profile,2026-06-02T14:22:43.524892,common_stock,False,True,,,,
01110,HK,,,,,,,,,,,,,,,,,,医疗保健业,药品及生物科技,,港股;医疗保健业;药品及生物科技;医药医疗,akshare_eastmoney_company_profile,2026-06-02T14:22:43.269887,common_stock,False,True,,,,
01111,HK,,,,,,,,,,,,,,,,,,非必需性消费,媒体及娱乐,,港股;非必需性消费;媒体及娱乐;消费,akshare_eastmoney_company_profile,2026-06-02T14:22:43.344730,common_stock,False,True,,,,
01112,HK,,,,,,,,,,,,,,,,,,医疗保健业,其他医疗保健,,港股;医疗保健业;其他医疗保健;医药医疗,akshare_eastmoney_company_profile,2026-06-02T14:22:43.302918,common_stock,False,True,,,,
01113,HK,,,,,,,,,,,,,,,,,,地产业,地产,,港股;地产业;地产;房地产,akshare_eastmoney_company_profile,2026-06-02T14:22:43.330478,common_stock,False,True,,,,
01114,HK,,,,,,,,,,,,,,,,,,非必需性消费,汽车,,港股;非必需性消费;汽车;消费,akshare_eastmoney_company_profile,2026-06-02T14:22:43.485293,common_stock,False,True,,,,
01115,HK,,,,,,,,,,,,,,,,,,必需性消费,食物饮品,,港股;必需性消费;食物饮品,akshare_eastmoney_company_profile,2026-06-02T14:22:43.355488,common_stock,False,True,,,,
01116,HK,,,,,,,,,,,,,,,,,,原材料业,一般金属及矿石,,港股;原材料业;一般金属及矿石;资源材料,akshare_eastmoney_company_profile,2026-06-02T14:22:43.358367,common_stock,False,True,,,,
01117,HK,,,,,,,,,,,,,,,,,,必需性消费,食物饮品,,港股;必需性消费;食物饮品,akshare_eastmoney_company_profile,2026-06-02T14:22:43.476012,common_stock,False,True,,,,
01118,HK,,,,,,,,,,,,,,,,,,工业,建筑,,港股;工业;建筑,akshare_eastmoney_company_profile,2026-06-02T14:22:43.413590,common_stock,False,True,,,,
01119,HK,,,,,,,,,,,,,,,,,,资讯科技业,软件服务,,港股;资讯科技业;软件服务;科技,akshare_eastmoney_company_profile,2026-06-02T14:22:43.483995,common_stock,False,True,,,,
01120,HK,,,,,,,,,,,,,,,,,,非必需性消费,纺织及服饰,,港股;非必需性消费;纺织及服饰;消费,akshare_eastmoney_company_profile,2026-06-02T14:22:43.482285,common_stock,False,True,,,,
01121,HK,,,,,,,,,,,,,,,,,,非必需性消费,纺织及服饰,,港股;非必需性消费;纺织及服饰;消费,akshare_eastmoney_company_profile,2026-06-02T14:22:43.449830,common_stock,False,True,,,,
01122,HK,,,,,,,,,,,,,,,,,,工业,工业工程,,港股;工业;工业工程,akshare_eastmoney_company_profile,2026-06-02T14:22:43.518628,common_stock,False,True,,,,
01123,HK,,,,,,,,,,,,,,,,,,非必需性消费,家庭电器及用品,,港股;非必需性消费;家庭电器及用品;消费,akshare_eastmoney_company_profile,2026-06-02T14:22:43.556741,common_stock,False,True,,,,
01124,HK,,,,,,,,,,,,,,,,,,地产业,地产,,港股;地产业;地产;房地产,akshare_eastmoney_company_profile,2026-06-02T14:22:43.649823,common_stock,False,True,,,,
01125,HK,,,,,,,,,,,,,,,,,,地产业,地产,,港股;地产业;地产;房地产,akshare_eastmoney_company_profile,2026-06-02T14:22:43.588801,common_stock,False,True,,,,
01126,HK,,,,,,,,,,,,,,,,,,非必需性消费,家庭电器及用品,,港股;非必需性消费;家庭电器及用品;消费,akshare_eastmoney_company_profile,2026-06-02T14:22:43.661950,common_stock,False,True,,,,
01127,HK,,,,,,,,,,,,,,,,,,工业,工用支援,,港股;工业;工用支援,akshare_eastmoney_company_profile,2026-06-02T14:22:43.665597,common_stock,False,True,,,,
01128,HK,,,,,,,,,,,,,,,,,,非必需性消费,旅游及消闲设施,,港股;非必需性消费;旅游及消闲设施;消费,akshare_eastmoney_company_profile,2026-06-02T14:22:43.667276,common_stock,False,True,,,,
01129,HK,,,,,,,,,,,,,,,,,,公用事业,公用事业,,港股;公用事业;高股息,akshare_eastmoney_company_profile,2026-06-02T14:22:43.695992,common_stock,False,True,,,,
01130,HK,,,,,,,,,,,,,,,,,,非必需性消费,汽车,,港股;非必需性消费;汽车;消费,akshare_eastmoney_company_profile,2026-06-02T14:22:43.694596,common_stock,False,True,,,,
01132,HK,,,,,,,,,,,,,,,,,,非必需性消费,媒体及娱乐,,港股;非必需性消费;媒体及娱乐;消费,akshare_eastmoney_company_profile,2026-06-02T14:22:43.705573,common_stock,False,True,,,,
01133,HK,,,,,,,,,,,,,,,,,,工业,工业工程,,港股;工业;工业工程,akshare_eastmoney_company_profile,2026-06-02T14:22:43.716980,common_stock,False,True,,,,
01134,HK,,,,,,,,,,,,,,,,,,非必需性消费,纺织及服饰,,港股;非必需性消费;纺织及服饰;消费,akshare_eastmoney_company_profile,2026-06-02T14:22:43.751564,common_stock,False,True,,,,
01137,HK,,,,,,,,,,,,,,,,,,非必需性消费,专业零售,,港股;非必需性消费;专业零售;消费,akshare_eastmoney_company_profile,2026-06-02T14:22:43.814681,common_stock,False,True,,,,
01138,HK,,,,,,,,,,,,,,,,,,工业,工用运输,,港股;工业;工用运输,akshare_eastmoney_company_profile,2026-06-02T14:22:43.852349,common_stock,False,True,,,,
01140,HK,,,,,,,,,,,,,,,,,,金融业,其他金融,,港股;金融业;其他金融;金融服务,akshare_eastmoney_company_profile,2026-06-02T14:22:43.863644,common_stock,False,True,,,,
01141,HK,,,,,,,,,,,,,,,,,,金融业,其他金融,,港股;金融业;其他金融;金融服务,akshare_eastmoney_company_profile,2026-06-02T14:22:43.901745,common_stock,False,True,,,,
01142,HK,,,,,,,,,,,,,,,,,,能源业,石油及天然气,,港股;能源业;石油及天然气;资源能源,akshare_eastmoney_company_profile,2026-06-02T14:22:43.891790,common_stock,False,True,,,,
01143,HK,,,,,,,,,,,,,,,,,,非必需性消费,家庭电器及用品,,港股;非必需性消费;家庭电器及用品;消费,akshare_eastmoney_company_profile,2026-06-02T14:22:43.909108,common_stock,False,True,,,,
01145,HK,,,,,,,,,,,,,,,,,,工业,工用运输,,港股;工业;工用运输,akshare_eastmoney_company_profile,2026-06-02T14:22:43.915548,common_stock,False,True,,,,
01146,HK,,,,,,,,,,,,,,,,,,非必需性消费,纺织及服饰,,港股;非必需性消费;纺织及服饰;消费,akshare_eastmoney_company_profile,2026-06-02T14:22:43.921606,common_stock,False,True,,,,
01147,HK,,,,,,,,,,,,,,,,,,资讯科技业,软件服务,,港股;资讯科技业;软件服务;科技,akshare_eastmoney_company_profile,2026-06-02T14:22:43.940756,common_stock,False,True,,,,
01148,HK,,,,,,,,,,,,,,,,,,非必需性消费,汽车,,港股;非必需性消费;汽车;消费,akshare_eastmoney_company_profile,2026-06-02T14:22:43.947260,common_stock,False,True,,,,
01150,HK,,,,,,,,,,,,,,,,,,非必需性消费,纺织及服饰,,港股;非必需性消费;纺织及服饰;消费,akshare_eastmoney_company_profile,2026-06-02T14:22:43.961851,common_stock,False,True,,,,
01152,HK,,,,,,,,,,,,,,,,,,必需性消费,食物饮品,,港股;必需性消费;食物饮品,akshare_eastmoney_company_profile,2026-06-02T14:22:43.985358,common_stock,False,True,,,,
01153,HK,,,,,,,,,,,,,,,,,,地产业,地产,,港股;地产业;地产;房地产,akshare_eastmoney_company_profile,2026-06-02T14:22:44.006750,common_stock,False,True,,,,
01156,HK,,,,,,,,,,,,,,,,,,工业,工业工程,,港股;工业;工业工程,akshare_eastmoney_company_profile,2026-06-02T14:22:44.017142,common_stock,False,True,,,,
01157,HK,,,,,,,,,,,,,,,,,,工业,工业工程,,港股;工业;工业工程,akshare_eastmoney_company_profile,2026-06-02T14:22:44.005041,common_stock,False,True,,,,
01159,HK,,,,,,,,,,,,,,,,,,非必需性消费,媒体及娱乐,,港股;非必需性消费;媒体及娱乐;消费,akshare_eastmoney_company_profile,2026-06-02T14:22:44.034151,common_stock,False,True,,,,
01160,HK,,,,,,,,,,,,,,,,,,金融业,其他金融,,港股;金融业;其他金融;金融服务,akshare_eastmoney_company_profile,2026-06-02T14:22:44.027928,common_stock,False,True,,,,
01161,HK,,,,,,,,,,,,,,,,,,医疗保健业,其他医疗保健,,港股;医疗保健业;其他医疗保健;医药医疗,akshare_eastmoney_company_profile,2026-06-02T14:22:44.036586,common_stock,False,True,,,,
01162,HK,,,,,,,,,,,,,,,,,,工业,建筑,,港股;工业;建筑,akshare_eastmoney_company_profile,2026-06-02T14:22:44.055126,common_stock,False,True,,,,
01163,HK,,,,,,,,,,,,,,,,,,非必需性消费,媒体及娱乐,,港股;非必需性消费;媒体及娱乐;消费,akshare_eastmoney_company_profile,2026-06-02T14:22:44.081249,common_stock,False,True,,,,
01164,HK,,,,,,,,,,,,,,,,,,原材料业,一般金属及矿石,,港股;原材料业;一般金属及矿石;资源材料,akshare_eastmoney_company_profile,2026-06-02T14:22:44.172878,common_stock,False,True,,,,
01165,HK,,,,,,,,,,,,,,,,,,公用事业,公用事业,,港股;公用事业;高股息,akshare_eastmoney_company_profile,2026-06-02T14:22:44.162179,common_stock,False,True,,,,
01166,HK,,,,,,,,,,,,,,,,,,原材料业,一般金属及矿石,,港股;原材料业;一般金属及矿石;资源材料,akshare_eastmoney_company_profile,2026-06-02T14:22:44.215384,common_stock,False,True,,,,
01167,HK,,,,,,,,,,,,,,,,,,医疗保健业,药品及生物科技,,港股;医疗保健业;药品及生物科技;医药医疗,akshare_eastmoney_company_profile,2026-06-02T14:22:44.256362,common_stock,False,True,,,,
01168,HK,,,,,,,,,,,,,,,,,,地产业,地产,,港股;地产业;地产;房地产,akshare_eastmoney_company_profile,2026-06-02T14:22:44.250268,common_stock,False,True,,,,
01170,HK,,,,,,,,,,,,,,,,,,非必需性消费,纺织及服饰,,港股;非必需性消费;纺织及服饰;消费,akshare_eastmoney_company_profile,2026-06-02T14:22:44.251700,common_stock,False,True,,,,
01171,HK,,,,,,,,,,,,,,,,,,能源业,煤炭,,港股;能源业;煤炭;资源能源,akshare_eastmoney_company_profile,2026-06-02T14:22:44.257424,common_stock,False,True,,,,
01172,HK,,,,,,,,,,,,,,,,,,工业,工用支援,,港股;工业;工用支援,akshare_eastmoney_company_profile,2026-06-02T14:22:44.269614,common_stock,False,True,,,,
01173,HK,,,,,,,,,,,,,,,,,,医疗保健业,其他医疗保健,,港股;医疗保健业;其他医疗保健;医药医疗,akshare_eastmoney_company_profile,2026-06-02T14:22:44.395945,common_stock,False,True,,,,
01176,HK,,,,,,,,,,,,,,,,,,地产业,地产,,港股;地产业;地产;房地产,akshare_eastmoney_company_profile,2026-06-02T14:22:44.290357,common_stock,False,True,,,,
01177,HK,,,,,,,,,,,,,,,,,,医疗保健业,药品及生物科技,,港股;医疗保健业;药品及生物科技;医药医疗,akshare_eastmoney_company_profile,2026-06-02T14:22:44.363774,common_stock,False,True,,,,
01179,HK,,,,,,,,,,,,,,,,,,非必需性消费,旅游及消闲设施,,港股;非必需性消费;旅游及消闲设施;消费,akshare_eastmoney_company_profile,2026-06-02T14:22:44.467607,common_stock,False,True,,,,
01180,HK,,,,,,,,,,,,,,,,,,非必需性消费,旅游及消闲设施,,港股;非必需性消费;旅游及消闲设施;消费,akshare_eastmoney_company_profile,2026-06-02T14:22:44.354261,common_stock,False,True,,,,
01181,HK,,,,,,,,,,,,,,,,,,非必需性消费,旅游及消闲设施,,港股;非必需性消费;旅游及消闲设施;消费,akshare_eastmoney_company_profile,2026-06-02T14:22:44.447195,common_stock,False,True,,,,
01182,HK,,,,,,,,,,,,,,,,,,原材料业,黄金及贵金属,,港股;原材料业;黄金及贵金属;资源材料,akshare_eastmoney_company_profile,2026-06-02T14:22:44.449913,common_stock,False,True,,,,
01183,HK,,,,,,,,,,,,,,,,,,工业,建筑,,港股;工业;建筑,akshare_eastmoney_company_profile,2026-06-02T14:22:44.591853,common_stock,False,True,,,,
01184,HK,,,,,,,,,,,,,,,,,,工业,工业工程,,港股;工业;工业工程,akshare_eastmoney_company_profile,2026-06-02T14:22:44.469485,common_stock,False,True,,,,
01186,HK,,,,,,,,,,,,,,,,,,工业,建筑,,港股;工业;建筑,akshare_eastmoney_company_profile,2026-06-02T14:22:44.489107,common_stock,False,True,,,,
01187,HK,,,,,,,,,,,,,,,,,,医疗保健业,其他医疗保健,,港股;医疗保健业;其他医疗保健;医药医疗,akshare_eastmoney_company_profile,2026-06-02T14:22:44.486750,common_stock,False,True,,,,
01188,HK,,,,,,,,,,,,,,,,,,非必需性消费,汽车,,港股;非必需性消费;汽车;消费,akshare_eastmoney_company_profile,2026-06-02T14:22:44.483268,common_stock,False,True,,,,
01189,HK,,,,,,,,,,,,,,,,,,非必需性消费,旅游及消闲设施,,港股;非必需性消费;旅游及消闲设施;消费,akshare_eastmoney_company_profile,2026-06-02T14:22:44.861630,common_stock,False,True,,,,
01193,HK,,,,,,,,,,,,,,,,,,公用事业,公用事业,,港股;公用事业;高股息,akshare_eastmoney_company_profile,2026-06-02T14:22:44.724423,common_stock,False,True,,,,
01195,HK,,,,,,,,,,,,,,,,,,地产业,地产,,港股;地产业;地产;房地产,akshare_eastmoney_company_profile,2026-06-02T14:22:44.610776,common_stock,False,True,,,,
01196,HK,,,,,,,,,,,,,,,,,,工业,工业工程,,港股;工业;工业工程,akshare_eastmoney_company_profile,2026-06-02T14:22:44.619915,common_stock,False,True,,,,
01198,HK,,,,,,,,,,,,,,,,,,非必需性消费,家庭电器及用品,,港股;非必需性消费;家庭电器及用品;消费,akshare_eastmoney_company_profile,2026-06-02T14:22:44.649759,common_stock,False,True,,,,
01199,HK,,,,,,,,,,,,,,,,,,工业,工用运输,,港股;工业;工用运输,akshare_eastmoney_company_profile,2026-06-02T14:22:44.680211,common_stock,False,True,,,,
01200,HK,,,,,,,,,,,,,,,,,,地产业,地产,,港股;地产业;地产;房地产,akshare_eastmoney_company_profile,2026-06-02T14:22:44.707402,common_stock,False,True,,,,
01201,HK,,,,,,,,,,,,,,,,,,工业,工业工程,,港股;工业;工业工程,akshare_eastmoney_company_profile,2026-06-02T14:22:44.692372,common_stock,False,True,,,,
01202,HK,,,,,,,,,,,,,,,,,,资讯科技业,资讯科技器材,,港股;资讯科技业;资讯科技器材;科技,akshare_eastmoney_company_profile,2026-06-02T14:22:44.694855,common_stock,False,True,,,,
01203,HK,,,,,,,,,,,,,,,,,,必需性消费,农业产品,,港股;必需性消费;农业产品,akshare_eastmoney_company_profile,2026-06-02T14:22:44.782216,common_stock,False,True,,,,
01204,HK,,,,,,,,,,,,,,,,,,资讯科技业,软件服务,,港股;资讯科技业;软件服务;科技,akshare_eastmoney_company_profile,2026-06-02T14:22:44.888260,common_stock,False,True,,,,
01205,HK,,,,,,,,,,,,,,,,,,能源业,石油及天然气,,港股;能源业;石油及天然气;资源能源,akshare_eastmoney_company_profile,2026-06-02T14:22:44.926881,common_stock,False,True,,,,
01206,HK,,,,,,,,,,,,,,,,,,资讯科技业,软件服务,,港股;资讯科技业;软件服务;科技,akshare_eastmoney_company_profile,2026-06-02T14:22:44.810836,common_stock,False,True,,,,
01208,HK,,,,,,,,,,,,,,,,,,原材料业,一般金属及矿石,,港股;原材料业;一般金属及矿石;资源材料,akshare_eastmoney_company_profile,2026-06-02T14:22:44.827392,common_stock,False,True,,,,
01209,HK,,,,,,,,,,,,,,,,,,地产业,地产,,港股;地产业;地产;房地产,akshare_eastmoney_company_profile,2026-06-02T14:22:44.835871,common_stock,False,True,,,,
01211,HK,,,,,,,,,,,,,,,,,,非必需性消费,汽车,,港股;非必需性消费;汽车;消费,akshare_eastmoney_company_profile,2026-06-02T14:22:44.847118,common_stock,False,True,,,,
01213,HK,,,,,,,,,,,,,,,,,,工业,工业工程,,港股;工业;工业工程,akshare_eastmoney_company_profile,2026-06-02T14:22:44.874547,common_stock,False,True,,,,
01215,HK,,,,,,,,,,,,,,,,,,非必需性消费,旅游及消闲设施,,港股;非必需性消费;旅游及消闲设施;消费,akshare_eastmoney_company_profile,2026-06-02T14:22:44.903371,common_stock,False,True,,,,
01216,HK,,,,,,,,,,,,,,,,,,金融业,银行,,港股;金融业;银行;金融服务,akshare_eastmoney_company_profile,2026-06-02T14:22:44.913139,common_stock,False,True,,,,
01217,HK,,,,,,,,,,,,,,,,,,金融业,其他金融,,港股;金融业;其他金融;金融服务,akshare_eastmoney_company_profile,2026-06-02T14:22:44.920593,common_stock,False,True,,,,
01218,HK,,,,,,,,,,,,,,,,,,地产业,地产,,港股;地产业;地产;房地产,akshare_eastmoney_company_profile,2026-06-02T14:22:45.013546,common_stock,False,True,,,,
01220,HK,,,,,,,,,,,,,,,,,,工业,建筑,,港股;工业;建筑,akshare_eastmoney_company_profile,2026-06-02T14:22:44.971007,common_stock,False,True,,,,
01221,HK,,,,,,,,,,,,,,,,,,非必需性消费,旅游及消闲设施,,港股;非必需性消费;旅游及消闲设施;消费,akshare_eastmoney_company_profile,2026-06-02T14:22:44.962504,common_stock,False,True,,,,
01222,HK,,,,,,,,,,,,,,,,,,综合企业,综合企业,,港股;综合企业,akshare_eastmoney_company_profile,2026-06-02T14:22:44.991963,common_stock,False,True,,,,
01223,HK,,,,,,,,,,,,,,,,,,非必需性消费,专业零售,,港股;非必需性消费;专业零售;消费,akshare_eastmoney_company_profile,2026-06-02T14:22:45.001945,common_stock,False,True,,,,
01224,HK,,,,,,,,,,,,,,,,,,地产业,地产,,港股;地产业;地产;房地产,akshare_eastmoney_company_profile,2026-06-02T14:22:45.000469,common_stock,False,True,,,,
01225,HK,,,,,,,,,,,,,,,,,,金融业,其他金融,,港股;金融业;其他金融;金融服务,akshare_eastmoney_company_profile,2026-06-02T14:22:45.017509,common_stock,False,True,,,,
01226,HK,,,,,,,,,,,,,,,,,,金融业,其他金融,,港股;金融业;其他金融;金融服务,akshare_eastmoney_company_profile,2026-06-02T14:22:45.015646,common_stock,False,True,,,,
01228,HK,,,,,,,,,,,,,,,,,,医疗保健业,药品及生物科技,,港股;医疗保健业;药品及生物科技;医药医疗,akshare_eastmoney_company_profile,2026-06-02T14:22:45.054375,common_stock,False,True,,,,
01229,HK,,,,,,,,,,,,,,,,,,能源业,煤炭,,港股;能源业;煤炭;资源能源,akshare_eastmoney_company_profile,2026-06-02T14:22:45.082411,common_stock,False,True,,,,
01231,HK,,,,,,,,,,,,,,,,,,原材料业,一般金属及矿石,,港股;原材料业;一般金属及矿石;资源材料,akshare_eastmoney_company_profile,2026-06-02T14:22:45.091259,common_stock,False,True,,,,
01232,HK,,,,,,,,,,,,,,,,,,地产业,地产,,港股;地产业;地产;房地产,akshare_eastmoney_company_profile,2026-06-02T14:22:45.180058,common_stock,False,True,,,,
01233,HK,,,,,,,,,,,,,,,,,,地产业,地产,,港股;地产业;地产;房地产,akshare_eastmoney_company_profile,2026-06-02T14:22:45.152916,common_stock,False,True,,,,
01234,HK,,,,,,,,,,,,,,,,,,非必需性消费,纺织及服饰,,港股;非必需性消费;纺织及服饰;消费,akshare_eastmoney_company_profile,2026-06-02T14:22:45.273549,common_stock,False,True,,,,
01235,HK,,,,,,,,,,,,,,,,,,非必需性消费,旅游及消闲设施,,港股;非必需性消费;旅游及消闲设施;消费,akshare_eastmoney_company_profile,2026-06-02T14:22:45.233054,common_stock,False,True,,,,
01236,HK,,,,,,,,,,,,,,,,,,资讯科技业,软件服务,,港股;资讯科技业;软件服务;科技,akshare_eastmoney_company_profile,2026-06-02T14:22:45.221687,common_stock,False,True,,,,
01237,HK,,,,,,,,,,,,,,,,,,非必需性消费,家庭电器及用品,,港股;非必需性消费;家庭电器及用品;消费,akshare_eastmoney_company_profile,2026-06-02T14:22:45.234548,common_stock,False,True,,,,
01238,HK,,,,,,,,,,,,,,,,,,地产业,地产,,港股;地产业;地产;房地产,akshare_eastmoney_company_profile,2026-06-02T14:22:45.263085,common_stock,False,True,,,,
01239,HK,,,,,,,,,,,,,,,,,,工业,工用支援,,港股;工业;工用支援,akshare_eastmoney_company_profile,2026-06-02T14:22:45.252374,common_stock,False,True,,,,
01240,HK,,,,,,,,,,,,,,,,,,工业,建筑,,港股;工业;建筑,akshare_eastmoney_company_profile,2026-06-02T14:22:45.374144,common_stock,False,True,,,,
01241,HK,,,,,,,,,,,,,,,,,,必需性消费,食物饮品,,港股;必需性消费;食物饮品,akshare_eastmoney_company_profile,2026-06-02T14:22:45.389599,common_stock,False,True,,,,
01243,HK,,,,,,,,,,,,,,,,,,地产业,地产,,港股;地产业;地产;房地产,akshare_eastmoney_company_profile,2026-06-02T14:22:45.327221,common_stock,False,True,,,,
01244,HK,,,,,,,,,,,,,,,,,,医疗保健业,药品及生物科技,,港股;医疗保健业;药品及生物科技;医药医疗,akshare_eastmoney_company_profile,2026-06-02T14:22:45.362056,common_stock,False,True,,,,
01245,HK,,,,,,,,,,,,,,,,,,非必需性消费,旅游及消闲设施,,港股;非必需性消费;旅游及消闲设施;消费,akshare_eastmoney_company_profile,2026-06-02T14:22:45.382045,common_stock,False,True,,,,
01246,HK,,,,,,,,,,,,,,,,,,地产业,地产,,港股;地产业;地产;房地产,akshare_eastmoney_company_profile,2026-06-02T14:22:45.397339,common_stock,False,True,,,,
01247,HK,,,,,,,,,,,,,,,,,,非必需性消费,纺织及服饰,,港股;非必需性消费;纺织及服饰;消费,akshare_eastmoney_company_profile,2026-06-02T14:22:45.403423,common_stock,False,True,,,,
01250,HK,,,,,,,,,,,,,,,,,,公用事业,公用事业,,港股;公用事业;高股息,akshare_eastmoney_company_profile,2026-06-02T14:22:45.433048,common_stock,False,True,,,,
01251,HK,,,,,,,,,,,,,,,,,,能源业,石油及天然气,,港股;能源业;石油及天然气;资源能源,akshare_eastmoney_company_profile,2026-06-02T14:22:45.446975,common_stock,False,True,,,,
01252,HK,,,,,,,,,,,,,,,,,,工业,建筑,,港股;工业;建筑,akshare_eastmoney_company_profile,2026-06-02T14:22:45.598097,common_stock,False,True,,,,
01253,HK,,,,,,,,,,,,,,,,,,工业,建筑,,港股;工业;建筑,akshare_eastmoney_company_profile,2026-06-02T14:22:45.548062,common_stock,False,True,,,,
01255,HK,,,,,,,,,,,,,,,,,,非必需性消费,专业零售,,港股;非必需性消费;专业零售;消费,akshare_eastmoney_company_profile,2026-06-02T14:22:45.477467,common_stock,False,True,,,,
01257,HK,,,,,,,,,,,,,,,,,,公用事业,公用事业,,港股;公用事业;高股息,akshare_eastmoney_company_profile,2026-06-02T14:22:45.466228,common_stock,False,True,,,,
01258,HK,,,,,,,,,,,,,,,,,,原材料业,一般金属及矿石,,港股;原材料业;一般金属及矿石;资源材料,akshare_eastmoney_company_profile,2026-06-02T14:22:45.564320,common_stock,False,True,,,,
01259,HK,,,,,,,,,,,,,,,,,,必需性消费,食物饮品,,港股;必需性消费;食物饮品,akshare_eastmoney_company_profile,2026-06-02T14:22:45.549733,common_stock,False,True,,,,
01260,HK,,,,,,,,,,,,,,,,,,金融业,其他金融,,港股;金融业;其他金融;金融服务,akshare_eastmoney_company_profile,2026-06-02T14:22:45.520183,common_stock,False,True,,,,
01262,HK,,,,,,,,,,,,,,,,,,必需性消费,食物饮品,,港股;必需性消费;食物饮品,akshare_eastmoney_company_profile,2026-06-02T14:22:45.617634,common_stock,False,True,,,,
01265,HK,,,,,,,,,,,,,,,,,,公用事业,公用事业,,港股;公用事业;高股息,akshare_eastmoney_company_profile,2026-06-02T14:22:45.701396,common_stock,False,True,,,,
01268,HK,,,,,,,,,,,,,,,,,,非必需性消费,专业零售,,港股;非必需性消费;专业零售;消费,akshare_eastmoney_company_profile,2026-06-02T14:22:45.619035,common_stock,False,True,,,,
01269,HK,,,,,,,,,,,,,,,,,,非必需性消费,汽车,,港股;非必需性消费;汽车;消费,akshare_eastmoney_company_profile,2026-06-02T14:22:45.658195,common_stock,False,True,,,,
01270,HK,,,,,,,,,,,,,,,,,,非必需性消费,旅游及消闲设施,,港股;非必需性消费;旅游及消闲设施;消费,akshare_eastmoney_company_profile,2026-06-02T14:22:45.684498,common_stock,False,True,,,,
01271,HK,,,,,,,,,,,,,,,,,,地产业,地产,,港股;地产业;地产;房地产,akshare_eastmoney_company_profile,2026-06-02T14:22:45.676745,common_stock,False,True,,,,
01272,HK,,,,,,,,,,,,,,,,,,工业,工业工程,,港股;工业;工业工程,akshare_eastmoney_company_profile,2026-06-02T14:22:45.698858,common_stock,False,True,,,,
01273,HK,,,,,,,,,,,,,,,,,,金融业,其他金融,,港股;金融业;其他金融;金融服务,akshare_eastmoney_company_profile,2026-06-02T14:22:45.692209,common_stock,False,True,,,,
01274,HK,,,,,,,,,,,,,,,,,,资讯科技业,软件服务,,港股;资讯科技业;软件服务;科技,akshare_eastmoney_company_profile,2026-06-02T14:22:45.728093,common_stock,False,True,,,,
01276,HK,,,,,,,,,,,,,,,,,,医疗保健业,药品及生物科技,,港股;医疗保健业;药品及生物科技;医药医疗,akshare_eastmoney_company_profile,2026-06-02T14:22:45.796660,common_stock,False,True,,,,
01277,HK,,,,,,,,,,,,,,,,,,能源业,煤炭,,港股;能源业;煤炭;资源能源,akshare_eastmoney_company_profile,2026-06-02T14:22:45.754511,common_stock,False,True,,,,
01278,HK,,,,,,,,,,,,,,,,,,地产业,地产,,港股;地产业;地产;房地产,akshare_eastmoney_company_profile,2026-06-02T14:22:45.779038,common_stock,False,True,,,,
01280,HK,,,,,,,,,,,,,,,,,,非必需性消费,家庭电器及用品,,港股;非必需性消费;家庭电器及用品;消费,akshare_eastmoney_company_profile,2026-06-02T14:22:45.776249,common_stock,False,True,,,,
01281,HK,,,,,,,,,,,,,,,,,,公用事业,公用事业,,港股;公用事业;高股息,akshare_eastmoney_company_profile,2026-06-02T14:22:45.774769,common_stock,False,True,,,,
01282,HK,,,,,,,,,,,,,,,,,,金融业,其他金融,,港股;金融业;其他金融;金融服务,akshare_eastmoney_company_profile,2026-06-02T14:22:45.798061,common_stock,False,True,,,,
01283,HK,,,,,,,,,,,,,,,,,,工业,建筑,,港股;工业;建筑,akshare_eastmoney_company_profile,2026-06-02T14:22:45.799933,common_stock,False,True,,,,
01284,HK,,,,,,,,,,,,,,,,,,非必需性消费,媒体及娱乐,,港股;非必需性消费;媒体及娱乐;消费,akshare_eastmoney_company_profile,2026-06-02T14:22:45.824649,common_stock,False,True,,,,
01285,HK,,,,,,,,,,,,,,,,,,必需性消费,食物饮品,,港股;必需性消费;食物饮品,akshare_eastmoney_company_profile,2026-06-02T14:22:45.842731,common_stock,False,True,,,,
01286,HK,,,,,,,,,,,,,,,,,,工业,工业工程,,港股;工业;工业工程,akshare_eastmoney_company_profile,2026-06-02T14:22:45.989790,common_stock,False,True,,,,
01288,HK,,,,,,,,,,,,,,,,,,金融业,银行,,港股;金融业;银行;金融服务,akshare_eastmoney_company_profile,2026-06-02T14:22:45.986907,common_stock,False,True,,,,
01289,HK,,,,,,,,,,,,,,,,,,工业,工业工程,,港股;工业;工业工程,akshare_eastmoney_company_profile,2026-06-02T14:22:45.975963,common_stock,False,True,,,,
01290,HK,,,,,,,,,,,,,,,,,,金融业,其他金融,,港股;金融业;其他金融;金融服务,akshare_eastmoney_company_profile,2026-06-02T14:22:46.031013,common_stock,False,True,,,,
01292,HK,,,,,,,,,,,,,,,,,,工业,工用运输,,港股;工业;工用运输,akshare_eastmoney_company_profile,2026-06-02T14:22:46.014291,common_stock,False,True,,,,
01293,HK,,,,,,,,,,,,,,,,,,非必需性消费,专业零售,,港股;非必需性消费;专业零售;消费,akshare_eastmoney_company_profile,2026-06-02T14:22:46.029338,common_stock,False,True,,,,
01298,HK,,,,,,,,,,,,,,,,,,医疗保健业,其他医疗保健,,港股;医疗保健业;其他医疗保健;医药医疗,akshare_eastmoney_company_profile,2026-06-02T14:22:46.094883,common_stock,False,True,,,,
01299,HK,,,,,,,,,,,,,,,,,,金融业,保险,,港股;金融业;保险;金融服务,akshare_eastmoney_company_profile,2026-06-02T14:22:46.033865,common_stock,False,True,,,,
01300,HK,,,,,,,,,,,,,,,,,,资讯科技业,资讯科技器材,,港股;资讯科技业;资讯科技器材;科技,akshare_eastmoney_company_profile,2026-06-02T14:22:46.062997,common_stock,False,True,,,,
01301,HK,,,,,,,,,,,,,,,,,,工业,工业工程,,港股;工业;工业工程,akshare_eastmoney_company_profile,2026-06-02T14:22:46.481422,common_stock,False,True,,,,
01302,HK,,,,,,,,,,,,,,,,,,医疗保健业,其他医疗保健,,港股;医疗保健业;其他医疗保健;医药医疗,akshare_eastmoney_company_profile,2026-06-02T14:22:46.080612,common_stock,False,True,,,,
01303,HK,,,,,,,,,,,,,,,,,,能源业,煤炭,,港股;能源业;煤炭;资源能源,akshare_eastmoney_company_profile,2026-06-02T14:22:46.104474,common_stock,False,True,,,,
01304,HK,,,,,,,,,,,,,,,,,,资讯科技业,半导体,,港股;资讯科技业;半导体;科技,akshare_eastmoney_company_profile,2026-06-02T14:22:46.180458,common_stock,False,True,,,,
01305,HK,,,,,,,,,,,,,,,,,,工业,工业工程,,港股;工业;工业工程,akshare_eastmoney_company_profile,2026-06-02T14:22:46.169982,common_stock,False,True,,,,
01308,HK,,,,,,,,,,,,,,,,,,工业,工用运输,,港股;工业;工用运输,akshare_eastmoney_company_profile,2026-06-02T14:22:46.218291,common_stock,False,True,,,,
01310,HK,,,,,,,,,,,,,,,,,,电讯业,电讯,,港股;电讯业;电讯,akshare_eastmoney_company_profile,2026-06-02T14:22:46.236352,common_stock,False,True,,,,
01312,HK,,,,,,,,,,,,,,,,,,医疗保健业,药品及生物科技,,港股;医疗保健业;药品及生物科技;医药医疗,akshare_eastmoney_company_profile,2026-06-02T14:22:46.329502,common_stock,False,True,,,,
01313,HK,,,,,,,,,,,,,,,,,,工业,建筑,,港股;工业;建筑,akshare_eastmoney_company_profile,2026-06-02T14:22:46.379565,common_stock,False,True,,,,
01314,HK,,,,,,,,,,,,,,,,,,非必需性消费,旅游及消闲设施,,港股;非必需性消费;旅游及消闲设施;消费,akshare_eastmoney_company_profile,2026-06-02T14:22:46.264481,common_stock,False,True,,,,
01315,HK,,,,,,,,,,,,,,,,,,原材料业,一般金属及矿石,,港股;原材料业;一般金属及矿石;资源材料,akshare_eastmoney_company_profile,2026-06-02T14:22:46.270458,common_stock,False,True,,,,
01316,HK,,,,,,,,,,,,,,,,,,非必需性消费,汽车,,港股;非必需性消费;汽车;消费,akshare_eastmoney_company_profile,2026-06-02T14:22:46.268334,common_stock,False,True,,,,
01317,HK,,,,,,,,,,,,,,,,,,非必需性消费,支援服务,,港股;非必需性消费;支援服务,akshare_eastmoney_company_profile,2026-06-02T14:22:46.308570,common_stock,False,True,,,,
01318,HK,,,,,,,,,,,,,,,,,,医疗保健业,其他医疗保健,,港股;医疗保健业;其他医疗保健;医药医疗,akshare_eastmoney_company_profile,2026-06-02T14:22:46.336547,common_stock,False,True,,,,
01319,HK,,,,,,,,,,,,,,,,,,金融业,其他金融,,港股;金融业;其他金融;金融服务,akshare_eastmoney_company_profile,2026-06-02T14:22:46.360784,common_stock,False,True,,,,
01321,HK,,,,,,,,,,,,,,,,,,地产业,地产,,港股;地产业;地产;房地产,akshare_eastmoney_company_profile,2026-06-02T14:22:47.221367,common_stock,False,True,,,,
01323,HK,,,,,,,,,,,,,,,,,,工业,建筑,,港股;工业;建筑,akshare_eastmoney_company_profile,2026-06-02T14:22:46.377071,common_stock,False,True,,,,
01326,HK,,,,,,,,,,,,,,,,,,非必需性消费,媒体及娱乐,,港股;非必需性消费;媒体及娱乐;消费,akshare_eastmoney_company_profile,2026-06-02T14:22:46.400331,common_stock,False,True,,,,
01327,HK,,,,,,,,,,,,,,,,,,非必需性消费,纺织及服饰,,港股;非必需性消费;纺织及服饰;消费,akshare_eastmoney_company_profile,2026-06-02T14:22:46.582155,common_stock,False,True,,,,
01328,HK,,,,,,,,,,,,,,,,,,非必需性消费,支援服务,,港股;非必需性消费;支援服务,akshare_eastmoney_company_profile,2026-06-02T14:22:46.433047,common_stock,False,True,,,,
01330,HK,,,,,,,,,,,,,,,,,,工业,工业工程,,港股;工业;工业工程,akshare_eastmoney_company_profile,2026-06-02T14:22:46.454207,common_stock,False,True,,,,
01332,HK,,,,,,,,,,,,,,,,,,工业,工用支援,,港股;工业;工用支援,akshare_eastmoney_company_profile,2026-06-02T14:22:46.484085,common_stock,False,True,,,,
01333,HK,,,,,,,,,,,,,,,,,,工业,工业工程,,港股;工业;工业工程,akshare_eastmoney_company_profile,2026-06-02T14:22:46.509245,common_stock,False,True,,,,
01334,HK,,,,,,,,,,,,,,,,,,能源业,石油及天然气,,港股;能源业;石油及天然气;资源能源,akshare_eastmoney_company_profile,2026-06-02T14:22:46.522039,common_stock,False,True,,,,
01335,HK,,,,,,,,,,,,,,,,,,资讯科技业,半导体,,港股;资讯科技业;半导体;科技,akshare_eastmoney_company_profile,2026-06-02T14:22:46.519522,common_stock,False,True,,,,
01336,HK,,,,,,,,,,,,,,,,,,金融业,保险,,港股;金融业;保险;金融服务,akshare_eastmoney_company_profile,2026-06-02T14:22:46.551765,common_stock,False,True,,,,
01338,HK,,,,,,,,,,,,,,,,,,非必需性消费,消费者主要零售商,,港股;非必需性消费;消费者主要零售商;消费,akshare_eastmoney_company_profile,2026-06-02T14:22:46.594150,common_stock,False,True,,,,
01339,HK,,,,,,,,,,,,,,,,,,金融业,保险,,港股;金融业;保险;金融服务,akshare_eastmoney_company_profile,2026-06-02T14:22:46.584526,common_stock,False,True,,,,
01340,HK,,,,,,,,,,,,,,,,,,必需性消费,农业产品,,港股;必需性消费;农业产品,akshare_eastmoney_company_profile,2026-06-02T14:22:46.603255,common_stock,False,True,,,,
01341,HK,,,,,,,,,,,,,,,,,,工业,工业工程,,港股;工业;工业工程,akshare_eastmoney_company_profile,2026-06-02T14:22:46.636946,common_stock,False,True,,,,
01343,HK,,,,,,,,,,,,,,,,,,工业,建筑,,港股;工业;建筑,akshare_eastmoney_company_profile,2026-06-02T14:22:46.833627,common_stock,False,True,,,,
01345,HK,,,,,,,,,,,,,,,,,,医疗保健业,药品及生物科技,,港股;医疗保健业;药品及生物科技;医药医疗,akshare_eastmoney_company_profile,2026-06-02T14:22:46.644491,common_stock,False,True,,,,
01346,HK,,,,,,,,,,,,,,,,,,非必需性消费,纺织及服饰,,港股;非必需性消费;纺织及服饰;消费,akshare_eastmoney_company_profile,2026-06-02T14:22:46.672063,common_stock,False,True,,,,
01347,HK,,,,,,,,,,,,,,,,,,资讯科技业,半导体,,港股;资讯科技业;半导体;科技,akshare_eastmoney_company_profile,2026-06-02T14:22:46.685641,common_stock,False,True,,,,
01348,HK,,,,,,,,,,,,,,,,,,非必需性消费,家庭电器及用品,,港股;非必需性消费;家庭电器及用品;消费,akshare_eastmoney_company_profile,2026-06-02T14:22:47.239294,common_stock,False,True,,,,
01349,HK,,,,,,,,,,,,,,,,,,医疗保健业,药品及生物科技,,港股;医疗保健业;药品及生物科技;医药医疗,akshare_eastmoney_company_profile,2026-06-02T14:22:46.736205,common_stock,False,True,,,,
01351,HK,,,,,,,,,,,,,,,,,,非必需性消费,媒体及娱乐,,港股;非必需性消费;媒体及娱乐;消费,akshare_eastmoney_company_profile,2026-06-02T14:22:46.725412,common_stock,False,True,,,,
01354,HK,,,,,,,,,,,,,,,,,,地产业,地产,,港股;地产业;地产;房地产,akshare_eastmoney_company_profile,2026-06-02T14:22:46.737969,common_stock,False,True,,,,
01355,HK,,,,,,,,,,,,,,,,,,非必需性消费,旅游及消闲设施,,港股;非必需性消费;旅游及消闲设施;消费,akshare_eastmoney_company_profile,2026-06-02T14:22:46.753687,common_stock,False,True,,,,
01357,HK,,,,,,,,,,,,,,,,,,非必需性消费,媒体及娱乐,,港股;非必需性消费;媒体及娱乐;消费,akshare_eastmoney_company_profile,2026-06-02T14:22:46.781838,common_stock,False,True,,,,
01358,HK,,,,,,,,,,,,,,,,,,医疗保健业,其他医疗保健,,港股;医疗保健业;其他医疗保健;医药医疗,akshare_eastmoney_company_profile,2026-06-02T14:22:46.817050,common_stock,False,True,,,,
01359,HK,,,,,,,,,,,,,,,,,,金融业,其他金融,,港股;金融业;其他金融;金融服务,akshare_eastmoney_company_profile,2026-06-02T14:22:46.878582,common_stock,False,True,,,,
01361,HK,,,,,,,,,,,,,,,,,,非必需性消费,纺织及服饰,,港股;非必需性消费;纺织及服饰;消费,akshare_eastmoney_company_profile,2026-06-02T14:22:46.865791,common_stock,False,True,,,,
01362,HK,,,,,,,,,,,,,,,,,,资讯科技业,资讯科技器材,,港股;资讯科技业;资讯科技器材;科技,akshare_eastmoney_company_profile,2026-06-02T14:22:46.864120,common_stock,False,True,,,,
01364,HK,,,,,,,,,,,,,,,,,,必需性消费,食物饮品,,港股;必需性消费;食物饮品,akshare_eastmoney_company_profile,2026-06-02T14:22:46.880203,common_stock,False,True,,,,
01368,HK,,,,,,,,,,,,,,,,,,非必需性消费,纺织及服饰,,港股;非必需性消费;纺织及服饰;消费,akshare_eastmoney_company_profile,2026-06-02T14:22:46.904234,common_stock,False,True,,,,
01370,HK,,,,,,,,,,,,,,,,,,原材料业,一般金属及矿石,,港股;原材料业;一般金属及矿石;资源材料,akshare_eastmoney_company_profile,2026-06-02T14:22:46.911817,common_stock,False,True,,,,
01371,HK,,,,,,,,,,,,,,,,,,非必需性消费,旅游及消闲设施,,港股;非必需性消费;旅游及消闲设施;消费,akshare_eastmoney_company_profile,2026-06-02T14:22:47.019818,common_stock,False,True,,,,
01372,HK,,,,,,,,,,,,,,,,,,工业,建筑,,港股;工业;建筑,akshare_eastmoney_company_profile,2026-06-02T14:22:47.003218,common_stock,False,True,,,,
01373,HK,,,,,,,,,,,,,,,,,,非必需性消费,专业零售,,港股;非必需性消费;专业零售;消费,akshare_eastmoney_company_profile,2026-06-02T14:22:47.047312,common_stock,False,True,,,,
01375,HK,,,,,,,,,,,,,,,,,,金融业,其他金融,,港股;金融业;其他金融;金融服务,akshare_eastmoney_company_profile,2026-06-02T14:22:47.367250,common_stock,False,True,,,,
01376,HK,,,,,,,,,,,,,,,,,,工业,建筑,,港股;工业;建筑,akshare_eastmoney_company_profile,2026-06-02T14:22:47.049000,common_stock,False,True,,,,
01378,HK,,,,,,,,,,,,,,,,,,原材料业,一般金属及矿石,,港股;原材料业;一般金属及矿石;资源材料,akshare_eastmoney_company_profile,2026-06-02T14:22:47.052005,common_stock,False,True,,,,
01379,HK,,,,,,,,,,,,,,,,,,地产业,地产,,港股;地产业;地产;房地产,akshare_eastmoney_company_profile,2026-06-02T14:22:47.468003,common_stock,False,True,,,,
01380,HK,,,,,,,,,,,,,,,,,,原材料业,一般金属及矿石,,港股;原材料业;一般金属及矿石;资源材料,akshare_eastmoney_company_profile,2026-06-02T14:22:47.180025,common_stock,False,True,,,,
01382,HK,,,,,,,,,,,,,,,,,,非必需性消费,纺织及服饰,,港股;非必需性消费;纺织及服饰;消费,akshare_eastmoney_company_profile,2026-06-02T14:22:47.183594,common_stock,False,True,,,,
01383,HK,,,,,,,,,,,,,,,,,,非必需性消费,旅游及消闲设施,,港股;非必需性消费;旅游及消闲设施;消费,akshare_eastmoney_company_profile,2026-06-02T14:22:47.194412,common_stock,False,True,,,,
01384,HK,,,,,,,,,,,,,,,,,,资讯科技业,软件服务,,港股;资讯科技业;软件服务;科技,akshare_eastmoney_company_profile,2026-06-02T14:22:47.199520,common_stock,False,True,,,,
01385,HK,,,,,,,,,,,,,,,,,,资讯科技业,半导体,,港股;资讯科技业;半导体;科技,akshare_eastmoney_company_profile,2026-06-02T14:22:47.352039,common_stock,False,True,,,,
01388,HK,,,,,,,,,,,,,,,,,,非必需性消费,纺织及服饰,,港股;非必需性消费;纺织及服饰;消费,akshare_eastmoney_company_profile,2026-06-02T14:22:47.293172,common_stock,False,True,,,,
01389,HK,,,,,,,,,,,,,,,,,,必需性消费,食物饮品,,港股;必需性消费;食物饮品,akshare_eastmoney_company_profile,2026-06-02T14:22:47.312064,common_stock,False,True,,,,
01393,HK,,,,,,,,,,,,,,,,,,能源业,煤炭,,港股;能源业;煤炭;资源能源,akshare_eastmoney_company_profile,2026-06-02T14:22:47.335409,common_stock,False,True,,,,
01395,HK,,,,,,,,,,,,,,,,,,公用事业,公用事业,,港股;公用事业;高股息,akshare_eastmoney_company_profile,2026-06-02T14:22:47.338081,common_stock,False,True,,,,
01396,HK,,,,,,,,,,,,,,,,,,地产业,地产,,港股;地产业;地产;房地产,akshare_eastmoney_company_profile,2026-06-02T14:22:47.353798,common_stock,False,True,,,,
01397,HK,,,,,,,,,,,,,,,,,,非必需性消费,支援服务,,港股;非必需性消费;支援服务,akshare_eastmoney_company_profile,2026-06-02T14:22:47.369728,common_stock,False,True,,,,
01398,HK,,,,,,,,,,,,,,,,,,金融业,银行,,港股;金融业;银行;金融服务,akshare_eastmoney_company_profile,2026-06-02T14:22:47.414441,common_stock,False,True,,,,
01399,HK,,,,,,,,,,,,,,,,,,工业,工业工程,,港股;工业;工业工程,akshare_eastmoney_company_profile,2026-06-02T14:22:47.479907,common_stock,False,True,,,,
01400,HK,,,,,,,,,,,,,,,,,,非必需性消费,纺织及服饰,,港股;非必需性消费;纺织及服饰;消费,akshare_eastmoney_company_profile,2026-06-02T14:22:47.502187,common_stock,False,True,,,,
01401,HK,,,,,,,,,,,,,,,,,,工业,工业工程,,港股;工业;工业工程,akshare_eastmoney_company_profile,2026-06-02T14:22:47.614259,common_stock,False,True,,,,
01402,HK,,,,,,,,,,,,,,,,,,资讯科技业,软件服务,,港股;资讯科技业;软件服务;科技,akshare_eastmoney_company_profile,2026-06-02T14:22:47.528638,common_stock,False,True,,,,
01405,HK,,,,,,,,,,,,,,,,,,非必需性消费,旅游及消闲设施,,港股;非必需性消费;旅游及消闲设施;消费,akshare_eastmoney_company_profile,2026-06-02T14:22:47.620086,common_stock,False,True,,,,
01406,HK,,,,,,,,,,,,,,,,,,医疗保健业,其他医疗保健,,港股;医疗保健业;其他医疗保健;医药医疗,akshare_eastmoney_company_profile,2026-06-02T14:22:47.618385,common_stock,False,True,,,,
01407,HK,,,,,,,,,,,,,,,,,,能源业,石油及天然气,,港股;能源业;石油及天然气;资源能源,akshare_eastmoney_company_profile,2026-06-02T14:22:47.582061,common_stock,False,True,,,,
01408,HK,,,,,,,,,,,,,,,,,,工业,建筑,,港股;工业;建筑,akshare_eastmoney_company_profile,2026-06-02T14:22:47.681775,common_stock,False,True,,,,
01410,HK,,,,,,,,,,,,,,,,,,资讯科技业,软件服务,,港股;资讯科技业;软件服务;科技,akshare_eastmoney_company_profile,2026-06-02T14:22:47.671845,common_stock,False,True,,,,
01412,HK,,,,,,,,,,,,,,,,,,工业,工用支援,,港股;工业;工用支援,akshare_eastmoney_company_profile,2026-06-02T14:22:47.689500,common_stock,False,True,,,,
01413,HK,,,,,,,,,,,,,,,,,,工业,建筑,,港股;工业;建筑,akshare_eastmoney_company_profile,2026-06-02T14:22:47.628921,common_stock,False,True,,,,
01415,HK,,,,,,,,,,,,,,,,,,工业,工业工程,,港股;工业;工业工程,akshare_eastmoney_company_profile,2026-06-02T14:22:47.692250,common_stock,False,True,,,,
01416,HK,,,,,,,,,,,,,,,,,,工业,建筑,,港股;工业;建筑,akshare_eastmoney_company_profile,2026-06-02T14:22:47.704314,common_stock,False,True,,,,
01417,HK,,,,,,,,,,,,,,,,,,地产业,地产,,港股;地产业;地产;房地产,akshare_eastmoney_company_profile,2026-06-02T14:22:47.760709,common_stock,False,True,,,,
01418,HK,,,,,,,,,,,,,,,,,,非必需性消费,家庭电器及用品,,港股;非必需性消费;家庭电器及用品;消费,akshare_eastmoney_company_profile,2026-06-02T14:22:47.757645,common_stock,False,True,,,,
01419,HK,,,,,,,,,,,,,,,,,,医疗保健业,其他医疗保健,,港股;医疗保健业;其他医疗保健;医药医疗,akshare_eastmoney_company_profile,2026-06-02T14:22:47.774538,common_stock,False,True,,,,
01420,HK,,,,,,,,,,,,,,,,,,工业,建筑,,港股;工业;建筑,akshare_eastmoney_company_profile,2026-06-02T14:22:47.849422,common_stock,False,True,,,,
01421,HK,,,,,,,,,,,,,,,,,,工业,建筑,,港股;工业;建筑,akshare_eastmoney_company_profile,2026-06-02T14:22:47.861459,common_stock,False,True,,,,
01425,HK,,,,,,,,,,,,,,,,,,非必需性消费,纺织及服饰,,港股;非必需性消费;纺织及服饰;消费,akshare_eastmoney_company_profile,2026-06-02T14:22:47.903666,common_stock,False,True,,,,
01426,HK,,,,,,,,,,,,,,,,,,地产业,地产投资信托基金,,港股;REIT;房地产基金;收息资产;地产业;地产投资信托基金;房地产,nan+local_taxonomy+local_taxonomy+local_taxonomy;local_registry_enrichment,2026-06-03T07:15:43.584322,fund_like,True,True,local_registry_enrichment,2026-06-03T07:15:43.584322,,
01427,HK,,,,,,,,,,,,,,,,,,工业,建筑,,港股;工业;建筑,akshare_eastmoney_company_profile,2026-06-02T14:22:47.901044,common_stock,False,True,,,,
01428,HK,,,,,,,,,,,,,,,,,,金融业,其他金融,,港股;金融业;其他金融;金融服务,akshare_eastmoney_company_profile,2026-06-02T14:22:47.927174,common_stock,False,True,,,,
01429,HK,,,,,,,,,,,,,,,,,,工业,建筑,,港股;工业;建筑,akshare_eastmoney_company_profile,2026-06-02T14:22:47.936983,common_stock,False,True,,,,
01431,HK,,,,,,,,,,,,,,,,,,必需性消费,食物饮品,,港股;必需性消费;食物饮品,akshare_eastmoney_company_profile,2026-06-02T14:22:47.943654,common_stock,False,True,,,,
01432,HK,,,,,,,,,,,,,,,,,,必需性消费,食物饮品,,港股;必需性消费;食物饮品,akshare_eastmoney_company_profile,2026-06-02T14:22:47.960592,common_stock,False,True,,,,
01433,HK,,,,,,,,,,,,,,,,,,工业,工用支援,,港股;工业;工用支援,akshare_eastmoney_company_profile,2026-06-02T14:22:47.991538,common_stock,False,True,,,,
01440,HK,,,,,,,,,,,,,,,,,,非必需性消费,纺织及服饰,,港股;非必需性消费;纺织及服饰;消费,akshare_eastmoney_company_profile,2026-06-02T14:22:48.005559,common_stock,False,True,,,,
01442,HK,,,,,,,,,,,,,,,,,,工业,工用运输,,港股;工业;工用运输,akshare_eastmoney_company_profile,2026-06-02T14:22:47.993560,common_stock,False,True,,,,
01443,HK,,,,,,,,,,,,,,,,,,非必需性消费,旅游及消闲设施,,港股;非必需性消费;旅游及消闲设施;消费,akshare_eastmoney_company_profile,2026-06-02T14:22:48.006582,common_stock,False,True,,,,
01446,HK,,,,,,,,,,,,,,,,,,必需性消费,食物饮品,,港股;必需性消费;食物饮品,akshare_eastmoney_company_profile,2026-06-02T14:22:48.021880,common_stock,False,True,,,,
01447,HK,,,,,,,,,,,,,,,,,,工业,建筑,,港股;工业;建筑,akshare_eastmoney_company_profile,2026-06-02T14:22:48.040498,common_stock,False,True,,,,
01448,HK,,,,,,,,,,,,,,,,,,非必需性消费,支援服务,,港股;非必需性消费;支援服务,akshare_eastmoney_company_profile,2026-06-02T14:22:48.043577,common_stock,False,True,,,,
01449,HK,,,,,,,,,,,,,,,,,,非必需性消费,支援服务,,港股;非必需性消费;支援服务,akshare_eastmoney_company_profile,2026-06-02T14:22:48.074593,common_stock,False,True,,,,
01450,HK,,,,,,,,,,,,,,,,,,非必需性消费,媒体及娱乐,,港股;非必需性消费;媒体及娱乐;消费,akshare_eastmoney_company_profile,2026-06-02T14:22:48.148516,common_stock,False,True,,,,
01451,HK,,,,,,,,,,,,,,,,,,工业,工用支援,,港股;工业;工用支援,akshare_eastmoney_company_profile,2026-06-02T14:22:48.138484,common_stock,False,True,,,,
01452,HK,,,,,,,,,,,,,,,,,,工业,工业工程,,港股;工业;工业工程,akshare_eastmoney_company_profile,2026-06-02T14:22:48.213085,common_stock,False,True,,,,
01455,HK,,,,,,,,,,,,,,,,,,非必需性消费,家庭电器及用品,,港股;非必需性消费;家庭电器及用品;消费,akshare_eastmoney_company_profile,2026-06-02T14:22:48.214864,common_stock,False,True,,,,
01456,HK,,,,,,,,,,,,,,,,,,金融业,其他金融,,港股;金融业;其他金融;金融服务,akshare_eastmoney_company_profile,2026-06-02T14:22:48.230275,common_stock,False,True,,,,
01458,HK,,,,,,,,,,,,,,,,,,必需性消费,食物饮品,,港股;必需性消费;食物饮品,akshare_eastmoney_company_profile,2026-06-02T14:22:48.259128,common_stock,False,True,,,,
01459,HK,,,,,,,,,,,,,,,,,,工业,建筑,,港股;工业;建筑,akshare_eastmoney_company_profile,2026-06-02T14:22:48.242589,common_stock,False,True,,,,
01460,HK,,,,,,,,,,,,,,,,,,资讯科技业,软件服务,,港股;资讯科技业;软件服务;科技,akshare_eastmoney_company_profile,2026-06-02T14:22:48.286522,common_stock,False,True,,,,
01461,HK,,,,,,,,,,,,,,,,,,金融业,其他金融,,港股;金融业;其他金融;金融服务,akshare_eastmoney_company_profile,2026-06-02T14:22:48.272431,common_stock,False,True,,,,
01463,HK,,,,,,,,,,,,,,,,,,非必需性消费,支援服务,,港股;非必需性消费;支援服务,akshare_eastmoney_company_profile,2026-06-02T14:22:48.351855,common_stock,False,True,,,,
01466,HK,,,,,,,,,,,,,,,,,,非必需性消费,纺织及服饰,,港股;非必需性消费;纺织及服饰;消费,akshare_eastmoney_company_profile,2026-06-02T14:22:48.369884,common_stock,False,True,,,,
01468,HK,,,,,,,,,,,,,,,,,,综合企业,综合企业,,港股;综合企业,akshare_eastmoney_company_profile,2026-06-02T14:22:48.354816,common_stock,False,True,,,,
01470,HK,,,,,,,,,,,,,,,,,,原材料业,原材料,,港股;原材料业;原材料;资源材料,akshare_eastmoney_company_profile,2026-06-02T14:22:48.393548,common_stock,False,True,,,,
01471,HK,,,,,,,,,,,,,,,,,,金融业,保险,,港股;金融业;保险;金融服务,akshare_eastmoney_company_profile,2026-06-02T14:22:48.408241,common_stock,False,True,,,,
01472,HK,,,,,,,,,,,,,,,,,,工业,建筑,,港股;工业;建筑,akshare_eastmoney_company_profile,2026-06-02T14:22:48.433196,common_stock,False,True,,,,
01473,HK,,,,,,,,,,,,,,,,,,资讯科技业,资讯科技器材,,港股;资讯科技业;资讯科技器材;科技,akshare_eastmoney_company_profile,2026-06-02T14:22:48.432083,common_stock,False,True,,,,
01475,HK,,,,,,,,,,,,,,,,,,必需性消费,食物饮品,,港股;必需性消费;食物饮品,akshare_eastmoney_company_profile,2026-06-02T14:22:48.423701,common_stock,False,True,,,,
01476,HK,,,,,,,,,,,,,,,,,,金融业,其他金融,,港股;金融业;其他金融;金融服务,akshare_eastmoney_company_profile,2026-06-02T14:22:48.611398,common_stock,False,True,,,,
01477,HK,,,,,,,,,,,,,,,,,,医疗保健业,药品及生物科技,,港股;医疗保健业;药品及生物科技;医药医疗,akshare_eastmoney_company_profile,2026-06-02T14:22:48.467388,common_stock,False,True,,,,
01478,HK,,,,,,,,,,,,,,,,,,工业,工业工程,,港股;工业;工业工程,akshare_eastmoney_company_profile,2026-06-02T14:22:48.504918,common_stock,False,True,,,,
01480,HK,,,,,,,,,,,,,,,,,,工业,工业工程,,港股;工业;工业工程,akshare_eastmoney_company_profile,2026-06-02T14:22:48.535722,common_stock,False,True,,,,
01481,HK,,,,,,,,,,,,,,,,,,原材料业,原材料,,港股;原材料业;原材料;资源材料,akshare_eastmoney_company_profile,2026-06-02T14:22:48.571329,common_stock,False,True,,,,
01483,HK,,,,,,,,,,,,,,,,,,非必需性消费,支援服务,,港股;非必需性消费;支援服务,akshare_eastmoney_company_profile,2026-06-02T14:22:48.597731,common_stock,False,True,,,,
01486,HK,,,,,,,,,,,,,,,,,,工业,建筑,,港股;工业;建筑,akshare_eastmoney_company_profile,2026-06-02T14:22:48.612878,common_stock,False,True,,,,
01488,HK,,,,,,,,,,,,,,,,,,非必需性消费,旅游及消闲设施,,港股;非必需性消费;旅游及消闲设施;消费,akshare_eastmoney_company_profile,2026-06-02T14:22:48.607770,common_stock,False,True,,,,
01489,HK,,,,,,,,,,,,,,,,,,工业,建筑,,港股;工业;建筑,akshare_eastmoney_company_profile,2026-06-02T14:22:48.638290,common_stock,False,True,,,,
01490,HK,,,,,,,,,,,,,,,,,,非必需性消费,媒体及娱乐,,港股;非必需性消费;媒体及娱乐;消费,akshare_eastmoney_company_profile,2026-06-02T14:22:48.635839,common_stock,False,True,,,,
01496,HK,,,,,,,,,,,,,,,,,,工业,建筑,,港股;工业;建筑,akshare_eastmoney_company_profile,2026-06-02T14:22:48.649202,common_stock,False,True,,,,
01497,HK,,,,,,,,,,,,,,,,,,必需性消费,食物饮品,,港股;必需性消费;食物饮品,akshare_eastmoney_company_profile,2026-06-02T14:22:48.687098,common_stock,False,True,,,,
01498,HK,,,,,,,,,,,,,,,,,,医疗保健业,药品及生物科技,,港股;医疗保健业;药品及生物科技;医药医疗,akshare_eastmoney_company_profile,2026-06-02T14:22:48.695774,common_stock,False,True,,,,
01499,HK,,,,,,,,,,,,,,,,,,工业,建筑,,港股;工业;建筑,akshare_eastmoney_company_profile,2026-06-02T14:22:48.787472,common_stock,False,True,,,,
01500,HK,,,,,,,,,,,,,,,,,,工业,建筑,,港股;工业;建筑,akshare_eastmoney_company_profile,2026-06-02T14:22:48.743353,common_stock,False,True,,,,
01501,HK,,,,,,,,,,,,,,,,,,医疗保健业,其他医疗保健,,港股;医疗保健业;其他医疗保健;医药医疗,akshare_eastmoney_company_profile,2026-06-02T14:22:48.752720,common_stock,False,True,,,,
01502,HK,,,,,,,,,,,,,,,,,,地产业,地产,,港股;地产业;地产;房地产,akshare_eastmoney_company_profile,2026-06-02T14:22:48.800641,common_stock,False,True,,,,
01508,HK,,,,,,,,,,,,,,,,,,金融业,保险,,港股;金融业;保险;金融服务,akshare_eastmoney_company_profile,2026-06-02T14:22:48.816010,common_stock,False,True,,,,
01511,HK,,,,,,,,,,,,,,,,,,资讯科技业,软件服务,,港股;资讯科技业;软件服务;科技,akshare_eastmoney_company_profile,2026-06-02T14:22:48.832963,common_stock,False,True,,,,
01513,HK,,,,,,,,,,,,,,,,,,医疗保健业,药品及生物科技,,港股;医疗保健业;药品及生物科技;医药医疗,akshare_eastmoney_company_profile,2026-06-02T14:22:48.853633,common_stock,False,True,,,,
01515,HK,,,,,,,,,,,,,,,,,,医疗保健业,其他医疗保健,,港股;医疗保健业;其他医疗保健;医药医疗,akshare_eastmoney_company_profile,2026-06-02T14:22:48.860905,common_stock,False,True,,,,
01516,HK,,,,,,,,,,,,,,,,,,地产业,地产,,港股;地产业;地产;房地产,akshare_eastmoney_company_profile,2026-06-02T14:22:48.868739,common_stock,False,True,,,,
01518,HK,,,,,,,,,,,,,,,,,,医疗保健业,其他医疗保健,,港股;医疗保健业;其他医疗保健;医药医疗,akshare_eastmoney_company_profile,2026-06-02T14:22:48.896991,common_stock,False,True,,,,
01519,HK,,,,,,,,,,,,,,,,,,工业,工用运输,,港股;工业;工用运输,akshare_eastmoney_company_profile,2026-06-02T14:22:48.936977,common_stock,False,True,,,,
01520,HK,,,,,,,,,,,,,,,,,,非必需性消费,纺织及服饰,,港股;非必需性消费;纺织及服饰;消费,akshare_eastmoney_company_profile,2026-06-02T14:22:48.956177,common_stock,False,True,,,,
01521,HK,,,,,,,,,,,,,,,,,,医疗保健业,药品及生物科技,,港股;医疗保健业;药品及生物科技;医药医疗,akshare_eastmoney_company_profile,2026-06-02T14:22:48.979791,common_stock,False,True,,,,
01522,HK,,,,,,,,,,,,,,,,,,工业,工业工程,,港股;工业;工业工程,akshare_eastmoney_company_profile,2026-06-02T14:22:49.030564,common_stock,False,True,,,,
01523,HK,,,,,,,,,,,,,,,,,,资讯科技业,资讯科技器材,,港股;资讯科技业;资讯科技器材;科技,akshare_eastmoney_company_profile,2026-06-02T14:22:49.044872,common_stock,False,True,,,,
01525,HK,,,,,,,,,,,,,,,,,,非必需性消费,支援服务,,港股;非必需性消费;支援服务,akshare_eastmoney_company_profile,2026-06-02T14:22:49.057127,common_stock,False,True,,,,
01526,HK,,,,,,,,,,,,,,,,,,医疗保健业,其他医疗保健,,港股;医疗保健业;其他医疗保健;医药医疗,akshare_eastmoney_company_profile,2026-06-02T14:22:49.066011,common_stock,False,True,,,,
01527,HK,,,,,,,,,,,,,,,,,,工业,工业工程,,港股;工业;工业工程,akshare_eastmoney_company_profile,2026-06-02T14:22:49.076882,common_stock,False,True,,,,
01528,HK,,,,,,,,,,,,,,,,,,地产业,地产,,港股;地产业;地产;房地产,akshare_eastmoney_company_profile,2026-06-02T14:22:49.111058,common_stock,False,True,,,,
01529,HK,,,,,,,,,,,,,,,,,,工业,工用运输,,港股;工业;工用运输,akshare_eastmoney_company_profile,2026-06-02T14:22:49.372121,common_stock,False,True,,,,
01530,HK,,,,,,,,,,,,,,,,,,医疗保健业,药品及生物科技,,港股;医疗保健业;药品及生物科技;医药医疗,akshare_eastmoney_company_profile,2026-06-02T14:22:49.113702,common_stock,False,True,,,,
01532,HK,,,,,,,,,,,,,,,,,,非必需性消费,纺织及服饰,,港股;非必需性消费;纺织及服饰;消费,akshare_eastmoney_company_profile,2026-06-02T14:22:49.170701,common_stock,False,True,,,,
01536,HK,,,,,,,,,,,,,,,,,,工业,工业工程,,港股;工业;工业工程,akshare_eastmoney_company_profile,2026-06-02T14:22:49.136392,common_stock,False,True,,,,
01538,HK,,,,,,,,,,,,,,,,,,地产业,地产,,港股;地产业;地产;房地产,akshare_eastmoney_company_profile,2026-06-02T14:22:49.182428,common_stock,False,True,,,,
01539,HK,,,,,,,,,,,,,,,,,,工业,工业工程,,港股;工业;工业工程,akshare_eastmoney_company_profile,2026-06-02T14:22:49.180796,common_stock,False,True,,,,
01540,HK,,,,,,,,,,,,,,,,,,工业,工用支援,,港股;工业;工用支援,akshare_eastmoney_company_profile,2026-06-02T14:22:49.184148,common_stock,False,True,,,,
01541,HK,,,,,,,,,,,,,,,,,,医疗保健业,药品及生物科技,,港股;医疗保健业;药品及生物科技;医药医疗,akshare_eastmoney_company_profile,2026-06-02T14:22:49.200218,common_stock,False,True,,,,
01542,HK,,,,,,,,,,,,,,,,,,公用事业,公用事业,,港股;公用事业;高股息,akshare_eastmoney_company_profile,2026-06-02T14:22:49.201891,common_stock,False,True,,,,
01543,HK,,,,,,,,,,,,,,,,,,金融业,其他金融,,港股;金融业;其他金融;金融服务,akshare_eastmoney_company_profile,2026-06-02T14:22:49.222690,common_stock,False,True,,,,
01545,HK,,,,,,,,,,,,,,,,,,非必需性消费,专业零售,,港股;非必需性消费;专业零售;消费,akshare_eastmoney_company_profile,2026-06-02T14:22:49.250044,common_stock,False,True,,,,
01546,HK,,,,,,,,,,,,,,,,,,工业,建筑,,港股;工业;建筑,akshare_eastmoney_company_profile,2026-06-02T14:22:49.590532,common_stock,False,True,,,,
01547,HK,,,,,,,,,,,,,,,,,,工业,建筑,,港股;工业;建筑,akshare_eastmoney_company_profile,2026-06-02T14:22:49.349111,common_stock,False,True,,,,
01548,HK,,,,,,,,,,,,,,,,,,医疗保健业,药品及生物科技,,港股;医疗保健业;药品及生物科技;医药医疗,akshare_eastmoney_company_profile,2026-06-02T14:22:49.395266,common_stock,False,True,,,,
01549,HK,,,,,,,,,,,,,,,,,,工业,工用运输,,港股;工业;工用运输,akshare_eastmoney_company_profile,2026-06-02T14:22:49.386742,common_stock,False,True,,,,
01551,HK,,,,,,,,,,,,,,,,,,金融业,银行,,港股;金融业;银行;金融服务,akshare_eastmoney_company_profile,2026-06-02T14:22:49.443521,common_stock,False,True,,,,
01552,HK,,,,,,,,,,,,,,,,,,工业,建筑,,港股;工业;建筑,akshare_eastmoney_company_profile,2026-06-02T14:22:49.399368,common_stock,False,True,,,,
01553,HK,,,,,,,,,,,,,,,,,,原材料业,一般金属及矿石,,港股;原材料业;一般金属及矿石;资源材料,akshare_eastmoney_company_profile,2026-06-02T14:22:49.535375,common_stock,False,True,,,,
01555,HK,,,,,,,,,,,,,,,,,,能源业,石油及天然气,,港股;能源业;石油及天然气;资源能源,akshare_eastmoney_company_profile,2026-06-02T14:22:49.473487,common_stock,False,True,,,,
01556,HK,,,,,,,,,,,,,,,,,,工业,建筑,,港股;工业;建筑,akshare_eastmoney_company_profile,2026-06-02T14:22:49.462471,common_stock,False,True,,,,
01557,HK,,,,,,,,,,,,,,,,,,工业,建筑,,港股;工业;建筑,akshare_eastmoney_company_profile,2026-06-02T14:22:49.478489,common_stock,False,True,,,,
01559,HK,,,,,,,,,,,,,,,,,,工业,建筑,,港股;工业;建筑,akshare_eastmoney_company_profile,2026-06-02T14:22:49.475576,common_stock,False,True,,,,
01560,HK,,,,,,,,,,,,,,,,,,地产业,地产,,港股;地产业;地产;房地产,akshare_eastmoney_company_profile,2026-06-02T14:22:49.491389,common_stock,False,True,,,,
01561,HK,,,,,,,,,,,,,,,,,,资讯科技业,软件服务,,港股;资讯科技业;软件服务;科技,akshare_eastmoney_company_profile,2026-06-02T14:22:49.543710,common_stock,False,True,,,,
01563,HK,,,,,,,,,,,,,,,,,,非必需性消费,支援服务,,港股;非必需性消费;支援服务,akshare_eastmoney_company_profile,2026-06-02T14:22:49.550968,common_stock,False,True,,,,
01565,HK,,,,,,,,,,,,,,,,,,非必需性消费,支援服务,,港股;非必需性消费;支援服务,akshare_eastmoney_company_profile,2026-06-02T14:22:49.566805,common_stock,False,True,,,,
01566,HK,,,,,,,,,,,,,,,,,,非必需性消费,旅游及消闲设施,,港股;非必需性消费;旅游及消闲设施;消费,akshare_eastmoney_company_profile,2026-06-02T14:22:49.687984,common_stock,False,True,,,,
01568,HK,,,,,,,,,,,,,,,,,,工业,建筑,,港股;工业;建筑,akshare_eastmoney_company_profile,2026-06-02T14:22:49.684962,common_stock,False,True,,,,
01569,HK,,,,,,,,,,,,,,,,,,非必需性消费,支援服务,,港股;非必需性消费;支援服务,akshare_eastmoney_company_profile,2026-06-02T14:22:49.624367,common_stock,False,True,,,,
01570,HK,,,,,,,,,,,,,,,,,,地产业,地产,,港股;地产业;地产;房地产,akshare_eastmoney_company_profile,2026-06-02T14:22:49.746199,common_stock,False,True,,,,
01571,HK,,,,,,,,,,,,,,,,,,非必需性消费,汽车,,港股;非必需性消费;汽车;消费,akshare_eastmoney_company_profile,2026-06-02T14:22:49.758959,common_stock,False,True,,,,
01572,HK,,,,,,,,,,,,,,,,,,金融业,其他金融,,港股;金融业;其他金融;金融服务,akshare_eastmoney_company_profile,2026-06-02T14:22:49.714250,common_stock,False,True,,,,
01575,HK,,,,,,,,,,,,,,,,,,非必需性消费,家庭电器及用品,,港股;非必需性消费;家庭电器及用品;消费,akshare_eastmoney_company_profile,2026-06-02T14:22:50.179622,common_stock,False,True,,,,
01576,HK,,,,,,,,,,,,,,,,,,工业,工用运输,,港股;工业;工用运输,akshare_eastmoney_company_profile,2026-06-02T14:22:49.756428,common_stock,False,True,,,,
01577,HK,,,,,,,,,,,,,,,,,,金融业,其他金融,,港股;金融业;其他金融;金融服务,akshare_eastmoney_company_profile,2026-06-02T14:22:49.767215,common_stock,False,True,,,,
01578,HK,,,,,,,,,,,,,,,,,,金融业,银行,,港股;金融业;银行;金融服务,akshare_eastmoney_company_profile,2026-06-02T14:22:49.776191,common_stock,False,True,,,,
01579,HK,,,,,,,,,,,,,,,,,,必需性消费,食物饮品,,港股;必需性消费;食物饮品,akshare_eastmoney_company_profile,2026-06-02T14:22:49.777830,common_stock,False,True,,,,
01580,HK,,,,,,,,,,,,,,,,,,原材料业,原材料,,港股;原材料业;原材料;资源材料,akshare_eastmoney_company_profile,2026-06-02T14:22:49.793442,common_stock,False,True,,,,
01581,HK,,,,,,,,,,,,,,,,,,工业,建筑,,港股;工业;建筑,akshare_eastmoney_company_profile,2026-06-02T14:22:49.842319,common_stock,False,True,,,,
01582,HK,,,,,,,,,,,,,,,,,,工业,建筑,,港股;工业;建筑,akshare_eastmoney_company_profile,2026-06-02T14:22:49.844421,common_stock,False,True,,,,
01583,HK,,,,,,,,,,,,,,,,,,必需性消费,食物饮品,,港股;必需性消费;食物饮品,akshare_eastmoney_company_profile,2026-06-02T14:22:49.920129,common_stock,False,True,,,,
01585,HK,,,,,,,,,,,,,,,,,,非必需性消费,汽车,,港股;非必需性消费;汽车;消费,akshare_eastmoney_company_profile,2026-06-02T14:22:49.945331,common_stock,False,True,,,,
01586,HK,,,,,,,,,,,,,,,,,,非必需性消费,支援服务,,港股;非必需性消费;支援服务,akshare_eastmoney_company_profile,2026-06-02T14:22:50.041816,common_stock,False,True,,,,
01587,HK,,,,,,,,,,,,,,,,,,必需性消费,食物饮品,,港股;必需性消费;食物饮品,akshare_eastmoney_company_profile,2026-06-02T14:22:49.966293,common_stock,False,True,,,,
01588,HK,,,,,,,,,,,,,,,,,,资讯科技业,软件服务,,港股;资讯科技业;软件服务;科技,akshare_eastmoney_company_profile,2026-06-02T14:22:49.986851,common_stock,False,True,,,,
01591,HK,,,,,,,,,,,,,,,,,,工业,建筑,,港股;工业;建筑,akshare_eastmoney_company_profile,2026-06-02T14:22:49.988564,common_stock,False,True,,,,
01592,HK,,,,,,,,,,,,,,,,,,工业,建筑,,港股;工业;建筑,akshare_eastmoney_company_profile,2026-06-02T14:22:49.983289,common_stock,False,True,,,,
01593,HK,,,,,,,,,,,,,,,,,,非必需性消费,支援服务,,港股;非必需性消费;支援服务,akshare_eastmoney_company_profile,2026-06-02T14:22:50.007692,common_stock,False,True,,,,
01596,HK,,,,,,,,,,,,,,,,,,工业,工业工程,,港股;工业;工业工程,akshare_eastmoney_company_profile,2026-06-02T14:22:50.029679,common_stock,False,True,,,,
01597,HK,,,,,,,,,,,,,,,,,,工业,工业工程,,港股;工业;工业工程,akshare_eastmoney_company_profile,2026-06-02T14:22:50.063435,common_stock,False,True,,,,
01598,HK,,,,,,,,,,,,,,,,,,非必需性消费,支援服务,,港股;非必需性消费;支援服务,akshare_eastmoney_company_profile,2026-06-02T14:22:50.165353,common_stock,False,True,,,,
01599,HK,,,,,,,,,,,,,,,,,,工业,建筑,,港股;工业;建筑,akshare_eastmoney_company_profile,2026-06-02T14:22:50.181269,common_stock,False,True,,,,
01600,HK,,,,,,,,,,,,,,,,,,公用事业,公用事业,,港股;公用事业;高股息,akshare_eastmoney_company_profile,2026-06-02T14:22:50.434840,common_stock,False,True,,,,
01601,HK,,,,,,,,,,,,,,,,,,金融业,其他金融,,港股;金融业;其他金融;金融服务,akshare_eastmoney_company_profile,2026-06-02T14:22:50.194222,common_stock,False,True,,,,
01606,HK,,,,,,,,,,,,,,,,,,金融业,其他金融,,港股;金融业;其他金融;金融服务,akshare_eastmoney_company_profile,2026-06-02T14:22:50.202933,common_stock,False,True,,,,
01608,HK,,,,,,,,,,,,,,,,,,公用事业,公用事业,,港股;公用事业;高股息,akshare_eastmoney_company_profile,2026-06-02T14:22:50.390030,common_stock,False,True,,,,
01609,HK,,,,,,,,,,,,,,,,,,医疗保健业,其他医疗保健,,港股;医疗保健业;其他医疗保健;医药医疗,akshare_eastmoney_company_profile,2026-06-02T14:22:50.214285,common_stock,False,True,,,,
01610,HK,,,,,,,,,,,,,,,,,,必需性消费,农业产品,,港股;必需性消费;农业产品,akshare_eastmoney_company_profile,2026-06-02T14:22:50.272477,common_stock,False,True,,,,
01611,HK,,,,,,,,,,,,,,,,,,金融业,其他金融,,港股;金融业;其他金融;金融服务,akshare_eastmoney_company_profile,2026-06-02T14:22:50.327789,common_stock,False,True,,,,
01612,HK,,,,,,,,,,,,,,,,,,医疗保健业,其他医疗保健,,港股;医疗保健业;其他医疗保健;医药医疗,akshare_eastmoney_company_profile,2026-06-02T14:22:50.412299,common_stock,False,True,,,,
01613,HK,,,,,,,,,,,,,,,,,,资讯科技业,软件服务,,港股;资讯科技业;软件服务;科技,akshare_eastmoney_company_profile,2026-06-02T14:22:50.342317,common_stock,False,True,,,,
01615,HK,,,,,,,,,,,,,,,,,,工业,建筑,,港股;工业;建筑,akshare_eastmoney_company_profile,2026-06-02T14:22:50.350943,common_stock,False,True,,,,
01616,HK,,,,,,,,,,,,,,,,,,非必需性消费,媒体及娱乐,,港股;非必需性消费;媒体及娱乐;消费,akshare_eastmoney_company_profile,2026-06-02T14:22:50.358762,common_stock,False,True,,,,
01617,HK,,,,,,,,,,,,,,,,,,资讯科技业,资讯科技器材,,港股;资讯科技业;资讯科技器材;科技,akshare_eastmoney_company_profile,2026-06-02T14:22:50.451587,common_stock,False,True,,,,
01618,HK,,,,,,,,,,,,,,,,,,工业,建筑,,港股;工业;建筑,akshare_eastmoney_company_profile,2026-06-02T14:22:50.422660,common_stock,False,True,,,,
01620,HK,,,,,,,,,,,,,,,,,,非必需性消费,旅游及消闲设施,,港股;非必需性消费;旅游及消闲设施;消费,akshare_eastmoney_company_profile,2026-06-02T14:22:50.444255,common_stock,False,True,,,,
01621,HK,,,,,,,,,,,,,,,,,,能源业,石油及天然气,,港股;能源业;石油及天然气;资源能源,akshare_eastmoney_company_profile,2026-06-02T14:22:50.567889,common_stock,False,True,,,,
01622,HK,,,,,,,,,,,,,,,,,,地产业,地产,,港股;地产业;地产;房地产,akshare_eastmoney_company_profile,2026-06-02T14:22:50.555058,common_stock,False,True,,,,
01623,HK,,,,,,,,,,,,,,,,,,能源业,石油及天然气,,港股;能源业;石油及天然气;资源能源,akshare_eastmoney_company_profile,2026-06-02T14:22:50.489523,common_stock,False,True,,,,
01626,HK,,,,,,,,,,,,,,,,,,工业,工用支援,,港股;工业;工用支援,akshare_eastmoney_company_profile,2026-06-02T14:22:50.528243,common_stock,False,True,,,,
01627,HK,,,,,,,,,,,,,,,,,,工业,建筑,,港股;工业;建筑,akshare_eastmoney_company_profile,2026-06-02T14:22:50.519239,common_stock,False,True,,,,
01628,HK,,,,,,,,,,,,,,,,,,地产业,地产,,港股;地产业;地产;房地产,akshare_eastmoney_company_profile,2026-06-02T14:22:50.589011,common_stock,False,True,,,,
01629,HK,,,,,,,,,,,,,,,,,,非必需性消费,消费者主要零售商,,港股;非必需性消费;消费者主要零售商;消费,akshare_eastmoney_company_profile,2026-06-02T14:22:50.568980,common_stock,False,True,,,,
01630,HK,,,,,,,,,,,,,,,,,,工业,建筑,,港股;工业;建筑,akshare_eastmoney_company_profile,2026-06-02T14:22:50.566720,common_stock,False,True,,,,
01631,HK,,,,,,,,,,,,,,,,,,工业,工用支援,,港股;工业;工用支援,akshare_eastmoney_company_profile,2026-06-02T14:22:50.586345,common_stock,False,True,,,,
01632,HK,,,,,,,,,,,,,,,,,,资讯科技业,软件服务,,港股;资讯科技业;软件服务;科技,akshare_eastmoney_company_profile,2026-06-02T14:22:50.803662,common_stock,False,True,,,,
01633,HK,,,,,,,,,,,,,,,,,,工业,建筑,,港股;工业;建筑,akshare_eastmoney_company_profile,2026-06-02T14:22:50.629942,common_stock,False,True,,,,
01635,HK,,,,,,,,,,,,,,,,,,公用事业,公用事业,,港股;公用事业;高股息,akshare_eastmoney_company_profile,2026-06-02T14:22:50.651205,common_stock,False,True,,,,
01636,HK,,,,,,,,,,,,,,,,,,原材料业,一般金属及矿石,,港股;原材料业;一般金属及矿石;资源材料,akshare_eastmoney_company_profile,2026-06-02T14:22:50.763038,common_stock,False,True,,,,
01637,HK,,,,,,,,,,,,,,,,,,工业,建筑,,港股;工业;建筑,akshare_eastmoney_company_profile,2026-06-02T14:22:50.761540,common_stock,False,True,,,,
01638,HK,,,,,,,,,,,,,,,,,,地产业,地产,,港股;地产业;地产;房地产,akshare_eastmoney_company_profile,2026-06-02T14:22:50.747166,common_stock,False,True,,,,
01640,HK,,,,,,,,,,,,,,,,,,非必需性消费,媒体及娱乐,,港股;非必需性消费;媒体及娱乐;消费,akshare_eastmoney_company_profile,2026-06-02T14:22:50.775811,common_stock,False,True,,,,
01641,HK,,,,,,,,,,,,,,,,,,地产业,地产,,港股;地产业;地产;房地产,akshare_eastmoney_company_profile,2026-06-02T14:22:50.783297,common_stock,False,True,,,,
01643,HK,,,,,,,,,,,,,,,,,,医疗保健业,药品及生物科技,,港股;医疗保健业;药品及生物科技;医药医疗,akshare_eastmoney_company_profile,2026-06-02T14:22:50.984804,common_stock,False,True,,,,
01645,HK,,,,,,,,,,,,,,,,,,工业,工业工程,,港股;工业;工业工程,akshare_eastmoney_company_profile,2026-06-02T14:22:50.790794,common_stock,False,True,,,,
01647,HK,,,,,,,,,,,,,,,,,,工业,建筑,,港股;工业;建筑,akshare_eastmoney_company_profile,2026-06-02T14:22:50.855082,common_stock,False,True,,,,
01650,HK,,,,,,,,,,,,,,,,,,非必需性消费,支援服务,,港股;非必需性消费;支援服务,akshare_eastmoney_company_profile,2026-06-02T14:22:50.904614,common_stock,False,True,,,,
01651,HK,,,,,,,,,,,,,,,,,,工业,工业工程,,港股;工业;工业工程,akshare_eastmoney_company_profile,2026-06-02T14:22:50.906449,common_stock,False,True,,,,
01652,HK,,,,,,,,,,,,,,,,,,医疗保健业,药品及生物科技,,港股;医疗保健业;药品及生物科技;医药医疗,akshare_eastmoney_company_profile,2026-06-02T14:22:50.954468,common_stock,False,True,,,,
01653,HK,,,,,,,,,,,,,,,,,,工业,建筑,,港股;工业;建筑,akshare_eastmoney_company_profile,2026-06-02T14:22:50.965648,common_stock,False,True,,,,
01655,HK,,,,,,,,,,,,,,,,,,非必需性消费,旅游及消闲设施,,港股;非必需性消费;旅游及消闲设施;消费,akshare_eastmoney_company_profile,2026-06-02T14:22:50.967323,common_stock,False,True,,,,
01656,HK,,,,,,,,,,,,,,,,,,工业,工业工程,,港股;工业;工业工程,akshare_eastmoney_company_profile,2026-06-02T14:22:50.978852,common_stock,False,True,,,,
01657,HK,,,,,,,,,,,,,,,,,,非必需性消费,纺织及服饰,,港股;非必需性消费;纺织及服饰;消费,akshare_eastmoney_company_profile,2026-06-02T14:22:50.982788,common_stock,False,True,,,,
01658,HK,,,,,,,,,,,,,,,,,,金融业,银行,,港股;金融业;银行;金融服务,akshare_eastmoney_company_profile,2026-06-02T14:22:51.009814,common_stock,False,True,,,,
01660,HK,,,,,,,,,,,,,,,,,,工业,工业工程,,港股;工业;工业工程,akshare_eastmoney_company_profile,2026-06-02T14:22:51.036005,common_stock,False,True,,,,
01661,HK,,,,,,,,,,,,,,,,,,非必需性消费,旅游及消闲设施,,港股;非必需性消费;旅游及消闲设施;消费,akshare_eastmoney_company_profile,2026-06-02T14:22:51.056358,common_stock,False,True,,,,
01662,HK,,,,,,,,,,,,,,,,,,工业,建筑,,港股;工业;建筑,akshare_eastmoney_company_profile,2026-06-02T14:22:51.088524,common_stock,False,True,,,,
01663,HK,,,,,,,,,,,,,,,,,,地产业,地产,,港股;地产业;地产;房地产,akshare_eastmoney_company_profile,2026-06-02T14:22:51.090993,common_stock,False,True,,,,
01666,HK,,,,,,,,,,,,,,,,,,医疗保健业,药品及生物科技,,港股;医疗保健业;药品及生物科技;医药医疗,akshare_eastmoney_company_profile,2026-06-02T14:22:51.103200,common_stock,False,True,,,,
01667,HK,,,,,,,,,,,,,,,,,,工业,建筑,,港股;工业;建筑,akshare_eastmoney_company_profile,2026-06-02T14:22:51.152289,common_stock,False,True,,,,
01668,HK,,,,,,,,,,,,,,,,,,地产业,地产,,港股;地产业;地产;房地产,akshare_eastmoney_company_profile,2026-06-02T14:22:51.138961,common_stock,False,True,,,,
01669,HK,,,,,,,,,,,,,,,,,,金融业,其他金融,,港股;金融业;其他金融;金融服务,akshare_eastmoney_company_profile,2026-06-02T14:22:51.149659,common_stock,False,True,,,,
01671,HK,,,,,,,,,,,,,,,,,,公用事业,公用事业,,港股;公用事业;高股息,akshare_eastmoney_company_profile,2026-06-02T14:22:51.164245,common_stock,False,True,,,,
01672,HK,,,,,,,,,,,,,,,,,,医疗保健业,药品及生物科技,,港股;医疗保健业;药品及生物科技;医药医疗,akshare_eastmoney_company_profile,2026-06-02T14:22:51.174186,common_stock,False,True,,,,
01673,HK,,,,,,,,,,,,,,,,,,工业,工业工程,,港股;工业;工业工程,akshare_eastmoney_company_profile,2026-06-02T14:22:51.236907,common_stock,False,True,,,,
01675,HK,,,,,,,,,,,,,,,,,,资讯科技业,软件服务,,港股;资讯科技业;软件服务;科技,akshare_eastmoney_company_profile,2026-06-02T14:22:51.251192,common_stock,False,True,,,,
01676,HK,,,,,,,,,,,,,,,,,,必需性消费,食物饮品,,港股;必需性消费;食物饮品,akshare_eastmoney_company_profile,2026-06-02T14:22:51.249317,common_stock,False,True,,,,
01679,HK,,,,,,,,,,,,,,,,,,资讯科技业,软件服务,,港股;资讯科技业;软件服务;科技,akshare_eastmoney_company_profile,2026-06-02T14:22:51.263565,common_stock,False,True,,,,
01680,HK,,,,,,,,,,,,,,,,,,非必需性消费,旅游及消闲设施,,港股;非必需性消费;旅游及消闲设施;消费,akshare_eastmoney_company_profile,2026-06-02T14:22:51.245637,common_stock,False,True,,,,
01681,HK,,,,,,,,,,,,,,,,,,医疗保健业,药品及生物科技,,港股;医疗保健业;药品及生物科技;医药医疗,akshare_eastmoney_company_profile,2026-06-02T14:22:51.299009,common_stock,False,True,,,,
01682,HK,,,,,,,,,,,,,,,,,,非必需性消费,纺织及服饰,,港股;非必需性消费;纺织及服饰;消费,akshare_eastmoney_company_profile,2026-06-02T14:22:51.276358,common_stock,False,True,,,,
01683,HK,,,,,,,,,,,,,,,,,,工业,建筑,,港股;工业;建筑,akshare_eastmoney_company_profile,2026-06-02T14:22:51.291133,common_stock,False,True,,,,
01685,HK,,,,,,,,,,,,,,,,,,工业,工业工程,,港股;工业;工业工程,akshare_eastmoney_company_profile,2026-06-02T14:22:51.328633,common_stock,False,True,,,,
01686,HK,,,,,,,,,,,,,,,,,,资讯科技业,软件服务,,港股;资讯科技业;软件服务;科技,akshare_eastmoney_company_profile,2026-06-02T14:22:51.387931,common_stock,False,True,,,,
01689,HK,,,,,,,,,,,,,,,,,,工业,工用支援,,港股;工业;工用支援,akshare_eastmoney_company_profile,2026-06-02T14:22:51.448068,common_stock,False,True,,,,
01690,HK,,,,,,,,,,,,,,,,,,工业,建筑,,港股;工业;建筑,akshare_eastmoney_company_profile,2026-06-02T14:22:51.604121,common_stock,False,True,,,,
01691,HK,,,,,,,,,,,,,,,,,,非必需性消费,家庭电器及用品,,港股;非必需性消费;家庭电器及用品;消费,akshare_eastmoney_company_profile,2026-06-02T14:22:51.500128,common_stock,False,True,,,,
01692,HK,,,,,,,,,,,,,,,,,,非必需性消费,家庭电器及用品,,港股;非必需性消费;家庭电器及用品;消费,akshare_eastmoney_company_profile,2026-06-02T14:22:51.618239,common_stock,False,True,,,,
01693,HK,,,,,,,,,,,,,,,,,,工业,建筑,,港股;工业;建筑,akshare_eastmoney_company_profile,2026-06-02T14:22:51.497177,common_stock,False,True,,,,
01695,HK,,,,,,,,,,,,,,,,,,必需性消费,食物饮品,,港股;必需性消费;食物饮品,akshare_eastmoney_company_profile,2026-06-02T14:22:51.619742,common_stock,False,True,,,,
01696,HK,,,,,,,,,,,,,,,,,,医疗保健业,其他医疗保健,,港股;医疗保健业;其他医疗保健;医药医疗,akshare_eastmoney_company_profile,2026-06-02T14:22:51.516904,common_stock,False,True,,,,
01697,HK,,,,,,,,,,,,,,,,,,金融业,其他金融,,港股;金融业;其他金融;金融服务,akshare_eastmoney_company_profile,2026-06-02T14:22:51.524685,common_stock,False,True,,,,
01698,HK,,,,,,,,,,,,,,,,,,非必需性消费,媒体及娱乐,,港股;非必需性消费;媒体及娱乐;消费,akshare_eastmoney_company_profile,2026-06-02T14:22:51.540842,common_stock,False,True,,,,
01701,HK,,,,,,,,,,,,,,,,,,非必需性消费,旅游及消闲设施,,港股;非必需性消费;旅游及消闲设施;消费,akshare_eastmoney_company_profile,2026-06-02T14:22:51.781463,common_stock,False,True,,,,
01702,HK,,,,,,,,,,,,,,,,,,原材料业,原材料,,港股;原材料业;原材料;资源材料,akshare_eastmoney_company_profile,2026-06-02T14:22:51.644361,common_stock,False,True,,,,
01703,HK,,,,,,,,,,,,,,,,,,非必需性消费,旅游及消闲设施,,港股;非必需性消费;旅游及消闲设施;消费,akshare_eastmoney_company_profile,2026-06-02T14:22:51.659034,common_stock,False,True,,,,
01705,HK,,,,,,,,,,,,,,,,,,必需性消费,食物饮品,,港股;必需性消费;食物饮品,akshare_eastmoney_company_profile,2026-06-02T14:22:51.661664,common_stock,False,True,,,,
01707,HK,,,,,,,,,,,,,,,,,,工业,建筑,,港股;工业;建筑,akshare_eastmoney_company_profile,2026-06-02T14:22:51.725534,common_stock,False,True,,,,
01708,HK,,,,,,,,,,,,,,,,,,资讯科技业,软件服务,,港股;资讯科技业;软件服务;科技,akshare_eastmoney_company_profile,2026-06-02T14:22:51.712615,common_stock,False,True,,,,
01709,HK,,,,,,,,,,,,,,,,,,金融业,其他金融,,港股;金融业;其他金融;金融服务,akshare_eastmoney_company_profile,2026-06-02T14:22:51.812546,common_stock,False,True,,,,
01710,HK,,,,,,,,,,,,,,,,,,工业,工业工程,,港股;工业;工业工程,akshare_eastmoney_company_profile,2026-06-02T14:22:51.810713,common_stock,False,True,,,,
01711,HK,,,,,,,,,,,,,,,,,,非必需性消费,专业零售,,港股;非必需性消费;专业零售;消费,akshare_eastmoney_company_profile,2026-06-02T14:22:51.737188,common_stock,False,True,,,,
01712,HK,,,,,,,,,,,,,,,,,,原材料业,黄金及贵金属,,港股;原材料业;黄金及贵金属;资源材料,akshare_eastmoney_company_profile,2026-06-02T14:22:51.827314,common_stock,False,True,,,,
01713,HK,,,,,,,,,,,,,,,,,,公用事业,公用事业,,港股;公用事业;高股息,akshare_eastmoney_company_profile,2026-06-02T14:22:51.850390,common_stock,False,True,,,,
01715,HK,,,,,,,,,,,,,,,,,,非必需性消费,家庭电器及用品,,港股;非必需性消费;家庭电器及用品;消费,akshare_eastmoney_company_profile,2026-06-02T14:22:52.091092,common_stock,False,True,,,,
01716,HK,,,,,,,,,,,,,,,,,,非必需性消费,媒体及娱乐,,港股;非必需性消费;媒体及娱乐;消费,akshare_eastmoney_company_profile,2026-06-02T14:22:51.836323,common_stock,False,True,,,,
01717,HK,,,,,,,,,,,,,,,,,,必需性消费,食物饮品,,港股;必需性消费;食物饮品,akshare_eastmoney_company_profile,2026-06-02T14:22:51.837968,common_stock,False,True,,,,
01718,HK,,,,,,,,,,,,,,,,,,工业,建筑,,港股;工业;建筑,akshare_eastmoney_company_profile,2026-06-02T14:22:51.873409,common_stock,False,True,,,,
01719,HK,,,,,,,,,,,,,,,,,,工业,工用运输,,港股;工业;工用运输,akshare_eastmoney_company_profile,2026-06-02T14:22:52.016895,common_stock,False,True,,,,
01720,HK,,,,,,,,,,,,,,,,,,资讯科技业,资讯科技器材,,港股;资讯科技业;资讯科技器材;科技,akshare_eastmoney_company_profile,2026-06-02T14:22:51.973051,common_stock,False,True,,,,
01721,HK,,,,,,,,,,,,,,,,,,原材料业,一般金属及矿石,,港股;原材料业;一般金属及矿石;资源材料,akshare_eastmoney_company_profile,2026-06-02T14:22:52.005225,common_stock,False,True,,,,
01722,HK,,,,,,,,,,,,,,,,,,工业,建筑,,港股;工业;建筑,akshare_eastmoney_company_profile,2026-06-02T14:22:52.025405,common_stock,False,True,,,,
01723,HK,,,,,,,,,,,,,,,,,,非必需性消费,专业零售,,港股;非必需性消费;专业零售;消费,akshare_eastmoney_company_profile,2026-06-02T14:22:52.028401,common_stock,False,True,,,,
01725,HK,,,,,,,,,,,,,,,,,,工业,工业工程,,港股;工业;工业工程,akshare_eastmoney_company_profile,2026-06-02T14:22:52.035676,common_stock,False,True,,,,
01726,HK,,,,,,,,,,,,,,,,,,医疗保健业,其他医疗保健,,港股;医疗保健业;其他医疗保健;医药医疗,akshare_eastmoney_company_profile,2026-06-02T14:22:52.037512,common_stock,False,True,,,,
01727,HK,,,,,,,,,,,,,,,,,,工业,建筑,,港股;工业;建筑,akshare_eastmoney_company_profile,2026-06-02T14:22:52.190135,common_stock,False,True,,,,
01728,HK,,,,,,,,,,,,,,,,,,非必需性消费,专业零售,,港股;非必需性消费;专业零售;消费,akshare_eastmoney_company_profile,2026-06-02T14:22:52.114176,common_stock,False,True,,,,
01729,HK,,,,,,,,,,,,,,,,,,资讯科技业,资讯科技器材,,港股;资讯科技业;资讯科技器材;科技,akshare_eastmoney_company_profile,2026-06-02T14:22:52.115619,common_stock,False,True,,,,
01731,HK,,,,,,,,,,,,,,,,,,非必需性消费,纺织及服饰,,港股;非必需性消费;纺织及服饰;消费,akshare_eastmoney_company_profile,2026-06-02T14:22:52.128017,common_stock,False,True,,,,
01732,HK,,,,,,,,,,,,,,,,,,工业,工用运输,,港股;工业;工用运输,akshare_eastmoney_company_profile,2026-06-02T14:22:52.147725,common_stock,False,True,,,,
01733,HK,,,,,,,,,,,,,,,,,,能源业,煤炭,,港股;能源业;煤炭;资源能源,akshare_eastmoney_company_profile,2026-06-02T14:22:52.198369,common_stock,False,True,,,,
01735,HK,,,,,,,,,,,,,,,,,,工业,工业工程,,港股;工业;工业工程,akshare_eastmoney_company_profile,2026-06-02T14:22:52.155779,common_stock,False,True,,,,
01736,HK,,,,,,,,,,,,,,,,,,非必需性消费,专业零售,,港股;非必需性消费;专业零售;消费,akshare_eastmoney_company_profile,2026-06-02T14:22:52.182080,common_stock,False,True,,,,
01737,HK,,,,,,,,,,,,,,,,,,工业,工用运输,,港股;工业;工用运输,akshare_eastmoney_company_profile,2026-06-02T14:22:52.254178,common_stock,False,True,,,,
01738,HK,,,,,,,,,,,,,,,,,,能源业,煤炭,,港股;能源业;煤炭;资源能源,akshare_eastmoney_company_profile,2026-06-02T14:22:52.262674,common_stock,False,True,,,,
01739,HK,,,,,,,,,,,,,,,,,,非必需性消费,媒体及娱乐,,港股;非必需性消费;媒体及娱乐;消费,akshare_eastmoney_company_profile,2026-06-02T14:22:52.290976,common_stock,False,True,,,,
01740,HK,,,,,,,,,,,,,,,,,,非必需性消费,媒体及娱乐,,港股;非必需性消费;媒体及娱乐;消费,akshare_eastmoney_company_profile,2026-06-02T14:22:52.330594,common_stock,False,True,,,,
01741,HK,,,,,,,,,,,,,,,,,,工业,建筑,,港股;工业;建筑,akshare_eastmoney_company_profile,2026-06-02T14:22:52.548433,common_stock,False,True,,,,
01742,HK,,,,,,,,,,,,,,,,,,工业,建筑,,港股;工业;建筑,akshare_eastmoney_company_profile,2026-06-02T14:22:52.411287,common_stock,False,True,,,,
01745,HK,,,,,,,,,,,,,,,,,,资讯科技业,软件服务,,港股;资讯科技业;软件服务;科技,akshare_eastmoney_company_profile,2026-06-02T14:22:52.395506,common_stock,False,True,,,,
01746,HK,,,,,,,,,,,,,,,,,,工业,建筑,,港股;工业;建筑,akshare_eastmoney_company_profile,2026-06-02T14:22:52.387107,common_stock,False,True,,,,
01747,HK,,,,,,,,,,,,,,,,,,非必需性消费,家庭电器及用品,,港股;非必需性消费;家庭电器及用品;消费,akshare_eastmoney_company_profile,2026-06-02T14:22:52.437974,common_stock,False,True,,,,
01748,HK,,,,,,,,,,,,,,,,,,工业,工用运输,,港股;工业;工用运输,akshare_eastmoney_company_profile,2026-06-02T14:22:52.421318,common_stock,False,True,,,,
01749,HK,,,,,,,,,,,,,,,,,,非必需性消费,纺织及服饰,,港股;非必需性消费;纺织及服饰;消费,akshare_eastmoney_company_profile,2026-06-02T14:22:52.423836,common_stock,False,True,,,,
01750,HK,,,,,,,,,,,,,,,,,,工业,工业工程,,港股;工业;工业工程,akshare_eastmoney_company_profile,2026-06-02T14:22:52.436875,common_stock,False,True,,,,
01751,HK,,,,,,,,,,,,,,,,,,工业,建筑,,港股;工业;建筑,akshare_eastmoney_company_profile,2026-06-02T14:22:52.467891,common_stock,False,True,,,,
01752,HK,,,,,,,,,,,,,,,,,,非必需性消费,支援服务,,港股;非必需性消费;支援服务,akshare_eastmoney_company_profile,2026-06-02T14:22:52.502649,common_stock,False,True,,,,
01753,HK,,,,,,,,,,,,,,,,,,非必需性消费,媒体及娱乐,,港股;非必需性消费;媒体及娱乐;消费,akshare_eastmoney_company_profile,2026-06-02T14:22:52.510627,common_stock,False,True,,,,
01755,HK,,,,,,,,,,,,,,,,,,地产业,地产,,港股;地产业;地产;房地产,akshare_eastmoney_company_profile,2026-06-02T14:22:52.523743,common_stock,False,True,,,,
01756,HK,,,,,,,,,,,,,,,,,,非必需性消费,支援服务,,港股;非必需性消费;支援服务,akshare_eastmoney_company_profile,2026-06-02T14:22:52.557626,common_stock,False,True,,,,
01757,HK,,,,,,,,,,,,,,,,,,工业,建筑,,港股;工业;建筑,akshare_eastmoney_company_profile,2026-06-02T14:22:52.587628,common_stock,False,True,,,,
01758,HK,,,,,,,,,,,,,,,,,,非必需性消费,支援服务,,港股;非必需性消费;支援服务,akshare_eastmoney_company_profile,2026-06-02T14:22:52.586278,common_stock,False,True,,,,
01759,HK,,,,,,,,,,,,,,,,,,公用事业,公用事业,,港股;公用事业;高股息,akshare_eastmoney_company_profile,2026-06-02T14:22:52.589318,common_stock,False,True,,,,
01760,HK,,,,,,,,,,,,,,,,,,非必需性消费,汽车,,港股;非必需性消费;汽车;消费,akshare_eastmoney_company_profile,2026-06-02T14:22:52.598212,common_stock,False,True,,,,
01762,HK,,,,,,,,,,,,,,,,,,非必需性消费,媒体及娱乐,,港股;非必需性消费;媒体及娱乐;消费,akshare_eastmoney_company_profile,2026-06-02T14:22:52.600272,common_stock,False,True,,,,
01763,HK,,,,,,,,,,,,,,,,,,医疗保健业,药品及生物科技,,港股;医疗保健业;药品及生物科技;医药医疗,akshare_eastmoney_company_profile,2026-06-02T14:22:52.619806,common_stock,False,True,,,,
01765,HK,,,,,,,,,,,,,,,,,,非必需性消费,支援服务,,港股;非必需性消费;支援服务,akshare_eastmoney_company_profile,2026-06-02T14:22:52.637860,common_stock,False,True,,,,
01766,HK,,,,,,,,,,,,,,,,,,工业,工业工程,,港股;工业;工业工程,akshare_eastmoney_company_profile,2026-06-02T14:22:52.647999,common_stock,False,True,,,,
01767,HK,,,,,,,,,,,,,,,,,,必需性消费,食物饮品,,港股;必需性消费;食物饮品,akshare_eastmoney_company_profile,2026-06-02T14:22:52.695252,common_stock,False,True,,,,
01768,HK,,,,,,,,,,,,,,,,,,必需性消费,食物饮品,,港股;必需性消费;食物饮品,akshare_eastmoney_company_profile,2026-06-02T14:22:52.769886,common_stock,False,True,,,,
01769,HK,,,,,,,,,,,,,,,,,,非必需性消费,支援服务,,港股;非必需性消费;支援服务,akshare_eastmoney_company_profile,2026-06-02T14:22:52.796894,common_stock,False,True,,,,
01771,HK,,,,,,,,,,,,,,,,,,非必需性消费,专业零售,,港股;非必需性消费;专业零售;消费,akshare_eastmoney_company_profile,2026-06-02T14:22:52.865519,common_stock,False,True,,,,
01772,HK,,,,,,,,,,,,,,,,,,原材料业,一般金属及矿石,,港股;原材料业;一般金属及矿石;资源材料,akshare_eastmoney_company_profile,2026-06-02T14:22:52.834224,common_stock,False,True,,,,
01773,HK,,,,,,,,,,,,,,,,,,非必需性消费,支援服务,,港股;非必需性消费;支援服务,akshare_eastmoney_company_profile,2026-06-02T14:22:52.824566,common_stock,False,True,,,,
01775,HK,,,,,,,,,,,,,,,,,,非必需性消费,支援服务,,港股;非必需性消费;支援服务,akshare_eastmoney_company_profile,2026-06-02T14:22:52.839812,common_stock,False,True,,,,
01776,HK,,,,,,,,,,,,,,,,,,金融业,其他金融,,港股;金融业;其他金融;金融服务,akshare_eastmoney_company_profile,2026-06-02T14:22:52.863042,common_stock,False,True,,,,
01777,HK,,,,,,,,,,,,,,,,,,地产业,地产,,港股;地产业;地产;房地产,akshare_eastmoney_company_profile,2026-06-02T14:22:52.836972,common_stock,False,True,,,,
01778,HK,,,,,,,,,,,,,,,,,,地产业,地产,,港股;地产业;地产;房地产,akshare_eastmoney_company_profile,2026-06-02T14:22:52.861200,common_stock,False,True,,,,
01780,HK,,,,,,,,,,,,,,,,,,工业,建筑,,港股;工业;建筑,akshare_eastmoney_company_profile,2026-06-02T14:22:52.950508,common_stock,False,True,,,,
01782,HK,,,,,,,,,,,,,,,,,,资讯科技业,软件服务,,港股;资讯科技业;软件服务;科技,akshare_eastmoney_company_profile,2026-06-02T14:22:52.934921,common_stock,False,True,,,,
01783,HK,,,,,,,,,,,,,,,,,,工业,建筑,,港股;工业;建筑,akshare_eastmoney_company_profile,2026-06-02T14:22:52.942914,common_stock,False,True,,,,
01785,HK,,,,,,,,,,,,,,,,,,工业,工用运输,,港股;工业;工用运输,akshare_eastmoney_company_profile,2026-06-02T14:22:52.980126,common_stock,False,True,,,,
01786,HK,,,,,,,,,,,,,,,,,,工业,工业工程,,港股;工业;工业工程,akshare_eastmoney_company_profile,2026-06-02T14:22:52.981599,common_stock,False,True,,,,
01787,HK,,,,,,,,,,,,,,,,,,原材料业,黄金及贵金属,,港股;原材料业;黄金及贵金属;资源材料,akshare_eastmoney_company_profile,2026-06-02T14:22:53.029030,common_stock,False,True,,,,
01788,HK,,,,,,,,,,,,,,,,,,金融业,其他金融,,港股;金融业;其他金融;金融服务,akshare_eastmoney_company_profile,2026-06-02T14:22:53.018866,common_stock,False,True,,,,
01789,HK,,,,,,,,,,,,,,,,,,医疗保健业,其他医疗保健,,港股;医疗保健业;其他医疗保健;医药医疗,akshare_eastmoney_company_profile,2026-06-02T14:22:53.042681,common_stock,False,True,,,,
01790,HK,,,,,,,,,,,,,,,,,,公用事业,公用事业,,港股;公用事业;高股息,akshare_eastmoney_company_profile,2026-06-02T14:22:53.091309,common_stock,False,True,,,,
01792,HK,,,,,,,,,,,,,,,,,,非必需性消费,家庭电器及用品,,港股;非必需性消费;家庭电器及用品;消费,akshare_eastmoney_company_profile,2026-06-02T14:22:53.107506,common_stock,False,True,,,,
01793,HK,,,,,,,,,,,,,,,,,,工业,建筑,,港股;工业;建筑,akshare_eastmoney_company_profile,2026-06-02T14:22:53.116590,common_stock,False,True,,,,
01795,HK,,,,,,,,,,,,,,,,,,非必需性消费,纺织及服饰,,港股;非必需性消费;纺织及服饰;消费,akshare_eastmoney_company_profile,2026-06-02T14:22:53.172493,common_stock,False,True,,,,
01796,HK,,,,,,,,,,,,,,,,,,工业,建筑,,港股;工业;建筑,akshare_eastmoney_company_profile,2026-06-02T14:22:53.201663,common_stock,False,True,,,,
01797,HK,,,,,,,,,,,,,,,,,,非必需性消费,媒体及娱乐,,港股;非必需性消费;媒体及娱乐;消费,akshare_eastmoney_company_profile,2026-06-02T14:22:53.207216,common_stock,False,True,,,,
01798,HK,,,,,,,,,,,,,,,,,,公用事业,公用事业,,港股;公用事业;高股息,akshare_eastmoney_company_profile,2026-06-02T14:22:53.205472,common_stock,False,True,,,,
01799,HK,,,,,,,,,,,,,,,,,,工业,工业工程,,港股;工业;工业工程,akshare_eastmoney_company_profile,2026-06-02T14:22:53.228656,common_stock,False,True,,,,
01800,HK,,,,,,,,,,,,,,,,,,工业,建筑,,港股;工业;建筑,akshare_eastmoney_company_profile,2026-06-02T14:22:53.252228,common_stock,False,True,,,,
01801,HK,,,,,,,,,,,,,,,,,,医疗保健业,药品及生物科技,,港股;医疗保健业;药品及生物科技;医药医疗,akshare_eastmoney_company_profile,2026-06-02T14:22:53.262895,common_stock,False,True,,,,
01802,HK,,,,,,,,,,,,,,,,,,工业,建筑,,港股;工业;建筑,akshare_eastmoney_company_profile,2026-06-02T14:22:53.265475,common_stock,False,True,,,,
01803,HK,,,,,,,,,,,,,,,,,,非必需性消费,旅游及消闲设施,,港股;非必需性消费;旅游及消闲设施;消费,akshare_eastmoney_company_profile,2026-06-02T14:22:53.267100,common_stock,False,True,,,,
01808,HK,,,,,,,,,,,,,,,,,,资讯科技业,软件服务,,港股;资讯科技业;软件服务;科技,akshare_eastmoney_company_profile,2026-06-02T14:22:53.332024,common_stock,False,True,,,,
01809,HK,,,,,,,,,,,,,,,,,,非必需性消费,汽车,,港股;非必需性消费;汽车;消费,akshare_eastmoney_company_profile,2026-06-02T14:22:53.368610,common_stock,False,True,,,,
01810,HK,,,,,,,,,,,,,,,,,,资讯科技业,资讯科技器材,,港股;资讯科技业;资讯科技器材;科技,akshare_eastmoney_company_profile,2026-06-02T14:22:53.392327,common_stock,False,True,,,,
01811,HK,,,,,,,,,,,,,,,,,,公用事业,公用事业,,港股;公用事业;高股息,akshare_eastmoney_company_profile,2026-06-02T14:22:53.424323,common_stock,False,True,,,,
01812,HK,,,,,,,,,,,,,,,,,,原材料业,原材料,,港股;原材料业;原材料;资源材料,akshare_eastmoney_company_profile,2026-06-02T14:22:53.459648,common_stock,False,True,,,,
01813,HK,,,,,,,,,,,,,,,,,,地产业,地产,,港股;地产业;地产;房地产,akshare_eastmoney_company_profile,2026-06-02T14:22:53.477130,common_stock,False,True,,,,
01815,HK,,,,,,,,,,,,,,,,,,原材料业,黄金及贵金属,,港股;原材料业;黄金及贵金属;资源材料,akshare_eastmoney_company_profile,2026-06-02T14:22:53.473461,common_stock,False,True,,,,
01816,HK,,,,,,,,,,,,,,,,,,公用事业,公用事业,,港股;公用事业;高股息,akshare_eastmoney_company_profile,2026-06-02T14:22:53.475224,common_stock,False,True,,,,
01817,HK,,,,,,,,,,,,,,,,,,非必需性消费,专业零售,,港股;非必需性消费;专业零售;消费,akshare_eastmoney_company_profile,2026-06-02T14:22:53.499673,common_stock,False,True,,,,
01818,HK,,,,,,,,,,,,,,,,,,原材料业,黄金及贵金属,,港股;原材料业;黄金及贵金属;资源材料,akshare_eastmoney_company_profile,2026-06-02T14:22:53.507862,common_stock,False,True,,,,
01820,HK,,,,,,,,,,,,,,,,,,工业,工用支援,,港股;工业;工用支援,akshare_eastmoney_company_profile,2026-06-02T14:22:53.518795,common_stock,False,True,,,,
01822,HK,,,,,,,,,,,,,,,,,,原材料业,原材料,,港股;原材料业;原材料;资源材料,akshare_eastmoney_company_profile,2026-06-02T14:22:53.516044,common_stock,False,True,,,,
01823,HK,,,,,,,,,,,,,,,,,,必需性消费,食物饮品,,港股;必需性消费;食物饮品,akshare_eastmoney_company_profile,2026-06-02T14:22:53.575580,common_stock,False,True,,,,
01825,HK,,,,,,,,,,,,,,,,,,非必需性消费,纺织及服饰,,港股;非必需性消费;纺织及服饰;消费,akshare_eastmoney_company_profile,2026-06-02T14:22:53.679530,common_stock,False,True,,,,
01826,HK,,,,,,,,,,,,,,,,,,工业,建筑,,港股;工业;建筑,akshare_eastmoney_company_profile,2026-06-02T14:22:53.665598,common_stock,False,True,,,,
01827,HK,,,,,,,,,,,,,,,,,,医疗保健业,其他医疗保健,,港股;医疗保健业;其他医疗保健;医药医疗,akshare_eastmoney_company_profile,2026-06-02T14:22:53.680900,common_stock,False,True,,,,
01828,HK,,,,,,,,,,,,,,,,,,金融业,保险,,港股;金融业;保险;金融服务,akshare_eastmoney_company_profile,2026-06-02T14:22:53.719039,common_stock,False,True,,,,
01830,HK,,,,,,,,,,,,,,,,,,医疗保健业,其他医疗保健,,港股;医疗保健业;其他医疗保健;医药医疗,akshare_eastmoney_company_profile,2026-06-02T14:22:53.710295,common_stock,False,True,,,,
01831,HK,,,,,,,,,,,,,,,,,,非必需性消费,媒体及娱乐,,港股;非必需性消费;媒体及娱乐;消费,akshare_eastmoney_company_profile,2026-06-02T14:22:53.733489,common_stock,False,True,,,,
01832,HK,,,,,,,,,,,,,,,,,,非必需性消费,旅游及消闲设施,,港股;非必需性消费;旅游及消闲设施;消费,akshare_eastmoney_company_profile,2026-06-02T14:22:53.742953,common_stock,False,True,,,,
01833,HK,,,,,,,,,,,,,,,,,,医疗保健业,其他医疗保健,,港股;医疗保健业;其他医疗保健;医药医疗,akshare_eastmoney_company_profile,2026-06-02T14:22:53.720819,common_stock,False,True,,,,
01835,HK,,,,,,,,,,,,,,,,,,金融业,其他金融,,港股;金融业;其他金融;金融服务,akshare_eastmoney_company_profile,2026-06-02T14:22:53.766522,common_stock,False,True,,,,
01836,HK,,,,,,,,,,,,,,,,,,非必需性消费,纺织及服饰,,港股;非必需性消费;纺织及服饰;消费,akshare_eastmoney_company_profile,2026-06-02T14:22:53.804063,common_stock,False,True,,,,
01837,HK,,,,,,,,,,,,,,,,,,必需性消费,食物饮品,,港股;必需性消费;食物饮品,akshare_eastmoney_company_profile,2026-06-02T14:22:53.830675,common_stock,False,True,,,,
01841,HK,,,,,,,,,,,,,,,,,,工业,工用支援,,港股;工业;工用支援,akshare_eastmoney_company_profile,2026-06-02T14:22:53.879163,common_stock,False,True,,,,
01842,HK,,,,,,,,,,,,,,,,,,非必需性消费,纺织及服饰,,港股;非必需性消费;纺织及服饰;消费,akshare_eastmoney_company_profile,2026-06-02T14:22:53.856280,common_stock,False,True,,,,
01843,HK,,,,,,,,,,,,,,,,,,非必需性消费,旅游及消闲设施,,港股;非必需性消费;旅游及消闲设施;消费,akshare_eastmoney_company_profile,2026-06-02T14:22:53.901127,common_stock,False,True,,,,
01845,HK,,,,,,,,,,,,,,,,,,工业,工业工程,,港股;工业;工业工程,akshare_eastmoney_company_profile,2026-06-02T14:22:53.916137,common_stock,False,True,,,,
01846,HK,,,,,,,,,,,,,,,,,,医疗保健业,其他医疗保健,,港股;医疗保健业;其他医疗保健;医药医疗,akshare_eastmoney_company_profile,2026-06-02T14:22:53.913743,common_stock,False,True,,,,
01847,HK,,,,,,,,,,,,,,,,,,工业,建筑,,港股;工业;建筑,akshare_eastmoney_company_profile,2026-06-02T14:22:53.898476,common_stock,False,True,,,,
01848,HK,,,,,,,,,,,,,,,,,,非必需性消费,旅游及消闲设施,,港股;非必需性消费;旅游及消闲设施;消费,akshare_eastmoney_company_profile,2026-06-02T14:22:53.912488,common_stock,False,True,,,,
01849,HK,,,,,,,,,,,,,,,,,,非必需性消费,媒体及娱乐,,港股;非必需性消费;媒体及娱乐;消费,akshare_eastmoney_company_profile,2026-06-02T14:22:53.943032,common_stock,False,True,,,,
01850,HK,,,,,,,,,,,,,,,,,,工业,建筑,,港股;工业;建筑,akshare_eastmoney_company_profile,2026-06-02T14:22:53.946128,common_stock,False,True,,,,
01851,HK,,,,,,,,,,,,,,,,,,非必需性消费,支援服务,,港股;非必需性消费;支援服务,akshare_eastmoney_company_profile,2026-06-02T14:22:53.978648,common_stock,False,True,,,,
01853,HK,,,,,,,,,,,,,,,,,,公用事业,公用事业,,港股;公用事业;高股息,akshare_eastmoney_company_profile,2026-06-02T14:22:54.001407,common_stock,False,True,,,,
01854,HK,,,,,,,,,,,,,,,,,,必需性消费,农业产品,,港股;必需性消费;农业产品,akshare_eastmoney_company_profile,2026-06-02T14:22:54.020436,common_stock,False,True,,,,
01855,HK,,,,,,,,,,,,,,,,,,工业,建筑,,港股;工业;建筑,akshare_eastmoney_company_profile,2026-06-02T14:22:54.012145,common_stock,False,True,,,,
01856,HK,,,,,,,,,,,,,,,,,,非必需性消费,纺织及服饰,,港股;非必需性消费;纺织及服饰;消费,akshare_eastmoney_company_profile,2026-06-02T14:22:54.048335,common_stock,False,True,,,,
01857,HK,,,,,,,,,,,,,,,,,,公用事业,公用事业,,港股;公用事业;高股息,akshare_eastmoney_company_profile,2026-06-02T14:22:54.056846,common_stock,False,True,,,,
01858,HK,,,,,,,,,,,,,,,,,,医疗保健业,其他医疗保健,,港股;医疗保健业;其他医疗保健;医药医疗,akshare_eastmoney_company_profile,2026-06-02T14:22:54.088514,common_stock,False,True,,,,
01860,HK,,,,,,,,,,,,,,,,,,非必需性消费,媒体及娱乐,,港股;非必需性消费;媒体及娱乐;消费,akshare_eastmoney_company_profile,2026-06-02T14:22:54.096929,common_stock,False,True,,,,
01861,HK,,,,,,,,,,,,,,,,,,原材料业,原材料,,港股;原材料业;原材料;资源材料,akshare_eastmoney_company_profile,2026-06-02T14:22:54.178241,common_stock,False,True,,,,
01862,HK,,,,,,,,,,,,,,,,,,地产业,地产,,港股;地产业;地产;房地产,akshare_eastmoney_company_profile,2026-06-02T14:22:54.169517,common_stock,False,True,,,,
01863,HK,,,,,,,,,,,,,,,,,,原材料业,原材料,,港股;原材料业;原材料;资源材料,akshare_eastmoney_company_profile,2026-06-02T14:22:54.189525,common_stock,False,True,,,,
01865,HK,,,,,,,,,,,,,,,,,,工业,建筑,,港股;工业;建筑,akshare_eastmoney_company_profile,2026-06-02T14:22:54.199048,common_stock,False,True,,,,
01866,HK,,,,,,,,,,,,,,,,,,原材料业,原材料,,港股;原材料业;原材料;资源材料,akshare_eastmoney_company_profile,2026-06-02T14:22:54.222000,common_stock,False,True,,,,
01867,HK,,,,,,,,,,,,,,,,,,工业,建筑,,港股;工业;建筑,akshare_eastmoney_company_profile,2026-06-02T14:22:54.233991,common_stock,False,True,,,,
01868,HK,,,,,,,,,,,,,,,,,,非必需性消费,家庭电器及用品,,港股;非必需性消费;家庭电器及用品;消费,akshare_eastmoney_company_profile,2026-06-02T14:22:54.244209,common_stock,False,True,,,,
01869,HK,,,,,,,,,,,,,,,,,,非必需性消费,旅游及消闲设施,,港股;非必需性消费;旅游及消闲设施;消费,akshare_eastmoney_company_profile,2026-06-02T14:22:54.241724,common_stock,False,True,,,,
01870,HK,,,,,,,,,,,,,,,,,,工业,建筑,,港股;工业;建筑,akshare_eastmoney_company_profile,2026-06-02T14:22:54.376732,common_stock,False,True,,,,
01871,HK,,,,,,,,,,,,,,,,,,非必需性消费,支援服务,,港股;非必需性消费;支援服务,akshare_eastmoney_company_profile,2026-06-02T14:22:54.267719,common_stock,False,True,,,,
01872,HK,,,,,,,,,,,,,,,,,,非必需性消费,专业零售,,港股;非必需性消费;专业零售;消费,akshare_eastmoney_company_profile,2026-06-02T14:22:54.276028,common_stock,False,True,,,,
01873,HK,,,,,,,,,,,,,,,,,,医疗保健业,药品及生物科技,,港股;医疗保健业;药品及生物科技;医药医疗,akshare_eastmoney_company_profile,2026-06-02T14:22:54.290480,common_stock,False,True,,,,
01875,HK,,,,,,,,,,,,,,,,,,医疗保健业,药品及生物科技,,港股;医疗保健业;药品及生物科技;医药医疗,akshare_eastmoney_company_profile,2026-06-02T14:22:54.321749,common_stock,False,True,,,,
01876,HK,,,,,,,,,,,,,,,,,,必需性消费,食物饮品,,港股;必需性消费;食物饮品,akshare_eastmoney_company_profile,2026-06-02T14:22:54.338646,common_stock,False,True,,,,
01877,HK,,,,,,,,,,,,,,,,,,医疗保健业,药品及生物科技,,港股;医疗保健业;药品及生物科技;医药医疗,akshare_eastmoney_company_profile,2026-06-02T14:22:54.367946,common_stock,False,True,,,,
01878,HK,,,,,,,,,,,,,,,,,,能源业,煤炭,,港股;能源业;煤炭;资源能源,akshare_eastmoney_company_profile,2026-06-02T14:22:54.352530,common_stock,False,True,,,,
01879,HK,,,,,,,,,,,,,,,,,,资讯科技业,半导体,,港股;资讯科技业;半导体;科技,akshare_eastmoney_company_profile,2026-06-02T14:22:54.407313,common_stock,False,True,,,,
01880,HK,,,,,,,,,,,,,,,,,,非必需性消费,旅游及消闲设施,,港股;非必需性消费;旅游及消闲设施;消费,akshare_eastmoney_company_profile,2026-06-02T14:22:54.396609,common_stock,False,True,,,,
01881,HK,,,,,,,,,,,,,,,,,,地产业,地产投资信托基金,,港股;REIT;房地产基金;收息资产;地产业;地产投资信托基金;房地产,nan+local_taxonomy+local_taxonomy+local_taxonomy;local_registry_enrichment,2026-06-03T07:15:43.584322,fund_like,True,True,local_registry_enrichment,2026-06-03T07:15:43.584322,,
01882,HK,,,,,,,,,,,,,,,,,,工业,工业工程,,港股;工业;工业工程,akshare_eastmoney_company_profile,2026-06-02T14:22:54.421865,common_stock,False,True,,,,
01883,HK,,,,,,,,,,,,,,,,,,电讯业,电讯,,港股;电讯业;电讯,akshare_eastmoney_company_profile,2026-06-02T14:22:54.436847,common_stock,False,True,,,,
01884,HK,,,,,,,,,,,,,,,,,,工业,工用支援,,港股;工业;工用支援,akshare_eastmoney_company_profile,2026-06-02T14:22:54.520426,common_stock,False,True,,,,
01888,HK,,,,,,,,,,,,,,,,,,工业,工业工程,,港股;工业;工业工程,akshare_eastmoney_company_profile,2026-06-02T14:22:54.611308,common_stock,False,True,,,,
01889,HK,,,,,,,,,,,,,,,,,,医疗保健业,药品及生物科技,,港股;医疗保健业;药品及生物科技;医药医疗,akshare_eastmoney_company_profile,2026-06-02T14:22:54.702506,common_stock,False,True,,,,
01890,HK,,,,,,,,,,,,,,,,,,非必需性消费,支援服务,,港股;非必需性消费;支援服务,akshare_eastmoney_company_profile,2026-06-02T14:22:54.495970,common_stock,False,True,,,,
01891,HK,,,,,,,,,,,,,,,,,,原材料业,一般金属及矿石,,港股;原材料业;一般金属及矿石;资源材料,akshare_eastmoney_company_profile,2026-06-02T14:22:54.540026,common_stock,False,True,,,,
01894,HK,,,,,,,,,,,,,,,,,,工业,建筑,,港股;工业;建筑,akshare_eastmoney_company_profile,2026-06-02T14:22:54.559026,common_stock,False,True,,,,
01895,HK,,,,,,,,,,,,,,,,,,地产业,地产,,港股;地产业;地产;房地产,akshare_eastmoney_company_profile,2026-06-02T14:22:54.574486,common_stock,False,True,,,,
01896,HK,,,,,,,,,,,,,,,,,,非必需性消费,媒体及娱乐,,港股;非必需性消费;媒体及娱乐;消费,akshare_eastmoney_company_profile,2026-06-02T14:22:54.582610,common_stock,False,True,,,,
01897,HK,,,,,,,,,,,,,,,,,,工业,建筑,,港股;工业;建筑,akshare_eastmoney_company_profile,2026-06-02T14:22:54.620616,common_stock,False,True,,,,
01898,HK,,,,,,,,,,,,,,,,,,能源业,煤炭,,港股;能源业;煤炭;资源能源,akshare_eastmoney_company_profile,2026-06-02T14:22:54.622199,common_stock,False,True,,,,
01899,HK,,,,,,,,,,,,,,,,,,工业,工业工程,,港股;工业;工业工程,akshare_eastmoney_company_profile,2026-06-02T14:22:54.635229,common_stock,False,True,,,,
01900,HK,,,,,,,,,,,,,,,,,,电讯业,电讯,,港股;电讯业;电讯,akshare_eastmoney_company_profile,2026-06-02T14:22:54.788402,common_stock,False,True,,,,
01901,HK,,,,,,,,,,,,,,,,,,非必需性消费,旅游及消闲设施,,港股;非必需性消费;旅游及消闲设施;消费,akshare_eastmoney_company_profile,2026-06-02T14:22:54.669205,common_stock,False,True,,,,
01903,HK,,,,,,,,,,,,,,,,,,工业,工用运输,,港股;工业;工用运输,akshare_eastmoney_company_profile,2026-06-02T14:22:54.725079,common_stock,False,True,,,,
01905,HK,,,,,,,,,,,,,,,,,,金融业,其他金融,,港股;金融业;其他金融;金融服务,akshare_eastmoney_company_profile,2026-06-02T14:22:54.716493,common_stock,False,True,,,,
01906,HK,,,,,,,,,,,,,,,,,,非必需性消费,纺织及服饰,,港股;非必需性消费;纺织及服饰;消费,akshare_eastmoney_company_profile,2026-06-02T14:22:54.749611,common_stock,False,True,,,,
01907,HK,,,,,,,,,,,,,,,,,,原材料业,原材料,,港股;原材料业;原材料;资源材料,akshare_eastmoney_company_profile,2026-06-02T14:22:54.885989,common_stock,False,True,,,,
01908,HK,,,,,,,,,,,,,,,,,,地产业,地产,,港股;地产业;地产;房地产,akshare_eastmoney_company_profile,2026-06-02T14:22:54.872177,common_stock,False,True,,,,
01909,HK,,,,,,,,,,,,,,,,,,资讯科技业,软件服务,,港股;资讯科技业;软件服务;科技,akshare_eastmoney_company_profile,2026-06-02T14:22:54.759817,common_stock,False,True,,,,
01910,HK,,,,,,,,,,,,,,,,,,非必需性消费,纺织及服饰,,港股;非必需性消费;纺织及服饰;消费,akshare_eastmoney_company_profile,2026-06-02T14:22:54.791048,common_stock,False,True,,,,
01911,HK,,,,,,,,,,,,,,,,,,金融业,其他金融,,港股;金融业;其他金融;金融服务,akshare_eastmoney_company_profile,2026-06-02T14:22:54.819874,common_stock,False,True,,,,
01912,HK,,,,,,,,,,,,,,,,,,资讯科技业,半导体,,港股;资讯科技业;半导体;科技,akshare_eastmoney_company_profile,2026-06-02T14:22:54.828123,common_stock,False,True,,,,
01913,HK,,,,,,,,,,,,,,,,,,非必需性消费,纺织及服饰,,港股;非必需性消费;纺织及服饰;消费,akshare_eastmoney_company_profile,2026-06-02T14:22:54.843811,common_stock,False,True,,,,
01915,HK,,,,,,,,,,,,,,,,,,金融业,其他金融,,港股;金融业;其他金融;金融服务,akshare_eastmoney_company_profile,2026-06-02T14:22:54.836008,common_stock,False,True,,,,
01916,HK,,,,,,,,,,,,,,,,,,金融业,银行,,港股;金融业;银行;金融服务,akshare_eastmoney_company_profile,2026-06-02T14:22:54.895627,common_stock,False,True,,,,
01917,HK,,,,,,,,,,,,,,,,,,非必需性消费,媒体及娱乐,,港股;非必需性消费;媒体及娱乐;消费,akshare_eastmoney_company_profile,2026-06-02T14:22:55.143339,common_stock,False,True,,,,
01918,HK,,,,,,,,,,,,,,,,,,地产业,地产,,港股;地产业;地产;房地产,akshare_eastmoney_company_profile,2026-06-02T14:22:54.915124,common_stock,False,True,,,,
01919,HK,,,,,,,,,,,,,,,,,,工业,工用运输,,港股;工业;工用运输,akshare_eastmoney_company_profile,2026-06-02T14:22:54.924114,common_stock,False,True,,,,
01920,HK,,,,,,,,,,,,,,,,,,工业,建筑,,港股;工业;建筑,akshare_eastmoney_company_profile,2026-06-02T14:22:54.926042,common_stock,False,True,,,,
01921,HK,,,,,,,,,,,,,,,,,,能源业,石油及天然气,,港股;能源业;石油及天然气;资源能源,akshare_eastmoney_company_profile,2026-06-02T14:22:54.939546,common_stock,False,True,,,,
01925,HK,,,,,,,,,,,,,,,,,,非必需性消费,家庭电器及用品,,港股;非必需性消费;家庭电器及用品;消费,akshare_eastmoney_company_profile,2026-06-02T14:22:54.971555,common_stock,False,True,,,,
01927,HK,,,,,,,,,,,,,,,,,,必需性消费,食物饮品,,港股;必需性消费;食物饮品,akshare_eastmoney_company_profile,2026-06-02T14:22:54.979840,common_stock,False,True,,,,
01928,HK,,,,,,,,,,,,,,,,,,非必需性消费,旅游及消闲设施,,港股;非必需性消费;旅游及消闲设施;消费,akshare_eastmoney_company_profile,2026-06-02T14:22:54.988012,common_stock,False,True,,,,
01929,HK,,,,,,,,,,,,,,,,,,非必需性消费,专业零售,,港股;非必需性消费;专业零售;消费,akshare_eastmoney_company_profile,2026-06-02T14:22:55.026774,common_stock,False,True,,,,
01930,HK,,,,,,,,,,,,,,,,,,工业,工业工程,,港股;工业;工业工程,akshare_eastmoney_company_profile,2026-06-02T14:22:55.056574,common_stock,False,True,,,,
01931,HK,,,,,,,,,,,,,,,,,,医疗保健业,其他医疗保健,,港股;医疗保健业;其他医疗保健;医药医疗,akshare_eastmoney_company_profile,2026-06-02T14:22:55.048483,common_stock,False,True,,,,
01932,HK,,,,,,,,,,,,,,,,,,原材料业,原材料,,港股;原材料业;原材料;资源材料,akshare_eastmoney_company_profile,2026-06-02T14:22:55.040150,common_stock,False,True,,,,
01933,HK,,,,,,,,,,,,,,,,,,资讯科技业,软件服务,,港股;资讯科技业;软件服务;科技,akshare_eastmoney_company_profile,2026-06-02T14:22:55.212341,common_stock,False,True,,,,
01935,HK,,,,,,,,,,,,,,,,,,非必需性消费,支援服务,,港股;非必需性消费;支援服务,akshare_eastmoney_company_profile,2026-06-02T14:22:55.069694,common_stock,False,True,,,,
01936,HK,,,,,,,,,,,,,,,,,,必需性消费,农业产品,,港股;必需性消费;农业产品,akshare_eastmoney_company_profile,2026-06-02T14:22:55.130434,common_stock,False,True,,,,
01937,HK,,,,,,,,,,,,,,,,,,工业,建筑,,港股;工业;建筑,akshare_eastmoney_company_profile,2026-06-02T14:22:55.141331,common_stock,False,True,,,,
01938,HK,,,,,,,,,,,,,,,,,,能源业,石油及天然气,,港股;能源业;石油及天然气;资源能源,akshare_eastmoney_company_profile,2026-06-02T14:22:55.170544,common_stock,False,True,,,,
01939,HK,,,,,,,,,,,,,,,,,,非必需性消费,支援服务,,港股;非必需性消费;支援服务,akshare_eastmoney_company_profile,2026-06-02T14:22:55.157766,common_stock,False,True,,,,
01940,HK,,,,,,,,,,,,,,,,,,能源业,石油及天然气,,港股;能源业;石油及天然气;资源能源,akshare_eastmoney_company_profile,2026-06-02T14:22:55.173691,common_stock,False,True,,,,
01941,HK,,,,,,,,,,,,,,,,,,地产业,地产,,港股;地产业;地产;房地产,akshare_eastmoney_company_profile,2026-06-02T14:22:55.167275,common_stock,False,True,,,,
01942,HK,,,,,,,,,,,,,,,,,,金融业,其他金融,,港股;金融业;其他金融;金融服务,akshare_eastmoney_company_profile,2026-06-02T14:22:55.232204,common_stock,False,True,,,,
01943,HK,,,,,,,,,,,,,,,,,,工业,建筑,,港股;工业;建筑,akshare_eastmoney_company_profile,2026-06-02T14:22:55.295460,common_stock,False,True,,,,
01945,HK,,,,,,,,,,,,,,,,,,金融业,其他金融,,港股;金融业;其他金融;金融服务,akshare_eastmoney_company_profile,2026-06-02T14:22:55.285723,common_stock,False,True,,,,
01947,HK,,,,,,,,,,,,,,,,,,医疗保健业,其他医疗保健,,港股;医疗保健业;其他医疗保健;医药医疗,akshare_eastmoney_company_profile,2026-06-02T14:22:55.337015,common_stock,False,True,,,,
01948,HK,,,,,,,,,,,,,,,,,,非必需性消费,媒体及娱乐,,港股;非必需性消费;媒体及娱乐;消费,akshare_eastmoney_company_profile,2026-06-02T14:22:55.364192,common_stock,False,True,,,,
01949,HK,,,,,,,,,,,,,,,,,,资讯科技业,软件服务,,港股;资讯科技业;软件服务;科技,akshare_eastmoney_company_profile,2026-06-02T14:22:55.376972,common_stock,False,True,,,,
01950,HK,,,,,,,,,,,,,,,,,,原材料业,原材料,,港股;原材料业;原材料;资源材料,akshare_eastmoney_company_profile,2026-06-02T14:22:55.433163,common_stock,False,True,,,,
01951,HK,,,,,,,,,,,,,,,,,,医疗保健业,药品及生物科技,,港股;医疗保健业;药品及生物科技;医药医疗,akshare_eastmoney_company_profile,2026-06-02T14:22:55.451148,common_stock,False,True,,,,
01952,HK,,,,,,,,,,,,,,,,,,医疗保健业,药品及生物科技,,港股;医疗保健业;药品及生物科技;医药医疗,akshare_eastmoney_company_profile,2026-06-02T14:22:55.415811,common_stock,False,True,,,,
01953,HK,,,,,,,,,,,,,,,,,,工业,建筑,,港股;工业;建筑,akshare_eastmoney_company_profile,2026-06-02T14:22:55.424836,common_stock,False,True,,,,
01955,HK,,,,,,,,,,,,,,,,,,非必需性消费,支援服务,,港股;非必需性消费;支援服务,akshare_eastmoney_company_profile,2026-06-02T14:22:55.435359,common_stock,False,True,,,,
01957,HK,,,,,,,,,,,,,,,,,,非必需性消费,纺织及服饰,,港股;非必需性消费;纺织及服饰;消费,akshare_eastmoney_company_profile,2026-06-02T14:22:55.449418,common_stock,False,True,,,,
01958,HK,,,,,,,,,,,,,,,,,,非必需性消费,汽车,,港股;非必需性消费;汽车;消费,akshare_eastmoney_company_profile,2026-06-02T14:22:55.470437,common_stock,False,True,,,,
01959,HK,,,,,,,,,,,,,,,,,,非必需性消费,专业零售,,港股;非必需性消费;专业零售;消费,akshare_eastmoney_company_profile,2026-06-02T14:22:55.490405,common_stock,False,True,,,,
01960,HK,,,,,,,,,,,,,,,,,,工业,建筑,,港股;工业;建筑,akshare_eastmoney_company_profile,2026-06-02T14:22:55.534513,common_stock,False,True,,,,
01961,HK,,,,,,,,,,,,,,,,,,资讯科技业,软件服务,,港股;资讯科技业;软件服务;科技,akshare_eastmoney_company_profile,2026-06-02T14:22:55.525711,common_stock,False,True,,,,
01962,HK,,,,,,,,,,,,,,,,,,非必需性消费,纺织及服饰,,港股;非必需性消费;纺织及服饰;消费,akshare_eastmoney_company_profile,2026-06-02T14:22:55.582219,common_stock,False,True,,,,
01963,HK,,,,,,,,,,,,,,,,,,金融业,银行,,港股;金融业;银行;金融服务,akshare_eastmoney_company_profile,2026-06-02T14:22:55.573410,common_stock,False,True,,,,
01965,HK,,,,,,,,,,,,,,,,,,地产业,地产,,港股;地产业;地产;房地产,akshare_eastmoney_company_profile,2026-06-02T14:22:55.631858,common_stock,False,True,,,,
01966,HK,,,,,,,,,,,,,,,,,,地产业,地产,,港股;地产业;地产;房地产,akshare_eastmoney_company_profile,2026-06-02T14:22:55.633458,common_stock,False,True,,,,
01967,HK,,,,,,,,,,,,,,,,,,工业,工业工程,,港股;工业;工业工程,akshare_eastmoney_company_profile,2026-06-02T14:22:55.657171,common_stock,False,True,,,,
01968,HK,,,,,,,,,,,,,,,,,,非必需性消费,纺织及服饰,,港股;非必需性消费;纺织及服饰;消费,akshare_eastmoney_company_profile,2026-06-02T14:22:55.670483,common_stock,False,True,,,,
01969,HK,,,,,,,,,,,,,,,,,,非必需性消费,支援服务,,港股;非必需性消费;支援服务,akshare_eastmoney_company_profile,2026-06-02T14:22:55.710866,common_stock,False,True,,,,
01970,HK,,,,,,,,,,,,,,,,,,非必需性消费,媒体及娱乐,,港股;非必需性消费;媒体及娱乐;消费,akshare_eastmoney_company_profile,2026-06-02T14:22:55.733243,common_stock,False,True,,,,
01971,HK,,,,,,,,,,,,,,,,,,地产业,地产,,港股;地产业;地产;房地产,akshare_eastmoney_company_profile,2026-06-02T14:22:55.722325,common_stock,False,True,,,,
01972,HK,,,,,,,,,,,,,,,,,,地产业,地产,,港股;地产业;地产;房地产,akshare_eastmoney_company_profile,2026-06-02T14:22:55.732180,common_stock,False,True,,,,
01973,HK,,,,,,,,,,,,,,,,,,金融业,其他金融,,港股;金融业;其他金融;金融服务,akshare_eastmoney_company_profile,2026-06-02T14:22:55.768423,common_stock,False,True,,,,
01975,HK,,,,,,,,,,,,,,,,,,工业,工用支援,,港股;工业;工用支援,akshare_eastmoney_company_profile,2026-06-02T14:22:55.897012,common_stock,False,True,,,,
01977,HK,,,,,,,,,,,,,,,,,,工业,建筑,,港股;工业;建筑,akshare_eastmoney_company_profile,2026-06-02T14:22:55.798240,common_stock,False,True,,,,
01978,HK,,,,,,,,,,,,,,,,,,非必需性消费,旅游及消闲设施,,港股;非必需性消费;旅游及消闲设施;消费,akshare_eastmoney_company_profile,2026-06-02T14:22:55.789927,common_stock,False,True,,,,
01979,HK,,,,,,,,,,,,,,,,,,工业,工业工程,,港股;工业;工业工程,akshare_eastmoney_company_profile,2026-06-02T14:22:55.806543,common_stock,False,True,,,,
01980,HK,,,,,,,,,,,,,,,,,,非必需性消费,媒体及娱乐,,港股;非必需性消费;媒体及娱乐;消费,akshare_eastmoney_company_profile,2026-06-02T14:22:55.814959,common_stock,False,True,,,,
01981,HK,,,,,,,,,,,,,,,,,,非必需性消费,支援服务,,港股;非必需性消费;支援服务,akshare_eastmoney_company_profile,2026-06-02T14:22:55.826212,common_stock,False,True,,,,
01982,HK,,,,,,,,,,,,,,,,,,非必需性消费,纺织及服饰,,港股;非必需性消费;纺织及服饰;消费,akshare_eastmoney_company_profile,2026-06-02T14:22:55.842448,common_stock,False,True,,,,
01983,HK,,,,,,,,,,,,,,,,,,金融业,银行,,港股;金融业;银行;金融服务,akshare_eastmoney_company_profile,2026-06-02T14:22:55.900102,common_stock,False,True,,,,
01985,HK,,,,,,,,,,,,,,,,,,资讯科技业,软件服务,,港股;资讯科技业;软件服务;科技,akshare_eastmoney_company_profile,2026-06-02T14:22:55.885033,common_stock,False,True,,,,
01986,HK,,,,,,,,,,,,,,,,,,原材料业,原材料,,港股;原材料业;原材料;资源材料,akshare_eastmoney_company_profile,2026-06-02T14:22:55.971944,common_stock,False,True,,,,
01987,HK,,,,,,,,,,,,,,,,,,工业,建筑,,港股;工业;建筑,akshare_eastmoney_company_profile,2026-06-02T14:22:56.001726,common_stock,False,True,,,,
01988,HK,,,,,,,,,,,,,,,,,,金融业,银行,,港股;金融业;银行;金融服务,akshare_eastmoney_company_profile,2026-06-02T14:22:55.945300,common_stock,False,True,,,,
01989,HK,,,,,,,,,,,,,,,,,,工业,工业工程,,港股;工业;工业工程,akshare_eastmoney_company_profile,2026-06-02T14:22:56.003481,common_stock,False,True,,,,
01991,HK,,,,,,,,,,,,,,,,,,非必需性消费,媒体及娱乐,,港股;非必需性消费;媒体及娱乐;消费,akshare_eastmoney_company_profile,2026-06-02T14:22:55.933086,common_stock,False,True,,,,
01993,HK,,,,,,,,,,,,,,,,,,非必需性消费,媒体及娱乐,,港股;非必需性消费;媒体及娱乐;消费,akshare_eastmoney_company_profile,2026-06-02T14:22:55.983245,common_stock,False,True,,,,
01995,HK,,,,,,,,,,,,,,,,,,地产业,地产,,港股;地产业;地产;房地产,akshare_eastmoney_company_profile,2026-06-02T14:22:55.991750,common_stock,False,True,,,,
01996,HK,,,,,,,,,,,,,,,,,,地产业,地产,,港股;地产业;地产;房地产,akshare_eastmoney_company_profile,2026-06-02T14:22:56.005180,common_stock,False,True,,,,
01997,HK,,,,,,,,,,,,,,,,,,地产业,地产,,港股;地产业;地产;房地产,akshare_eastmoney_company_profile,2026-06-02T14:22:56.031397,common_stock,False,True,,,,
01999,HK,,,,,,,,,,,,,,,,,,非必需性消费,家庭电器及用品,,港股;非必需性消费;家庭电器及用品;消费,akshare_eastmoney_company_profile,2026-06-02T14:22:56.039752,common_stock,False,True,,,,
02000,HK,,,,,,,,,,,,,,,,,,资讯科技业,资讯科技器材,,港股;资讯科技业;资讯科技器材;科技,akshare_eastmoney_company_profile,2026-06-02T14:22:56.058599,common_stock,False,True,,,,
02001,HK,,,,,,,,,,,,,,,,,,非必需性消费,支援服务,,港股;非必需性消费;支援服务,akshare_eastmoney_company_profile,2026-06-02T14:22:56.091735,common_stock,False,True,,,,
02002,HK,,,,,,,,,,,,,,,,,,原材料业,原材料,,港股;原材料业;原材料;资源材料,akshare_eastmoney_company_profile,2026-06-02T14:22:56.100974,common_stock,False,True,,,,
02003,HK,,,,,,,,,,,,,,,,,,金融业,其他金融,,港股;金融业;其他金融;金融服务,akshare_eastmoney_company_profile,2026-06-02T14:22:56.167834,common_stock,False,True,,,,
02005,HK,,,,,,,,,,,,,,,,,,医疗保健业,药品及生物科技,,港股;医疗保健业;药品及生物科技;医药医疗,akshare_eastmoney_company_profile,2026-06-02T14:22:56.182089,common_stock,False,True,,,,
02007,HK,,,,,,,,,,,,,,,,,,地产业,地产,,港股;地产业;地产;房地产,akshare_eastmoney_company_profile,2026-06-02T14:22:56.636003,common_stock,False,True,,,,
02008,HK,,,,,,,,,,,,,,,,,,非必需性消费,媒体及娱乐,,港股;非必需性消费;媒体及娱乐;消费,akshare_eastmoney_company_profile,2026-06-02T14:22:56.337005,common_stock,False,True,,,,
02009,HK,,,,,,,,,,,,,,,,,,工业,建筑,,港股;工业;建筑,akshare_eastmoney_company_profile,2026-06-02T14:22:56.324661,common_stock,False,True,,,,
02011,HK,,,,,,,,,,,,,,,,,,非必需性消费,纺织及服饰,,港股;非必需性消费;纺织及服饰;消费,akshare_eastmoney_company_profile,2026-06-02T14:22:56.239860,common_stock,False,True,,,,
02012,HK,,,,,,,,,,,,,,,,,,能源业,石油及天然气,,港股;能源业;石油及天然气;资源能源,akshare_eastmoney_company_profile,2026-06-02T14:22:56.252900,common_stock,False,True,,,,
02013,HK,,,,,,,,,,,,,,,,,,资讯科技业,软件服务,,港股;资讯科技业;软件服务;科技,akshare_eastmoney_company_profile,2026-06-02T14:22:56.249728,common_stock,False,True,,,,
02015,HK,,,,,,,,,,,,,,,,,,非必需性消费,汽车,,港股;非必需性消费;汽车;消费,akshare_eastmoney_company_profile,2026-06-02T14:22:56.274698,common_stock,False,True,,,,
02016,HK,,,,,,,,,,,,,,,,,,金融业,银行,,港股;金融业;银行;金融服务,akshare_eastmoney_company_profile,2026-06-02T14:22:56.302661,common_stock,False,True,,,,
02017,HK,,,,,,,,,,,,,,,,,,工业,建筑,,港股;工业;建筑,akshare_eastmoney_company_profile,2026-06-02T14:22:56.338932,common_stock,False,True,,,,
02018,HK,,,,,,,,,,,,,,,,,,工业,工业工程,,港股;工业;工业工程,akshare_eastmoney_company_profile,2026-06-02T14:22:56.352980,common_stock,False,True,,,,
02019,HK,,,,,,,,,,,,,,,,,,地产业,地产,,港股;地产业;地产;房地产,akshare_eastmoney_company_profile,2026-06-02T14:22:56.361421,common_stock,False,True,,,,
02020,HK,,,,,,,,,,,,,,,,,,非必需性消费,纺织及服饰,,港股;非必需性消费;纺织及服饰;消费,akshare_eastmoney_company_profile,2026-06-02T14:22:56.440009,common_stock,False,True,,,,
02022,HK,,,,,,,,,,,,,,,,,,资讯科技业,软件服务,,港股;资讯科技业;软件服务;科技,akshare_eastmoney_company_profile,2026-06-02T14:22:56.397790,common_stock,False,True,,,,
02023,HK,,,,,,,,,,,,,,,,,,非必需性消费,消费者主要零售商,,港股;非必需性消费;消费者主要零售商;消费,akshare_eastmoney_company_profile,2026-06-02T14:22:56.473743,common_stock,False,True,,,,
02025,HK,,,,,,,,,,,,,,,,,,非必需性消费,汽车,,港股;非必需性消费;汽车;消费,akshare_eastmoney_company_profile,2026-06-02T14:22:56.470869,common_stock,False,True,,,,
02026,HK,,,,,,,,,,,,,,,,,,资讯科技业,软件服务,,港股;资讯科技业;软件服务;科技,akshare_eastmoney_company_profile,2026-06-02T14:22:56.462177,common_stock,False,True,,,,
02028,HK,,,,,,,,,,,,,,,,,,资讯科技业,资讯科技器材,,港股;资讯科技业;资讯科技器材;科技,akshare_eastmoney_company_profile,2026-06-02T14:22:56.489932,common_stock,False,True,,,,
02030,HK,,,,,,,,,,,,,,,,,,非必需性消费,纺织及服饰,,港股;非必需性消费;纺织及服饰;消费,akshare_eastmoney_company_profile,2026-06-02T14:22:56.488164,common_stock,False,True,,,,
02031,HK,,,,,,,,,,,,,,,,,,医疗保健业,其他医疗保健,,港股;医疗保健业;其他医疗保健;医药医疗,akshare_eastmoney_company_profile,2026-06-02T14:22:56.503457,common_stock,False,True,,,,
02033,HK,,,,,,,,,,,,,,,,,,非必需性消费,纺织及服饰,,港股;非必需性消费;纺织及服饰;消费,akshare_eastmoney_company_profile,2026-06-02T14:22:56.736114,common_stock,False,True,,,,
02038,HK,,,,,,,,,,,,,,,,,,资讯科技业,资讯科技器材,,港股;资讯科技业;资讯科技器材;科技,akshare_eastmoney_company_profile,2026-06-02T14:22:56.617491,common_stock,False,True,,,,
02039,HK,,,,,,,,,,,,,,,,,,工业,工业工程,,港股;工业;工业工程,akshare_eastmoney_company_profile,2026-06-02T14:22:56.577567,common_stock,False,True,,,,
02048,HK,,,,,,,,,,,,,,,,,,地产业,地产,,港股;地产业;地产;房地产,akshare_eastmoney_company_profile,2026-06-02T14:22:56.589282,common_stock,False,True,,,,
02050,HK,,,,,,,,,,,,,,,,,,工业,工业工程,,港股;工业;工业工程,akshare_eastmoney_company_profile,2026-06-02T14:22:56.608400,common_stock,False,True,,,,
02051,HK,,,,,,,,,,,,,,,,,,金融业,其他金融,,港股;金融业;其他金融;金融服务,akshare_eastmoney_company_profile,2026-06-02T14:22:56.703994,common_stock,False,True,,,,
02057,HK,,,,,,,,,,,,,,,,,,工业,工用运输,,港股;工业;工用运输,akshare_eastmoney_company_profile,2026-06-02T14:22:56.626164,common_stock,False,True,,,,
02060,HK,,,,,,,,,,,,,,,,,,工业,建筑,,港股;工业;建筑,akshare_eastmoney_company_profile,2026-06-02T14:22:56.676915,common_stock,False,True,,,,
02068,HK,,,,,,,,,,,,,,,,,,工业,建筑,,港股;工业;建筑,akshare_eastmoney_company_profile,2026-06-02T14:22:56.758280,common_stock,False,True,,,,
02076,HK,,,,,,,,,,,,,,,,,,非必需性消费,支援服务,,港股;非必需性消费;支援服务,akshare_eastmoney_company_profile,2026-06-02T14:22:56.713830,common_stock,False,True,,,,
02078,HK,,,,,,,,,,,,,,,,,,原材料业,一般金属及矿石,,港股;原材料业;一般金属及矿石;资源材料,akshare_eastmoney_company_profile,2026-06-02T14:22:56.716404,common_stock,False,True,,,,
02080,HK,,,,,,,,,,,,,,,,,,地产业,地产,,港股;地产业;地产;房地产,akshare_eastmoney_company_profile,2026-06-02T14:22:56.732595,common_stock,False,True,,,,
02086,HK,,,,,,,,,,,,,,,,,,资讯科技业,资讯科技器材,,港股;资讯科技业;资讯科技器材;科技,akshare_eastmoney_company_profile,2026-06-02T14:22:56.734831,common_stock,False,True,,,,
02088,HK,,,,,,,,,,,,,,,,,,地产业,地产,,港股;地产业;地产;房地产,akshare_eastmoney_company_profile,2026-06-02T14:22:56.768095,common_stock,False,True,,,,
02096,HK,,,,,,,,,,,,,,,,,,医疗保健业,药品及生物科技,,港股;医疗保健业;药品及生物科技;医药医疗,akshare_eastmoney_company_profile,2026-06-02T14:22:56.974188,common_stock,False,True,,,,
02097,HK,,,,,,,,,,,,,,,,,,必需性消费,食物饮品,,港股;必需性消费;食物饮品,akshare_eastmoney_company_profile,2026-06-02T14:22:56.858696,common_stock,False,True,,,,
02098,HK,,,,,,,,,,,,,,,,,,工业,工用支援,,港股;工业;工用支援,akshare_eastmoney_company_profile,2026-06-02T14:22:56.896475,common_stock,False,True,,,,
02099,HK,,,,,,,,,,,,,,,,,,原材料业,一般金属及矿石,,港股;原材料业;一般金属及矿石;资源材料,akshare_eastmoney_company_profile,2026-06-02T14:22:56.933658,common_stock,False,True,,,,
02100,HK,,,,,,,,,,,,,,,,,,资讯科技业,软件服务,,港股;资讯科技业;软件服务;科技,akshare_eastmoney_company_profile,2026-06-02T14:22:56.923035,common_stock,False,True,,,,
02101,HK,,,,,,,,,,,,,,,,,,非必需性消费,媒体及娱乐,,港股;非必需性消费;媒体及娱乐;消费,akshare_eastmoney_company_profile,2026-06-02T14:22:56.955113,common_stock,False,True,,,,
02102,HK,,,,,,,,,,,,,,,,,,工业,工业工程,,港股;工业;工业工程,akshare_eastmoney_company_profile,2026-06-02T14:22:56.935592,common_stock,False,True,,,,
02105,HK,,,,,,,,,,,,,,,,,,医疗保健业,药品及生物科技,,港股;医疗保健业;药品及生物科技;医药医疗,akshare_eastmoney_company_profile,2026-06-02T14:22:56.951433,common_stock,False,True,,,,
02107,HK,,,,,,,,,,,,,,,,,,地产业,地产,,港股;地产业;地产;房地产,akshare_eastmoney_company_profile,2026-06-02T14:22:56.953176,common_stock,False,True,,,,
02108,HK,,,,,,,,,,,,,,,,,,非必需性消费,旅游及消闲设施,,港股;非必需性消费;旅游及消闲设施;消费,akshare_eastmoney_company_profile,2026-06-02T14:22:56.991958,common_stock,False,True,,,,
02110,HK,,,,,,,,,,,,,,,,,,工业,建筑,,港股;工业;建筑,akshare_eastmoney_company_profile,2026-06-02T14:22:57.046904,common_stock,False,True,,,,
02111,HK,,,,,,,,,,,,,,,,,,非必需性消费,纺织及服饰,,港股;非必需性消费;纺织及服饰;消费,akshare_eastmoney_company_profile,2026-06-02T14:22:57.068129,common_stock,False,True,,,,
02112,HK,,,,,,,,,,,,,,,,,,原材料业,一般金属及矿石,,港股;原材料业;一般金属及矿石;资源材料,akshare_eastmoney_company_profile,2026-06-02T14:22:57.058773,common_stock,False,True,,,,
02113,HK,,,,,,,,,,,,,,,,,,工业,建筑,,港股;工业;建筑,akshare_eastmoney_company_profile,2026-06-02T14:22:57.208428,common_stock,False,True,,,,
02116,HK,,,,,,,,,,,,,,,,,,原材料业,原材料,,港股;原材料业;原材料;资源材料,akshare_eastmoney_company_profile,2026-06-02T14:22:57.146624,common_stock,False,True,,,,
02119,HK,,,,,,,,,,,,,,,,,,必需性消费,食物饮品,,港股;必需性消费;食物饮品,akshare_eastmoney_company_profile,2026-06-02T14:22:57.172544,common_stock,False,True,,,,
02120,HK,,,,,,,,,,,,,,,,,,医疗保健业,其他医疗保健,,港股;医疗保健业;其他医疗保健;医药医疗,akshare_eastmoney_company_profile,2026-06-02T14:22:57.175018,common_stock,False,True,,,,
02121,HK,,,,,,,,,,,,,,,,,,资讯科技业,软件服务,,港股;资讯科技业;软件服务;科技,akshare_eastmoney_company_profile,2026-06-02T14:22:57.198999,common_stock,False,True,,,,
02122,HK,,,,,,,,,,,,,,,,,,非必需性消费,专业零售,,港股;非必需性消费;专业零售;消费,akshare_eastmoney_company_profile,2026-06-02T14:22:57.224675,common_stock,False,True,,,,
02125,HK,,,,,,,,,,,,,,,,,,非必需性消费,媒体及娱乐,,港股;非必需性消费;媒体及娱乐;消费,akshare_eastmoney_company_profile,2026-06-02T14:22:57.225807,common_stock,False,True,,,,
02126,HK,,,,,,,,,,,,,,,,,,医疗保健业,药品及生物科技,,港股;医疗保健业;药品及生物科技;医药医疗,akshare_eastmoney_company_profile,2026-06-02T14:22:57.210185,common_stock,False,True,,,,
02127,HK,,,,,,,,,,,,,,,,,,非必需性消费,家庭电器及用品,,港股;非必需性消费;家庭电器及用品;消费,akshare_eastmoney_company_profile,2026-06-02T14:22:57.253417,common_stock,False,True,,,,
02128,HK,,,,,,,,,,,,,,,,,,工业,建筑,,港股;工业;建筑,akshare_eastmoney_company_profile,2026-06-02T14:22:57.342540,common_stock,False,True,,,,
02129,HK,,,,,,,,,,,,,,,,,,工业,工用运输,,港股;工业;工用运输,akshare_eastmoney_company_profile,2026-06-02T14:22:57.286617,common_stock,False,True,,,,
02130,HK,,,,,,,,,,,,,,,,,,工业,工用运输,,港股;工业;工用运输,akshare_eastmoney_company_profile,2026-06-02T14:22:57.352047,common_stock,False,True,,,,
02131,HK,,,,,,,,,,,,,,,,,,非必需性消费,媒体及娱乐,,港股;非必需性消费;媒体及娱乐;消费,akshare_eastmoney_company_profile,2026-06-02T14:22:57.452854,common_stock,False,True,,,,
02132,HK,,,,,,,,,,,,,,,,,,工业,建筑,,港股;工业;建筑,akshare_eastmoney_company_profile,2026-06-02T14:22:57.383636,common_stock,False,True,,,,
02135,HK,,,,,,,,,,,,,,,,,,医疗保健业,其他医疗保健,,港股;医疗保健业;其他医疗保健;医药医疗,akshare_eastmoney_company_profile,2026-06-02T14:22:57.426413,common_stock,False,True,,,,
02136,HK,,,,,,,,,,,,,,,,,,非必需性消费,专业零售,,港股;非必需性消费;专业零售;消费,akshare_eastmoney_company_profile,2026-06-02T14:22:57.414874,common_stock,False,True,,,,
02137,HK,,,,,,,,,,,,,,,,,,医疗保健业,药品及生物科技,,港股;医疗保健业;药品及生物科技;医药医疗,akshare_eastmoney_company_profile,2026-06-02T14:22:57.423926,common_stock,False,True,,,,
02138,HK,,,,,,,,,,,,,,,,,,医疗保健业,其他医疗保健,,港股;医疗保健业;其他医疗保健;医药医疗,akshare_eastmoney_company_profile,2026-06-02T14:22:57.441149,common_stock,False,True,,,,
02139,HK,,,,,,,,,,,,,,,,,,金融业,银行,,港股;金融业;银行;金融服务,akshare_eastmoney_company_profile,2026-06-02T14:22:57.704358,common_stock,False,True,,,,
02142,HK,,,,,,,,,,,,,,,,,,医疗保健业,药品及生物科技,,港股;医疗保健业;药品及生物科技;医药医疗,akshare_eastmoney_company_profile,2026-06-02T14:22:57.479406,common_stock,False,True,,,,
02145,HK,,,,,,,,,,,,,,,,,,医疗保健业,其他医疗保健,,港股;医疗保健业;其他医疗保健;医药医疗,akshare_eastmoney_company_profile,2026-06-02T14:22:57.495726,common_stock,False,True,,,,
02146,HK,,,,,,,,,,,,,,,,,,地产业,地产,,港股;地产业;地产;房地产,akshare_eastmoney_company_profile,2026-06-02T14:22:57.523671,common_stock,False,True,,,,
02147,HK,,,,,,,,,,,,,,,,,,必需性消费,食物饮品,,港股;必需性消费;食物饮品,akshare_eastmoney_company_profile,2026-06-02T14:22:57.551862,common_stock,False,True,,,,
02149,HK,,,,,,,,,,,,,,,,,,资讯科技业,半导体,,港股;资讯科技业;半导体;科技,akshare_eastmoney_company_profile,2026-06-02T14:22:57.650282,common_stock,False,True,,,,
02150,HK,,,,,,,,,,,,,,,,,,非必需性消费,旅游及消闲设施,,港股;非必需性消费;旅游及消闲设施;消费,akshare_eastmoney_company_profile,2026-06-02T14:22:57.577130,common_stock,False,True,,,,
02152,HK,,,,,,,,,,,,,,,,,,地产业,地产,,港股;地产业;地产;房地产,akshare_eastmoney_company_profile,2026-06-02T14:22:57.585806,common_stock,False,True,,,,
02153,HK,,,,,,,,,,,,,,,,,,工业,工业工程,,港股;工业;工业工程,akshare_eastmoney_company_profile,2026-06-02T14:22:57.684802,common_stock,False,True,,,,
02155,HK,,,,,,,,,,,,,,,,,,工业,工业工程,,港股;工业;工业工程,akshare_eastmoney_company_profile,2026-06-02T14:22:57.618639,common_stock,False,True,,,,
02156,HK,,,,,,,,,,,,,,,,,,地产业,地产,,港股;地产业;地产;房地产,akshare_eastmoney_company_profile,2026-06-02T14:22:57.610027,common_stock,False,True,,,,
02157,HK,,,,,,,,,,,,,,,,,,医疗保健业,药品及生物科技,,港股;医疗保健业;药品及生物科技;医药医疗,akshare_eastmoney_company_profile,2026-06-02T14:22:57.641584,common_stock,False,True,,,,
02158,HK,,,,,,,,,,,,,,,,,,医疗保健业,其他医疗保健,,港股;医疗保健业;其他医疗保健;医药医疗,akshare_eastmoney_company_profile,2026-06-02T14:22:57.660768,common_stock,False,True,,,,
02159,HK,,,,,,,,,,,,,,,,,,医疗保健业,其他医疗保健,,港股;医疗保健业;其他医疗保健;医药医疗,akshare_eastmoney_company_profile,2026-06-02T14:22:57.676531,common_stock,False,True,,,,
02160,HK,,,,,,,,,,,,,,,,,,医疗保健业,其他医疗保健,,港股;医疗保健业;其他医疗保健;医药医疗,akshare_eastmoney_company_profile,2026-06-02T14:22:57.701946,common_stock,False,True,,,,
02161,HK,,,,,,,,,,,,,,,,,,医疗保健业,药品及生物科技,,港股;医疗保健业;药品及生物科技;医药医疗,akshare_eastmoney_company_profile,2026-06-02T14:22:57.748016,common_stock,False,True,,,,
02162,HK,,,,,,,,,,,,,,,,,,医疗保健业,药品及生物科技,,港股;医疗保健业;药品及生物科技;医药医疗,akshare_eastmoney_company_profile,2026-06-02T14:22:57.851813,common_stock,False,True,,,,
02163,HK,,,,,,,,,,,,,,,,,,工业,建筑,,港股;工业;建筑,akshare_eastmoney_company_profile,2026-06-02T14:22:57.750750,common_stock,False,True,,,,
02165,HK,,,,,,,,,,,,,,,,,,地产业,地产,,港股;地产业;地产;房地产,akshare_eastmoney_company_profile,2026-06-02T14:22:57.763854,common_stock,False,True,,,,
02166,HK,,,,,,,,,,,,,,,,,,资讯科技业,半导体,,港股;资讯科技业;半导体;科技,akshare_eastmoney_company_profile,2026-06-02T14:22:57.780740,common_stock,False,True,,,,
02167,HK,,,,,,,,,,,,,,,,,,资讯科技业,软件服务,,港股;资讯科技业;软件服务;科技,akshare_eastmoney_company_profile,2026-06-02T14:22:57.782231,common_stock,False,True,,,,
02168,HK,,,,,,,,,,,,,,,,,,地产业,地产,,港股;地产业;地产;房地产,akshare_eastmoney_company_profile,2026-06-02T14:22:57.820020,common_stock,False,True,,,,
02169,HK,,,,,,,,,,,,,,,,,,工业,工用运输,,港股;工业;工用运输,akshare_eastmoney_company_profile,2026-06-02T14:22:57.808457,common_stock,False,True,,,,
02170,HK,,,,,,,,,,,,,,,,,,医疗保健业,药品及生物科技,,港股;医疗保健业;药品及生物科技;医药医疗,akshare_eastmoney_company_profile,2026-06-02T14:22:57.838926,common_stock,False,True,,,,
02171,HK,,,,,,,,,,,,,,,,,,医疗保健业,药品及生物科技,,港股;医疗保健业;药品及生物科技;医药医疗,akshare_eastmoney_company_profile,2026-06-02T14:22:57.857040,common_stock,False,True,,,,
02172,HK,,,,,,,,,,,,,,,,,,医疗保健业,其他医疗保健,,港股;医疗保健业;其他医疗保健;医药医疗,akshare_eastmoney_company_profile,2026-06-02T14:22:57.848265,common_stock,False,True,,,,
02175,HK,,,,,,,,,,,,,,,,,,非必需性消费,支援服务,,港股;非必需性消费;支援服务,akshare_eastmoney_company_profile,2026-06-02T14:22:57.976421,common_stock,False,True,,,,
02176,HK,,,,,,,,,,,,,,,,,,非必需性消费,支援服务,,港股;非必需性消费;支援服务,akshare_eastmoney_company_profile,2026-06-02T14:22:57.968787,common_stock,False,True,,,,
02177,HK,,,,,,,,,,,,,,,,,,非必需性消费,专业零售,,港股;非必需性消费;专业零售;消费,akshare_eastmoney_company_profile,2026-06-02T14:22:57.974464,common_stock,False,True,,,,
02178,HK,,,,,,,,,,,,,,,,,,能源业,石油及天然气,,港股;能源业;石油及天然气;资源能源,akshare_eastmoney_company_profile,2026-06-02T14:22:57.921922,common_stock,False,True,,,,
02179,HK,,,,,,,,,,,,,,,,,,医疗保健业,药品及生物科技,,港股;医疗保健业;药品及生物科技;医药医疗,akshare_eastmoney_company_profile,2026-06-02T14:22:57.971946,common_stock,False,True,,,,
02180,HK,,,,,,,,,,,,,,,,,,非必需性消费,支援服务,,港股;非必需性消费;支援服务,akshare_eastmoney_company_profile,2026-06-02T14:22:57.979424,common_stock,False,True,,,,
02181,HK,,,,,,,,,,,,,,,,,,医疗保健业,药品及生物科技,,港股;医疗保健业;药品及生物科技;医药医疗,akshare_eastmoney_company_profile,2026-06-02T14:22:57.952972,common_stock,False,True,,,,
02182,HK,,,,,,,,,,,,,,,,,,工业,工业工程,,港股;工业;工业工程,akshare_eastmoney_company_profile,2026-06-02T14:22:58.024830,common_stock,False,True,,,,
02185,HK,,,,,,,,,,,,,,,,,,医疗保健业,其他医疗保健,,港股;医疗保健业;其他医疗保健;医药医疗,akshare_eastmoney_company_profile,2026-06-02T14:22:58.071217,common_stock,False,True,,,,
02186,HK,,,,,,,,,,,,,,,,,,医疗保健业,药品及生物科技,,港股;医疗保健业;药品及生物科技;医药医疗,akshare_eastmoney_company_profile,2026-06-02T14:22:58.114250,common_stock,False,True,,,,
02187,HK,,,,,,,,,,,,,,,,,,工业,建筑,,港股;工业;建筑,akshare_eastmoney_company_profile,2026-06-02T14:22:58.074556,common_stock,False,True,,,,
02188,HK,,,,,,,,,,,,,,,,,,工业,工业工程,,港股;工业;工业工程,akshare_eastmoney_company_profile,2026-06-02T14:22:58.117099,common_stock,False,True,,,,
02189,HK,,,,,,,,,,,,,,,,,,非必需性消费,支援服务,,港股;非必需性消费;支援服务,akshare_eastmoney_company_profile,2026-06-02T14:22:58.145683,common_stock,False,True,,,,
02190,HK,,,,,,,,,,,,,,,,,,医疗保健业,其他医疗保健,,港股;医疗保健业;其他医疗保健;医药医疗,akshare_eastmoney_company_profile,2026-06-02T14:22:58.143022,common_stock,False,True,,,,
02192,HK,,,,,,,,,,,,,,,,,,医疗保健业,其他医疗保健,,港股;医疗保健业;其他医疗保健;医药医疗,akshare_eastmoney_company_profile,2026-06-02T14:22:58.195547,common_stock,False,True,,,,
02193,HK,,,,,,,,,,,,,,,,,,工业,建筑,,港股;工业;建筑,akshare_eastmoney_company_profile,2026-06-02T14:22:58.134742,common_stock,False,True,,,,
02195,HK,,,,,,,,,,,,,,,,,,工业,建筑,,港股;工业;建筑,akshare_eastmoney_company_profile,2026-06-02T14:22:58.159016,common_stock,False,True,,,,
02196,HK,,,,,,,,,,,,,,,,,,医疗保健业,药品及生物科技,,港股;医疗保健业;药品及生物科技;医药医疗,akshare_eastmoney_company_profile,2026-06-02T14:22:58.169780,common_stock,False,True,,,,
02197,HK,,,,,,,,,,,,,,,,,,医疗保健业,药品及生物科技,,港股;医疗保健业;药品及生物科技;医药医疗,akshare_eastmoney_company_profile,2026-06-02T14:22:58.204966,common_stock,False,True,,,,
02198,HK,,,,,,,,,,,,,,,,,,原材料业,原材料,,港股;原材料业;原材料;资源材料,akshare_eastmoney_company_profile,2026-06-02T14:22:58.222482,common_stock,False,True,,,,
02199,HK,,,,,,,,,,,,,,,,,,非必需性消费,纺织及服饰,,港股;非必需性消费;纺织及服饰;消费,akshare_eastmoney_company_profile,2026-06-02T14:22:58.367214,common_stock,False,True,,,,
02202,HK,,,,,,,,,,,,,,,,,,地产业,地产,,港股;地产业;地产;房地产,akshare_eastmoney_company_profile,2026-06-02T14:22:58.353614,common_stock,False,True,,,,
02203,HK,,,,,,,,,,,,,,,,,,资讯科技业,半导体,,港股;资讯科技业;半导体;科技,akshare_eastmoney_company_profile,2026-06-02T14:22:58.244092,common_stock,False,True,,,,
02205,HK,,,,,,,,,,,,,,,,,,地产业,地产,,港股;地产业;地产;房地产,akshare_eastmoney_company_profile,2026-06-02T14:22:58.256479,common_stock,False,True,,,,
02208,HK,,,,,,,,,,,,,,,,,,工业,工业工程,,港股;工业;工业工程,akshare_eastmoney_company_profile,2026-06-02T14:22:58.423130,common_stock,False,True,,,,
02209,HK,,,,,,,,,,,,,,,,,,非必需性消费,专业零售,,港股;非必需性消费;专业零售;消费,akshare_eastmoney_company_profile,2026-06-02T14:22:58.300380,common_stock,False,True,,,,
02210,HK,,,,,,,,,,,,,,,,,,地产业,地产,,港股;地产业;地产;房地产,akshare_eastmoney_company_profile,2026-06-02T14:22:58.363788,common_stock,False,True,,,,
02211,HK,,,,,,,,,,,,,,,,,,医疗保健业,药品及生物科技,,港股;医疗保健业;药品及生物科技;医药医疗,akshare_eastmoney_company_profile,2026-06-02T14:22:58.932824,common_stock,False,True,,,,
02212,HK,,,,,,,,,,,,,,,,,,原材料业,一般金属及矿石,,港股;原材料业;一般金属及矿石;资源材料,akshare_eastmoney_company_profile,2026-06-02T14:22:58.343564,common_stock,False,True,,,,
02215,HK,,,,,,,,,,,,,,,,,,地产业,地产,,港股;地产业;地产;房地产,akshare_eastmoney_company_profile,2026-06-02T14:22:58.368976,common_stock,False,True,,,,
02216,HK,,,,,,,,,,,,,,,,,,医疗保健业,其他医疗保健,,港股;医疗保健业;其他医疗保健;医药医疗,akshare_eastmoney_company_profile,2026-06-02T14:22:58.402701,common_stock,False,True,,,,
02218,HK,,,,,,,,,,,,,,,,,,必需性消费,食物饮品,,港股;必需性消费;食物饮品,akshare_eastmoney_company_profile,2026-06-02T14:22:58.449941,common_stock,False,True,,,,
02219,HK,,,,,,,,,,,,,,,,,,医疗保健业,其他医疗保健,,港股;医疗保健业;其他医疗保健;医药医疗,akshare_eastmoney_company_profile,2026-06-02T14:22:58.732926,common_stock,False,True,,,,
02221,HK,,,,,,,,,,,,,,,,,,工业,建筑,,港股;工业;建筑,akshare_eastmoney_company_profile,2026-06-02T14:22:58.462698,common_stock,False,True,,,,
02222,HK,,,,,,,,,,,,,,,,,,非必需性消费,家庭电器及用品,,港股;非必需性消费;家庭电器及用品;消费,akshare_eastmoney_company_profile,2026-06-02T14:22:58.486606,common_stock,False,True,,,,
02223,HK,,,,,,,,,,,,,,,,,,非必需性消费,家庭电器及用品,,港股;非必需性消费;家庭电器及用品;消费,akshare_eastmoney_company_profile,2026-06-02T14:22:58.495524,common_stock,False,True,,,,
02225,HK,,,,,,,,,,,,,,,,,,医疗保健业,其他医疗保健,,港股;医疗保健业;其他医疗保健;医药医疗,akshare_eastmoney_company_profile,2026-06-02T14:22:58.607586,common_stock,False,True,,,,
02226,HK,,,,,,,,,,,,,,,,,,必需性消费,食物饮品,,港股;必需性消费;食物饮品,akshare_eastmoney_company_profile,2026-06-02T14:22:58.520145,common_stock,False,True,,,,
02227,HK,,,,,,,,,,,,,,,,,,工业,建筑,,港股;工业;建筑,akshare_eastmoney_company_profile,2026-06-02T14:22:58.563139,common_stock,False,True,,,,
02228,HK,,,,,,,,,,,,,,,,,,医疗保健业,药品及生物科技,,港股;医疗保健业;药品及生物科技;医药医疗,akshare_eastmoney_company_profile,2026-06-02T14:22:58.655920,common_stock,False,True,,,,
02230,HK,,,,,,,,,,,,,,,,,,非必需性消费,媒体及娱乐,,港股;非必需性消费;媒体及娱乐;消费,akshare_eastmoney_company_profile,2026-06-02T14:22:58.589107,common_stock,False,True,,,,
02231,HK,,,,,,,,,,,,,,,,,,地产业,地产,,港股;地产业;地产;房地产,akshare_eastmoney_company_profile,2026-06-02T14:22:58.598813,common_stock,False,True,,,,
02232,HK,,,,,,,,,,,,,,,,,,非必需性消费,纺织及服饰,,港股;非必需性消费;纺织及服饰;消费,akshare_eastmoney_company_profile,2026-06-02T14:22:58.610532,common_stock,False,True,,,,
02233,HK,,,,,,,,,,,,,,,,,,工业,建筑,,港股;工业;建筑,akshare_eastmoney_company_profile,2026-06-02T14:22:58.827211,common_stock,False,True,,,,
02235,HK,,,,,,,,,,,,,,,,,,医疗保健业,其他医疗保健,,港股;医疗保健业;其他医疗保健;医药医疗,akshare_eastmoney_company_profile,2026-06-02T14:22:58.687720,common_stock,False,True,,,,
02236,HK,,,,,,,,,,,,,,,,,,能源业,石油及天然气,,港股;能源业;石油及天然气;资源能源,akshare_eastmoney_company_profile,2026-06-02T14:22:58.947023,common_stock,False,True,,,,
02237,HK,,,,,,,,,,,,,,,,,,原材料业,一般金属及矿石,,港股;原材料业;一般金属及矿石;资源材料,akshare_eastmoney_company_profile,2026-06-02T14:22:58.699249,common_stock,False,True,,,,
02238,HK,,,,,,,,,,,,,,,,,,非必需性消费,汽车,,港股;非必需性消费;汽车;消费,akshare_eastmoney_company_profile,2026-06-02T14:22:58.825314,common_stock,False,True,,,,
02239,HK,,,,,,,,,,,,,,,,,,资讯科技业,资讯科技器材,,港股;资讯科技业;资讯科技器材;科技,akshare_eastmoney_company_profile,2026-06-02T14:22:58.748996,common_stock,False,True,,,,
02245,HK,,,,,,,,,,,,,,,,,,原材料业,一般金属及矿石,,港股;原材料业;一般金属及矿石;资源材料,akshare_eastmoney_company_profile,2026-06-02T14:22:58.788979,common_stock,False,True,,,,
02246,HK,,,,,,,,,,,,,,,,,,工业,工用支援,,港股;工业;工用支援,akshare_eastmoney_company_profile,2026-06-02T14:22:58.810940,common_stock,False,True,,,,
02250,HK,,,,,,,,,,,,,,,,,,非必需性消费,媒体及娱乐,,港股;非必需性消费;媒体及娱乐;消费,akshare_eastmoney_company_profile,2026-06-02T14:22:58.823420,common_stock,False,True,,,,
02251,HK,,,,,,,,,,,,,,,,,,医疗保健业,其他医疗保健,,港股;医疗保健业;其他医疗保健;医药医疗,akshare_eastmoney_company_profile,2026-06-02T14:22:58.847249,common_stock,False,True,,,,
02252,HK,,,,,,,,,,,,,,,,,,医疗保健业,其他医疗保健,,港股;医疗保健业;其他医疗保健;医药医疗,akshare_eastmoney_company_profile,2026-06-02T14:22:58.877833,common_stock,False,True,,,,
02255,HK,,,,,,,,,,,,,,,,,,非必需性消费,旅游及消闲设施,,港股;非必需性消费;旅游及消闲设施;消费,akshare_eastmoney_company_profile,2026-06-02T14:22:58.913061,common_stock,False,True,,,,
02256,HK,,,,,,,,,,,,,,,,,,医疗保健业,药品及生物科技,,港股;医疗保健业;药品及生物科技;医药医疗,akshare_eastmoney_company_profile,2026-06-02T14:22:59.111528,common_stock,False,True,,,,
02257,HK,,,,,,,,,,,,,,,,,,医疗保健业,药品及生物科技,,港股;医疗保健业;药品及生物科技;医药医疗,akshare_eastmoney_company_profile,2026-06-02T14:22:58.969762,common_stock,False,True,,,,
02258,HK,,,,,,,,,,,,,,,,,,工业,建筑,,港股;工业;建筑,akshare_eastmoney_company_profile,2026-06-02T14:22:59.007993,common_stock,False,True,,,,
02259,HK,,,,,,,,,,,,,,,,,,原材料业,黄金及贵金属,,港股;原材料业;黄金及贵金属;资源材料,akshare_eastmoney_company_profile,2026-06-02T14:22:58.998962,common_stock,False,True,,,,
02260,HK,,,,,,,,,,,,,,,,,,工业,工业工程,,港股;工业;工业工程,akshare_eastmoney_company_profile,2026-06-02T14:22:59.010577,common_stock,False,True,,,,
02262,HK,,,,,,,,,,,,,,,,,,工业,建筑,,港股;工业;建筑,akshare_eastmoney_company_profile,2026-06-02T14:22:59.315598,common_stock,False,True,,,,
02263,HK,,,,,,,,,,,,,,,,,,金融业,其他金融,,港股;金融业;其他金融;金融服务,akshare_eastmoney_company_profile,2026-06-02T14:22:59.028477,common_stock,False,True,,,,
02265,HK,,,,,,,,,,,,,,,,,,工业,工业工程,,港股;工业;工业工程,akshare_eastmoney_company_profile,2026-06-02T14:22:59.040812,common_stock,False,True,,,,
02266,HK,,,,,,,,,,,,,,,,,,工业,建筑,,港股;工业;建筑,akshare_eastmoney_company_profile,2026-06-02T14:22:59.057561,common_stock,False,True,,,,
02268,HK,,,,,,,,,,,,,,,,,,医疗保健业,药品及生物科技,,港股;医疗保健业;药品及生物科技;医药医疗,akshare_eastmoney_company_profile,2026-06-02T14:22:59.097734,common_stock,False,True,,,,
02269,HK,,,,,,,,,,,,,,,,,,医疗保健业,药品及生物科技,,港股;医疗保健业;药品及生物科技;医药医疗,akshare_eastmoney_company_profile,2026-06-02T14:22:59.128070,common_stock,False,True,,,,
02270,HK,,,,,,,,,,,,,,,,,,地产业,地产,,港股;地产业;地产;房地产,akshare_eastmoney_company_profile,2026-06-02T14:22:59.108889,common_stock,False,True,,,,
02271,HK,,,,,,,,,,,,,,,,,,地产业,地产,,港股;地产业;地产;房地产,akshare_eastmoney_company_profile,2026-06-02T14:22:59.126631,common_stock,False,True,,,,
02273,HK,,,,,,,,,,,,,,,,,,医疗保健业,其他医疗保健,,港股;医疗保健业;其他医疗保健;医药医疗,akshare_eastmoney_company_profile,2026-06-02T14:22:59.142493,common_stock,False,True,,,,
02276,HK,,,,,,,,,,,,,,,,,,医疗保健业,其他医疗保健,,港股;医疗保健业;其他医疗保健;医药医疗,akshare_eastmoney_company_profile,2026-06-02T14:22:59.152891,common_stock,False,True,,,,
02279,HK,,,,,,,,,,,,,,,,,,医疗保健业,其他医疗保健,,港股;医疗保健业;其他医疗保健;医药医疗,akshare_eastmoney_company_profile,2026-06-02T14:22:59.238225,common_stock,False,True,,,,
02280,HK,,,,,,,,,,,,,,,,,,资讯科技业,软件服务,,港股;资讯科技业;软件服务;科技,akshare_eastmoney_company_profile,2026-06-02T14:22:59.255764,common_stock,False,True,,,,
02281,HK,,,,,,,,,,,,,,,,,,公用事业,公用事业,,港股;公用事业;高股息,akshare_eastmoney_company_profile,2026-06-02T14:22:59.258310,common_stock,False,True,,,,
02282,HK,,,,,,,,,,,,,,,,,,非必需性消费,旅游及消闲设施,,港股;非必需性消费;旅游及消闲设施;消费,akshare_eastmoney_company_profile,2026-06-02T14:22:59.296783,common_stock,False,True,,,,
02283,HK,,,,,,,,,,,,,,,,,,工业,工业工程,,港股;工业;工业工程,akshare_eastmoney_company_profile,2026-06-02T14:22:59.298251,common_stock,False,True,,,,
02285,HK,,,,,,,,,,,,,,,,,,非必需性消费,家庭电器及用品,,港股;非必需性消费;家庭电器及用品;消费,akshare_eastmoney_company_profile,2026-06-02T14:22:59.342732,common_stock,False,True,,,,
02286,HK,,,,,,,,,,,,,,,,,,地产业,地产,,港股;地产业;地产;房地产,akshare_eastmoney_company_profile,2026-06-02T14:22:59.312773,common_stock,False,True,,,,
02288,HK,,,,,,,,,,,,,,,,,,地产业,地产,,港股;地产业;地产;房地产,akshare_eastmoney_company_profile,2026-06-02T14:22:59.339931,common_stock,False,True,,,,
02289,HK,,,,,,,,,,,,,,,,,,医疗保健业,药品及生物科技,,港股;医疗保健业;药品及生物科技;医药医疗,akshare_eastmoney_company_profile,2026-06-02T14:22:59.401890,common_stock,False,True,,,,
02291,HK,,,,,,,,,,,,,,,,,,医疗保健业,其他医疗保健,,港股;医疗保健业;其他医疗保健;医药医疗,akshare_eastmoney_company_profile,2026-06-02T14:22:59.379706,common_stock,False,True,,,,
02293,HK,,,,,,,,,,,,,,,,,,医疗保健业,其他医疗保健,,港股;医疗保健业;其他医疗保健;医药医疗,akshare_eastmoney_company_profile,2026-06-02T14:22:59.466454,common_stock,False,True,,,,
02295,HK,,,,,,,,,,,,,,,,,,工业,建筑,,港股;工业;建筑,akshare_eastmoney_company_profile,2026-06-02T14:22:59.439011,common_stock,False,True,,,,
02297,HK,,,,,,,,,,,,,,,,,,医疗保健业,其他医疗保健,,港股;医疗保健业;其他医疗保健;医药医疗,akshare_eastmoney_company_profile,2026-06-02T14:22:59.487727,common_stock,False,True,,,,
02298,HK,,,,,,,,,,,,,,,,,,非必需性消费,纺织及服饰,,港股;非必需性消费;纺织及服饰;消费,akshare_eastmoney_company_profile,2026-06-02T14:22:59.504360,common_stock,False,True,,,,
02299,HK,,,,,,,,,,,,,,,,,,非必需性消费,纺织及服饰,,港股;非必需性消费;纺织及服饰;消费,akshare_eastmoney_company_profile,2026-06-02T14:22:59.534074,common_stock,False,True,,,,
02302,HK,,,,,,,,,,,,,,,,,,原材料业,一般金属及矿石,,港股;原材料业;一般金属及矿石;资源材料,akshare_eastmoney_company_profile,2026-06-02T14:22:59.543114,common_stock,False,True,,,,
02306,HK,,,,,,,,,,,,,,,,,,非必需性消费,媒体及娱乐,,港股;非必需性消费;媒体及娱乐;消费,akshare_eastmoney_company_profile,2026-06-02T14:22:59.565908,common_stock,False,True,,,,
02307,HK,,,,,,,,,,,,,,,,,,非必需性消费,纺织及服饰,,港股;非必需性消费;纺织及服饰;消费,akshare_eastmoney_company_profile,2026-06-02T14:22:59.554601,common_stock,False,True,,,,
02309,HK,,,,,,,,,,,,,,,,,,非必需性消费,旅游及消闲设施,,港股;非必需性消费;旅游及消闲设施;消费,akshare_eastmoney_company_profile,2026-06-02T14:22:59.580636,common_stock,False,True,,,,
02310,HK,,,,,,,,,,,,,,,,,,地产业,地产,,港股;地产业;地产;房地产,akshare_eastmoney_company_profile,2026-06-02T14:22:59.597883,common_stock,False,True,,,,
02312,HK,,,,,,,,,,,,,,,,,,金融业,其他金融,,港股;金融业;其他金融;金融服务,akshare_eastmoney_company_profile,2026-06-02T14:22:59.609797,common_stock,False,True,,,,
02313,HK,,,,,,,,,,,,,,,,,,非必需性消费,纺织及服饰,,港股;非必需性消费;纺织及服饰;消费,akshare_eastmoney_company_profile,2026-06-02T14:22:59.607299,common_stock,False,True,,,,
02314,HK,,,,,,,,,,,,,,,,,,原材料业,原材料,,港股;原材料业;原材料;资源材料,akshare_eastmoney_company_profile,2026-06-02T14:22:59.630214,common_stock,False,True,,,,
02315,HK,,,,,,,,,,,,,,,,,,医疗保健业,药品及生物科技,,港股;医疗保健业;药品及生物科技;医药医疗,akshare_eastmoney_company_profile,2026-06-02T14:22:59.649050,common_stock,False,True,,,,
02317,HK,,,,,,,,,,,,,,,,,,必需性消费,食物饮品,,港股;必需性消费;食物饮品,akshare_eastmoney_company_profile,2026-06-02T14:22:59.663045,common_stock,False,True,,,,
02318,HK,,,,,,,,,,,,,,,,,,金融业,保险,,港股;金融业;保险;金融服务,akshare_eastmoney_company_profile,2026-06-02T14:22:59.671672,common_stock,False,True,,,,
02319,HK,,,,,,,,,,,,,,,,,,必需性消费,食物饮品,,港股;必需性消费;食物饮品,akshare_eastmoney_company_profile,2026-06-02T14:22:59.680454,common_stock,False,True,,,,
02320,HK,,,,,,,,,,,,,,,,,,原材料业,原材料,,港股;原材料业;原材料;资源材料,akshare_eastmoney_company_profile,2026-06-02T14:22:59.703694,common_stock,False,True,,,,
02321,HK,,,,,,,,,,,,,,,,,,必需性消费,食物饮品,,港股;必需性消费;食物饮品,akshare_eastmoney_company_profile,2026-06-02T14:22:59.808787,common_stock,False,True,,,,
02322,HK,,,,,,,,,,,,,,,,,,原材料业,原材料,,港股;原材料业;原材料;资源材料,akshare_eastmoney_company_profile,2026-06-02T14:22:59.731143,common_stock,False,True,,,,
02323,HK,,,,,,,,,,,,,,,,,,工业,工业工程,,港股;工业;工业工程,akshare_eastmoney_company_profile,2026-06-02T14:22:59.733546,common_stock,False,True,,,,
02324,HK,,,,,,,,,,,,,,,,,,金融业,其他金融,,港股;金融业;其他金融;金融服务,akshare_eastmoney_company_profile,2026-06-02T14:22:59.759715,common_stock,False,True,,,,
02325,HK,,,,,,,,,,,,,,,,,,医疗保健业,药品及生物科技,,港股;医疗保健业;药品及生物科技;医药医疗,akshare_eastmoney_company_profile,2026-06-02T14:22:59.768505,common_stock,False,True,,,,
02326,HK,,,,,,,,,,,,,,,,,,原材料业,一般金属及矿石,,港股;原材料业;一般金属及矿石;资源材料,akshare_eastmoney_company_profile,2026-06-02T14:22:59.770756,common_stock,False,True,,,,
02327,HK,,,,,,,,,,,,,,,,,,综合企业,综合企业,,港股;综合企业,akshare_eastmoney_company_profile,2026-06-02T14:22:59.784774,common_stock,False,True,,,,
02328,HK,,,,,,,,,,,,,,,,,,金融业,保险,,港股;金融业;保险;金融服务,akshare_eastmoney_company_profile,2026-06-02T14:22:59.817799,common_stock,False,True,,,,
02329,HK,,,,,,,,,,,,,,,,,,地产业,地产,,港股;地产业;地产;房地产,akshare_eastmoney_company_profile,2026-06-02T14:22:59.858256,common_stock,False,True,,,,
02330,HK,,,,,,,,,,,,,,,,,,地产业,地产,,港股;地产业;地产;房地产,akshare_eastmoney_company_profile,2026-06-02T14:22:59.841627,common_stock,False,True,,,,
02331,HK,,,,,,,,,,,,,,,,,,非必需性消费,纺织及服饰,,港股;非必需性消费;纺织及服饰;消费,akshare_eastmoney_company_profile,2026-06-02T14:22:59.868532,common_stock,False,True,,,,
02333,HK,,,,,,,,,,,,,,,,,,非必需性消费,汽车,,港股;非必需性消费;汽车;消费,akshare_eastmoney_company_profile,2026-06-02T14:22:59.904281,common_stock,False,True,,,,
02336,HK,,,,,,,,,,,,,,,,,,原材料业,一般金属及矿石,,港股;原材料业;一般金属及矿石;资源材料,akshare_eastmoney_company_profile,2026-06-02T14:22:59.913486,common_stock,False,True,,,,
02337,HK,,,,,,,,,,,,,,,,,,公用事业,公用事业,,港股;公用事业;高股息,akshare_eastmoney_company_profile,2026-06-02T14:22:59.928957,common_stock,False,True,,,,
02338,HK,,,,,,,,,,,,,,,,,,工业,工业工程,,港股;工业;工业工程,akshare_eastmoney_company_profile,2026-06-02T14:22:59.957818,common_stock,False,True,,,,
02339,HK,,,,,,,,,,,,,,,,,,非必需性消费,汽车,,港股;非必需性消费;汽车;消费,akshare_eastmoney_company_profile,2026-06-02T14:22:59.989591,common_stock,False,True,,,,
02340,HK,,,,,,,,,,,,,,,,,,工业,建筑,,港股;工业;建筑,akshare_eastmoney_company_profile,2026-06-02T14:23:00.005638,common_stock,False,True,,,,
02342,HK,,,,,,,,,,,,,,,,,,资讯科技业,资讯科技器材,,港股;资讯科技业;资讯科技器材;科技,akshare_eastmoney_company_profile,2026-06-02T14:23:00.187975,common_stock,False,True,,,,
02343,HK,,,,,,,,,,,,,,,,,,工业,工用运输,,港股;工业;工用运输,akshare_eastmoney_company_profile,2026-06-02T14:23:00.200503,common_stock,False,True,,,,
02347,HK,,,,,,,,,,,,,,,,,,非必需性消费,专业零售,,港股;非必需性消费;专业零售;消费,akshare_eastmoney_company_profile,2026-06-02T14:23:00.108608,common_stock,False,True,,,,
02348,HK,,,,,,,,,,,,,,,,,,医疗保健业,药品及生物科技,,港股;医疗保健业;药品及生物科技;医药医疗,akshare_eastmoney_company_profile,2026-06-02T14:23:00.099023,common_stock,False,True,,,,
02349,HK,,,,,,,,,,,,,,,,,,地产业,地产,,港股;地产业;地产;房地产,akshare_eastmoney_company_profile,2026-06-02T14:23:00.177464,common_stock,False,True,,,,
02350,HK,,,,,,,,,,,,,,,,,,资讯科技业,软件服务,,港股;资讯科技业;软件服务;科技,akshare_eastmoney_company_profile,2026-06-02T14:23:00.117738,common_stock,False,True,,,,
02352,HK,,,,,,,,,,,,,,,,,,地产业,地产,,港股;地产业;地产;房地产,akshare_eastmoney_company_profile,2026-06-02T14:23:00.152511,common_stock,False,True,,,,
02355,HK,,,,,,,,,,,,,,,,,,工业,建筑,,港股;工业;建筑,akshare_eastmoney_company_profile,2026-06-02T14:23:00.286774,common_stock,False,True,,,,
02356,HK,,,,,,,,,,,,,,,,,,金融业,银行,,港股;金融业;银行;金融服务,akshare_eastmoney_company_profile,2026-06-02T14:23:00.489652,common_stock,False,True,,,,
02357,HK,,,,,,,,,,,,,,,,,,工业,工业工程,,港股;工业;工业工程,akshare_eastmoney_company_profile,2026-06-02T14:23:00.203307,common_stock,False,True,,,,
02358,HK,,,,,,,,,,,,,,,,,,非必需性消费,家庭电器及用品,,港股;非必需性消费;家庭电器及用品;消费,akshare_eastmoney_company_profile,2026-06-02T14:23:00.212163,common_stock,False,True,,,,
02359,HK,,,,,,,,,,,,,,,,,,医疗保健业,药品及生物科技,,港股;医疗保健业;药品及生物科技;医药医疗,akshare_eastmoney_company_profile,2026-06-02T14:23:00.245576,common_stock,False,True,,,,
02360,HK,,,,,,,,,,,,,,,,,,非必需性消费,消费者主要零售商,,港股;非必需性消费;消费者主要零售商;消费,akshare_eastmoney_company_profile,2026-06-02T14:23:00.277825,common_stock,False,True,,,,
02361,HK,,,,,,,,,,,,,,,,,,资讯科技业,软件服务,,港股;资讯科技业;软件服务;科技,akshare_eastmoney_company_profile,2026-06-02T14:23:00.289391,common_stock,False,True,,,,
02362,HK,,,,,,,,,,,,,,,,,,原材料业,一般金属及矿石,,港股;原材料业;一般金属及矿石;资源材料,akshare_eastmoney_company_profile,2026-06-02T14:23:00.314974,common_stock,False,True,,,,
02363,HK,,,,,,,,,,,,,,,,,,资讯科技业,资讯科技器材,,港股;资讯科技业;资讯科技器材;科技,akshare_eastmoney_company_profile,2026-06-02T14:23:00.324279,common_stock,False,True,,,,
02367,HK,,,,,,,,,,,,,,,,,,医疗保健业,其他医疗保健,,港股;医疗保健业;其他医疗保健;医药医疗,akshare_eastmoney_company_profile,2026-06-02T14:23:00.325918,common_stock,False,True,,,,
02368,HK,,,,,,,,,,,,,,,,,,非必需性消费,纺织及服饰,,港股;非必需性消费;纺织及服饰;消费,akshare_eastmoney_company_profile,2026-06-02T14:23:00.339747,common_stock,False,True,,,,
02369,HK,,,,,,,,,,,,,,,,,,资讯科技业,资讯科技器材,,港股;资讯科技业;资讯科技器材;科技,akshare_eastmoney_company_profile,2026-06-02T14:23:00.410781,common_stock,False,True,,,,
02370,HK,,,,,,,,,,,,,,,,,,地产业,地产,,港股;地产业;地产;房地产,akshare_eastmoney_company_profile,2026-06-02T14:23:00.430111,common_stock,False,True,,,,
02371,HK,,,,,,,,,,,,,,,,,,金融业,其他金融,,港股;金融业;其他金融;金融服务,akshare_eastmoney_company_profile,2026-06-02T14:23:00.498801,common_stock,False,True,,,,
02372,HK,,,,,,,,,,,,,,,,,,工业,工用支援,,港股;工业;工用支援,akshare_eastmoney_company_profile,2026-06-02T14:23:00.427398,common_stock,False,True,,,,
02373,HK,,,,,,,,,,,,,,,,,,医疗保健业,其他医疗保健,,港股;医疗保健业;其他医疗保健;医药医疗,akshare_eastmoney_company_profile,2026-06-02T14:23:00.454636,common_stock,False,True,,,,
02376,HK,,,,,,,,,,,,,,,,,,地产业,地产,,港股;地产业;地产;房地产,akshare_eastmoney_company_profile,2026-06-02T14:23:00.456371,common_stock,False,True,,,,
02377,HK,,,,,,,,,,,,,,,,,,工业,工业工程,,港股;工业;工业工程,akshare_eastmoney_company_profile,2026-06-02T14:23:00.470571,common_stock,False,True,,,,
02378,HK,,,,,,,,,,,,,,,,,,金融业,保险,,港股;金融业;保险;金融服务,akshare_eastmoney_company_profile,2026-06-02T14:23:00.507494,common_stock,False,True,,,,
02380,HK,,,,,,,,,,,,,,,,,,公用事业,公用事业,,港股;公用事业;高股息,akshare_eastmoney_company_profile,2026-06-02T14:23:00.549805,common_stock,False,True,,,,
02381,HK,,,,,,,,,,,,,,,,,,非必需性消费,家庭电器及用品,,港股;非必需性消费;家庭电器及用品;消费,akshare_eastmoney_company_profile,2026-06-02T14:23:00.538378,common_stock,False,True,,,,
02382,HK,,,,,,,,,,,,,,,,,,工业,工业工程,,港股;工业;工业工程,akshare_eastmoney_company_profile,2026-06-02T14:23:00.590453,common_stock,False,True,,,,
02383,HK,,,,,,,,,,,,,,,,,,非必需性消费,媒体及娱乐,,港股;非必需性消费;媒体及娱乐;消费,akshare_eastmoney_company_profile,2026-06-02T14:23:00.717615,common_stock,False,True,,,,
02385,HK,,,,,,,,,,,,,,,,,,非必需性消费,支援服务,,港股;非必需性消费;支援服务,akshare_eastmoney_company_profile,2026-06-02T14:23:00.716040,common_stock,False,True,,,,
02386,HK,,,,,,,,,,,,,,,,,,能源业,石油及天然气,,港股;能源业;石油及天然气;资源能源,akshare_eastmoney_company_profile,2026-06-02T14:23:00.674322,common_stock,False,True,,,,
02388,HK,,,,,,,,,,,,,,,,,,金融业,银行,,港股;金融业;银行;金融服务,akshare_eastmoney_company_profile,2026-06-02T14:23:00.699992,common_stock,False,True,,,,
02389,HK,,,,,,,,,,,,,,,,,,医疗保健业,其他医疗保健,,港股;医疗保健业;其他医疗保健;医药医疗,akshare_eastmoney_company_profile,2026-06-02T14:23:00.690673,common_stock,False,True,,,,
02390,HK,,,,,,,,,,,,,,,,,,非必需性消费,媒体及娱乐,,港股;非必需性消费;媒体及娱乐;消费,akshare_eastmoney_company_profile,2026-06-02T14:23:00.779587,common_stock,False,True,,,,
02391,HK,,,,,,,,,,,,,,,,,,资讯科技业,软件服务,,港股;资讯科技业;软件服务;科技,akshare_eastmoney_company_profile,2026-06-02T14:23:01.037203,common_stock,False,True,,,,
02392,HK,,,,,,,,,,,,,,,,,,资讯科技业,软件服务,,港股;资讯科技业;软件服务;科技,akshare_eastmoney_company_profile,2026-06-02T14:23:00.731788,common_stock,False,True,,,,
02393,HK,,,,,,,,,,,,,,,,,,医疗保健业,其他医疗保健,,港股;医疗保健业;其他医疗保健;医药医疗,akshare_eastmoney_company_profile,2026-06-02T14:23:00.770740,common_stock,False,True,,,,
02396,HK,,,,,,,,,,,,,,,,,,医疗保健业,药品及生物科技,,港股;医疗保健业;药品及生物科技;医药医疗,akshare_eastmoney_company_profile,2026-06-02T14:23:00.905299,common_stock,False,True,,,,
02399,HK,,,,,,,,,,,,,,,,,,工业,工业工程,,港股;工业;工业工程,akshare_eastmoney_company_profile,2026-06-02T14:23:00.797179,common_stock,False,True,,,,
02400,HK,,,,,,,,,,,,,,,,,,资讯科技业,软件服务,,港股;资讯科技业;软件服务;科技,akshare_eastmoney_company_profile,2026-06-02T14:23:00.843278,common_stock,False,True,,,,
02402,HK,,,,,,,,,,,,,,,,,,工业,工业工程,,港股;工业;工业工程,akshare_eastmoney_company_profile,2026-06-02T14:23:00.840238,common_stock,False,True,,,,
02405,HK,,,,,,,,,,,,,,,,,,非必需性消费,媒体及娱乐,,港股;非必需性消费;媒体及娱乐;消费,akshare_eastmoney_company_profile,2026-06-02T14:23:00.850482,common_stock,False,True,,,,
02407,HK,,,,,,,,,,,,,,,,,,医疗保健业,其他医疗保健,,港股;医疗保健业;其他医疗保健;医药医疗,akshare_eastmoney_company_profile,2026-06-02T14:23:00.873282,common_stock,False,True,,,,
02408,HK,,,,,,,,,,,,,,,,,,非必需性消费,旅游及消闲设施,,港股;非必需性消费;旅游及消闲设施;消费,akshare_eastmoney_company_profile,2026-06-02T14:23:00.888583,common_stock,False,True,,,,
02409,HK,,,,,,,,,,,,,,,,,,工业,工用运输,,港股;工业;工用运输,akshare_eastmoney_company_profile,2026-06-02T14:23:00.891318,common_stock,False,True,,,,
02410,HK,,,,,,,,,,,,,,,,,,医疗保健业,药品及生物科技,,港股;医疗保健业;药品及生物科技;医药医疗,akshare_eastmoney_company_profile,2026-06-02T14:23:01.537574,common_stock,False,True,,,,
02411,HK,,,,,,,,,,,,,,,,,,必需性消费,食物饮品,,港股;必需性消费;食物饮品,akshare_eastmoney_company_profile,2026-06-02T14:23:00.998178,common_stock,False,True,,,,
02415,HK,,,,,,,,,,,,,,,,,,医疗保健业,其他医疗保健,,港股;医疗保健业;其他医疗保健;医药医疗,akshare_eastmoney_company_profile,2026-06-02T14:23:00.980373,common_stock,False,True,,,,
02416,HK,,,,,,,,,,,,,,,,,,资讯科技业,软件服务,,港股;资讯科技业;软件服务;科技,akshare_eastmoney_company_profile,2026-06-02T14:23:00.989542,common_stock,False,True,,,,
02418,HK,,,,,,,,,,,,,,,,,,工业,工用支援,,港股;工业;工用支援,akshare_eastmoney_company_profile,2026-06-02T14:23:01.019457,common_stock,False,True,,,,
02419,HK,,,,,,,,,,,,,,,,,,必需性消费,农业产品,,港股;必需性消费;农业产品,akshare_eastmoney_company_profile,2026-06-02T14:23:01.032228,common_stock,False,True,,,,
02420,HK,,,,,,,,,,,,,,,,,,非必需性消费,专业零售,,港股;非必需性消费;专业零售;消费,akshare_eastmoney_company_profile,2026-06-02T14:23:01.035554,common_stock,False,True,,,,
02421,HK,,,,,,,,,,,,,,,,,,地产业,地产,,港股;地产业;地产;房地产,akshare_eastmoney_company_profile,2026-06-02T14:23:01.079247,common_stock,False,True,,,,
02422,HK,,,,,,,,,,,,,,,,,,非必需性消费,媒体及娱乐,,港股;非必需性消费;媒体及娱乐;消费,akshare_eastmoney_company_profile,2026-06-02T14:23:01.139705,common_stock,False,True,,,,
02423,HK,,,,,,,,,,,,,,,,,,地产业,地产,,港股;地产业;地产;房地产,akshare_eastmoney_company_profile,2026-06-02T14:23:01.189981,common_stock,False,True,,,,
02425,HK,,,,,,,,,,,,,,,,,,必需性消费,食物饮品,,港股;必需性消费;食物饮品,akshare_eastmoney_company_profile,2026-06-02T14:23:01.120064,common_stock,False,True,,,,
02427,HK,,,,,,,,,,,,,,,,,,医疗保健业,其他医疗保健,,港股;医疗保健业;其他医疗保健;医药医疗,akshare_eastmoney_company_profile,2026-06-02T14:23:01.298533,common_stock,False,True,,,,
02429,HK,,,,,,,,,,,,,,,,,,必需性消费,食物饮品,,港股;必需性消费;食物饮品,akshare_eastmoney_company_profile,2026-06-02T14:23:01.153872,common_stock,False,True,,,,
02431,HK,,,,,,,,,,,,,,,,,,资讯科技业,软件服务,,港股;资讯科技业;软件服务;科技,akshare_eastmoney_company_profile,2026-06-02T14:23:01.385230,common_stock,False,True,,,,
02432,HK,,,,,,,,,,,,,,,,,,资讯科技业,软件服务,,港股;资讯科技业;软件服务;科技,akshare_eastmoney_company_profile,2026-06-02T14:23:01.180942,common_stock,False,True,,,,
02433,HK,,,,,,,,,,,,,,,,,,工业,建筑,,港股;工业;建筑,akshare_eastmoney_company_profile,2026-06-02T14:23:01.232130,common_stock,False,True,,,,
02436,HK,,,,,,,,,,,,,,,,,,资讯科技业,资讯科技器材,,港股;资讯科技业;资讯科技器材;科技,akshare_eastmoney_company_profile,2026-06-02T14:23:01.752389,common_stock,False,True,,,,
02438,HK,,,,,,,,,,,,,,,,,,资讯科技业,软件服务,,港股;资讯科技业;软件服务;科技,akshare_eastmoney_company_profile,2026-06-02T14:23:01.264428,common_stock,False,True,,,,
02439,HK,,,,,,,,,,,,,,,,,,工业,工用支援,,港股;工业;工用支援,akshare_eastmoney_company_profile,2026-06-02T14:23:01.525851,common_stock,False,True,,,,
02440,HK,,,,,,,,,,,,,,,,,,资讯科技业,软件服务,,港股;资讯科技业;软件服务;科技,akshare_eastmoney_company_profile,2026-06-02T14:23:01.717340,common_stock,False,True,,,,
02442,HK,,,,,,,,,,,,,,,,,,工业,建筑,,港股;工业;建筑,akshare_eastmoney_company_profile,2026-06-02T14:23:01.437711,common_stock,False,True,,,,
02443,HK,,,,,,,,,,,,,,,,,,非必需性消费,支援服务,,港股;非必需性消费;支援服务,akshare_eastmoney_company_profile,2026-06-02T14:23:01.367749,common_stock,False,True,,,,
02450,HK,,,,,,,,,,,,,,,,,,工业,建筑,,港股;工业;建筑,akshare_eastmoney_company_profile,2026-06-02T14:23:01.451054,common_stock,False,True,,,,
02451,HK,,,,,,,,,,,,,,,,,,非必需性消费,汽车,,港股;非必需性消费;汽车;消费,akshare_eastmoney_company_profile,2026-06-02T14:23:01.481934,common_stock,False,True,,,,
02453,HK,,,,,,,,,,,,,,,,,,医疗保健业,其他医疗保健,,港股;医疗保健业;其他医疗保健;医药医疗,akshare_eastmoney_company_profile,2026-06-02T14:23:01.866264,common_stock,False,True,,,,
02455,HK,,,,,,,,,,,,,,,,,,地产业,地产,,港股;地产业;地产;房地产,akshare_eastmoney_company_profile,2026-06-02T14:23:01.785603,common_stock,False,True,,,,
02457,HK,,,,,,,,,,,,,,,,,,非必需性消费,汽车,,港股;非必需性消费;汽车;消费,akshare_eastmoney_company_profile,2026-06-02T14:23:02.236792,common_stock,False,True,,,,
02458,HK,,,,,,,,,,,,,,,,,,资讯科技业,软件服务,,港股;资讯科技业;软件服务;科技,akshare_eastmoney_company_profile,2026-06-02T14:23:01.723379,common_stock,False,True,,,,
02459,HK,,,,,,,,,,,,,,,,,,工业,工业工程,,港股;工业;工业工程,akshare_eastmoney_company_profile,2026-06-02T14:23:02.469589,common_stock,False,True,,,,
02460,HK,,,,,,,,,,,,,,,,,,必需性消费,食物饮品,,港股;必需性消费;食物饮品,akshare_eastmoney_company_profile,2026-06-02T14:23:01.775802,common_stock,False,True,,,,
02461,HK,,,,,,,,,,,,,,,,,,非必需性消费,专业零售,,港股;非必需性消费;专业零售;消费,akshare_eastmoney_company_profile,2026-06-02T14:23:01.893427,common_stock,False,True,,,,
02465,HK,,,,,,,,,,,,,,,,,,工业,工业工程,,港股;工业;工业工程,akshare_eastmoney_company_profile,2026-06-02T14:23:01.852282,common_stock,False,True,,,,
02469,HK,,,,,,,,,,,,,,,,,,非必需性消费,支援服务,,港股;非必需性消费;支援服务,akshare_eastmoney_company_profile,2026-06-02T14:23:02.309640,common_stock,False,True,,,,
02473,HK,,,,,,,,,,,,,,,,,,非必需性消费,汽车,,港股;非必需性消费;汽车;消费,akshare_eastmoney_company_profile,2026-06-02T14:23:01.877134,common_stock,False,True,,,,
02476,HK,,,,,,,,,,,,,,,,,,工业,工业工程,,港股;工业;工业工程,akshare_eastmoney_company_profile,2026-06-02T14:23:02.504925,common_stock,False,True,,,,
02477,HK,,,,,,,,,,,,,,,,,,电讯业,电讯,,港股;电讯业;电讯,akshare_eastmoney_company_profile,2026-06-02T14:23:02.023361,common_stock,False,True,,,,
02478,HK,,,,,,,,,,,,,,,,,,原材料业,一般金属及矿石,,港股;原材料业;一般金属及矿石;资源材料,akshare_eastmoney_company_profile,2026-06-02T14:23:01.982528,common_stock,False,True,,,,
02479,HK,,,,,,,,,,,,,,,,,,资讯科技业,软件服务,,港股;资讯科技业;软件服务;科技,akshare_eastmoney_company_profile,2026-06-02T14:23:02.285760,common_stock,False,True,,,,
02480,HK,,,,,,,,,,,,,,,,,,医疗保健业,药品及生物科技,,港股;医疗保健业;药品及生物科技;医药医疗,akshare_eastmoney_company_profile,2026-06-02T14:23:02.297799,common_stock,False,True,,,,
02481,HK,,,,,,,,,,,,,,,,,,公用事业,公用事业,,港股;公用事业;高股息,akshare_eastmoney_company_profile,2026-06-02T14:23:02.184906,common_stock,False,True,,,,
02482,HK,,,,,,,,,,,,,,,,,,工业,工用运输,,港股;工业;工用运输,akshare_eastmoney_company_profile,2026-06-02T14:23:02.191018,common_stock,False,True,,,,
02483,HK,,,,,,,,,,,,,,,,,,金融业,其他金融,,港股;金融业;其他金融;金融服务,akshare_eastmoney_company_profile,2026-06-02T14:23:02.322302,common_stock,False,True,,,,
02486,HK,,,,,,,,,,,,,,,,,,非必需性消费,媒体及娱乐,,港股;非必需性消费;媒体及娱乐;消费,akshare_eastmoney_company_profile,2026-06-02T14:23:02.603499,common_stock,False,True,,,,
02487,HK,,,,,,,,,,,,,,,,,,医疗保健业,药品及生物科技,,港股;医疗保健业;药品及生物科技;医药医疗,akshare_eastmoney_company_profile,2026-06-02T14:23:02.345946,common_stock,False,True,,,,
02488,HK,,,,,,,,,,,,,,,,,,非必需性消费,汽车,,港股;非必需性消费;汽车;消费,akshare_eastmoney_company_profile,2026-06-02T14:23:02.453153,common_stock,False,True,,,,
02489,HK,,,,,,,,,,,,,,,,,,原材料业,黄金及贵金属,,港股;原材料业;黄金及贵金属;资源材料,akshare_eastmoney_company_profile,2026-06-02T14:23:02.569968,common_stock,False,True,,,,
02490,HK,,,,,,,,,,,,,,,,,,工业,工用运输,,港股;工业;工用运输,akshare_eastmoney_company_profile,2026-06-02T14:23:02.532054,common_stock,False,True,,,,
02493,HK,,,,,,,,,,,,,,,,,,医疗保健业,药品及生物科技,,港股;医疗保健业;药品及生物科技;医药医疗,akshare_eastmoney_company_profile,2026-06-02T14:23:02.435436,common_stock,False,True,,,,
02495,HK,,,,,,,,,,,,,,,,,,资讯科技业,软件服务,,港股;资讯科技业;软件服务;科技,akshare_eastmoney_company_profile,2026-06-02T14:23:02.451198,common_stock,False,True,,,,
02496,HK,,,,,,,,,,,,,,,,,,医疗保健业,药品及生物科技,,港股;医疗保健业;药品及生物科技;医药医疗,akshare_eastmoney_company_profile,2026-06-02T14:23:02.559920,common_stock,False,True,,,,
02497,HK,,,,,,,,,,,,,,,,,,必需性消费,农业产品,,港股;必需性消费;农业产品,akshare_eastmoney_company_profile,2026-06-02T14:23:02.579468,common_stock,False,True,,,,
02498,HK,,,,,,,,,,,,,,,,,,资讯科技业,软件服务,,港股;资讯科技业;软件服务;科技,akshare_eastmoney_company_profile,2026-06-02T14:23:02.581243,common_stock,False,True,,,,
02499,HK,,,,,,,,,,,,,,,,,,工业,工业工程,,港股;工业;工业工程,akshare_eastmoney_company_profile,2026-06-02T14:23:02.595075,common_stock,False,True,,,,
02500,HK,,,,,,,,,,,,,,,,,,医疗保健业,其他医疗保健,,港股;医疗保健业;其他医疗保健;医药医疗,akshare_eastmoney_company_profile,2026-06-02T14:23:03.068380,common_stock,False,True,,,,
02501,HK,,,,,,,,,,,,,,,,,,资讯科技业,软件服务,,港股;资讯科技业;软件服务;科技,akshare_eastmoney_company_profile,2026-06-02T14:23:02.654699,common_stock,False,True,,,,
02502,HK,,,,,,,,,,,,,,,,,,原材料业,原材料,,港股;原材料业;原材料;资源材料,akshare_eastmoney_company_profile,2026-06-02T14:23:02.670682,common_stock,False,True,,,,
02503,HK,,,,,,,,,,,,,,,,,,工业,建筑,,港股;工业;建筑,akshare_eastmoney_company_profile,2026-06-02T14:23:02.695353,common_stock,False,True,,,,
02505,HK,,,,,,,,,,,,,,,,,,工业,工用支援,,港股;工业;工用支援,akshare_eastmoney_company_profile,2026-06-02T14:23:02.763760,common_stock,False,True,,,,
02506,HK,,,,,,,,,,,,,,,,,,医疗保健业,其他医疗保健,,港股;医疗保健业;其他医疗保健;医药医疗,akshare_eastmoney_company_profile,2026-06-02T14:23:02.717438,common_stock,False,True,,,,
02507,HK,,,,,,,,,,,,,,,,,,工业,工业工程,,港股;工业;工业工程,akshare_eastmoney_company_profile,2026-06-02T14:23:03.095743,common_stock,False,True,,,,
02508,HK,,,,,,,,,,,,,,,,,,非必需性消费,支援服务,,港股;非必需性消费;支援服务,akshare_eastmoney_company_profile,2026-06-02T14:23:03.118699,common_stock,False,True,,,,
02509,HK,,,,,,,,,,,,,,,,,,医疗保健业,药品及生物科技,,港股;医疗保健业;药品及生物科技;医药医疗,akshare_eastmoney_company_profile,2026-06-02T14:23:02.775894,common_stock,False,True,,,,
02510,HK,,,,,,,,,,,,,,,,,,工业,工用运输,,港股;工业;工用运输,akshare_eastmoney_company_profile,2026-06-02T14:23:02.774346,common_stock,False,True,,,,
02511,HK,,,,,,,,,,,,,,,,,,医疗保健业,药品及生物科技,,港股;医疗保健业;药品及生物科技;医药医疗,akshare_eastmoney_company_profile,2026-06-02T14:23:02.790442,common_stock,False,True,,,,
02512,HK,,,,,,,,,,,,,,,,,,资讯科技业,软件服务,,港股;资讯科技业;软件服务;科技,akshare_eastmoney_company_profile,2026-06-02T14:23:02.804176,common_stock,False,True,,,,
02513,HK,,,,,,,,,,,,,,,,,,资讯科技业,软件服务,,港股;资讯科技业;软件服务;科技,akshare_eastmoney_company_profile,2026-06-02T14:23:03.026263,common_stock,False,True,,,,
02515,HK,,,,,,,,,,,,,,,,,,工业,建筑,,港股;工业;建筑,akshare_eastmoney_company_profile,2026-06-02T14:23:03.001975,common_stock,False,True,,,,
02516,HK,,,,,,,,,,,,,,,,,,工业,工用运输,,港股;工业;工用运输,akshare_eastmoney_company_profile,2026-06-02T14:23:03.215400,common_stock,False,True,,,,
02517,HK,,,,,,,,,,,,,,,,,,必需性消费,食物饮品,,港股;必需性消费;食物饮品,akshare_eastmoney_company_profile,2026-06-02T14:23:03.007956,common_stock,False,True,,,,
02518,HK,,,,,,,,,,,,,,,,,,非必需性消费,专业零售,,港股;非必需性消费;专业零售;消费,akshare_eastmoney_company_profile,2026-06-02T14:23:03.225192,common_stock,False,True,,,,
02519,HK,,,,,,,,,,,,,,,,,,非必需性消费,专业零售,,港股;非必需性消费;专业零售;消费,akshare_eastmoney_company_profile,2026-06-02T14:23:03.108368,common_stock,False,True,,,,
02520,HK,,,,,,,,,,,,,,,,,,工业,建筑,,港股;工业;建筑,akshare_eastmoney_company_profile,2026-06-02T14:23:03.120731,common_stock,False,True,,,,
02521,HK,,,,,,,,,,,,,,,,,,非必需性消费,支援服务,,港股;非必需性消费;支援服务,akshare_eastmoney_company_profile,2026-06-02T14:23:03.135144,common_stock,False,True,,,,
02522,HK,,,,,,,,,,,,,,,,,,医疗保健业,其他医疗保健,,港股;医疗保健业;其他医疗保健;医药医疗,akshare_eastmoney_company_profile,2026-06-02T14:23:03.234613,common_stock,False,True,,,,
02525,HK,,,,,,,,,,,,,,,,,,资讯科技业,软件服务,,港股;资讯科技业;软件服务;科技,akshare_eastmoney_company_profile,2026-06-02T14:23:03.731794,common_stock,False,True,,,,
02526,HK,,,,,,,,,,,,,,,,,,医疗保健业,其他医疗保健,,港股;医疗保健业;其他医疗保健;医药医疗,akshare_eastmoney_company_profile,2026-06-02T14:23:03.270110,common_stock,False,True,,,,
02528,HK,,,,,,,,,,,,,,,,,,非必需性消费,专业零售,,港股;非必需性消费;专业零售;消费,akshare_eastmoney_company_profile,2026-06-02T14:23:03.249104,common_stock,False,True,,,,
02529,HK,,,,,,,,,,,,,,,,,,地产业,地产,,港股;地产业;地产;房地产,akshare_eastmoney_company_profile,2026-06-02T14:23:03.841319,common_stock,False,True,,,,
02530,HK,,,,,,,,,,,,,,,,,,医疗保健业,其他医疗保健,,港股;医疗保健业;其他医疗保健;医药医疗,akshare_eastmoney_company_profile,2026-06-02T14:23:03.294289,common_stock,False,True,,,,
02531,HK,,,,,,,,,,,,,,,,,,资讯科技业,软件服务,,港股;资讯科技业;软件服务;科技,akshare_eastmoney_company_profile,2026-06-02T14:23:03.811708,common_stock,False,True,,,,
02533,HK,,,,,,,,,,,,,,,,,,资讯科技业,软件服务,,港股;资讯科技业;软件服务;科技,akshare_eastmoney_company_profile,2026-06-02T14:23:03.805860,common_stock,False,True,,,,
02535,HK,,,,,,,,,,,,,,,,,,工业,建筑,,港股;工业;建筑,akshare_eastmoney_company_profile,2026-06-02T14:23:03.706543,common_stock,False,True,,,,
02536,HK,,,,,,,,,,,,,,,,,,非必需性消费,旅游及消闲设施,,港股;非必需性消费;旅游及消闲设施;消费,akshare_eastmoney_company_profile,2026-06-02T14:23:03.350614,common_stock,False,True,,,,
02539,HK,,,,,,,,,,,,,,,,,,非必需性消费,旅游及消闲设施,,港股;非必需性消费;旅游及消闲设施;消费,akshare_eastmoney_company_profile,2026-06-02T14:23:03.652659,common_stock,False,True,,,,
02540,HK,,,,,,,,,,,,,,,,,,非必需性消费,媒体及娱乐,,港股;非必需性消费;媒体及娱乐;消费,akshare_eastmoney_company_profile,2026-06-02T14:23:03.516084,common_stock,False,True,,,,
02543,HK,,,,,,,,,,,,,,,,,,非必需性消费,家庭电器及用品,,港股;非必需性消费;家庭电器及用品;消费,akshare_eastmoney_company_profile,2026-06-02T14:23:03.814061,common_stock,False,True,,,,
02545,HK,,,,,,,,,,,,,,,,,,电讯业,电讯,,港股;电讯业;电讯,akshare_eastmoney_company_profile,2026-06-02T14:23:03.633446,common_stock,False,True,,,,
02546,HK,,,,,,,,,,,,,,,,,,原材料业,一般金属及矿石,,港股;原材料业;一般金属及矿石;资源材料,akshare_eastmoney_company_profile,2026-06-02T14:23:03.862736,common_stock,False,True,,,,
02549,HK,,,,,,,,,,,,,,,,,,非必需性消费,家庭电器及用品,,港股;非必需性消费;家庭电器及用品;消费,akshare_eastmoney_company_profile,2026-06-02T14:23:03.754971,common_stock,False,True,,,,
02550,HK,,,,,,,,,,,,,,,,,,非必需性消费,媒体及娱乐,,港股;非必需性消费;媒体及娱乐;消费,akshare_eastmoney_company_profile,2026-06-02T14:23:03.809127,common_stock,False,True,,,,
02551,HK,,,,,,,,,,,,,,,,,,工业,工业工程,,港股;工业;工业工程,akshare_eastmoney_company_profile,2026-06-02T14:23:03.839346,common_stock,False,True,,,,
02552,HK,,,,,,,,,,,,,,,,,,医疗保健业,药品及生物科技,,港股;医疗保健业;药品及生物科技;医药医疗,akshare_eastmoney_company_profile,2026-06-02T14:23:03.860538,common_stock,False,True,,,,
02555,HK,,,,,,,,,,,,,,,,,,必需性消费,食物饮品,,港股;必需性消费;食物饮品,akshare_eastmoney_company_profile,2026-06-02T14:23:03.935671,common_stock,False,True,,,,
02556,HK,,,,,,,,,,,,,,,,,,资讯科技业,软件服务,,港股;资讯科技业;软件服务;科技,akshare_eastmoney_company_profile,2026-06-02T14:23:03.989682,common_stock,False,True,,,,
02558,HK,,,,,,,,,,,,,,,,,,金融业,银行,,港股;金融业;银行;金融服务,akshare_eastmoney_company_profile,2026-06-02T14:23:04.000308,common_stock,False,True,,,,
02559,HK,,,,,,,,,,,,,,,,,,非必需性消费,旅游及消闲设施,,港股;非必需性消费;旅游及消闲设施;消费,akshare_eastmoney_company_profile,2026-06-02T14:23:04.021310,common_stock,False,True,,,,
02560,HK,,,,,,,,,,,,,,,,,,原材料业,原材料,,港股;原材料业;原材料;资源材料,akshare_eastmoney_company_profile,2026-06-02T14:23:04.062746,common_stock,False,True,,,,
02561,HK,,,,,,,,,,,,,,,,,,医疗保健业,药品及生物科技,,港股;医疗保健业;药品及生物科技;医药医疗,akshare_eastmoney_company_profile,2026-06-02T14:23:04.041298,common_stock,False,True,,,,
02562,HK,,,,,,,,,,,,,,,,,,非必需性消费,专业零售,,港股;非必需性消费;专业零售;消费,akshare_eastmoney_company_profile,2026-06-02T14:23:04.061544,common_stock,False,True,,,,
02563,HK,,,,,,,,,,,,,,,,,,医疗保健业,药品及生物科技,,港股;医疗保健业;药品及生物科技;医药医疗,akshare_eastmoney_company_profile,2026-06-02T14:23:04.043752,common_stock,False,True,,,,
02565,HK,,,,,,,,,,,,,,,,,,医疗保健业,药品及生物科技,,港股;医疗保健业;药品及生物科技;医药医疗,akshare_eastmoney_company_profile,2026-06-02T14:23:04.059160,common_stock,False,True,,,,
02566,HK,,,,,,,,,,,,,,,,,,医疗保健业,药品及生物科技,,港股;医疗保健业;药品及生物科技;医药医疗,akshare_eastmoney_company_profile,2026-06-02T14:23:04.208970,common_stock,False,True,,,,
02567,HK,,,,,,,,,,,,,,,,,,资讯科技业,软件服务,,港股;资讯科技业;软件服务;科技,akshare_eastmoney_company_profile,2026-06-02T14:23:04.283296,common_stock,False,True,,,,
02569,HK,,,,,,,,,,,,,,,,,,非必需性消费,消费者主要零售商,,港股;非必需性消费;消费者主要零售商;消费,akshare_eastmoney_company_profile,2026-06-02T14:23:04.123932,common_stock,False,True,,,,
02570,HK,,,,,,,,,,,,,,,,,,工业,工业工程,,港股;工业;工业工程,akshare_eastmoney_company_profile,2026-06-02T14:23:04.181411,common_stock,False,True,,,,
02571,HK,,,,,,,,,,,,,,,,,,资讯科技业,软件服务,,港股;资讯科技业;软件服务;科技,akshare_eastmoney_company_profile,2026-06-02T14:23:04.375793,common_stock,False,True,,,,
02572,HK,,,,,,,,,,,,,,,,,,原材料业,一般金属及矿石,,港股;原材料业;一般金属及矿石;资源材料,akshare_eastmoney_company_profile,2026-06-02T14:23:04.231429,common_stock,False,True,,,,
02573,HK,,,,,,,,,,,,,,,,,,必需性消费,食物饮品,,港股;必需性消费;食物饮品,akshare_eastmoney_company_profile,2026-06-02T14:23:04.252528,common_stock,False,True,,,,
02575,HK,,,,,,,,,,,,,,,,,,医疗保健业,药品及生物科技,,港股;医疗保健业;药品及生物科技;医药医疗,akshare_eastmoney_company_profile,2026-06-02T14:23:04.374173,common_stock,False,True,,,,
02576,HK,,,,,,,,,,,,,,,,,,资讯科技业,软件服务,,港股;资讯科技业;软件服务;科技,akshare_eastmoney_company_profile,2026-06-02T14:23:04.232908,common_stock,False,True,,,,
02577,HK,,,,,,,,,,,,,,,,,,资讯科技业,半导体,,港股;资讯科技业;半导体;科技,akshare_eastmoney_company_profile,2026-06-02T14:23:04.285829,common_stock,False,True,,,,
02579,HK,,,,,,,,,,,,,,,,,,原材料业,原材料,,港股;原材料业;原材料;资源材料,akshare_eastmoney_company_profile,2026-06-02T14:23:04.334645,common_stock,False,True,,,,
02580,HK,,,,,,,,,,,,,,,,,,非必需性消费,家庭电器及用品,,港股;非必需性消费;家庭电器及用品;消费,akshare_eastmoney_company_profile,2026-06-02T14:23:04.364333,common_stock,False,True,,,,
02581,HK,,,,,,,,,,,,,,,,,,医疗保健业,其他医疗保健,,港股;医疗保健业;其他医疗保健;医药医疗,akshare_eastmoney_company_profile,2026-06-02T14:23:04.349785,common_stock,False,True,,,,
02582,HK,,,,,,,,,,,,,,,,,,工业,工业工程,,港股;工业;工业工程,akshare_eastmoney_company_profile,2026-06-02T14:23:04.443279,common_stock,False,True,,,,
02583,HK,,,,,,,,,,,,,,,,,,非必需性消费,纺织及服饰,,港股;非必需性消费;纺织及服饰;消费,akshare_eastmoney_company_profile,2026-06-02T14:23:04.391557,common_stock,False,True,,,,
02585,HK,,,,,,,,,,,,,,,,,,非必需性消费,专业零售,,港股;非必需性消费;专业零售;消费,akshare_eastmoney_company_profile,2026-06-02T14:23:04.389942,common_stock,False,True,,,,
02586,HK,,,,,,,,,,,,,,,,,,资讯科技业,软件服务,,港股;资讯科技业;软件服务;科技,akshare_eastmoney_company_profile,2026-06-02T14:23:04.434919,common_stock,False,True,,,,
02587,HK,,,,,,,,,,,,,,,,,,医疗保健业,其他医疗保健,,港股;医疗保健业;其他医疗保健;医药医疗,akshare_eastmoney_company_profile,2026-06-02T14:23:04.541946,common_stock,False,True,,,,
02588,HK,,,,,,,,,,,,,,,,,,非必需性消费,旅游及消闲设施,,港股;非必需性消费;旅游及消闲设施;消费,akshare_eastmoney_company_profile,2026-06-02T14:23:04.460165,common_stock,False,True,,,,
02589,HK,,,,,,,,,,,,,,,,,,必需性消费,食物饮品,,港股;必需性消费;食物饮品,akshare_eastmoney_company_profile,2026-06-02T14:23:04.560129,common_stock,False,True,,,,
02590,HK,,,,,,,,,,,,,,,,,,资讯科技业,软件服务,,港股;资讯科技业;软件服务;科技,akshare_eastmoney_company_profile,2026-06-02T14:23:04.701507,common_stock,False,True,,,,
02591,HK,,,,,,,,,,,,,,,,,,医疗保健业,药品及生物科技,,港股;医疗保健业;药品及生物科技;医药医疗,akshare_eastmoney_company_profile,2026-06-02T14:23:04.550945,common_stock,False,True,,,,
02592,HK,,,,,,,,,,,,,,,,,,医疗保健业,药品及生物科技,,港股;医疗保健业;药品及生物科技;医药医疗,akshare_eastmoney_company_profile,2026-06-02T14:23:04.575258,common_stock,False,True,,,,
02593,HK,,,,,,,,,,,,,,,,,,医疗保健业,其他医疗保健,,港股;医疗保健业;其他医疗保健;医药医疗,akshare_eastmoney_company_profile,2026-06-02T14:23:04.615741,common_stock,False,True,,,,
02595,HK,,,,,,,,,,,,,,,,,,医疗保健业,药品及生物科技,,港股;医疗保健业;药品及生物科技;医药医疗,akshare_eastmoney_company_profile,2026-06-02T14:23:04.590044,common_stock,False,True,,,,
02596,HK,,,,,,,,,,,,,,,,,,金融业,银行,,港股;金融业;银行;金融服务,akshare_eastmoney_company_profile,2026-06-02T14:23:04.592731,common_stock,False,True,,,,
02597,HK,,,,,,,,,,,,,,,,,,电讯业,电讯,,港股;电讯业;电讯,akshare_eastmoney_company_profile,2026-06-02T14:23:04.722280,common_stock,False,True,,,,
02598,HK,,,,,,,,,,,,,,,,,,金融业,其他金融,,港股;金融业;其他金融;金融服务,akshare_eastmoney_company_profile,2026-06-02T14:23:04.655429,common_stock,False,True,,,,
02600,HK,,,,,,,,,,,,,,,,,,原材料业,一般金属及矿石,,港股;原材料业;一般金属及矿石;资源材料,akshare_eastmoney_company_profile,2026-06-02T14:23:04.665647,common_stock,False,True,,,,
02601,HK,,,,,,,,,,,,,,,,,,金融业,保险,,港股;金融业;保险;金融服务,akshare_eastmoney_company_profile,2026-06-02T14:23:04.703035,common_stock,False,True,,,,
02602,HK,,,,,,,,,,,,,,,,,,地产业,地产,,港股;地产业;地产;房地产,akshare_eastmoney_company_profile,2026-06-02T14:23:04.720922,common_stock,False,True,,,,
02603,HK,,,,,,,,,,,,,,,,,,非必需性消费,专业零售,,港股;非必需性消费;专业零售;消费,akshare_eastmoney_company_profile,2026-06-02T14:23:04.706720,common_stock,False,True,,,,
02605,HK,,,,,,,,,,,,,,,,,,非必需性消费,媒体及娱乐,,港股;非必需性消费;媒体及娱乐;消费,akshare_eastmoney_company_profile,2026-06-02T14:23:04.735752,common_stock,False,True,,,,
02607,HK,,,,,,,,,,,,,,,,,,医疗保健业,药品及生物科技,,港股;医疗保健业;药品及生物科技;医药医疗,akshare_eastmoney_company_profile,2026-06-02T14:23:04.758305,common_stock,False,True,,,,
02608,HK,,,,,,,,,,,,,,,,,,地产业,地产,,港股;地产业;地产;房地产,akshare_eastmoney_company_profile,2026-06-02T14:23:04.771139,common_stock,False,True,,,,
02609,HK,,,,,,,,,,,,,,,,,,医疗保健业,其他医疗保健,,港股;医疗保健业;其他医疗保健;医药医疗,akshare_eastmoney_company_profile,2026-06-02T14:23:04.880168,common_stock,False,True,,,,
02610,HK,,,,,,,,,,,,,,,,,,原材料业,一般金属及矿石,,港股;原材料业;一般金属及矿石;资源材料,akshare_eastmoney_company_profile,2026-06-02T14:23:04.893999,common_stock,False,True,,,,
02611,HK,,,,,,,,,,,,,,,,,,金融业,其他金融,,港股;金融业;其他金融;金融服务,akshare_eastmoney_company_profile,2026-06-02T14:23:04.943974,common_stock,False,True,,,,
02612,HK,,,,,,,,,,,,,,,,,,地产业,地产,,港股;地产业;地产;房地产,akshare_eastmoney_company_profile,2026-06-02T14:23:04.938159,common_stock,False,True,,,,
02613,HK,,,,,,,,,,,,,,,,,,工业,工业工程,,港股;工业;工业工程,akshare_eastmoney_company_profile,2026-06-02T14:23:04.942191,common_stock,False,True,,,,
02616,HK,,,,,,,,,,,,,,,,,,医疗保健业,药品及生物科技,,港股;医疗保健业;药品及生物科技;医药医疗,akshare_eastmoney_company_profile,2026-06-02T14:23:04.963844,common_stock,False,True,,,,
02617,HK,,,,,,,,,,,,,,,,,,医疗保健业,药品及生物科技,,港股;医疗保健业;药品及生物科技;医药医疗,akshare_eastmoney_company_profile,2026-06-02T14:23:05.342461,common_stock,False,True,,,,
02618,HK,,,,,,,,,,,,,,,,,,工业,工用支援,,港股;工业;工用支援,akshare_eastmoney_company_profile,2026-06-02T14:23:04.965436,common_stock,False,True,,,,
02619,HK,,,,,,,,,,,,,,,,,,非必需性消费,家庭电器及用品,,港股;非必需性消费;家庭电器及用品;消费,akshare_eastmoney_company_profile,2026-06-02T14:23:04.986702,common_stock,False,True,,,,
02621,HK,,,,,,,,,,,,,,,,,,金融业,保险,,港股;金融业;保险;金融服务,akshare_eastmoney_company_profile,2026-06-02T14:23:05.331045,common_stock,False,True,,,,
02623,HK,,,,,,,,,,,,,,,,,,原材料业,一般金属及矿石,,港股;原材料业;一般金属及矿石;资源材料,akshare_eastmoney_company_profile,2026-06-02T14:23:05.040021,common_stock,False,True,,,,
02625,HK,,,,,,,,,,,,,,,,,,非必需性消费,消费者主要零售商,,港股;非必需性消费;消费者主要零售商;消费,akshare_eastmoney_company_profile,2026-06-02T14:23:05.251622,common_stock,False,True,,,,
02627,HK,,,,,,,,,,,,,,,,,,医疗保健业,药品及生物科技,,港股;医疗保健业;药品及生物科技;医药医疗,akshare_eastmoney_company_profile,2026-06-02T14:23:05.092642,common_stock,False,True,,,,
02628,HK,,,,,,,,,,,,,,,,,,金融业,保险,,港股;金融业;保险;金融服务,akshare_eastmoney_company_profile,2026-06-02T14:23:05.123316,common_stock,False,True,,,,
02629,HK,,,,,,,,,,,,,,,,,,医疗保健业,药品及生物科技,,港股;医疗保健业;药品及生物科技;医药医疗,akshare_eastmoney_company_profile,2026-06-02T14:23:05.126246,common_stock,False,True,,,,
02630,HK,,,,,,,,,,,,,,,,,,医疗保健业,药品及生物科技,,港股;医疗保健业;药品及生物科技;医药医疗,akshare_eastmoney_company_profile,2026-06-02T14:23:05.142910,common_stock,False,True,,,,
02631,HK,,,,,,,,,,,,,,,,,,资讯科技业,半导体,,港股;资讯科技业;半导体;科技,akshare_eastmoney_company_profile,2026-06-02T14:23:05.144503,common_stock,False,True,,,,
02632,HK,,,,,,,,,,,,,,,,,,非必需性消费,汽车,,港股;非必需性消费;汽车;消费,akshare_eastmoney_company_profile,2026-06-02T14:23:05.180849,common_stock,False,True,,,,
02633,HK,,,,,,,,,,,,,,,,,,医疗保健业,药品及生物科技,,港股;医疗保健业;药品及生物科技;医药医疗,akshare_eastmoney_company_profile,2026-06-02T14:23:05.272127,common_stock,False,True,,,,
02635,HK,,,,,,,,,,,,,,,,,,资讯科技业,软件服务,,港股;资讯科技业;软件服务;科技,akshare_eastmoney_company_profile,2026-06-02T14:23:05.254622,common_stock,False,True,,,,
02637,HK,,,,,,,,,,,,,,,,,,医疗保健业,药品及生物科技,,港股;医疗保健业;药品及生物科技;医药医疗,akshare_eastmoney_company_profile,2026-06-02T14:23:05.340684,common_stock,False,True,,,,
02638,HK,,,,,,,,,,,,,,,,,,公用事业,公用事业,,港股;公用事业;高股息,akshare_eastmoney_company_profile,2026-06-02T14:23:05.297314,common_stock,False,True,,,,
02643,HK,,,,,,,,,,,,,,,,,,非必需性消费,旅游及消闲设施,,港股;非必需性消费;旅游及消闲设施;消费,akshare_eastmoney_company_profile,2026-06-02T14:23:05.289151,common_stock,False,True,,,,
02648,HK,,,,,,,,,,,,,,,,,,必需性消费,食物饮品,,港股;必需性消费;食物饮品,akshare_eastmoney_company_profile,2026-06-02T14:23:05.371815,common_stock,False,True,,,,
02649,HK,,,,,,,,,,,,,,,,,,工业,工用支援,,港股;工业;工用支援,akshare_eastmoney_company_profile,2026-06-02T14:23:05.436250,common_stock,False,True,,,,
02650,HK,,,,,,,,,,,,,,,,,,工业,工业工程,,港股;工业;工业工程,akshare_eastmoney_company_profile,2026-06-02T14:23:05.416797,common_stock,False,True,,,,
02651,HK,,,,,,,,,,,,,,,,,,医疗保健业,其他医疗保健,,港股;医疗保健业;其他医疗保健;医药医疗,akshare_eastmoney_company_profile,2026-06-02T14:23:05.444786,common_stock,False,True,,,,
02652,HK,,,,,,,,,,,,,,,,,,医疗保健业,药品及生物科技,,港股;医疗保健业;药品及生物科技;医药医疗,akshare_eastmoney_company_profile,2026-06-02T14:23:05.447684,common_stock,False,True,,,,
02655,HK,,,,,,,,,,,,,,,,,,工业,工业工程,,港股;工业;工业工程,akshare_eastmoney_company_profile,2026-06-02T14:23:05.487044,common_stock,False,True,,,,
02656,HK,,,,,,,,,,,,,,,,,,医疗保健业,药品及生物科技,,港股;医疗保健业;药品及生物科技;医药医疗,akshare_eastmoney_company_profile,2026-06-02T14:23:05.499382,common_stock,False,True,,,,
02657,HK,,,,,,,,,,,,,,,,,,医疗保健业,其他医疗保健,,港股;医疗保健业;其他医疗保健;医药医疗,akshare_eastmoney_company_profile,2026-06-02T14:23:05.507796,common_stock,False,True,,,,
02658,HK,,,,,,,,,,,,,,,,,,资讯科技业,半导体,,港股;资讯科技业;半导体;科技,akshare_eastmoney_company_profile,2026-06-02T14:23:05.516888,common_stock,False,True,,,,
02659,HK,,,,,,,,,,,,,,,,,,医疗保健业,药品及生物科技,,港股;医疗保健业;药品及生物科技;医药医疗,akshare_eastmoney_company_profile,2026-06-02T14:23:05.518356,common_stock,False,True,,,,
02660,HK,,,,,,,,,,,,,,,,,,资讯科技业,软件服务,,港股;资讯科技业;软件服务;科技,akshare_eastmoney_company_profile,2026-06-02T14:23:05.540781,common_stock,False,True,,,,
02661,HK,,,,,,,,,,,,,,,,,,非必需性消费,媒体及娱乐,,港股;非必需性消费;媒体及娱乐;消费,akshare_eastmoney_company_profile,2026-06-02T14:23:05.551790,common_stock,False,True,,,,
02663,HK,,,,,,,,,,,,,,,,,,工业,建筑,,港股;工业;建筑,akshare_eastmoney_company_profile,2026-06-02T14:23:05.552877,common_stock,False,True,,,,
02665,HK,,,,,,,,,,,,,,,,,,资讯科技业,软件服务,,港股;资讯科技业;软件服务;科技,akshare_eastmoney_company_profile,2026-06-02T14:23:05.606337,common_stock,False,True,,,,
02666,HK,,,,,,,,,,,,,,,,,,医疗保健业,其他医疗保健,,港股;医疗保健业;其他医疗保健;医药医疗,akshare_eastmoney_company_profile,2026-06-02T14:23:05.592913,common_stock,False,True,,,,
02668,HK,,,,,,,,,,,,,,,,,,工业,工用支援,,港股;工业;工用支援,akshare_eastmoney_company_profile,2026-06-02T14:23:05.614872,common_stock,False,True,,,,
02669,HK,,,,,,,,,,,,,,,,,,地产业,地产,,港股;地产业;地产;房地产,akshare_eastmoney_company_profile,2026-06-02T14:23:05.641533,common_stock,False,True,,,,
02670,HK,,,,,,,,,,,,,,,,,,资讯科技业,软件服务,,港股;资讯科技业;软件服务;科技,akshare_eastmoney_company_profile,2026-06-02T14:23:05.680830,common_stock,False,True,,,,
02671,HK,,,,,,,,,,,,,,,,,,工业,建筑,,港股;工业;建筑,akshare_eastmoney_company_profile,2026-06-02T14:23:05.704186,common_stock,False,True,,,,
02673,HK,,,,,,,,,,,,,,,,,,资讯科技业,软件服务,,港股;资讯科技业;软件服务;科技,akshare_eastmoney_company_profile,2026-06-02T14:23:05.721975,common_stock,False,True,,,,
02675,HK,,,,,,,,,,,,,,,,,,医疗保健业,其他医疗保健,,港股;医疗保健业;其他医疗保健;医药医疗,akshare_eastmoney_company_profile,2026-06-02T14:23:05.713547,common_stock,False,True,,,,
02676,HK,,,,,,,,,,,,,,,,,,资讯科技业,半导体,,港股;资讯科技业;半导体;科技,akshare_eastmoney_company_profile,2026-06-02T14:23:05.764956,common_stock,False,True,,,,
02677,HK,,,,,,,,,,,,,,,,,,医疗保健业,其他医疗保健,,港股;医疗保健业;其他医疗保健;医药医疗,akshare_eastmoney_company_profile,2026-06-02T14:23:05.762327,common_stock,False,True,,,,
02678,HK,,,,,,,,,,,,,,,,,,非必需性消费,纺织及服饰,,港股;非必需性消费;纺织及服饰;消费,akshare_eastmoney_company_profile,2026-06-02T14:23:05.780524,common_stock,False,True,,,,
02680,HK,,,,,,,,,,,,,,,,,,金融业,其他金融,,港股;金融业;其他金融;金融服务,akshare_eastmoney_company_profile,2026-06-02T14:23:05.781941,common_stock,False,True,,,,
02682,HK,,,,,,,,,,,,,,,,,,工业,工用运输,,港股;工业;工用运输,akshare_eastmoney_company_profile,2026-06-02T14:23:05.795418,common_stock,False,True,,,,
02683,HK,,,,,,,,,,,,,,,,,,非必需性消费,纺织及服饰,,港股;非必需性消费;纺织及服饰;消费,akshare_eastmoney_company_profile,2026-06-02T14:23:05.807184,common_stock,False,True,,,,
02685,HK,,,,,,,,,,,,,,,,,,非必需性消费,专业零售,,港股;非必需性消费;专业零售;消费,akshare_eastmoney_company_profile,2026-06-02T14:23:05.817493,common_stock,False,True,,,,
02687,HK,,,,,,,,,,,,,,,,,,资讯科技业,软件服务,,港股;资讯科技业;软件服务;科技,akshare_eastmoney_company_profile,2026-06-02T14:23:05.819563,common_stock,False,True,,,,
02688,HK,,,,,,,,,,,,,,,,,,公用事业,公用事业,,港股;公用事业;高股息,akshare_eastmoney_company_profile,2026-06-02T14:23:05.925271,common_stock,False,True,,,,
02689,HK,,,,,,,,,,,,,,,,,,原材料业,原材料,,港股;原材料业;原材料;资源材料,akshare_eastmoney_company_profile,2026-06-02T14:23:05.916605,common_stock,False,True,,,,
02691,HK,,,,,,,,,,,,,,,,,,金融业,其他金融,,港股;金融业;其他金融;金融服务,akshare_eastmoney_company_profile,2026-06-02T14:23:05.991413,common_stock,False,True,,,,
02692,HK,,,,,,,,,,,,,,,,,,工业,工业工程,,港股;工业;工业工程,akshare_eastmoney_company_profile,2026-06-02T14:23:05.999851,common_stock,False,True,,,,
02693,HK,,,,,,,,,,,,,,,,,,原材料业,一般金属及矿石,,港股;原材料业;一般金属及矿石;资源材料,akshare_eastmoney_company_profile,2026-06-02T14:23:06.017216,common_stock,False,True,,,,
02695,HK,,,,,,,,,,,,,,,,,,非必需性消费,旅游及消闲设施,,港股;非必需性消费;旅游及消闲设施;消费,akshare_eastmoney_company_profile,2026-06-02T14:23:06.025682,common_stock,False,True,,,,
02696,HK,,,,,,,,,,,,,,,,,,医疗保健业,药品及生物科技,,港股;医疗保健业;药品及生物科技;医药医疗,akshare_eastmoney_company_profile,2026-06-02T14:23:06.028202,common_stock,False,True,,,,
02698,HK,,,,,,,,,,,,,,,,,,非必需性消费,消费者主要零售商,,港股;非必需性消费;消费者主要零售商;消费,akshare_eastmoney_company_profile,2026-06-02T14:23:06.043204,common_stock,False,True,,,,
02699,HK,,,,,,,,,,,,,,,,,,地产业,地产,,港股;地产业;地产;房地产,akshare_eastmoney_company_profile,2026-06-02T14:23:06.250310,common_stock,False,True,,,,
02700,HK,,,,,,,,,,,,,,,,,,医疗保健业,其他医疗保健,,港股;医疗保健业;其他医疗保健;医药医疗,akshare_eastmoney_company_profile,2026-06-02T14:23:06.051204,common_stock,False,True,,,,
02701,HK,,,,,,,,,,,,,,,,,,资讯科技业,半导体,,港股;资讯科技业;半导体;科技,akshare_eastmoney_company_profile,2026-06-02T14:23:06.114646,common_stock,False,True,,,,
02706,HK,,,,,,,,,,,,,,,,,,资讯科技业,软件服务,,港股;资讯科技业;软件服务;科技,akshare_eastmoney_company_profile,2026-06-02T14:23:06.105863,common_stock,False,True,,,,
02708,HK,,,,,,,,,,,,,,,,,,资讯科技业,软件服务,,港股;资讯科技业;软件服务;科技,akshare_eastmoney_company_profile,2026-06-02T14:23:06.128953,common_stock,False,True,,,,
02714,HK,,,,,,,,,,,,,,,,,,必需性消费,农业产品,,港股;必需性消费;农业产品,akshare_eastmoney_company_profile,2026-06-02T14:23:06.252210,common_stock,False,True,,,,
02715,HK,,,,,,,,,,,,,,,,,,工业,工业工程,,港股;工业;工业工程,akshare_eastmoney_company_profile,2026-06-02T14:23:06.143471,common_stock,False,True,,,,
02718,HK,,,,,,,,,,,,,,,,,,资讯科技业,软件服务,,港股;资讯科技业;软件服务;科技,akshare_eastmoney_company_profile,2026-06-02T14:23:06.152023,common_stock,False,True,,,,
02720,HK,,,,,,,,,,,,,,,,,,非必需性消费,家庭电器及用品,,港股;非必需性消费;家庭电器及用品;消费,akshare_eastmoney_company_profile,2026-06-02T14:23:06.164338,common_stock,False,True,,,,
02722,HK,,,,,,,,,,,,,,,,,,工业,工业工程,,港股;工业;工业工程,akshare_eastmoney_company_profile,2026-06-02T14:23:06.202691,common_stock,False,True,,,,
02723,HK,,,,,,,,,,,,,,,,,,非必需性消费,媒体及娱乐,,港股;非必需性消费;媒体及娱乐;消费,akshare_eastmoney_company_profile,2026-06-02T14:23:06.281523,common_stock,False,True,,,,
02726,HK,,,,,,,,,,,,,,,,,,资讯科技业,半导体,,港股;资讯科技业;半导体;科技,akshare_eastmoney_company_profile,2026-06-02T14:23:06.273129,common_stock,False,True,,,,
02727,HK,,,,,,,,,,,,,,,,,,工业,工业工程,,港股;工业;工业工程,akshare_eastmoney_company_profile,2026-06-02T14:23:06.239610,common_stock,False,True,,,,
02728,HK,,,,,,,,,,,,,,,,,,能源业,石油及天然气,,港股;能源业;石油及天然气;资源能源,akshare_eastmoney_company_profile,2026-06-02T14:23:06.256026,common_stock,False,True,,,,
02729,HK,,,,,,,,,,,,,,,,,,资讯科技业,软件服务,,港股;资讯科技业;软件服务;科技,akshare_eastmoney_company_profile,2026-06-02T14:23:06.367849,common_stock,False,True,,,,
02738,HK,,,,,,,,,,,,,,,,,,原材料业,一般金属及矿石,,港股;原材料业;一般金属及矿石;资源材料,akshare_eastmoney_company_profile,2026-06-02T14:23:06.329748,common_stock,False,True,,,,
02768,HK,,,,,,,,,,,,,,,,,,原材料业,原材料,,港股;原材料业;原材料;资源材料,akshare_eastmoney_company_profile,2026-06-02T14:23:06.338455,common_stock,False,True,,,,
02772,HK,,,,,,,,,,,,,,,,,,地产业,地产,,港股;地产业;地产;房地产,akshare_eastmoney_company_profile,2026-06-02T14:23:06.376912,common_stock,False,True,,,,
02777,HK,,,,,,,,,,,,,,,,,,地产业,地产,,港股;地产业;地产;房地产,akshare_eastmoney_company_profile,2026-06-02T14:23:06.607953,common_stock,False,True,,,,
02778,HK,,,,,,,,,,,,,,,,,,地产业,地产投资信托基金,,港股;REIT;房地产基金;收息资产;地产业;地产投资信托基金;房地产,nan+local_taxonomy+local_taxonomy+local_taxonomy;local_registry_enrichment,2026-06-03T07:15:43.584322,fund_like,True,True,local_registry_enrichment,2026-06-03T07:15:43.584322,,
02779,HK,,,,,,,,,,,,,,,,,,非必需性消费,支援服务,,港股;非必需性消费;支援服务,akshare_eastmoney_company_profile,2026-06-02T14:23:06.540052,common_stock,False,True,,,,
02788,HK,,,,,,,,,,,,,,,,,,原材料业,一般金属及矿石,,港股;原材料业;一般金属及矿石;资源材料,akshare_eastmoney_company_profile,2026-06-02T14:23:06.459366,common_stock,False,True,,,,
02789,HK,,,,,,,,,,,,,,,,,,工业,建筑,,港股;工业;建筑,akshare_eastmoney_company_profile,2026-06-02T14:23:06.498485,common_stock,False,True,,,,
02798,HK,,,,,,,,,,,,,,,,,,能源业,煤炭,,港股;能源业;煤炭;资源能源,akshare_eastmoney_company_profile,2026-06-02T14:23:06.616937,common_stock,False,True,,,,
02799,HK,,,,,,,,,,,,,,,,,,金融业,其他金融,,港股;金融业;其他金融;金融服务,akshare_eastmoney_company_profile,2026-06-02T14:23:06.512904,common_stock,False,True,,,,
02800,HK,,,,,,,,,,,,,,,,,,基金,ETF及交易所买卖产品,,港股;ETF;基金;交易所买卖产品;ETF及交易所买卖产品;被动产品,nan+local_taxonomy+local_taxonomy+local_taxonomy;local_registry_enrichment,2026-06-03T07:15:43.584322,fund_like,True,True,local_registry_enrichment,2026-06-03T07:15:43.584322,,
02801,HK,,,,,,,,,,,,,,,,,,基金,ETF及交易所买卖产品,,港股;ETF;基金;交易所买卖产品;ETF及交易所买卖产品;被动产品,nan+local_taxonomy+local_taxonomy+local_taxonomy;local_registry_enrichment,2026-06-03T07:15:43.584322,fund_like,True,True,local_registry_enrichment,2026-06-03T07:15:43.584322,,
02802,HK,,,,,,,,,,,,,,,,,,基金,ETF及交易所买卖产品,,港股;ETF;基金;交易所买卖产品;ETF及交易所买卖产品;被动产品,nan+local_taxonomy+local_taxonomy+local_taxonomy;local_registry_enrichment,2026-06-03T07:15:43.584322,fund_like,True,True,local_registry_enrichment,2026-06-03T07:15:43.584322,,
02803,HK,,,,,,,,,,,,,,,,,,基金,ETF及交易所买卖产品,,港股;ETF;基金;交易所买卖产品;ETF及交易所买卖产品;被动产品,nan+local_taxonomy+local_taxonomy+local_taxonomy;local_registry_enrichment,2026-06-03T07:15:43.584322,fund_like,True,True,local_registry_enrichment,2026-06-03T07:15:43.584322,,
02804,HK,,,,,,,,,,,,,,,,,,基金,ETF及交易所买卖产品,,港股;ETF;基金;交易所买卖产品;ETF及交易所买卖产品;被动产品,nan+local_taxonomy+local_taxonomy+local_taxonomy;local_registry_enrichment,2026-06-03T07:15:43.584322,fund_like,True,True,local_registry_enrichment,2026-06-03T07:15:43.584322,,
02805,HK,,,,,,,,,,,,,,,,,,基金,ETF及交易所买卖产品,,港股;ETF;基金;交易所买卖产品;ETF及交易所买卖产品;被动产品,nan+local_taxonomy+local_taxonomy+local_taxonomy;local_registry_enrichment,2026-06-03T07:15:43.584322,fund_like,True,True,local_registry_enrichment,2026-06-03T07:15:43.584322,,
02806,HK,,,,,,,,,,,,,,,,,,基金,ETF及交易所买卖产品,,港股;ETF;基金;交易所买卖产品;ETF及交易所买卖产品;被动产品,nan+local_taxonomy+local_taxonomy+local_taxonomy;local_registry_enrichment,2026-06-03T07:15:43.584322,fund_like,True,True,local_registry_enrichment,2026-06-03T07:15:43.584322,,
02807,HK,,,,,,,,,,,,,,,,,,基金,ETF及交易所买卖产品,,港股;ETF;基金;交易所买卖产品;ETF及交易所买卖产品;被动产品,nan+local_taxonomy+local_taxonomy+local_taxonomy;local_registry_enrichment,2026-06-03T07:15:43.584322,fund_like,True,True,local_registry_enrichment,2026-06-03T07:15:43.584322,,
02809,HK,,,,,,,,,,,,,,,,,,基金,ETF及交易所买卖产品,,港股;ETF;基金;交易所买卖产品;ETF及交易所买卖产品;被动产品,nan+local_taxonomy+local_taxonomy+local_taxonomy;local_registry_enrichment,2026-06-03T07:15:43.584322,fund_like,True,True,local_registry_enrichment,2026-06-03T07:15:43.584322,,
02810,HK,,,,,,,,,,,,,,,,,,基金,ETF及交易所买卖产品,,港股;ETF;基金;交易所买卖产品;ETF及交易所买卖产品;被动产品,nan+local_taxonomy+local_taxonomy+local_taxonomy;local_registry_enrichment,2026-06-03T07:15:43.584322,fund_like,True,True,local_registry_enrichment,2026-06-03T07:15:43.584322,,
02812,HK,,,,,,,,,,,,,,,,,,基金,ETF及交易所买卖产品,,港股;ETF;基金;交易所买卖产品;ETF及交易所买卖产品;被动产品,nan+local_taxonomy+local_taxonomy+local_taxonomy;local_registry_enrichment,2026-06-03T07:15:43.584322,fund_like,True,True,local_registry_enrichment,2026-06-03T07:15:43.584322,,
02814,HK,,,,,,,,,,,,,,,,,,基金,ETF及交易所买卖产品,,港股;ETF;基金;交易所买卖产品;ETF及交易所买卖产品;被动产品,nan+local_taxonomy+local_taxonomy+local_taxonomy;local_registry_enrichment,2026-06-03T07:15:43.584322,fund_like,True,True,local_registry_enrichment,2026-06-03T07:15:43.584322,,
02815,HK,,,,,,,,,,,,,,,,,,基金,ETF及交易所买卖产品,,港股;ETF;基金;交易所买卖产品;ETF及交易所买卖产品;被动产品,nan+local_taxonomy+local_taxonomy+local_taxonomy;local_registry_enrichment,2026-06-03T07:15:43.584322,fund_like,True,True,local_registry_enrichment,2026-06-03T07:15:43.584322,,
02817,HK,,,,,,,,,,,,,,,,,,基金,ETF及交易所买卖产品,,港股;ETF;基金;交易所买卖产品;ETF及交易所买卖产品;被动产品,nan+local_taxonomy+local_taxonomy+local_taxonomy;local_registry_enrichment,2026-06-03T07:15:43.584322,fund_like,True,True,local_registry_enrichment,2026-06-03T07:15:43.584322,,
02818,HK,,,,,,,,,,,,,,,,,,基金,ETF及交易所买卖产品,,港股;ETF;基金;交易所买卖产品;ETF及交易所买卖产品;被动产品,nan+local_taxonomy+local_taxonomy+local_taxonomy;local_registry_enrichment,2026-06-03T07:15:43.584322,fund_like,True,True,local_registry_enrichment,2026-06-03T07:15:43.584322,,
02819,HK,,,,,,,,,,,,,,,,,,基金,ETF及交易所买卖产品,,港股;ETF;基金;交易所买卖产品;ETF及交易所买卖产品;被动产品,nan+local_taxonomy+local_taxonomy+local_taxonomy;local_registry_enrichment,2026-06-03T07:15:43.584322,fund_like,True,True,local_registry_enrichment,2026-06-03T07:15:43.584322,,
02820,HK,,,,,,,,,,,,,,,,,,基金,ETF及交易所买卖产品,,港股;ETF;基金;交易所买卖产品;ETF及交易所买卖产品;被动产品,nan+local_taxonomy+local_taxonomy+local_taxonomy;local_registry_enrichment,2026-06-03T07:15:43.584322,fund_like,True,True,local_registry_enrichment,2026-06-03T07:15:43.584322,,
02821,HK,,,,,,,,,,,,,,,,,,基金,ETF及交易所买卖产品,,港股;ETF;基金;交易所买卖产品;ETF及交易所买卖产品;被动产品,nan+local_taxonomy+local_taxonomy+local_taxonomy;local_registry_enrichment,2026-06-03T07:15:43.584322,fund_like,True,True,local_registry_enrichment,2026-06-03T07:15:43.584322,,
02822,HK,,,,,,,,,,,,,,,,,,基金,ETF及交易所买卖产品,,港股;ETF;基金;交易所买卖产品;ETF及交易所买卖产品;被动产品,nan+local_taxonomy+local_taxonomy+local_taxonomy;local_registry_enrichment,2026-06-03T07:15:43.584322,fund_like,True,True,local_registry_enrichment,2026-06-03T07:15:43.584322,,
02823,HK,,,,,,,,,,,,,,,,,,基金,ETF及交易所买卖产品,,港股;ETF;基金;交易所买卖产品;ETF及交易所买卖产品;被动产品,nan+local_taxonomy+local_taxonomy+local_taxonomy;local_registry_enrichment,2026-06-03T07:15:43.584322,fund_like,True,True,local_registry_enrichment,2026-06-03T07:15:43.584322,,
02824,HK,,,,,,,,,,,,,,,,,,基金,ETF及交易所买卖产品,,港股;ETF;基金;交易所买卖产品;ETF及交易所买卖产品;被动产品,nan+local_taxonomy+local_taxonomy+local_taxonomy;local_registry_enrichment,2026-06-03T07:15:43.584322,fund_like,True,True,local_registry_enrichment,2026-06-03T07:15:43.584322,,
02825,HK,,,,,,,,,,,,,,,,,,基金,ETF及交易所买卖产品,,港股;ETF;基金;交易所买卖产品;ETF及交易所买卖产品;被动产品,nan+local_taxonomy+local_taxonomy+local_taxonomy;local_registry_enrichment,2026-06-03T07:15:43.584322,fund_like,True,True,local_registry_enrichment,2026-06-03T07:15:43.584322,,
02826,HK,,,,,,,,,,,,,,,,,,基金,ETF及交易所买卖产品,,港股;ETF;基金;交易所买卖产品;ETF及交易所买卖产品;被动产品,nan+local_taxonomy+local_taxonomy+local_taxonomy;local_registry_enrichment,2026-06-03T07:15:43.584322,fund_like,True,True,local_registry_enrichment,2026-06-03T07:15:43.584322,,
02827,HK,,,,,,,,,,,,,,,,,,基金,ETF及交易所买卖产品,,港股;ETF;基金;交易所买卖产品;ETF及交易所买卖产品;被动产品,nan+local_taxonomy+local_taxonomy+local_taxonomy;local_registry_enrichment,2026-06-03T07:15:43.584322,fund_like,True,True,local_registry_enrichment,2026-06-03T07:15:43.584322,,
02828,HK,,,,,,,,,,,,,,,,,,基金,ETF及交易所买卖产品,,港股;ETF;基金;交易所买卖产品;ETF及交易所买卖产品;被动产品,nan+local_taxonomy+local_taxonomy+local_taxonomy;local_registry_enrichment,2026-06-03T07:15:43.584322,fund_like,True,True,local_registry_enrichment,2026-06-03T07:15:43.584322,,
02829,HK,,,,,,,,,,,,,,,,,,基金,ETF及交易所买卖产品,,港股;ETF;基金;交易所买卖产品;ETF及交易所买卖产品;被动产品,nan+local_taxonomy+local_taxonomy+local_taxonomy;local_registry_enrichment,2026-06-03T07:15:43.584322,fund_like,True,True,local_registry_enrichment,2026-06-03T07:15:43.584322,,
02830,HK,,,,,,,,,,,,,,,,,,基金,ETF及交易所买卖产品,,港股;ETF;基金;交易所买卖产品;ETF及交易所买卖产品;被动产品,nan+local_taxonomy+local_taxonomy+local_taxonomy;local_registry_enrichment,2026-06-03T07:15:43.584322,fund_like,True,True,local_registry_enrichment,2026-06-03T07:15:43.584322,,
02832,HK,,,,,,,,,,,,,,,,,,基金,ETF及交易所买卖产品,,港股;ETF;基金;交易所买卖产品;ETF及交易所买卖产品;被动产品,nan+local_taxonomy+local_taxonomy+local_taxonomy;local_registry_enrichment,2026-06-03T07:15:43.584322,fund_like,True,True,local_registry_enrichment,2026-06-03T07:15:43.584322,,
02834,HK,,,,,,,,,,,,,,,,,,基金,ETF及交易所买卖产品,,港股;ETF;基金;交易所买卖产品;ETF及交易所买卖产品;被动产品,nan+local_taxonomy+local_taxonomy+local_taxonomy;local_registry_enrichment,2026-06-03T07:15:43.584322,fund_like,True,True,local_registry_enrichment,2026-06-03T07:15:43.584322,,
02835,HK,,,,,,,,,,,,,,,,,,基金,ETF及交易所买卖产品,,港股;ETF;基金;交易所买卖产品;ETF及交易所买卖产品;被动产品,nan+local_taxonomy+local_taxonomy+local_taxonomy;local_registry_enrichment,2026-06-03T07:15:43.584322,fund_like,True,True,local_registry_enrichment,2026-06-03T07:15:43.584322,,
02836,HK,,,,,,,,,,,,,,,,,,基金,ETF及交易所买卖产品,,港股;ETF;基金;交易所买卖产品;ETF及交易所买卖产品;被动产品,nan+local_taxonomy+local_taxonomy+local_taxonomy;local_registry_enrichment,2026-06-03T07:15:43.584322,fund_like,True,True,local_registry_enrichment,2026-06-03T07:15:43.584322,,
02837,HK,,,,,,,,,,,,,,,,,,基金,ETF及交易所买卖产品,,港股;ETF;基金;交易所买卖产品;ETF及交易所买卖产品;被动产品,nan+local_taxonomy+local_taxonomy+local_taxonomy;local_registry_enrichment,2026-06-03T07:15:43.584322,fund_like,True,True,local_registry_enrichment,2026-06-03T07:15:43.584322,,
02838,HK,,,,,,,,,,,,,,,,,,基金,ETF及交易所买卖产品,,港股;ETF;基金;交易所买卖产品;ETF及交易所买卖产品;被动产品,nan+local_taxonomy+local_taxonomy+local_taxonomy;local_registry_enrichment,2026-06-03T07:15:43.584322,fund_like,True,True,local_registry_enrichment,2026-06-03T07:15:43.584322,,
02839,HK,,,,,,,,,,,,,,,,,,基金,ETF及交易所买卖产品,,港股;ETF;基金;交易所买卖产品;ETF及交易所买卖产品;被动产品,nan+local_taxonomy+local_taxonomy+local_taxonomy;local_registry_enrichment,2026-06-03T07:15:43.584322,fund_like,True,True,local_registry_enrichment,2026-06-03T07:15:43.584322,,
02840,HK,,,,,,,,,,,,,,,,,,基金,ETF及交易所买卖产品,,港股;ETF;基金;交易所买卖产品;ETF及交易所买卖产品;被动产品,nan+local_taxonomy+local_taxonomy+local_taxonomy;local_registry_enrichment,2026-06-03T07:15:43.584322,fund_like,True,True,local_registry_enrichment,2026-06-03T07:15:43.584322,,
02841,HK,,,,,,,,,,,,,,,,,,基金,ETF及交易所买卖产品,,港股;ETF;基金;交易所买卖产品;ETF及交易所买卖产品;被动产品,nan+local_taxonomy+local_taxonomy+local_taxonomy;local_registry_enrichment,2026-06-03T07:15:43.584322,fund_like,True,True,local_registry_enrichment,2026-06-03T07:15:43.584322,,
02843,HK,,,,,,,,,,,,,,,,,,基金,ETF及交易所买卖产品,,港股;ETF;基金;交易所买卖产品;ETF及交易所买卖产品;被动产品,nan+local_taxonomy+local_taxonomy+local_taxonomy;local_registry_enrichment,2026-06-03T07:15:43.584322,fund_like,True,True,local_registry_enrichment,2026-06-03T07:15:43.584322,,
02845,HK,,,,,,,,,,,,,,,,,,基金,ETF及交易所买卖产品,,港股;ETF;基金;交易所买卖产品;ETF及交易所买卖产品;被动产品,nan+local_taxonomy+local_taxonomy+local_taxonomy;local_registry_enrichment,2026-06-03T07:15:43.584322,fund_like,True,True,local_registry_enrichment,2026-06-03T07:15:43.584322,,
02846,HK,,,,,,,,,,,,,,,,,,基金,ETF及交易所买卖产品,,港股;ETF;基金;交易所买卖产品;ETF及交易所买卖产品;被动产品,nan+local_taxonomy+local_taxonomy+local_taxonomy;local_registry_enrichment,2026-06-03T07:15:43.584322,fund_like,True,True,local_registry_enrichment,2026-06-03T07:15:43.584322,,
02848,HK,,,,,,,,,,,,,,,,,,基金,ETF及交易所买卖产品,,港股;ETF;基金;交易所买卖产品;ETF及交易所买卖产品;被动产品,nan+local_taxonomy+local_taxonomy+local_taxonomy;local_registry_enrichment,2026-06-03T07:15:43.584322,fund_like,True,True,local_registry_enrichment,2026-06-03T07:15:43.584322,,
02858,HK,,,,,,,,,,,,,,,,,,金融业,其他金融,,港股;金融业;其他金融;金融服务,akshare_eastmoney_company_profile,2026-06-02T14:23:07.732868,common_stock,False,True,,,,
02863,HK,,,,,,,,,,,,,,,,,,工业,建筑,,港股;工业;建筑,akshare_eastmoney_company_profile,2026-06-02T14:23:07.763329,common_stock,False,True,,,,
02865,HK,,,,,,,,,,,,,,,,,,工业,工业工程,,港股;工业;工业工程,akshare_eastmoney_company_profile,2026-06-02T14:23:07.824171,common_stock,False,True,,,,
02866,HK,,,,,,,,,,,,,,,,,,工业,工用运输,,港股;工业;工用运输,akshare_eastmoney_company_profile,2026-06-02T14:23:07.885507,common_stock,False,True,,,,
02869,HK,,,,,,,,,,,,,,,,,,地产业,地产,,港股;地产业;地产;房地产,akshare_eastmoney_company_profile,2026-06-02T14:23:07.927284,common_stock,False,True,,,,
02877,HK,,,,,,,,,,,,,,,,,,医疗保健业,药品及生物科技,,港股;医疗保健业;药品及生物科技;医药医疗,akshare_eastmoney_company_profile,2026-06-02T14:23:07.935867,common_stock,False,True,,,,
02878,HK,,,,,,,,,,,,,,,,,,资讯科技业,半导体,,港股;资讯科技业;半导体;科技,akshare_eastmoney_company_profile,2026-06-02T14:23:07.938743,common_stock,False,True,,,,
02880,HK,,,,,,,,,,,,,,,,,,工业,工用运输,,港股;工业;工用运输,akshare_eastmoney_company_profile,2026-06-02T14:23:07.968653,common_stock,False,True,,,,
02881,HK,,,,,,,,,,,,,,,,,,原材料业,原材料,,港股;原材料业;原材料;资源材料,akshare_eastmoney_company_profile,2026-06-02T14:23:07.980564,common_stock,False,True,,,,
02882,HK,,,,,,,,,,,,,,,,,,非必需性消费,专业零售,,港股;非必需性消费;专业零售;消费,akshare_eastmoney_company_profile,2026-06-02T14:23:07.989388,common_stock,False,True,,,,
02883,HK,,,,,,,,,,,,,,,,,,能源业,石油及天然气,,港股;能源业;石油及天然气;资源能源,akshare_eastmoney_company_profile,2026-06-02T14:23:08.046925,common_stock,False,True,,,,
02885,HK,,,,,,,,,,,,,,,,,,工业,工业工程,,港股;工业;工业工程,akshare_eastmoney_company_profile,2026-06-02T14:23:08.010658,common_stock,False,True,,,,
02886,HK,,,,,,,,,,,,,,,,,,公用事业,公用事业,,港股;公用事业;高股息,akshare_eastmoney_company_profile,2026-06-02T14:23:08.031449,common_stock,False,True,,,,
02888,HK,,,,,,,,,,,,,,,,,,金融业,银行,,港股;金融业;银行;金融服务,akshare_eastmoney_company_profile,2026-06-02T14:23:08.042514,common_stock,False,True,,,,
02889,HK,,,,,,,,,,,,,,,,,,非必需性消费,汽车,,港股;非必需性消费;汽车;消费,akshare_eastmoney_company_profile,2026-06-02T14:23:08.044203,common_stock,False,True,,,,
02892,HK,,,,,,,,,,,,,,,,,,地产业,地产,,港股;地产业;地产;房地产,akshare_eastmoney_company_profile,2026-06-02T14:23:08.065637,common_stock,False,True,,,,
02898,HK,,,,,,,,,,,,,,,,,,医疗保健业,药品及生物科技,,港股;医疗保健业;药品及生物科技;医药医疗,akshare_eastmoney_company_profile,2026-06-02T14:23:08.083652,common_stock,False,True,,,,
02899,HK,,,,,,,,,,,,,,,,,,原材料业,黄金及贵金属,,港股;原材料业;黄金及贵金属;资源材料,akshare_eastmoney_company_profile,2026-06-02T14:23:08.120594,common_stock,False,True,,,,
02905,HK,,,,,,,,,,,,,,,,,,金融业,其他金融,,港股;金融业;其他金融;金融服务,akshare_eastmoney_company_profile,2026-06-02T14:23:08.108361,common_stock,False,True,,,,
02909,HK,,,,,,,,,,,,,,,,,,医疗保健业,药品及生物科技,,港股;医疗保健业;药品及生物科技;医药医疗,akshare_eastmoney_company_profile,2026-06-02T14:23:08.216231,common_stock,False,True,,,,
02923,HK,,,,,,,,,,,,,,,,,,综合企业,综合企业,,港股;综合企业,akshare_eastmoney_company_profile,2026-06-02T14:23:08.234435,common_stock,False,True,,,,
02926,HK,,,,,,,,,,,,,,,,,,未分类,待人工确认,,港股;待人工确认;未分类,nan+local_taxonomy+local_taxonomy+local_taxonomy;local_registry_enrichment,2026-06-03T07:15:43.584322,common_stock,False,True,,,,
02934,HK,,,,,,,,,,,,,,,,,,非必需性消费,支援服务,,港股;非必需性消费;支援服务,akshare_eastmoney_company_profile,2026-06-02T14:23:08.317831,common_stock,False,True,,,,
02935,HK,,,,,,,,,,,,,,,,,,非必需性消费,家庭电器及用品,,港股;非必需性消费;家庭电器及用品;消费,akshare_eastmoney_company_profile,2026-06-02T14:23:08.351055,common_stock,False,True,,,,
02940,HK,,,,,,,,,,,,,,,,,,工业,建筑,,港股;工业;建筑,akshare_eastmoney_company_profile,2026-06-02T14:23:08.332309,common_stock,False,True,,,,
02941,HK,,,,,,,,,,,,,,,,,,综合企业,综合企业,,港股;综合企业,akshare_eastmoney_company_profile,2026-06-02T14:23:08.334547,common_stock,False,True,,,,
02942,HK,,,,,,,,,,,,,,,,,,金融业,其他金融,,港股;金融业;其他金融;金融服务,akshare_eastmoney_company_profile,2026-06-02T14:23:08.330055,common_stock,False,True,,,,
02943,HK,,,,,,,,,,,,,,,,,,未分类,待人工确认,,港股;待人工确认;未分类,nan+local_taxonomy+local_taxonomy+local_taxonomy;local_registry_enrichment,2026-06-03T07:15:43.584322,common_stock,False,True,,,,
02944,HK,,,,,,,,,,,,,,,,,,能源业,石油及天然气,,港股;能源业;石油及天然气;资源能源,akshare_eastmoney_company_profile,2026-06-02T14:23:08.413495,common_stock,False,True,,,,
02945,HK,,,,,,,,,,,,,,,,,,金融业,其他金融,,港股;金融业;其他金融;金融服务,akshare_eastmoney_company_profile,2026-06-02T14:23:08.430707,common_stock,False,True,,,,
02946,HK,,,,,,,,,,,,,,,,,,非必需性消费,旅游及消闲设施,,港股;非必需性消费;旅游及消闲设施;消费,akshare_eastmoney_company_profile,2026-06-02T14:23:08.532486,common_stock,False,True,,,,
02947,HK,,,,,,,,,,,,,,,,,,非必需性消费,汽车,,港股;非必需性消费;汽车;消费,akshare_eastmoney_company_profile,2026-06-02T14:23:08.492421,common_stock,False,True,,,,
02948,HK,,,,,,,,,,,,,,,,,,必需性消费,农业产品,,港股;必需性消费;农业产品,akshare_eastmoney_company_profile,2026-06-02T14:23:08.517525,common_stock,False,True,,,,
02949,HK,,,,,,,,,,,,,,,,,,医疗保健业,其他医疗保健,,港股;医疗保健业;其他医疗保健;医药医疗,akshare_eastmoney_company_profile,2026-06-02T14:23:08.534867,common_stock,False,True,,,,
02950,HK,,,,,,,,,,,,,,,,,,工业,工业工程,,港股;工业;工业工程,akshare_eastmoney_company_profile,2026-06-02T14:23:08.558105,common_stock,False,True,,,,
02951,HK,,,,,,,,,,,,,,,,,,医疗保健业,其他医疗保健,,港股;医疗保健业;其他医疗保健;医药医疗,akshare_eastmoney_company_profile,2026-06-02T14:23:08.575156,common_stock,False,True,,,,
02952,HK,,,,,,,,,,,,,,,,,,非必需性消费,媒体及娱乐,,港股;非必需性消费;媒体及娱乐;消费,akshare_eastmoney_company_profile,2026-06-02T14:23:08.626105,common_stock,False,True,,,,
02955,HK,,,,,,,,,,,,,,,,,,金融业,其他金融,,港股;金融业;其他金融;金融服务,akshare_eastmoney_company_profile,2026-06-02T14:23:08.585997,common_stock,False,True,,,,
02956,HK,,,,,,,,,,,,,,,,,,原材料业,原材料,,港股;原材料业;原材料;资源材料,akshare_eastmoney_company_profile,2026-06-02T14:23:08.650326,common_stock,False,True,,,,
02957,HK,,,,,,,,,,,,,,,,,,金融业,其他金融,,港股;金融业;其他金融;金融服务,akshare_eastmoney_company_profile,2026-06-02T14:23:08.636903,common_stock,False,True,,,,
02958,HK,,,,,,,,,,,,,,,,,,工业,工用运输,,港股;工业;工用运输,akshare_eastmoney_company_profile,2026-06-02T14:23:08.635476,common_stock,False,True,,,,
02959,HK,,,,,,,,,,,,,,,,,,非必需性消费,纺织及服饰,,港股;非必需性消费;纺织及服饰;消费,akshare_eastmoney_company_profile,2026-06-02T14:23:08.710637,common_stock,False,True,,,,
02960,HK,,,,,,,,,,,,,,,,,,资讯科技业,资讯科技器材,,港股;资讯科技业;资讯科技器材;科技,akshare_eastmoney_company_profile,2026-06-02T14:23:08.668120,common_stock,False,True,,,,
02961,HK,,,,,,,,,,,,,,,,,,工业,建筑,,港股;工业;建筑,akshare_eastmoney_company_profile,2026-06-02T14:23:08.701808,common_stock,False,True,,,,
02974,HK,,,,,,,,,,,,,,,,,,原材料业,原材料,,港股;原材料业;原材料;资源材料,akshare_eastmoney_company_profile,2026-06-02T14:23:08.719257,common_stock,False,True,,,,
02979,HK,,,,,,,,,,,,,,,,,,金融业,其他金融,,港股;金融业;其他金融;金融服务,akshare_eastmoney_company_profile,2026-06-02T14:23:08.867882,common_stock,False,True,,,,
02983,HK,,,,,,,,,,,,,,,,,,地产业,地产,,港股;地产业;地产;房地产,akshare_eastmoney_company_profile,2026-06-02T14:23:09.119475,common_stock,False,True,,,,
02998,HK,,,,,,,,,,,,,,,,,,地产业,地产,,港股;地产业;地产;房地产,akshare_eastmoney_company_profile,2026-06-02T14:23:08.776370,common_stock,False,True,,,,
03001,HK,,,,,,,,,,,,,,,,,,基金,ETF及交易所买卖产品,,港股;ETF;基金;交易所买卖产品;ETF及交易所买卖产品;被动产品,nan+local_taxonomy+local_taxonomy+local_taxonomy;local_registry_enrichment,2026-06-03T07:15:43.584322,fund_like,True,True,,,,
03003,HK,,,,,,,,,,,,,,,,,,基金,ETF及交易所买卖产品,,港股;ETF;基金;交易所买卖产品;ETF及交易所买卖产品;被动产品,nan+local_taxonomy+local_taxonomy+local_taxonomy;local_registry_enrichment,2026-06-03T07:15:43.584322,fund_like,True,True,,,,
03004,HK,,,,,,,,,,,,,,,,,,基金,ETF及交易所买卖产品,,港股;ETF;基金;交易所买卖产品;ETF及交易所买卖产品;被动产品,nan+local_taxonomy+local_taxonomy+local_taxonomy;local_registry_enrichment,2026-06-03T07:15:43.584322,fund_like,True,True,,,,
03005,HK,,,,,,,,,,,,,,,,,,基金,ETF及交易所买卖产品,,港股;ETF;基金;交易所买卖产品;ETF及交易所买卖产品;被动产品,nan+local_taxonomy+local_taxonomy+local_taxonomy;local_registry_enrichment,2026-06-03T07:15:43.584322,fund_like,True,True,,,,
03006,HK,,,,,,,,,,,,,,,,,,基金,ETF及交易所买卖产品,,港股;ETF;基金;交易所买卖产品;ETF及交易所买卖产品;被动产品,nan+local_taxonomy+local_taxonomy+local_taxonomy;local_registry_enrichment,2026-06-03T07:15:43.584322,fund_like,True,True,,,,
03007,HK,,,,,,,,,,,,,,,,,,基金,ETF及交易所买卖产品,,港股;ETF;基金;交易所买卖产品;ETF及交易所买卖产品;被动产品,nan+local_taxonomy+local_taxonomy+local_taxonomy;local_registry_enrichment,2026-06-03T07:15:43.584322,fund_like,True,True,,,,
03008,HK,,,,,,,,,,,,,,,,,,基金,ETF及交易所买卖产品,,港股;ETF;基金;交易所买卖产品;ETF及交易所买卖产品;被动产品,nan+local_taxonomy+local_taxonomy+local_taxonomy;local_registry_enrichment,2026-06-03T07:15:43.584322,fund_like,True,True,,,,
03009,HK,,,,,,,,,,,,,,,,,,基金,ETF及交易所买卖产品,,港股;ETF;基金;交易所买卖产品;ETF及交易所买卖产品;被动产品,nan+local_taxonomy+local_taxonomy+local_taxonomy;local_registry_enrichment,2026-06-03T07:15:43.584322,fund_like,True,True,,,,
03010,HK,,,,,,,,,,,,,,,,,,基金,ETF及交易所买卖产品,,港股;ETF;基金;交易所买卖产品;ETF及交易所买卖产品;被动产品,nan+local_taxonomy+local_taxonomy+local_taxonomy;local_registry_enrichment,2026-06-03T07:15:43.584322,fund_like,True,True,,,,
03011,HK,,,,,,,,,,,,,,,,,,基金,ETF及交易所买卖产品,,港股;ETF;基金;交易所买卖产品;ETF及交易所买卖产品;被动产品,nan+local_taxonomy+local_taxonomy+local_taxonomy;local_registry_enrichment,2026-06-03T07:15:43.584322,fund_like,True,True,,,,
03012,HK,,,,,,,,,,,,,,,,,,基金,ETF及交易所买卖产品,,港股;ETF;基金;交易所买卖产品;ETF及交易所买卖产品;被动产品,nan+local_taxonomy+local_taxonomy+local_taxonomy;local_registry_enrichment,2026-06-03T07:15:43.584322,fund_like,True,True,,,,
03015,HK,,,,,,,,,,,,,,,,,,基金,ETF及交易所买卖产品,,港股;ETF;基金;交易所买卖产品;ETF及交易所买卖产品;被动产品,nan+local_taxonomy+local_taxonomy+local_taxonomy;local_registry_enrichment,2026-06-03T07:15:43.584322,fund_like,True,True,,,,
03020,HK,,,,,,,,,,,,,,,,,,基金,ETF及交易所买卖产品,,港股;ETF;基金;交易所买卖产品;ETF及交易所买卖产品;被动产品,nan+local_taxonomy+local_taxonomy+local_taxonomy;local_registry_enrichment,2026-06-03T07:15:43.584322,fund_like,True,True,,,,
03024,HK,,,,,,,,,,,,,,,,,,基金,ETF及交易所买卖产品,,港股;ETF;基金;交易所买卖产品;ETF及交易所买卖产品;被动产品,nan+local_taxonomy+local_taxonomy+local_taxonomy;local_registry_enrichment,2026-06-03T07:15:43.584322,fund_like,True,True,,,,
03029,HK,,,,,,,,,,,,,,,,,,基金,ETF及交易所买卖产品,,港股;ETF;基金;交易所买卖产品;ETF及交易所买卖产品;被动产品,nan+local_taxonomy+local_taxonomy+local_taxonomy;local_registry_enrichment,2026-06-03T07:15:43.584322,fund_like,True,True,,,,
03030,HK,,,,,,,,,,,,,,,,,,基金,ETF及交易所买卖产品,,港股;ETF;基金;交易所买卖产品;ETF及交易所买卖产品;被动产品,nan+local_taxonomy+local_taxonomy+local_taxonomy;local_registry_enrichment,2026-06-03T07:15:43.584322,fund_like,True,True,,,,
03031,HK,,,,,,,,,,,,,,,,,,基金,ETF及交易所买卖产品,,港股;ETF;基金;交易所买卖产品;ETF及交易所买卖产品;被动产品,nan+local_taxonomy+local_taxonomy+local_taxonomy;local_registry_enrichment,2026-06-03T07:15:43.584322,fund_like,True,True,,,,
03032,HK,,,,,,,,,,,,,,,,,,基金,ETF及交易所买卖产品,,港股;ETF;基金;交易所买卖产品;ETF及交易所买卖产品;被动产品,nan+local_taxonomy+local_taxonomy+local_taxonomy;local_registry_enrichment,2026-06-03T07:15:43.584322,fund_like,True,True,,,,
03033,HK,,,,,,,,,,,,,,,,,,基金,ETF及交易所买卖产品,,港股;ETF;基金;交易所买卖产品;ETF及交易所买卖产品;被动产品,nan+local_taxonomy+local_taxonomy+local_taxonomy;local_registry_enrichment,2026-06-03T07:15:43.584322,fund_like,True,True,,,,
03034,HK,,,,,,,,,,,,,,,,,,基金,ETF及交易所买卖产品,,港股;ETF;基金;交易所买卖产品;ETF及交易所买卖产品;被动产品,nan+local_taxonomy+local_taxonomy+local_taxonomy;local_registry_enrichment,2026-06-03T07:15:43.584322,fund_like,True,True,,,,
03036,HK,,,,,,,,,,,,,,,,,,基金,ETF及交易所买卖产品,,港股;ETF;基金;交易所买卖产品;ETF及交易所买卖产品;被动产品,nan+local_taxonomy+local_taxonomy+local_taxonomy;local_registry_enrichment,2026-06-03T07:15:43.584322,fund_like,True,True,,,,
03037,HK,,,,,,,,,,,,,,,,,,基金,ETF及交易所买卖产品,,港股;ETF;基金;交易所买卖产品;ETF及交易所买卖产品;被动产品,nan+local_taxonomy+local_taxonomy+local_taxonomy;local_registry_enrichment,2026-06-03T07:15:43.584322,fund_like,True,True,,,,
03038,HK,,,,,,,,,,,,,,,,,,基金,ETF及交易所买卖产品,,港股;ETF;基金;交易所买卖产品;ETF及交易所买卖产品;被动产品,nan+local_taxonomy+local_taxonomy+local_taxonomy;local_registry_enrichment,2026-06-03T07:15:43.584322,fund_like,True,True,,,,
03039,HK,,,,,,,,,,,,,,,,,,基金,ETF及交易所买卖产品,,港股;ETF;基金;交易所买卖产品;ETF及交易所买卖产品;被动产品,nan+local_taxonomy+local_taxonomy+local_taxonomy;local_registry_enrichment,2026-06-03T07:15:43.584322,fund_like,True,True,,,,
03040,HK,,,,,,,,,,,,,,,,,,基金,ETF及交易所买卖产品,,港股;ETF;基金;交易所买卖产品;ETF及交易所买卖产品;被动产品,nan+local_taxonomy+local_taxonomy+local_taxonomy;local_registry_enrichment,2026-06-03T07:15:43.584322,fund_like,True,True,,,,
03042,HK,,,,,,,,,,,,,,,,,,基金,ETF及交易所买卖产品,,港股;ETF;基金;交易所买卖产品;ETF及交易所买卖产品;被动产品,nan+local_taxonomy+local_taxonomy+local_taxonomy;local_registry_enrichment,2026-06-03T07:15:43.584322,fund_like,True,True,,,,
03046,HK,,,,,,,,,,,,,,,,,,基金,ETF及交易所买卖产品,,港股;ETF;基金;交易所买卖产品;ETF及交易所买卖产品;被动产品,nan+local_taxonomy+local_taxonomy+local_taxonomy;local_registry_enrichment,2026-06-03T07:15:43.584322,fund_like,True,True,,,,
03047,HK,,,,,,,,,,,,,,,,,,基金,ETF及交易所买卖产品,,港股;ETF;基金;交易所买卖产品;ETF及交易所买卖产品;被动产品,nan+local_taxonomy+local_taxonomy+local_taxonomy;local_registry_enrichment,2026-06-03T07:15:43.584322,fund_like,True,True,,,,
03050,HK,,,,,,,,,,,,,,,,,,基金,ETF及交易所买卖产品,,港股;ETF;基金;交易所买卖产品;ETF及交易所买卖产品;被动产品,nan+local_taxonomy+local_taxonomy+local_taxonomy;local_registry_enrichment,2026-06-03T07:15:43.584322,fund_like,True,True,,,,
03053,HK,,,,,,,,,,,,,,,,,,基金,ETF及交易所买卖产品,,港股;ETF;基金;交易所买卖产品;ETF及交易所买卖产品;被动产品,nan+local_taxonomy+local_taxonomy+local_taxonomy;local_registry_enrichment,2026-06-03T07:15:43.584322,fund_like,True,True,,,,
03056,HK,,,,,,,,,,,,,,,,,,基金,ETF及交易所买卖产品,,港股;ETF;基金;交易所买卖产品;ETF及交易所买卖产品;被动产品,nan+local_taxonomy+local_taxonomy+local_taxonomy;local_registry_enrichment,2026-06-03T07:15:43.584322,fund_like,True,True,,,,
03059,HK,,,,,,,,,,,,,,,,,,基金,ETF及交易所买卖产品,,港股;ETF;基金;交易所买卖产品;ETF及交易所买卖产品;被动产品,nan+local_taxonomy+local_taxonomy+local_taxonomy;local_registry_enrichment,2026-06-03T07:15:43.584322,fund_like,True,True,,,,
03064,HK,,,,,,,,,,,,,,,,,,基金,ETF及交易所买卖产品,,港股;ETF;基金;交易所买卖产品;ETF及交易所买卖产品;被动产品,nan+local_taxonomy+local_taxonomy+local_taxonomy;local_registry_enrichment,2026-06-03T07:15:43.584322,fund_like,True,True,,,,
03066,HK,,,,,,,,,,,,,,,,,,基金,ETF及交易所买卖产品,,港股;ETF;基金;交易所买卖产品;ETF及交易所买卖产品;被动产品,nan+local_taxonomy+local_taxonomy+local_taxonomy;local_registry_enrichment,2026-06-03T07:15:43.584322,fund_like,True,True,,,,
03067,HK,,,,,,,,,,,,,,,,,,基金,ETF及交易所买卖产品,,港股;ETF;基金;交易所买卖产品;ETF及交易所买卖产品;被动产品,nan+local_taxonomy+local_taxonomy+local_taxonomy;local_registry_enrichment,2026-06-03T07:15:43.584322,fund_like,True,True,,,,
03068,HK,,,,,,,,,,,,,,,,,,基金,ETF及交易所买卖产品,,港股;ETF;基金;交易所买卖产品;ETF及交易所买卖产品;被动产品,nan+local_taxonomy+local_taxonomy+local_taxonomy;local_registry_enrichment,2026-06-03T07:15:43.584322,fund_like,True,True,,,,
03069,HK,,,,,,,,,,,,,,,,,,基金,ETF及交易所买卖产品,,港股;ETF;基金;交易所买卖产品;ETF及交易所买卖产品;被动产品,nan+local_taxonomy+local_taxonomy+local_taxonomy;local_registry_enrichment,2026-06-03T07:15:43.584322,fund_like,True,True,,,,
03070,HK,,,,,,,,,,,,,,,,,,基金,ETF及交易所买卖产品,,港股;ETF;基金;交易所买卖产品;ETF及交易所买卖产品;被动产品,nan+local_taxonomy+local_taxonomy+local_taxonomy;local_registry_enrichment,2026-06-03T07:15:43.584322,fund_like,True,True,,,,
03071,HK,,,,,,,,,,,,,,,,,,基金,ETF及交易所买卖产品,,港股;ETF;基金;交易所买卖产品;ETF及交易所买卖产品;被动产品,nan+local_taxonomy+local_taxonomy+local_taxonomy;local_registry_enrichment,2026-06-03T07:15:43.584322,fund_like,True,True,,,,
03072,HK,,,,,,,,,,,,,,,,,,基金,ETF及交易所买卖产品,,港股;ETF;基金;交易所买卖产品;ETF及交易所买卖产品;被动产品,nan+local_taxonomy+local_taxonomy+local_taxonomy;local_registry_enrichment,2026-06-03T07:15:43.584322,fund_like,True,True,,,,
03074,HK,,,,,,,,,,,,,,,,,,基金,ETF及交易所买卖产品,,港股;ETF;基金;交易所买卖产品;ETF及交易所买卖产品;被动产品,nan+local_taxonomy+local_taxonomy+local_taxonomy;local_registry_enrichment,2026-06-03T07:15:43.584322,fund_like,True,True,,,,
03075,HK,,,,,,,,,,,,,,,,,,基金,ETF及交易所买卖产品,,港股;ETF;基金;交易所买卖产品;ETF及交易所买卖产品;被动产品,nan+local_taxonomy+local_taxonomy+local_taxonomy;local_registry_enrichment,2026-06-03T07:15:43.584322,fund_like,True,True,,,,
03076,HK,,,,,,,,,,,,,,,,,,基金,ETF及交易所买卖产品,,港股;ETF;基金;交易所买卖产品;ETF及交易所买卖产品;被动产品,nan+local_taxonomy+local_taxonomy+local_taxonomy;local_registry_enrichment,2026-06-03T07:15:43.584322,fund_like,True,True,,,,
03077,HK,,,,,,,,,,,,,,,,,,基金,ETF及交易所买卖产品,,港股;ETF;基金;交易所买卖产品;ETF及交易所买卖产品;被动产品,nan+local_taxonomy+local_taxonomy+local_taxonomy;local_registry_enrichment,2026-06-03T07:15:43.584322,fund_like,True,True,,,,
03081,HK,,,,,,,,,,,,,,,,,,基金,ETF及交易所买卖产品,,港股;ETF;基金;交易所买卖产品;ETF及交易所买卖产品;被动产品,nan+local_taxonomy+local_taxonomy+local_taxonomy;local_registry_enrichment,2026-06-03T07:15:43.584322,fund_like,True,True,,,,
03084,HK,,,,,,,,,,,,,,,,,,基金,ETF及交易所买卖产品,,港股;ETF;基金;交易所买卖产品;ETF及交易所买卖产品;被动产品,nan+local_taxonomy+local_taxonomy+local_taxonomy;local_registry_enrichment,2026-06-03T07:15:43.584322,fund_like,True,True,,,,
03085,HK,,,,,,,,,,,,,,,,,,基金,ETF及交易所买卖产品,,港股;ETF;基金;交易所买卖产品;ETF及交易所买卖产品;被动产品,nan+local_taxonomy+local_taxonomy+local_taxonomy;local_registry_enrichment,2026-06-03T07:15:43.584322,fund_like,True,True,,,,
03086,HK,,,,,,,,,,,,,,,,,,基金,ETF及交易所买卖产品,,港股;ETF;基金;交易所买卖产品;ETF及交易所买卖产品;被动产品,nan+local_taxonomy+local_taxonomy+local_taxonomy;local_registry_enrichment,2026-06-03T07:15:43.584322,fund_like,True,True,,,,
03087,HK,,,,,,,,,,,,,,,,,,基金,ETF及交易所买卖产品,,港股;ETF;基金;交易所买卖产品;ETF及交易所买卖产品;被动产品,nan+local_taxonomy+local_taxonomy+local_taxonomy;local_registry_enrichment,2026-06-03T07:15:43.584322,fund_like,True,True,,,,
03088,HK,,,,,,,,,,,,,,,,,,基金,ETF及交易所买卖产品,,港股;ETF;基金;交易所买卖产品;ETF及交易所买卖产品;被动产品,nan+local_taxonomy+local_taxonomy+local_taxonomy;local_registry_enrichment,2026-06-03T07:15:43.584322,fund_like,True,True,,,,
03096,HK,,,,,,,,,,,,,,,,,,基金,ETF及交易所买卖产品,,港股;ETF;基金;交易所买卖产品;ETF及交易所买卖产品;被动产品,nan+local_taxonomy+local_taxonomy+local_taxonomy;local_registry_enrichment,2026-06-03T07:15:43.584322,fund_like,True,True,,,,
03097,HK,,,,,,,,,,,,,,,,,,基金,ETF及交易所买卖产品,,港股;ETF;基金;交易所买卖产品;ETF及交易所买卖产品;被动产品,nan+local_taxonomy+local_taxonomy+local_taxonomy;local_registry_enrichment,2026-06-03T07:15:43.584322,fund_like,True,True,,,,
03101,HK,,,,,,,,,,,,,,,,,,基金,ETF及交易所买卖产品,,港股;ETF;基金;交易所买卖产品;ETF及交易所买卖产品;被动产品,nan+local_taxonomy+local_taxonomy+local_taxonomy;local_registry_enrichment,2026-06-03T07:15:43.584322,fund_like,True,True,,,,
03102,HK,,,,,,,,,,,,,,,,,,基金,ETF及交易所买卖产品,,港股;ETF;基金;交易所买卖产品;ETF及交易所买卖产品;被动产品,nan+local_taxonomy+local_taxonomy+local_taxonomy;local_registry_enrichment,2026-06-03T07:15:43.584322,fund_like,True,True,,,,
03104,HK,,,,,,,,,,,,,,,,,,基金,ETF及交易所买卖产品,,港股;ETF;基金;交易所买卖产品;ETF及交易所买卖产品;被动产品,nan+local_taxonomy+local_taxonomy+local_taxonomy;local_registry_enrichment,2026-06-03T07:15:43.584322,fund_like,True,True,,,,
03108,HK,,,,,,,,,,,,,,,,,,基金,ETF及交易所买卖产品,,港股;ETF;基金;交易所买卖产品;ETF及交易所买卖产品;被动产品,nan+local_taxonomy+local_taxonomy+local_taxonomy;local_registry_enrichment,2026-06-03T07:15:43.584322,fund_like,True,True,,,,
03109,HK,,,,,,,,,,,,,,,,,,基金,ETF及交易所买卖产品,,港股;ETF;基金;交易所买卖产品;ETF及交易所买卖产品;被动产品,nan+local_taxonomy+local_taxonomy+local_taxonomy;local_registry_enrichment,2026-06-03T07:15:43.584322,fund_like,True,True,,,,
03110,HK,,,,,,,,,,,,,,,,,,基金,ETF及交易所买卖产品,,港股;ETF;基金;交易所买卖产品;ETF及交易所买卖产品;被动产品,nan+local_taxonomy+local_taxonomy+local_taxonomy;local_registry_enrichment,2026-06-03T07:15:43.584322,fund_like,True,True,,,,
03111,HK,,,,,,,,,,,,,,,,,,基金,ETF及交易所买卖产品,,港股;ETF;基金;交易所买卖产品;ETF及交易所买卖产品;被动产品,nan+local_taxonomy+local_taxonomy+local_taxonomy;local_registry_enrichment,2026-06-03T07:15:43.584322,fund_like,True,True,,,,
03112,HK,,,,,,,,,,,,,,,,,,基金,ETF及交易所买卖产品,,港股;ETF;基金;交易所买卖产品;ETF及交易所买卖产品;被动产品,nan+local_taxonomy+local_taxonomy+local_taxonomy;local_registry_enrichment,2026-06-03T07:15:43.584322,fund_like,True,True,,,,
03115,HK,,,,,,,,,,,,,,,,,,基金,ETF及交易所买卖产品,,港股;ETF;基金;交易所买卖产品;ETF及交易所买卖产品;被动产品,nan+local_taxonomy+local_taxonomy+local_taxonomy;local_registry_enrichment,2026-06-03T07:15:43.584322,fund_like,True,True,,,,
03116,HK,,,,,,,,,,,,,,,,,,基金,ETF及交易所买卖产品,,港股;ETF;基金;交易所买卖产品;ETF及交易所买卖产品;被动产品,nan+local_taxonomy+local_taxonomy+local_taxonomy;local_registry_enrichment,2026-06-03T07:15:43.584322,fund_like,True,True,,,,
03118,HK,,,,,,,,,,,,,,,,,,基金,ETF及交易所买卖产品,,港股;ETF;基金;交易所买卖产品;ETF及交易所买卖产品;被动产品,nan+local_taxonomy+local_taxonomy+local_taxonomy;local_registry_enrichment,2026-06-03T07:15:43.584322,fund_like,True,True,,,,
03119,HK,,,,,,,,,,,,,,,,,,基金,ETF及交易所买卖产品,,港股;ETF;基金;交易所买卖产品;ETF及交易所买卖产品;被动产品,nan+local_taxonomy+local_taxonomy+local_taxonomy;local_registry_enrichment,2026-06-03T07:15:43.584322,fund_like,True,True,,,,
03122,HK,,,,,,,,,,,,,,,,,,基金,ETF及交易所买卖产品,,港股;ETF;基金;交易所买卖产品;ETF及交易所买卖产品;被动产品,nan+local_taxonomy+local_taxonomy+local_taxonomy;local_registry_enrichment,2026-06-03T07:15:43.584322,fund_like,True,True,,,,
03128,HK,,,,,,,,,,,,,,,,,,基金,ETF及交易所买卖产品,,港股;ETF;基金;交易所买卖产品;ETF及交易所买卖产品;被动产品,nan+local_taxonomy+local_taxonomy+local_taxonomy;local_registry_enrichment,2026-06-03T07:15:43.584322,fund_like,True,True,,,,
03129,HK,,,,,,,,,,,,,,,,,,基金,ETF及交易所买卖产品,,港股;ETF;基金;交易所买卖产品;ETF及交易所买卖产品;被动产品,nan+local_taxonomy+local_taxonomy+local_taxonomy;local_registry_enrichment,2026-06-03T07:15:43.584322,fund_like,True,True,,,,
03132,HK,,,,,,,,,,,,,,,,,,基金,ETF及交易所买卖产品,,港股;ETF;基金;交易所买卖产品;ETF及交易所买卖产品;被动产品,nan+local_taxonomy+local_taxonomy+local_taxonomy;local_registry_enrichment,2026-06-03T07:15:43.584322,fund_like,True,True,,,,
03133,HK,,,,,,,,,,,,,,,,,,基金,ETF及交易所买卖产品,,港股;ETF;基金;交易所买卖产品;ETF及交易所买卖产品;被动产品,nan+local_taxonomy+local_taxonomy+local_taxonomy;local_registry_enrichment,2026-06-03T07:15:43.584322,fund_like,True,True,,,,
03134,HK,,,,,,,,,,,,,,,,,,基金,ETF及交易所买卖产品,,港股;ETF;基金;交易所买卖产品;ETF及交易所买卖产品;被动产品,nan+local_taxonomy+local_taxonomy+local_taxonomy;local_registry_enrichment,2026-06-03T07:15:43.584322,fund_like,True,True,,,,
03135,HK,,,,,,,,,,,,,,,,,,基金,ETF及交易所买卖产品,,港股;ETF;基金;交易所买卖产品;ETF及交易所买卖产品;被动产品,nan+local_taxonomy+local_taxonomy+local_taxonomy;local_registry_enrichment,2026-06-03T07:15:43.584322,fund_like,True,True,,,,
03136,HK,,,,,,,,,,,,,,,,,,基金,ETF及交易所买卖产品,,港股;ETF;基金;交易所买卖产品;ETF及交易所买卖产品;被动产品,nan+local_taxonomy+local_taxonomy+local_taxonomy;local_registry_enrichment,2026-06-03T07:15:43.584322,fund_like,True,True,,,,
03137,HK,,,,,,,,,,,,,,,,,,基金,ETF及交易所买卖产品,,港股;ETF;基金;交易所买卖产品;ETF及交易所买卖产品;被动产品,nan+local_taxonomy+local_taxonomy+local_taxonomy;local_registry_enrichment,2026-06-03T07:15:43.584322,fund_like,True,True,,,,
03139,HK,,,,,,,,,,,,,,,,,,基金,ETF及交易所买卖产品,,港股;ETF;基金;交易所买卖产品;ETF及交易所买卖产品;被动产品,nan+local_taxonomy+local_taxonomy+local_taxonomy;local_registry_enrichment,2026-06-03T07:15:43.584322,fund_like,True,True,,,,
03140,HK,,,,,,,,,,,,,,,,,,基金,ETF及交易所买卖产品,,港股;ETF;基金;交易所买卖产品;ETF及交易所买卖产品;被动产品,nan+local_taxonomy+local_taxonomy+local_taxonomy;local_registry_enrichment,2026-06-03T07:15:43.584322,fund_like,True,True,,,,
03141,HK,,,,,,,,,,,,,,,,,,基金,ETF及交易所买卖产品,,港股;ETF;基金;交易所买卖产品;ETF及交易所买卖产品;被动产品,nan+local_taxonomy+local_taxonomy+local_taxonomy;local_registry_enrichment,2026-06-03T07:15:43.584322,fund_like,True,True,,,,
03145,HK,,,,,,,,,,,,,,,,,,基金,ETF及交易所买卖产品,,港股;ETF;基金;交易所买卖产品;ETF及交易所买卖产品;被动产品,nan+local_taxonomy+local_taxonomy+local_taxonomy;local_registry_enrichment,2026-06-03T07:15:43.584322,fund_like,True,True,,,,
03146,HK,,,,,,,,,,,,,,,,,,基金,ETF及交易所买卖产品,,港股;ETF;基金;交易所买卖产品;ETF及交易所买卖产品;被动产品,nan+local_taxonomy+local_taxonomy+local_taxonomy;local_registry_enrichment,2026-06-03T07:15:43.584322,fund_like,True,True,,,,
03147,HK,,,,,,,,,,,,,,,,,,基金,ETF及交易所买卖产品,,港股;ETF;基金;交易所买卖产品;ETF及交易所买卖产品;被动产品,nan+local_taxonomy+local_taxonomy+local_taxonomy;local_registry_enrichment,2026-06-03T07:15:43.584322,fund_like,True,True,,,,
03150,HK,,,,,,,,,,,,,,,,,,基金,ETF及交易所买卖产品,,港股;ETF;基金;交易所买卖产品;ETF及交易所买卖产品;被动产品,nan+local_taxonomy+local_taxonomy+local_taxonomy;local_registry_enrichment,2026-06-03T07:15:43.584322,fund_like,True,True,,,,
03151,HK,,,,,,,,,,,,,,,,,,基金,ETF及交易所买卖产品,,港股;ETF;基金;交易所买卖产品;ETF及交易所买卖产品;被动产品,nan+local_taxonomy+local_taxonomy+local_taxonomy;local_registry_enrichment,2026-06-03T07:15:43.584322,fund_like,True,True,,,,
03152,HK,,,,,,,,,,,,,,,,,,基金,ETF及交易所买卖产品,,港股;ETF;基金;交易所买卖产品;ETF及交易所买卖产品;被动产品,nan+local_taxonomy+local_taxonomy+local_taxonomy;local_registry_enrichment,2026-06-03T07:15:43.584322,fund_like,True,True,,,,
03153,HK,,,,,,,,,,,,,,,,,,基金,ETF及交易所买卖产品,,港股;ETF;基金;交易所买卖产品;ETF及交易所买卖产品;被动产品,nan+local_taxonomy+local_taxonomy+local_taxonomy;local_registry_enrichment,2026-06-03T07:15:43.584322,fund_like,True,True,,,,
03156,HK,,,,,,,,,,,,,,,,,,基金,ETF及交易所买卖产品,,港股;ETF;基金;交易所买卖产品;ETF及交易所买卖产品;被动产品,nan+local_taxonomy+local_taxonomy+local_taxonomy;local_registry_enrichment,2026-06-03T07:15:43.584322,fund_like,True,True,,,,
03158,HK,,,,,,,,,,,,,,,,,,基金,ETF及交易所买卖产品,,港股;ETF;基金;交易所买卖产品;ETF及交易所买卖产品;被动产品,nan+local_taxonomy+local_taxonomy+local_taxonomy;local_registry_enrichment,2026-06-03T07:15:43.584322,fund_like,True,True,,,,
03160,HK,,,,,,,,,,,,,,,,,,基金,ETF及交易所买卖产品,,港股;ETF;基金;交易所买卖产品;ETF及交易所买卖产品;被动产品,nan+local_taxonomy+local_taxonomy+local_taxonomy;local_registry_enrichment,2026-06-03T07:15:43.584322,fund_like,True,True,,,,
03161,HK,,,,,,,,,,,,,,,,,,基金,ETF及交易所买卖产品,,港股;ETF;基金;交易所买卖产品;ETF及交易所买卖产品;被动产品,nan+local_taxonomy+local_taxonomy+local_taxonomy;local_registry_enrichment,2026-06-03T07:15:43.584322,fund_like,True,True,,,,
03165,HK,,,,,,,,,,,,,,,,,,基金,ETF及交易所买卖产品,,港股;ETF;基金;交易所买卖产品;ETF及交易所买卖产品;被动产品,nan+local_taxonomy+local_taxonomy+local_taxonomy;local_registry_enrichment,2026-06-03T07:15:43.584322,fund_like,True,True,,,,
03167,HK,,,,,,,,,,,,,,,,,,基金,ETF及交易所买卖产品,,港股;ETF;基金;交易所买卖产品;ETF及交易所买卖产品;被动产品,nan+local_taxonomy+local_taxonomy+local_taxonomy;local_registry_enrichment,2026-06-03T07:15:43.584322,fund_like,True,True,,,,
03169,HK,,,,,,,,,,,,,,,,,,基金,ETF及交易所买卖产品,,港股;ETF;基金;交易所买卖产品;ETF及交易所买卖产品;被动产品,nan+local_taxonomy+local_taxonomy+local_taxonomy;local_registry_enrichment,2026-06-03T07:15:43.584322,fund_like,True,True,,,,
03170,HK,,,,,,,,,,,,,,,,,,基金,ETF及交易所买卖产品,,港股;ETF;基金;交易所买卖产品;ETF及交易所买卖产品;被动产品,nan+local_taxonomy+local_taxonomy+local_taxonomy;local_registry_enrichment,2026-06-03T07:15:43.584322,fund_like,True,True,,,,
03171,HK,,,,,,,,,,,,,,,,,,基金,ETF及交易所买卖产品,,港股;ETF;基金;交易所买卖产品;ETF及交易所买卖产品;被动产品,nan+local_taxonomy+local_taxonomy+local_taxonomy;local_registry_enrichment,2026-06-03T07:15:43.584322,fund_like,True,True,,,,
03173,HK,,,,,,,,,,,,,,,,,,基金,ETF及交易所买卖产品,,港股;ETF;基金;交易所买卖产品;ETF及交易所买卖产品;被动产品,nan+local_taxonomy+local_taxonomy+local_taxonomy;local_registry_enrichment,2026-06-03T07:15:43.584322,fund_like,True,True,,,,
03174,HK,,,,,,,,,,,,,,,,,,基金,ETF及交易所买卖产品,,港股;ETF;基金;交易所买卖产品;ETF及交易所买卖产品;被动产品,nan+local_taxonomy+local_taxonomy+local_taxonomy;local_registry_enrichment,2026-06-03T07:15:43.584322,fund_like,True,True,,,,
03175,HK,,,,,,,,,,,,,,,,,,基金,ETF及交易所买卖产品,,港股;ETF;基金;交易所买卖产品;ETF及交易所买卖产品;被动产品,nan+local_taxonomy+local_taxonomy+local_taxonomy;local_registry_enrichment,2026-06-03T07:15:43.584322,fund_like,True,True,,,,
03176,HK,,,,,,,,,,,,,,,,,,基金,ETF及交易所买卖产品,,港股;ETF;基金;交易所买卖产品;ETF及交易所买卖产品;被动产品,nan+local_taxonomy+local_taxonomy+local_taxonomy;local_registry_enrichment,2026-06-03T07:15:43.584322,fund_like,True,True,,,,
03179,HK,,,,,,,,,,,,,,,,,,基金,ETF及交易所买卖产品,,港股;ETF;基金;交易所买卖产品;ETF及交易所买卖产品;被动产品,nan+local_taxonomy+local_taxonomy+local_taxonomy;local_registry_enrichment,2026-06-03T07:15:43.584322,fund_like,True,True,,,,
03181,HK,,,,,,,,,,,,,,,,,,基金,ETF及交易所买卖产品,,港股;ETF;基金;交易所买卖产品;ETF及交易所买卖产品;被动产品,nan+local_taxonomy+local_taxonomy+local_taxonomy;local_registry_enrichment,2026-06-03T07:15:43.584322,fund_like,True,True,,,,
03182,HK,,,,,,,,,,,,,,,,,,基金,ETF及交易所买卖产品,,港股;ETF;基金;交易所买卖产品;ETF及交易所买卖产品;被动产品,nan+local_taxonomy+local_taxonomy+local_taxonomy;local_registry_enrichment,2026-06-03T07:15:43.584322,fund_like,True,True,,,,
03184,HK,,,,,,,,,,,,,,,,,,基金,ETF及交易所买卖产品,,港股;ETF;基金;交易所买卖产品;ETF及交易所买卖产品;被动产品,nan+local_taxonomy+local_taxonomy+local_taxonomy;local_registry_enrichment,2026-06-03T07:15:43.584322,fund_like,True,True,,,,
03185,HK,,,,,,,,,,,,,,,,,,基金,ETF及交易所买卖产品,,港股;ETF;基金;交易所买卖产品;ETF及交易所买卖产品;被动产品,nan+local_taxonomy+local_taxonomy+local_taxonomy;local_registry_enrichment,2026-06-03T07:15:43.584322,fund_like,True,True,,,,
03186,HK,,,,,,,,,,,,,,,,,,基金,ETF及交易所买卖产品,,港股;ETF;基金;交易所买卖产品;ETF及交易所买卖产品;被动产品,nan+local_taxonomy+local_taxonomy+local_taxonomy;local_registry_enrichment,2026-06-03T07:15:43.584322,fund_like,True,True,,,,
03188,HK,,,,,,,,,,,,,,,,,,基金,ETF及交易所买卖产品,,港股;ETF;基金;交易所买卖产品;ETF及交易所买卖产品;被动产品,nan+local_taxonomy+local_taxonomy+local_taxonomy;local_registry_enrichment,2026-06-03T07:15:43.584322,fund_like,True,True,,,,
03189,HK,,,,,,,,,,,,,,,,,,基金,ETF及交易所买卖产品,,港股;ETF;基金;交易所买卖产品;ETF及交易所买卖产品;被动产品,nan+local_taxonomy+local_taxonomy+local_taxonomy;local_registry_enrichment,2026-06-03T07:15:43.584322,fund_like,True,True,,,,
03190,HK,,,,,,,,,,,,,,,,,,基金,ETF及交易所买卖产品,,港股;ETF;基金;交易所买卖产品;ETF及交易所买卖产品;被动产品,nan+local_taxonomy+local_taxonomy+local_taxonomy;local_registry_enrichment,2026-06-03T07:15:43.584322,fund_like,True,True,,,,
03191,HK,,,,,,,,,,,,,,,,,,基金,ETF及交易所买卖产品,,港股;ETF;基金;交易所买卖产品;ETF及交易所买卖产品;被动产品,nan+local_taxonomy+local_taxonomy+local_taxonomy;local_registry_enrichment,2026-06-03T07:15:43.584322,fund_like,True,True,,,,
03192,HK,,,,,,,,,,,,,,,,,,基金,ETF及交易所买卖产品,,港股;ETF;基金;交易所买卖产品;ETF及交易所买卖产品;被动产品,nan+local_taxonomy+local_taxonomy+local_taxonomy;local_registry_enrichment,2026-06-03T07:15:43.584322,fund_like,True,True,,,,
03193,HK,,,,,,,,,,,,,,,,,,基金,ETF及交易所买卖产品,,港股;ETF;基金;交易所买卖产品;ETF及交易所买卖产品;被动产品,nan+local_taxonomy+local_taxonomy+local_taxonomy;local_registry_enrichment,2026-06-03T07:15:43.584322,fund_like,True,True,,,,
03195,HK,,,,,,,,,,,,,,,,,,基金,ETF及交易所买卖产品,,港股;ETF;基金;交易所买卖产品;ETF及交易所买卖产品;被动产品,nan+local_taxonomy+local_taxonomy+local_taxonomy;local_registry_enrichment,2026-06-03T07:15:43.584322,fund_like,True,True,,,,
03196,HK,,,,,,,,,,,,,,,,,,基金,ETF及交易所买卖产品,,港股;ETF;基金;交易所买卖产品;ETF及交易所买卖产品;被动产品,nan+local_taxonomy+local_taxonomy+local_taxonomy;local_registry_enrichment,2026-06-03T07:15:43.584322,fund_like,True,True,,,,
03199,HK,,,,,,,,,,,,,,,,,,基金,ETF及交易所买卖产品,,港股;ETF;基金;交易所买卖产品;ETF及交易所买卖产品;被动产品,nan+local_taxonomy+local_taxonomy+local_taxonomy;local_registry_enrichment,2026-06-03T07:15:43.584322,fund_like,True,True,,,,
03200,HK,,,,,,,,,,,,,,,,,,工业,工业工程,,港股;工业;工业工程,akshare_eastmoney_company_profile,2026-06-02T14:23:12.939145,fund_like,False,True,,,,
03268,HK,,,,,,,,,,,,,,,,,,资讯科技业,资讯科技器材,,港股;资讯科技业;资讯科技器材;科技,akshare_eastmoney_company_profile,2026-06-02T14:23:12.863367,fund_like,False,True,,,,
03277,HK,,,,,,,,,,,,,,,,,,工业,工业工程,,港股;工业;工业工程,akshare_eastmoney_company_profile,2026-06-02T14:23:12.994036,fund_like,False,True,,,,
03288,HK,,,,,,,,,,,,,,,,,,必需性消费,食物饮品,,港股;必需性消费;食物饮品,akshare_eastmoney_company_profile,2026-06-02T14:23:12.861629,fund_like,False,True,,,,
03296,HK,,,,,,,,,,,,,,,,,,资讯科技业,资讯科技器材,,港股;资讯科技业;资讯科技器材;科技,akshare_eastmoney_company_profile,2026-06-02T14:23:12.895873,fund_like,False,True,,,,
03300,HK,,,,,,,,,,,,,,,,,,工业,工业工程,,港股;工业;工业工程,akshare_eastmoney_company_profile,2026-06-02T14:23:12.878832,fund_like,False,True,,,,
03301,HK,,,,,,,,,,,,,,,,,,地产业,地产,,港股;地产业;地产;房地产,akshare_eastmoney_company_profile,2026-06-02T14:23:12.914074,fund_like,False,True,,,,
03302,HK,,,,,,,,,,,,,,,,,,工业,工业工程,,港股;工业;工业工程,akshare_eastmoney_company_profile,2026-06-02T14:23:13.008654,fund_like,False,True,,,,
03303,HK,,,,,,,,,,,,,,,,,,能源业,石油及天然气,,港股;能源业;石油及天然气;资源能源,akshare_eastmoney_company_profile,2026-06-02T14:23:13.020304,fund_like,False,True,,,,
03306,HK,,,,,,,,,,,,,,,,,,非必需性消费,纺织及服饰,,港股;非必需性消费;纺织及服饰;消费,akshare_eastmoney_company_profile,2026-06-02T14:23:13.061152,fund_like,False,True,,,,
03309,HK,,,,,,,,,,,,,,,,,,医疗保健业,其他医疗保健,,港股;医疗保健业;其他医疗保健;医药医疗,akshare_eastmoney_company_profile,2026-06-02T14:23:13.082440,fund_like,False,True,,,,
03310,HK,,,,,,,,,,,,,,,,,,资讯科技业,半导体,,港股;资讯科技业;半导体;科技,akshare_eastmoney_company_profile,2026-06-02T14:23:13.119208,fund_like,False,True,,,,
03311,HK,,,,,,,,,,,,,,,,,,工业,建筑,,港股;工业;建筑,akshare_eastmoney_company_profile,2026-06-02T14:23:13.109008,fund_like,False,True,,,,
03313,HK,,,,,,,,,,,,,,,,,,工业,建筑,,港股;工业;建筑,akshare_eastmoney_company_profile,2026-06-02T14:23:13.142784,fund_like,False,True,,,,
03315,HK,,,,,,,,,,,,,,,,,,资讯科技业,软件服务,,港股;资讯科技业;软件服务;科技,akshare_eastmoney_company_profile,2026-06-02T14:23:13.201195,fund_like,False,True,,,,
03316,HK,,,,,,,,,,,,,,,,,,地产业,地产,,港股;地产业;地产;房地产,akshare_eastmoney_company_profile,2026-06-02T14:23:13.166183,fund_like,False,True,,,,
03317,HK,,,,,,,,,,,,,,,,,,资讯科技业,软件服务,,港股;资讯科技业;软件服务;科技,akshare_eastmoney_company_profile,2026-06-02T14:23:13.192489,fund_like,False,True,,,,
03318,HK,,,,,,,,,,,,,,,,,,必需性消费,食物饮品,,港股;必需性消费;食物饮品,akshare_eastmoney_company_profile,2026-06-02T14:23:13.221412,fund_like,False,True,,,,
03319,HK,,,,,,,,,,,,,,,,,,地产业,地产,,港股;地产业;地产;房地产,akshare_eastmoney_company_profile,2026-06-02T14:23:13.229811,fund_like,False,True,,,,
03320,HK,,,,,,,,,,,,,,,,,,医疗保健业,药品及生物科技,,港股;医疗保健业;药品及生物科技;医药医疗,akshare_eastmoney_company_profile,2026-06-02T14:23:13.255021,fund_like,False,True,,,,
03321,HK,,,,,,,,,,,,,,,,,,工业,建筑,,港股;工业;建筑,akshare_eastmoney_company_profile,2026-06-02T14:23:13.435698,fund_like,False,True,,,,
03322,HK,,,,,,,,,,,,,,,,,,非必需性消费,纺织及服饰,,港股;非必需性消费;纺织及服饰;消费,akshare_eastmoney_company_profile,2026-06-02T14:23:13.269519,fund_like,False,True,,,,
03323,HK,,,,,,,,,,,,,,,,,,工业,建筑,,港股;工业;建筑,akshare_eastmoney_company_profile,2026-06-02T14:23:13.282827,fund_like,False,True,,,,
03326,HK,,,,,,,,,,,,,,,,,,非必需性消费,纺织及服饰,,港股;非必需性消费;纺织及服饰;消费,akshare_eastmoney_company_profile,2026-06-02T14:23:13.308074,fund_like,False,True,,,,
03328,HK,,,,,,,,,,,,,,,,,,金融业,银行,,港股;金融业;银行;金融服务,akshare_eastmoney_company_profile,2026-06-02T14:23:13.316791,fund_like,False,True,,,,
03329,HK,,,,,,,,,,,,,,,,,,金融业,其他金融,,港股;金融业;其他金融;金融服务,akshare_eastmoney_company_profile,2026-06-02T14:23:13.324979,fund_like,False,True,,,,
03330,HK,,,,,,,,,,,,,,,,,,原材料业,黄金及贵金属,,港股;原材料业;黄金及贵金属;资源材料,akshare_eastmoney_company_profile,2026-06-02T14:23:13.423351,fund_like,False,True,,,,
03332,HK,,,,,,,,,,,,,,,,,,医疗保健业,其他医疗保健,,港股;医疗保健业;其他医疗保健;医药医疗,akshare_eastmoney_company_profile,2026-06-02T14:23:13.356134,fund_like,False,True,,,,
03333,HK,,,,,,,,,,,,,,,,,,地产业,地产,,港股;地产业;地产;房地产,akshare_eastmoney_company_profile,2026-06-02T14:23:13.380463,fund_like,False,True,,,,
03336,HK,,,,,,,,,,,,,,,,,,资讯科技业,资讯科技器材,,港股;资讯科技业;资讯科技器材;科技,akshare_eastmoney_company_profile,2026-06-02T14:23:13.509251,fund_like,False,True,,,,
03337,HK,,,,,,,,,,,,,,,,,,能源业,石油及天然气,,港股;能源业;石油及天然气;资源能源,akshare_eastmoney_company_profile,2026-06-02T14:23:13.444268,fund_like,False,True,,,,
03339,HK,,,,,,,,,,,,,,,,,,工业,工业工程,,港股;工业;工业工程,akshare_eastmoney_company_profile,2026-06-02T14:23:13.413970,fund_like,False,True,,,,
03347,HK,,,,,,,,,,,,,,,,,,医疗保健业,药品及生物科技,,港股;医疗保健业;药品及生物科技;医药医疗,akshare_eastmoney_company_profile,2026-06-02T14:23:13.490713,fund_like,False,True,,,,
03348,HK,,,,,,,,,,,,,,,,,,工业,工业工程,,港股;工业;工业工程,akshare_eastmoney_company_profile,2026-06-02T14:23:13.452721,fund_like,False,True,,,,
03355,HK,,,,,,,,,,,,,,,,,,资讯科技业,软件服务,,港股;资讯科技业;软件服务;科技,akshare_eastmoney_company_profile,2026-06-02T14:23:13.499775,fund_like,False,True,,,,
03360,HK,,,,,,,,,,,,,,,,,,金融业,其他金融,,港股;金融业;其他金融;金融服务,akshare_eastmoney_company_profile,2026-06-02T14:23:13.520523,fund_like,False,True,,,,
03363,HK,,,,,,,,,,,,,,,,,,原材料业,原材料,,港股;原材料业;原材料;资源材料,akshare_eastmoney_company_profile,2026-06-02T14:23:13.518769,fund_like,False,True,,,,
03366,HK,,,,,,,,,,,,,,,,,,地产业,地产,,港股;地产业;地产;房地产,akshare_eastmoney_company_profile,2026-06-02T14:23:13.534537,fund_like,False,True,,,,
03368,HK,,,,,,,,,,,,,,,,,,非必需性消费,专业零售,,港股;非必需性消费;专业零售;消费,akshare_eastmoney_company_profile,2026-06-02T14:23:13.553380,fund_like,False,True,,,,
03369,HK,,,,,,,,,,,,,,,,,,工业,工用运输,,港股;工业;工用运输,akshare_eastmoney_company_profile,2026-06-02T14:23:13.567262,fund_like,False,True,,,,
03377,HK,,,,,,,,,,,,,,,,,,地产业,地产,,港股;地产业;地产;房地产,akshare_eastmoney_company_profile,2026-06-02T14:23:13.595983,fund_like,False,True,,,,
03378,HK,,,,,,,,,,,,,,,,,,医疗保健业,药品及生物科技,,港股;医疗保健业;药品及生物科技;医药医疗,akshare_eastmoney_company_profile,2026-06-02T14:23:13.587362,fund_like,False,True,,,,
03380,HK,,,,,,,,,,,,,,,,,,地产业,地产,,港股;地产业;地产;房地产,akshare_eastmoney_company_profile,2026-06-02T14:23:13.631376,fund_like,False,True,,,,
03382,HK,,,,,,,,,,,,,,,,,,工业,工用运输,,港股;工业;工用运输,akshare_eastmoney_company_profile,2026-06-02T14:23:13.647615,fund_like,False,True,,,,
03383,HK,,,,,,,,,,,,,,,,,,地产业,地产,,港股;地产业;地产;房地产,akshare_eastmoney_company_profile,2026-06-02T14:23:13.656145,fund_like,False,True,,,,
03388,HK,,,,,,,,,,,,,,,,,,资讯科技业,资讯科技器材,,港股;资讯科技业;资讯科技器材;科技,akshare_eastmoney_company_profile,2026-06-02T14:23:13.676878,fund_like,False,True,,,,
03389,HK,,,,,,,,,,,,,,,,,,非必需性消费,专业零售,,港股;非必需性消费;专业零售;消费,akshare_eastmoney_company_profile,2026-06-02T14:23:13.717849,fund_like,False,True,,,,
03390,HK,,,,,,,,,,,,,,,,,,医疗保健业,药品及生物科技,,港股;医疗保健业;药品及生物科技;医药医疗,akshare_eastmoney_company_profile,2026-06-02T14:23:13.726537,fund_like,False,True,,,,
03393,HK,,,,,,,,,,,,,,,,,,工业,工业工程,,港股;工业;工业工程,akshare_eastmoney_company_profile,2026-06-02T14:23:13.756470,fund_like,False,True,,,,
03395,HK,,,,,,,,,,,,,,,,,,能源业,石油及天然气,,港股;能源业;石油及天然气;资源能源,akshare_eastmoney_company_profile,2026-06-02T14:23:13.789538,fund_like,False,True,,,,
03396,HK,,,,,,,,,,,,,,,,,,资讯科技业,资讯科技器材,,港股;资讯科技业;资讯科技器材;科技,akshare_eastmoney_company_profile,2026-06-02T14:23:13.801073,fund_like,False,True,,,,
03398,HK,,,,,,,,,,,,,,,,,,非必需性消费,纺织及服饰,,港股;非必需性消费;纺织及服饰;消费,akshare_eastmoney_company_profile,2026-06-02T14:23:13.937365,fund_like,False,True,,,,
03399,HK,,,,,,,,,,,,,,,,,,非必需性消费,旅游及消闲设施,,港股;非必需性消费;旅游及消闲设施;消费,akshare_eastmoney_company_profile,2026-06-02T14:23:13.820512,fund_like,False,True,,,,
03401,HK,,,,,,,,,,,,,,,,,,基金,ETF及交易所买卖产品,,港股;ETF;基金;交易所买卖产品;ETF及交易所买卖产品;被动产品,nan+local_taxonomy+local_taxonomy+local_taxonomy;local_registry_enrichment,2026-06-03T07:15:43.584322,fund_like,True,True,,,,
03402,HK,,,,,,,,,,,,,,,,,,基金,ETF及交易所买卖产品,,港股;ETF;基金;交易所买卖产品;ETF及交易所买卖产品;被动产品,nan+local_taxonomy+local_taxonomy+local_taxonomy;local_registry_enrichment,2026-06-03T07:15:43.584322,fund_like,True,True,,,,
03403,HK,,,,,,,,,,,,,,,,,,基金,ETF及交易所买卖产品,,港股;ETF;基金;交易所买卖产品;ETF及交易所买卖产品;被动产品,nan+local_taxonomy+local_taxonomy+local_taxonomy;local_registry_enrichment,2026-06-03T07:15:43.584322,fund_like,True,True,,,,
03404,HK,,,,,,,,,,,,,,,,,,基金,ETF及交易所买卖产品,,港股;ETF;基金;交易所买卖产品;ETF及交易所买卖产品;被动产品,nan+local_taxonomy+local_taxonomy+local_taxonomy;local_registry_enrichment,2026-06-03T07:15:43.584322,fund_like,True,True,,,,
03406,HK,,,,,,,,,,,,,,,,,,基金,ETF及交易所买卖产品,,港股;ETF;基金;交易所买卖产品;ETF及交易所买卖产品;被动产品,nan+local_taxonomy+local_taxonomy+local_taxonomy;local_registry_enrichment,2026-06-03T07:15:43.584322,fund_like,True,True,,,,
03410,HK,,,,,,,,,,,,,,,,,,基金,ETF及交易所买卖产品,,港股;ETF;基金;交易所买卖产品;ETF及交易所买卖产品;被动产品,nan+local_taxonomy+local_taxonomy+local_taxonomy;local_registry_enrichment,2026-06-03T07:15:43.584322,fund_like,True,True,,,,
03411,HK,,,,,,,,,,,,,,,,,,基金,ETF及交易所买卖产品,,港股;ETF;基金;交易所买卖产品;ETF及交易所买卖产品;被动产品,nan+local_taxonomy+local_taxonomy+local_taxonomy;local_registry_enrichment,2026-06-03T07:15:43.584322,fund_like,True,True,,,,
03412,HK,,,,,,,,,,,,,,,,,,基金,ETF及交易所买卖产品,,港股;ETF;基金;交易所买卖产品;ETF及交易所买卖产品;被动产品,nan+local_taxonomy+local_taxonomy+local_taxonomy;local_registry_enrichment,2026-06-03T07:15:43.584322,fund_like,True,True,,,,
03413,HK,,,,,,,,,,,,,,,,,,基金,ETF及交易所买卖产品,,港股;ETF;基金;交易所买卖产品;ETF及交易所买卖产品;被动产品,nan+local_taxonomy+local_taxonomy+local_taxonomy;local_registry_enrichment,2026-06-03T07:15:43.584322,fund_like,True,True,,,,
03415,HK,,,,,,,,,,,,,,,,,,基金,ETF及交易所买卖产品,,港股;ETF;基金;交易所买卖产品;ETF及交易所买卖产品;被动产品,nan+local_taxonomy+local_taxonomy+local_taxonomy;local_registry_enrichment,2026-06-03T07:15:43.584322,fund_like,True,True,,,,
03416,HK,,,,,,,,,,,,,,,,,,基金,ETF及交易所买卖产品,,港股;ETF;基金;交易所买卖产品;ETF及交易所买卖产品;被动产品,nan+local_taxonomy+local_taxonomy+local_taxonomy;local_registry_enrichment,2026-06-03T07:15:43.584322,fund_like,True,True,,,,
03417,HK,,,,,,,,,,,,,,,,,,基金,ETF及交易所买卖产品,,港股;ETF;基金;交易所买卖产品;ETF及交易所买卖产品;被动产品,nan+local_taxonomy+local_taxonomy+local_taxonomy;local_registry_enrichment,2026-06-03T07:15:43.584322,fund_like,True,True,,,,
03418,HK,,,,,,,,,,,,,,,,,,基金,ETF及交易所买卖产品,,港股;ETF;基金;交易所买卖产品;ETF及交易所买卖产品;被动产品,nan+local_taxonomy+local_taxonomy+local_taxonomy;local_registry_enrichment,2026-06-03T07:15:43.584322,fund_like,True,True,,,,
03419,HK,,,,,,,,,,,,,,,,,,基金,ETF及交易所买卖产品,,港股;ETF;基金;交易所买卖产品;ETF及交易所买卖产品;被动产品,nan+local_taxonomy+local_taxonomy+local_taxonomy;local_registry_enrichment,2026-06-03T07:15:43.584322,fund_like,True,True,,,,
03420,HK,,,,,,,,,,,,,,,,,,基金,ETF及交易所买卖产品,,港股;ETF;基金;交易所买卖产品;ETF及交易所买卖产品;被动产品,nan+local_taxonomy+local_taxonomy+local_taxonomy;local_registry_enrichment,2026-06-03T07:15:43.584322,fund_like,True,True,,,,
03421,HK,,,,,,,,,,,,,,,,,,基金,ETF及交易所买卖产品,,港股;ETF;基金;交易所买卖产品;ETF及交易所买卖产品;被动产品,nan+local_taxonomy+local_taxonomy+local_taxonomy;local_registry_enrichment,2026-06-03T07:15:43.584322,fund_like,True,True,,,,
03422,HK,,,,,,,,,,,,,,,,,,基金,ETF及交易所买卖产品,,港股;ETF;基金;交易所买卖产品;ETF及交易所买卖产品;被动产品,nan+local_taxonomy+local_taxonomy+local_taxonomy;local_registry_enrichment,2026-06-03T07:15:43.584322,fund_like,True,True,,,,
03423,HK,,,,,,,,,,,,,,,,,,基金,ETF及交易所买卖产品,,港股;ETF;基金;交易所买卖产品;ETF及交易所买卖产品;被动产品,nan+local_taxonomy+local_taxonomy+local_taxonomy;local_registry_enrichment,2026-06-03T07:15:43.584322,fund_like,True,True,,,,
03425,HK,,,,,,,,,,,,,,,,,,基金,ETF及交易所买卖产品,,港股;ETF;基金;交易所买卖产品;ETF及交易所买卖产品;被动产品,nan+local_taxonomy+local_taxonomy+local_taxonomy;local_registry_enrichment,2026-06-03T07:15:43.584322,fund_like,True,True,,,,
03426,HK,,,,,,,,,,,,,,,,,,基金,ETF及交易所买卖产品,,港股;ETF;基金;交易所买卖产品;ETF及交易所买卖产品;被动产品,nan+local_taxonomy+local_taxonomy+local_taxonomy;local_registry_enrichment,2026-06-03T07:15:43.584322,fund_like,True,True,,,,
03427,HK,,,,,,,,,,,,,,,,,,基金,ETF及交易所买卖产品,,港股;ETF;基金;交易所买卖产品;ETF及交易所买卖产品;被动产品,nan+local_taxonomy+local_taxonomy+local_taxonomy;local_registry_enrichment,2026-06-03T07:15:43.584322,fund_like,True,True,,,,
03428,HK,,,,,,,,,,,,,,,,,,基金,ETF及交易所买卖产品,,港股;ETF;基金;交易所买卖产品;ETF及交易所买卖产品;被动产品,nan+local_taxonomy+local_taxonomy+local_taxonomy;local_registry_enrichment,2026-06-03T07:15:43.584322,fund_like,True,True,,,,
03430,HK,,,,,,,,,,,,,,,,,,基金,ETF及交易所买卖产品,,港股;ETF;基金;交易所买卖产品;ETF及交易所买卖产品;被动产品,nan+local_taxonomy+local_taxonomy+local_taxonomy;local_registry_enrichment,2026-06-03T07:15:43.584322,fund_like,True,True,,,,
03431,HK,,,,,,,,,,,,,,,,,,基金,ETF及交易所买卖产品,,港股;ETF;基金;交易所买卖产品;ETF及交易所买卖产品;被动产品,nan+local_taxonomy+local_taxonomy+local_taxonomy;local_registry_enrichment,2026-06-03T07:15:43.584322,fund_like,True,True,,,,
03432,HK,,,,,,,,,,,,,,,,,,基金,ETF及交易所买卖产品,,港股;ETF;基金;交易所买卖产品;ETF及交易所买卖产品;被动产品,nan+local_taxonomy+local_taxonomy+local_taxonomy;local_registry_enrichment,2026-06-03T07:15:43.584322,fund_like,True,True,,,,
03433,HK,,,,,,,,,,,,,,,,,,基金,ETF及交易所买卖产品,,港股;ETF;基金;交易所买卖产品;ETF及交易所买卖产品;被动产品,nan+local_taxonomy+local_taxonomy+local_taxonomy;local_registry_enrichment,2026-06-03T07:15:43.584322,fund_like,True,True,,,,
03434,HK,,,,,,,,,,,,,,,,,,基金,ETF及交易所买卖产品,,港股;ETF;基金;交易所买卖产品;ETF及交易所买卖产品;被动产品,nan+local_taxonomy+local_taxonomy+local_taxonomy;local_registry_enrichment,2026-06-03T07:15:43.584322,fund_like,True,True,,,,
03435,HK,,,,,,,,,,,,,,,,,,基金,ETF及交易所买卖产品,,港股;ETF;基金;交易所买卖产品;ETF及交易所买卖产品;被动产品,nan+local_taxonomy+local_taxonomy+local_taxonomy;local_registry_enrichment,2026-06-03T07:15:43.584322,fund_like,True,True,,,,
03436,HK,,,,,,,,,,,,,,,,,,基金,ETF及交易所买卖产品,,港股;ETF;基金;交易所买卖产品;ETF及交易所买卖产品;被动产品,nan+local_taxonomy+local_taxonomy+local_taxonomy;local_registry_enrichment,2026-06-03T07:15:43.584322,fund_like,True,True,,,,
03437,HK,,,,,,,,,,,,,,,,,,基金,ETF及交易所买卖产品,,港股;ETF;基金;交易所买卖产品;ETF及交易所买卖产品;被动产品,nan+local_taxonomy+local_taxonomy+local_taxonomy;local_registry_enrichment,2026-06-03T07:15:43.584322,fund_like,True,True,,,,
03439,HK,,,,,,,,,,,,,,,,,,基金,ETF及交易所买卖产品,,港股;ETF;基金;交易所买卖产品;ETF及交易所买卖产品;被动产品,nan+local_taxonomy+local_taxonomy+local_taxonomy;local_registry_enrichment,2026-06-03T07:15:43.584322,fund_like,True,True,,,,
03440,HK,,,,,,,,,,,,,,,,,,基金,ETF及交易所买卖产品,,港股;ETF;基金;交易所买卖产品;ETF及交易所买卖产品;被动产品,nan+local_taxonomy+local_taxonomy+local_taxonomy;local_registry_enrichment,2026-06-03T07:15:43.584322,fund_like,True,True,,,,
03441,HK,,,,,,,,,,,,,,,,,,基金,ETF及交易所买卖产品,,港股;ETF;基金;交易所买卖产品;ETF及交易所买卖产品;被动产品,nan+local_taxonomy+local_taxonomy+local_taxonomy;local_registry_enrichment,2026-06-03T07:15:43.584322,fund_like,True,True,,,,
03442,HK,,,,,,,,,,,,,,,,,,基金,ETF及交易所买卖产品,,港股;ETF;基金;交易所买卖产品;ETF及交易所买卖产品;被动产品,nan+local_taxonomy+local_taxonomy+local_taxonomy;local_registry_enrichment,2026-06-03T07:15:43.584322,fund_like,True,True,,,,
03443,HK,,,,,,,,,,,,,,,,,,基金,ETF及交易所买卖产品,,港股;ETF;基金;交易所买卖产品;ETF及交易所买卖产品;被动产品,nan+local_taxonomy+local_taxonomy+local_taxonomy;local_registry_enrichment,2026-06-03T07:15:43.584322,fund_like,True,True,,,,
03444,HK,,,,,,,,,,,,,,,,,,基金,ETF及交易所买卖产品,,港股;ETF;基金;交易所买卖产品;ETF及交易所买卖产品;被动产品,nan+local_taxonomy+local_taxonomy+local_taxonomy;local_registry_enrichment,2026-06-03T07:15:43.584322,fund_like,True,True,,,,
03448,HK,,,,,,,,,,,,,,,,,,基金,ETF及交易所买卖产品,,港股;ETF;基金;交易所买卖产品;ETF及交易所买卖产品;被动产品,nan+local_taxonomy+local_taxonomy+local_taxonomy;local_registry_enrichment,2026-06-03T07:15:43.584322,fund_like,True,True,,,,
03450,HK,,,,,,,,,,,,,,,,,,基金,ETF及交易所买卖产品,,港股;ETF;基金;交易所买卖产品;ETF及交易所买卖产品;被动产品,nan+local_taxonomy+local_taxonomy+local_taxonomy;local_registry_enrichment,2026-06-03T07:15:43.584322,fund_like,True,True,,,,
03451,HK,,,,,,,,,,,,,,,,,,基金,ETF及交易所买卖产品,,港股;ETF;基金;交易所买卖产品;ETF及交易所买卖产品;被动产品,nan+local_taxonomy+local_taxonomy+local_taxonomy;local_registry_enrichment,2026-06-03T07:15:43.584322,fund_like,True,True,,,,
03453,HK,,,,,,,,,,,,,,,,,,基金,ETF及交易所买卖产品,,港股;ETF;基金;交易所买卖产品;ETF及交易所买卖产品;被动产品,nan+local_taxonomy+local_taxonomy+local_taxonomy;local_registry_enrichment,2026-06-03T07:15:43.584322,fund_like,True,True,,,,
03454,HK,,,,,,,,,,,,,,,,,,基金,ETF及交易所买卖产品,,港股;ETF;基金;交易所买卖产品;ETF及交易所买卖产品;被动产品,nan+local_taxonomy+local_taxonomy+local_taxonomy;local_registry_enrichment,2026-06-03T07:15:43.584322,fund_like,True,True,,,,
03455,HK,,,,,,,,,,,,,,,,,,基金,ETF及交易所买卖产品,,港股;ETF;基金;交易所买卖产品;ETF及交易所买卖产品;被动产品,nan+local_taxonomy+local_taxonomy+local_taxonomy;local_registry_enrichment,2026-06-03T07:15:43.584322,fund_like,True,True,,,,
03457,HK,,,,,,,,,,,,,,,,,,基金,ETF及交易所买卖产品,,港股;ETF;基金;交易所买卖产品;ETF及交易所买卖产品;被动产品,nan+local_taxonomy+local_taxonomy+local_taxonomy;local_registry_enrichment,2026-06-03T07:15:43.584322,fund_like,True,True,,,,
03460,HK,,,,,,,,,,,,,,,,,,基金,ETF及交易所买卖产品,,港股;ETF;基金;交易所买卖产品;ETF及交易所买卖产品;被动产品,nan+local_taxonomy+local_taxonomy+local_taxonomy;local_registry_enrichment,2026-06-03T07:15:43.584322,fund_like,True,True,,,,
03461,HK,,,,,,,,,,,,,,,,,,基金,ETF及交易所买卖产品,,港股;ETF;基金;交易所买卖产品;ETF及交易所买卖产品;被动产品,nan+local_taxonomy+local_taxonomy+local_taxonomy;local_registry_enrichment,2026-06-03T07:15:43.584322,fund_like,True,True,,,,
03466,HK,,,,,,,,,,,,,,,,,,基金,ETF及交易所买卖产品,,港股;ETF;基金;交易所买卖产品;ETF及交易所买卖产品;被动产品,nan+local_taxonomy+local_taxonomy+local_taxonomy;local_registry_enrichment,2026-06-03T07:15:43.584322,fund_like,True,True,,,,
03469,HK,,,,,,,,,,,,,,,,,,基金,ETF及交易所买卖产品,,港股;ETF;基金;交易所买卖产品;ETF及交易所买卖产品;被动产品,nan+local_taxonomy+local_taxonomy+local_taxonomy;local_registry_enrichment,2026-06-03T07:15:43.584322,fund_like,True,True,,,,
03470,HK,,,,,,,,,,,,,,,,,,基金,ETF及交易所买卖产品,,港股;ETF;基金;交易所买卖产品;ETF及交易所买卖产品;被动产品,nan+local_taxonomy+local_taxonomy+local_taxonomy;local_registry_enrichment,2026-06-03T07:15:43.584322,fund_like,True,True,,,,
03471,HK,,,,,,,,,,,,,,,,,,基金,ETF及交易所买卖产品,,港股;ETF;基金;交易所买卖产品;ETF及交易所买卖产品;被动产品,nan+local_taxonomy+local_taxonomy+local_taxonomy;local_registry_enrichment,2026-06-03T07:15:43.584322,fund_like,True,True,,,,
03472,HK,,,,,,,,,,,,,,,,,,基金,ETF及交易所买卖产品,,港股;ETF;基金;交易所买卖产品;ETF及交易所买卖产品;被动产品,nan+local_taxonomy+local_taxonomy+local_taxonomy;local_registry_enrichment,2026-06-03T07:15:43.584322,fund_like,True,True,,,,
03473,HK,,,,,,,,,,,,,,,,,,基金,ETF及交易所买卖产品,,港股;ETF;基金;交易所买卖产品;ETF及交易所买卖产品;被动产品,nan+local_taxonomy+local_taxonomy+local_taxonomy;local_registry_enrichment,2026-06-03T07:15:43.584322,fund_like,True,True,,,,
03476,HK,,,,,,,,,,,,,,,,,,基金,ETF及交易所买卖产品,,港股;ETF;基金;交易所买卖产品;ETF及交易所买卖产品;被动产品,nan+local_taxonomy+local_taxonomy+local_taxonomy;local_registry_enrichment,2026-06-03T07:15:43.584322,fund_like,True,True,,,,
03477,HK,,,,,,,,,,,,,,,,,,基金,ETF及交易所买卖产品,,港股;ETF;基金;交易所买卖产品;ETF及交易所买卖产品;被动产品,nan+local_taxonomy+local_taxonomy+local_taxonomy;local_registry_enrichment,2026-06-03T07:15:43.584322,fund_like,True,True,,,,
03478,HK,,,,,,,,,,,,,,,,,,基金,ETF及交易所买卖产品,,港股;ETF;基金;交易所买卖产品;ETF及交易所买卖产品;被动产品,nan+local_taxonomy+local_taxonomy+local_taxonomy;local_registry_enrichment,2026-06-03T07:15:43.584322,fund_like,True,True,,,,
03480,HK,,,,,,,,,,,,,,,,,,基金,ETF及交易所买卖产品,,港股;ETF;基金;交易所买卖产品;ETF及交易所买卖产品;被动产品,nan+local_taxonomy+local_taxonomy+local_taxonomy;local_registry_enrichment,2026-06-03T07:15:43.584322,fund_like,True,True,,,,
03483,HK,,,,,,,,,,,,,,,,,,基金,ETF及交易所买卖产品,,港股;ETF;基金;交易所买卖产品;ETF及交易所买卖产品;被动产品,nan+local_taxonomy+local_taxonomy+local_taxonomy;local_registry_enrichment,2026-06-03T07:15:43.584322,fund_like,True,True,,,,
03486,HK,,,,,,,,,,,,,,,,,,基金,ETF及交易所买卖产品,,港股;ETF;基金;交易所买卖产品;ETF及交易所买卖产品;被动产品,nan+local_taxonomy+local_taxonomy+local_taxonomy;local_registry_enrichment,2026-06-03T07:15:43.584322,fund_like,True,True,,,,
03488,HK,,,,,,,,,,,,,,,,,,基金,ETF及交易所买卖产品,,港股;ETF;基金;交易所买卖产品;ETF及交易所买卖产品;被动产品,nan+local_taxonomy+local_taxonomy+local_taxonomy;local_registry_enrichment,2026-06-03T07:15:43.584322,fund_like,True,True,,,,
03489,HK,,,,,,,,,,,,,,,,,,基金,ETF及交易所买卖产品,,港股;ETF;基金;交易所买卖产品;ETF及交易所买卖产品;被动产品,nan+local_taxonomy+local_taxonomy+local_taxonomy;local_registry_enrichment,2026-06-03T07:15:43.584322,fund_like,True,True,,,,
03519,HK,,,,,,,,,,,,,,,,,,基金,ETF及交易所买卖产品,,港股;ETF;基金;交易所买卖产品;ETF及交易所买卖产品;被动产品,nan+local_taxonomy+local_taxonomy+local_taxonomy;local_registry_enrichment,2026-06-03T07:15:43.584322,fund_like,True,True,,,,
03533,HK,,,,,,,,,,,,,,,,,,基金,ETF及交易所买卖产品,,港股;ETF;基金;交易所买卖产品;ETF及交易所买卖产品;被动产品,nan+local_taxonomy+local_taxonomy+local_taxonomy;local_registry_enrichment,2026-06-03T07:15:43.584322,fund_like,True,True,,,,
03535,HK,,,,,,,,,,,,,,,,,,基金,ETF及交易所买卖产品,,港股;ETF;基金;交易所买卖产品;ETF及交易所买卖产品;被动产品,nan+local_taxonomy+local_taxonomy+local_taxonomy;local_registry_enrichment,2026-06-03T07:15:43.584322,fund_like,True,True,,,,
03589,HK,,,,,,,,,,,,,,,,,,基金,ETF及交易所买卖产品,,港股;ETF;基金;交易所买卖产品;ETF及交易所买卖产品;被动产品,nan+local_taxonomy+local_taxonomy+local_taxonomy;local_registry_enrichment,2026-06-03T07:15:43.584322,fund_like,True,True,,,,
03600,HK,,,,,,,,,,,,,,,,,,医疗保健业,其他医疗保健,,港股;医疗保健业;其他医疗保健;医药医疗,akshare_eastmoney_company_profile,2026-06-02T14:23:16.175338,fund_like,False,True,,,,
03601,HK,,,,,,,,,,,,,,,,,,资讯科技业,软件服务,,港股;资讯科技业;软件服务;科技,akshare_eastmoney_company_profile,2026-06-02T14:23:16.199640,fund_like,False,True,,,,
03603,HK,,,,,,,,,,,,,,,,,,地产业,地产,,港股;地产业;地产;房地产,akshare_eastmoney_company_profile,2026-06-02T14:23:16.208722,fund_like,False,True,,,,
03606,HK,,,,,,,,,,,,,,,,,,非必需性消费,汽车,,港股;非必需性消费;汽车;消费,akshare_eastmoney_company_profile,2026-06-02T14:23:16.288309,fund_like,False,True,,,,
03613,HK,,,,,,,,,,,,,,,,,,医疗保健业,药品及生物科技,,港股;医疗保健业;药品及生物科技;医药医疗,akshare_eastmoney_company_profile,2026-06-02T14:23:16.322900,fund_like,False,True,,,,
03616,HK,,,,,,,,,,,,,,,,,,地产业,地产,,港股;地产业;地产;房地产,akshare_eastmoney_company_profile,2026-06-02T14:23:16.342975,fund_like,False,True,,,,
03618,HK,,,,,,,,,,,,,,,,,,金融业,银行,,港股;金融业;银行;金融服务,akshare_eastmoney_company_profile,2026-06-02T14:23:16.352404,fund_like,False,True,,,,
03623,HK,,,,,,,,,,,,,,,,,,金融业,其他金融,,港股;金融业;其他金融;金融服务,akshare_eastmoney_company_profile,2026-06-02T14:23:16.354014,fund_like,False,True,,,,
03625,HK,,,,,,,,,,,,,,,,,,资讯科技业,半导体,,港股;资讯科技业;半导体;科技,akshare_eastmoney_company_profile,2026-06-02T14:23:16.373553,fund_like,False,True,,,,
03626,HK,,,,,,,,,,,,,,,,,,工业,工用支援,,港股;工业;工用支援,akshare_eastmoney_company_profile,2026-06-02T14:23:16.591834,fund_like,False,True,,,,
03628,HK,,,,,,,,,,,,,,,,,,工业,工业工程,,港股;工业;工业工程,akshare_eastmoney_company_profile,2026-06-02T14:23:16.466416,fund_like,False,True,,,,
03633,HK,,,,,,,,,,,,,,,,,,公用事业,公用事业,,港股;公用事业;高股息,akshare_eastmoney_company_profile,2026-06-02T14:23:16.507366,fund_like,False,True,,,,
03636,HK,,,,,,,,,,,,,,,,,,原材料业,一般金属及矿石,,港股;原材料业;一般金属及矿石;资源材料,akshare_eastmoney_company_profile,2026-06-02T14:23:16.601799,fund_like,False,True,,,,
03638,HK,,,,,,,,,,,,,,,,,,资讯科技业,资讯科技器材,,港股;资讯科技业;资讯科技器材;科技,akshare_eastmoney_company_profile,2026-06-02T14:23:16.650344,fund_like,False,True,,,,
03639,HK,,,,,,,,,,,,,,,,,,地产业,地产,,港股;地产业;地产;房地产,akshare_eastmoney_company_profile,2026-06-02T14:23:16.534306,fund_like,False,True,,,,
03650,HK,,,,,,,,,,,,,,,,,,非必需性消费,旅游及消闲设施,,港股;非必需性消费;旅游及消闲设施;消费,akshare_eastmoney_company_profile,2026-06-02T14:23:16.560138,fund_like,False,True,,,,
03658,HK,,,,,,,,,,,,,,,,,,地产业,地产,,港股;地产业;地产;房地产,akshare_eastmoney_company_profile,2026-06-02T14:23:16.809258,fund_like,False,True,,,,
03660,HK,,,,,,,,,,,,,,,,,,金融业,其他金融,,港股;金融业;其他金融;金融服务,akshare_eastmoney_company_profile,2026-06-02T14:23:16.767394,fund_like,False,True,,,,
03662,HK,,,,,,,,,,,,,,,,,,地产业,地产,,港股;地产业;地产;房地产,akshare_eastmoney_company_profile,2026-06-02T14:23:16.696631,fund_like,False,True,,,,
03666,HK,,,,,,,,,,,,,,,,,,非必需性消费,旅游及消闲设施,,港股;非必需性消费;旅游及消闲设施;消费,akshare_eastmoney_company_profile,2026-06-02T14:23:16.687178,fund_like,False,True,,,,
03668,HK,,,,,,,,,,,,,,,,,,能源业,煤炭,,港股;能源业;煤炭;资源能源,akshare_eastmoney_company_profile,2026-06-02T14:23:16.676774,fund_like,False,True,,,,
03669,HK,,,,,,,,,,,,,,,,,,非必需性消费,专业零售,,港股;非必需性消费;专业零售;消费,akshare_eastmoney_company_profile,2026-06-02T14:23:16.830156,fund_like,False,True,,,,
03677,HK,,,,,,,,,,,,,,,,,,工业,工业工程,,港股;工业;工业工程,akshare_eastmoney_company_profile,2026-06-02T14:23:16.705970,fund_like,False,True,,,,
03678,HK,,,,,,,,,,,,,,,,,,金融业,其他金融,,港股;金融业;其他金融;金融服务,akshare_eastmoney_company_profile,2026-06-02T14:23:16.746162,fund_like,False,True,,,,
03680,HK,,,,,,,,,,,,,,,,,,资讯科技业,软件服务,,港股;资讯科技业;软件服务;科技,akshare_eastmoney_company_profile,2026-06-02T14:23:16.776786,fund_like,False,True,,,,
03681,HK,,,,,,,,,,,,,,,,,,医疗保健业,药品及生物科技,,港股;医疗保健业;药品及生物科技;医药医疗,akshare_eastmoney_company_profile,2026-06-02T14:23:16.805933,fund_like,False,True,,,,
03683,HK,,,,,,,,,,,,,,,,,,工业,工用运输,,港股;工业;工用运输,akshare_eastmoney_company_profile,2026-06-02T14:23:16.807285,fund_like,False,True,,,,
03686,HK,,,,,,,,,,,,,,,,,,综合企业,综合企业,,港股;综合企业,akshare_eastmoney_company_profile,2026-06-02T14:23:16.800655,fund_like,False,True,,,,
03688,HK,,,,,,,,,,,,,,,,,,地产业,地产,,港股;地产业;地产;房地产,akshare_eastmoney_company_profile,2026-06-02T14:23:16.841063,fund_like,False,True,,,,
03689,HK,,,,,,,,,,,,,,,,,,医疗保健业,其他医疗保健,,港股;医疗保健业;其他医疗保健;医药医疗,akshare_eastmoney_company_profile,2026-06-02T14:23:16.903248,fund_like,False,True,,,,
03690,HK,,,,,,,,,,,,,,,,,,非必需性消费,专业零售,,港股;非必需性消费;专业零售;消费,akshare_eastmoney_company_profile,2026-06-02T14:23:16.881681,fund_like,False,True,,,,
03692,HK,,,,,,,,,,,,,,,,,,医疗保健业,药品及生物科技,,港股;医疗保健业;药品及生物科技;医药医疗,akshare_eastmoney_company_profile,2026-06-02T14:23:16.995209,fund_like,False,True,,,,
03696,HK,,,,,,,,,,,,,,,,,,医疗保健业,药品及生物科技,,港股;医疗保健业;药品及生物科技;医药医疗,akshare_eastmoney_company_profile,2026-06-02T14:23:17.007823,fund_like,False,True,,,,
03698,HK,,,,,,,,,,,,,,,,,,金融业,银行,,港股;金融业;银行;金融服务,akshare_eastmoney_company_profile,2026-06-02T14:23:17.017671,fund_like,False,True,,,,
03699,HK,,,,,,,,,,,,,,,,,,地产业,地产,,港股;地产业;地产;房地产,akshare_eastmoney_company_profile,2026-06-02T14:23:17.019062,fund_like,False,True,,,,
03700,HK,,,,,,,,,,,,,,,,,,非必需性消费,媒体及娱乐,,港股;非必需性消费;媒体及娱乐;消费,akshare_eastmoney_company_profile,2026-06-02T14:23:17.332061,fund_like,False,True,,,,
03708,HK,,,,,,,,,,,,,,,,,,工业,建筑,,港股;工业;建筑,akshare_eastmoney_company_profile,2026-06-02T14:23:17.042082,fund_like,False,True,,,,
03709,HK,,,,,,,,,,,,,,,,,,非必需性消费,纺织及服饰,,港股;非必需性消费;纺织及服饰;消费,akshare_eastmoney_company_profile,2026-06-02T14:23:17.166117,fund_like,False,True,,,,
03718,HK,,,,,,,,,,,,,,,,,,工业,工业工程,,港股;工业;工业工程,akshare_eastmoney_company_profile,2026-06-02T14:23:17.053122,fund_like,False,True,,,,
03728,HK,,,,,,,,,,,,,,,,,,工业,建筑,,港股;工业;建筑,akshare_eastmoney_company_profile,2026-06-02T14:23:17.097328,fund_like,False,True,,,,
03737,HK,,,,,,,,,,,,,,,,,,医疗保健业,药品及生物科技,,港股;医疗保健业;药品及生物科技;医药医疗,akshare_eastmoney_company_profile,2026-06-02T14:23:17.144487,fund_like,False,True,,,,
03738,HK,,,,,,,,,,,,,,,,,,资讯科技业,软件服务,,港股;资讯科技业;软件服务;科技,akshare_eastmoney_company_profile,2026-06-02T14:23:17.133945,fund_like,False,True,,,,
03750,HK,,,,,,,,,,,,,,,,,,工业,工业工程,,港股;工业;工业工程,akshare_eastmoney_company_profile,2026-06-02T14:23:17.146165,fund_like,False,True,,,,
03759,HK,,,,,,,,,,,,,,,,,,医疗保健业,药品及生物科技,,港股;医疗保健业;药品及生物科技;医药医疗,akshare_eastmoney_company_profile,2026-06-02T14:23:17.257583,fund_like,False,True,,,,
03768,HK,,,,,,,,,,,,,,,,,,公用事业,公用事业,,港股;公用事业;高股息,akshare_eastmoney_company_profile,2026-06-02T14:23:17.162552,fund_like,False,True,,,,
03773,HK,,,,,,,,,,,,,,,,,,非必需性消费,媒体及娱乐,,港股;非必需性消费;媒体及娱乐;消费,akshare_eastmoney_company_profile,2026-06-02T14:23:17.215435,fund_like,False,True,,,,
03778,HK,,,,,,,,,,,,,,,,,,非必需性消费,纺织及服饰,,港股;非必需性消费;纺织及服饰;消费,akshare_eastmoney_company_profile,2026-06-02T14:23:17.256031,fund_like,False,True,,,,
03788,HK,,,,,,,,,,,,,,,,,,原材料业,一般金属及矿石,,港股;原材料业;一般金属及矿石;资源材料,akshare_eastmoney_company_profile,2026-06-02T14:23:17.315358,fund_like,False,True,,,,
03789,HK,,,,,,,,,,,,,,,,,,工业,建筑,,港股;工业;建筑,akshare_eastmoney_company_profile,2026-06-02T14:23:17.389074,fund_like,False,True,,,,
03798,HK,,,,,,,,,,,,,,,,,,资讯科技业,软件服务,,港股;资讯科技业;软件服务;科技,akshare_eastmoney_company_profile,2026-06-02T14:23:17.277567,fund_like,False,True,,,,
03800,HK,,,,,,,,,,,,,,,,,,工业,工业工程,,港股;工业;工业工程,akshare_eastmoney_company_profile,2026-06-02T14:23:17.281183,fund_like,False,True,,,,
03808,HK,,,,,,,,,,,,,,,,,,工业,工业工程,,港股;工业;工业工程,akshare_eastmoney_company_profile,2026-06-02T14:23:17.299865,fund_like,False,True,,,,
03813,HK,,,,,,,,,,,,,,,,,,非必需性消费,专业零售,,港股;非必需性消费;专业零售;消费,akshare_eastmoney_company_profile,2026-06-02T14:23:17.502864,fund_like,False,True,,,,
03816,HK,,,,,,,,,,,,,,,,,,工业,工业工程,,港股;工业;工业工程,akshare_eastmoney_company_profile,2026-06-02T14:23:17.378826,fund_like,False,True,,,,
03818,HK,,,,,,,,,,,,,,,,,,非必需性消费,纺织及服饰,,港股;非必需性消费;纺织及服饰;消费,akshare_eastmoney_company_profile,2026-06-02T14:23:17.431958,fund_like,False,True,,,,
03822,HK,,,,,,,,,,,,,,,,,,工业,建筑,,港股;工业;建筑,akshare_eastmoney_company_profile,2026-06-02T14:23:17.429434,fund_like,False,True,,,,
03828,HK,,,,,,,,,,,,,,,,,,非必需性消费,消费者主要零售商,,港股;非必需性消费;消费者主要零售商;消费,akshare_eastmoney_company_profile,2026-06-02T14:23:17.489061,fund_like,False,True,,,,
03830,HK,,,,,,,,,,,,,,,,,,非必需性消费,家庭电器及用品,,港股;非必需性消费;家庭电器及用品;消费,akshare_eastmoney_company_profile,2026-06-02T14:23:17.457081,fund_like,False,True,,,,
03833,HK,,,,,,,,,,,,,,,,,,原材料业,一般金属及矿石,,港股;原材料业;一般金属及矿石;资源材料,akshare_eastmoney_company_profile,2026-06-02T14:23:17.477261,fund_like,False,True,,,,
03836,HK,,,,,,,,,,,,,,,,,,非必需性消费,专业零售,,港股;非必需性消费;专业零售;消费,akshare_eastmoney_company_profile,2026-06-02T14:23:17.487917,fund_like,False,True,,,,
03838,HK,,,,,,,,,,,,,,,,,,必需性消费,农业产品,,港股;必需性消费;农业产品,akshare_eastmoney_company_profile,2026-06-02T14:23:17.511151,fund_like,False,True,,,,
03839,HK,,,,,,,,,,,,,,,,,,医疗保健业,药品及生物科技,,港股;医疗保健业;药品及生物科技;医药医疗,akshare_eastmoney_company_profile,2026-06-02T14:23:17.538644,fund_like,False,True,,,,
03848,HK,,,,,,,,,,,,,,,,,,金融业,其他金融,,港股;金融业;其他金融;金融服务,akshare_eastmoney_company_profile,2026-06-02T14:23:17.547599,fund_like,False,True,,,,
03858,HK,,,,,,,,,,,,,,,,,,原材料业,一般金属及矿石,,港股;原材料业;一般金属及矿石;资源材料,akshare_eastmoney_company_profile,2026-06-02T14:23:17.584958,fund_like,False,True,,,,
03860,HK,,,,,,,,,,,,,,,,,,非必需性消费,纺织及服饰,,港股;非必需性消费;纺织及服饰;消费,akshare_eastmoney_company_profile,2026-06-02T14:23:17.583433,fund_like,False,True,,,,
03866,HK,,,,,,,,,,,,,,,,,,金融业,银行,,港股;金融业;银行;金融服务,akshare_eastmoney_company_profile,2026-06-02T14:23:17.628649,fund_like,False,True,,,,
03868,HK,,,,,,,,,,,,,,,,,,公用事业,公用事业,,港股;公用事业;高股息,akshare_eastmoney_company_profile,2026-06-02T14:23:17.651502,fund_like,False,True,,,,
03869,HK,,,,,,,,,,,,,,,,,,医疗保健业,其他医疗保健,,港股;医疗保健业;其他医疗保健;医药医疗,akshare_eastmoney_company_profile,2026-06-02T14:23:17.824140,fund_like,False,True,,,,
03877,HK,,,,,,,,,,,,,,,,,,工业,工用运输,,港股;工业;工用运输,akshare_eastmoney_company_profile,2026-06-02T14:23:17.700412,fund_like,False,True,,,,
03878,HK,,,,,,,,,,,,,,,,,,工业,建筑,,港股;工业;建筑,akshare_eastmoney_company_profile,2026-06-02T14:23:17.721679,fund_like,False,True,,,,
03880,HK,,,,,,,,,,,,,,,,,,医疗保健业,药品及生物科技,,港股;医疗保健业;药品及生物科技;医药医疗,akshare_eastmoney_company_profile,2026-06-02T14:23:17.730090,fund_like,False,True,,,,
03881,HK,,,,,,,,,,,,,,,,,,工业,工业工程,,港股;工业;工业工程,akshare_eastmoney_company_profile,2026-06-02T14:23:17.742965,fund_like,False,True,,,,
03882,HK,,,,,,,,,,,,,,,,,,非必需性消费,家庭电器及用品,,港股;非必需性消费;家庭电器及用品;消费,akshare_eastmoney_company_profile,2026-06-02T14:23:17.760012,fund_like,False,True,,,,
03883,HK,,,,,,,,,,,,,,,,,,地产业,地产,,港股;地产业;地产;房地产,akshare_eastmoney_company_profile,2026-06-02T14:23:17.758418,fund_like,False,True,,,,
03886,HK,,,,,,,,,,,,,,,,,,医疗保健业,其他医疗保健,,港股;医疗保健业;其他医疗保健;医药医疗,akshare_eastmoney_company_profile,2026-06-02T14:23:17.774106,fund_like,False,True,,,,
03887,HK,,,,,,,,,,,,,,,,,,金融业,其他金融,,港股;金融业;其他金融;金融服务,akshare_eastmoney_company_profile,2026-06-02T14:23:17.797836,fund_like,False,True,,,,
03888,HK,,,,,,,,,,,,,,,,,,资讯科技业,软件服务,,港股;资讯科技业;软件服务;科技,akshare_eastmoney_company_profile,2026-06-02T14:23:17.811639,fund_like,False,True,,,,
03889,HK,,,,,,,,,,,,,,,,,,必需性消费,农业产品,,港股;必需性消费;农业产品,akshare_eastmoney_company_profile,2026-06-02T14:23:17.833754,fund_like,False,True,,,,
03893,HK,,,,,,,,,,,,,,,,,,非必需性消费,家庭电器及用品,,港股;非必需性消费;家庭电器及用品;消费,akshare_eastmoney_company_profile,2026-06-02T14:23:17.854851,fund_like,False,True,,,,
03896,HK,,,,,,,,,,,,,,,,,,资讯科技业,软件服务,,港股;资讯科技业;软件服务;科技,akshare_eastmoney_company_profile,2026-06-02T14:23:18.095246,fund_like,False,True,,,,
03898,HK,,,,,,,,,,,,,,,,,,工业,工业工程,,港股;工业;工业工程,akshare_eastmoney_company_profile,2026-06-02T14:23:17.903213,fund_like,False,True,,,,
03899,HK,,,,,,,,,,,,,,,,,,能源业,石油及天然气,,港股;能源业;石油及天然气;资源能源,akshare_eastmoney_company_profile,2026-06-02T14:23:17.932794,fund_like,False,True,,,,
03900,HK,,,,,,,,,,,,,,,,,,地产业,地产,,港股;地产业;地产;房地产,akshare_eastmoney_company_profile,2026-06-02T14:23:17.979131,fund_like,False,True,,,,
03903,HK,,,,,,,,,,,,,,,,,,金融业,其他金融,,港股;金融业;其他金融;金融服务,akshare_eastmoney_company_profile,2026-06-02T14:23:17.976564,fund_like,False,True,,,,
03908,HK,,,,,,,,,,,,,,,,,,金融业,其他金融,,港股;金融业;其他金融;金融服务,akshare_eastmoney_company_profile,2026-06-02T14:23:17.993688,fund_like,False,True,,,,
03913,HK,,,,,,,,,,,,,,,,,,地产业,地产,,港股;地产业;地产;房地产,akshare_eastmoney_company_profile,2026-06-02T14:23:18.002640,fund_like,False,True,,,,
03918,HK,,,,,,,,,,,,,,,,,,非必需性消费,旅游及消闲设施,,港股;非必需性消费;旅游及消闲设施;消费,akshare_eastmoney_company_profile,2026-06-02T14:23:18.005223,fund_like,False,True,,,,
03919,HK,,,,,,,,,,,,,,,,,,工业,工业工程,,港股;工业;工业工程,akshare_eastmoney_company_profile,2026-06-02T14:23:18.014188,fund_like,False,True,,,,
03928,HK,,,,,,,,,,,,,,,,,,工业,建筑,,港股;工业;建筑,akshare_eastmoney_company_profile,2026-06-02T14:23:18.024424,fund_like,False,True,,,,
03931,HK,,,,,,,,,,,,,,,,,,工业,工业工程,,港股;工业;工业工程,akshare_eastmoney_company_profile,2026-06-02T14:23:18.131076,fund_like,False,True,,,,
03933,HK,,,,,,,,,,,,,,,,,,医疗保健业,药品及生物科技,,港股;医疗保健业;药品及生物科技;医药医疗,akshare_eastmoney_company_profile,2026-06-02T14:23:18.111371,fund_like,False,True,,,,
03938,HK,,,,,,,,,,,,,,,,,,金融业,其他金融,,港股;金融业;其他金融;金融服务,akshare_eastmoney_company_profile,2026-06-02T14:23:18.206238,fund_like,False,True,,,,
03939,HK,,,,,,,,,,,,,,,,,,原材料业,黄金及贵金属,,港股;原材料业;黄金及贵金属;资源材料,akshare_eastmoney_company_profile,2026-06-02T14:23:18.207846,fund_like,False,True,,,,
03958,HK,,,,,,,,,,,,,,,,,,金融业,其他金融,,港股;金融业;其他金融;金融服务,akshare_eastmoney_company_profile,2026-06-02T14:23:18.225522,fund_like,False,True,,,,
03963,HK,,,,,,,,,,,,,,,,,,金融业,其他金融,,港股;金融业;其他金融;金融服务,akshare_eastmoney_company_profile,2026-06-02T14:23:18.282708,fund_like,False,True,,,,
03968,HK,,,,,,,,,,,,,,,,,,金融业,银行,,港股;金融业;银行;金融服务,akshare_eastmoney_company_profile,2026-06-02T14:23:18.224004,fund_like,False,True,,,,
03969,HK,,,,,,,,,,,,,,,,,,工业,工业工程,,港股;工业;工业工程,akshare_eastmoney_company_profile,2026-06-02T14:23:18.251538,fund_like,False,True,,,,
03978,HK,,,,,,,,,,,,,,,,,,非必需性消费,支援服务,,港股;非必需性消费;支援服务,akshare_eastmoney_company_profile,2026-06-02T14:23:18.264683,fund_like,False,True,,,,
03983,HK,,,,,,,,,,,,,,,,,,原材料业,原材料,,港股;原材料业;原材料;资源材料,akshare_eastmoney_company_profile,2026-06-02T14:23:18.272980,fund_like,False,True,,,,
03986,HK,,,,,,,,,,,,,,,,,,资讯科技业,半导体,,港股;资讯科技业;半导体;科技,akshare_eastmoney_company_profile,2026-06-02T14:23:18.343148,fund_like,False,True,,,,
03988,HK,,,,,,,,,,,,,,,,,,金融业,银行,,港股;金融业;银行;金融服务,akshare_eastmoney_company_profile,2026-06-02T14:23:18.372040,fund_like,False,True,,,,
03989,HK,,,,,,,,,,,,,,,,,,公用事业,公用事业,,港股;公用事业;高股息,akshare_eastmoney_company_profile,2026-06-02T14:23:18.400271,fund_like,False,True,,,,
03990,HK,,,,,,,,,,,,,,,,,,地产业,地产,,港股;地产业;地产;房地产,akshare_eastmoney_company_profile,2026-06-02T14:23:18.408869,fund_like,False,True,,,,
03991,HK,,,,,,,,,,,,,,,,,,资讯科技业,资讯科技器材,,港股;资讯科技业;资讯科技器材;科技,akshare_eastmoney_company_profile,2026-06-02T14:23:18.435174,fund_like,False,True,,,,
03993,HK,,,,,,,,,,,,,,,,,,原材料业,一般金属及矿石,,港股;原材料业;一般金属及矿石;资源材料,akshare_eastmoney_company_profile,2026-06-02T14:23:18.524758,fund_like,False,True,,,,
03996,HK,,,,,,,,,,,,,,,,,,工业,工业工程,,港股;工业;工业工程,akshare_eastmoney_company_profile,2026-06-02T14:23:18.458062,fund_like,False,True,,,,
03997,HK,,,,,,,,,,,,,,,,,,资讯科技业,资讯科技器材,,港股;资讯科技业;资讯科技器材;科技,akshare_eastmoney_company_profile,2026-06-02T14:23:18.456549,fund_like,False,True,,,,
03998,HK,,,,,,,,,,,,,,,,,,非必需性消费,纺织及服饰,,港股;非必需性消费;纺织及服饰;消费,akshare_eastmoney_company_profile,2026-06-02T14:23:18.486020,fund_like,False,True,,,,
03999,HK,,,,,,,,,,,,,,,,,,必需性消费,农业产品,,港股;必需性消费;农业产品,akshare_eastmoney_company_profile,2026-06-02T14:23:18.556716,fund_like,False,True,,,,
04332,HK,,,,,,,,,,,,,,,,,,基金,结构性产品,,港股;结构性产品;存托凭证;基金;被动产品,nan+local_taxonomy+local_taxonomy+local_taxonomy;local_registry_enrichment,2026-06-03T07:15:43.584322,fund_like,True,True,local_registry_enrichment,2026-06-03T07:15:43.584322,,
04333,HK,,,,,,,,,,,,,,,,,,基金,结构性产品,,港股;结构性产品;存托凭证;基金;被动产品,nan+local_taxonomy+local_taxonomy+local_taxonomy;local_registry_enrichment,2026-06-03T07:15:43.584322,fund_like,True,True,local_registry_enrichment,2026-06-03T07:15:43.584322,,
04335,HK,,,,,,,,,,,,,,,,,,基金,结构性产品,,港股;结构性产品;存托凭证;基金;被动产品,nan+local_taxonomy+local_taxonomy+local_taxonomy;local_registry_enrichment,2026-06-03T07:15:43.584322,fund_like,True,True,local_registry_enrichment,2026-06-03T07:15:43.584322,,
04336,HK,,,,,,,,,,,,,,,,,,基金,结构性产品,,港股;结构性产品;存托凭证;基金;被动产品,nan+local_taxonomy+local_taxonomy+local_taxonomy;local_registry_enrichment,2026-06-03T07:15:43.584322,fund_like,True,True,local_registry_enrichment,2026-06-03T07:15:43.584322,,
04337,HK,,,,,,,,,,,,,,,,,,基金,结构性产品,,港股;结构性产品;存托凭证;基金;被动产品,nan+local_taxonomy+local_taxonomy+local_taxonomy;local_registry_enrichment,2026-06-03T07:15:43.584322,fund_like,True,True,local_registry_enrichment,2026-06-03T07:15:43.584322,,
04338,HK,,,,,,,,,,,,,,,,,,基金,结构性产品,,港股;结构性产品;存托凭证;基金;被动产品,nan+local_taxonomy+local_taxonomy+local_taxonomy;local_registry_enrichment,2026-06-03T07:15:43.584322,fund_like,True,True,local_registry_enrichment,2026-06-03T07:15:43.584322,,
04621,HK,,,,,,,,,,,,,,,,,,金融业,其他金融,,港股;金融业;其他金融;金融服务,akshare_eastmoney_company_profile,2026-06-02T14:23:18.625524,common_stock,False,True,,,,
04855,HK,,,,,,,,,,,,,,,,,,非必需性消费,专业零售,,港股;非必需性消费;专业零售;消费,akshare_eastmoney_company_profile,2026-06-02T14:23:18.718275,common_stock,False,True,,,,
06030,HK,,,,,,,,,,,,,,,,,,金融业,其他金融,,港股;金融业;其他金融;金融服务,akshare_eastmoney_company_profile,2026-06-02T14:23:18.947302,common_stock,False,True,,,,
06031,HK,,,,,,,,,,,,,,,,,,工业,工业工程,,港股;工业;工业工程,akshare_eastmoney_company_profile,2026-06-02T14:23:18.776721,common_stock,False,True,,,,
06033,HK,,,,,,,,,,,,,,,,,,资讯科技业,资讯科技器材,,港股;资讯科技业;资讯科技器材;科技,akshare_eastmoney_company_profile,2026-06-02T14:23:18.806074,common_stock,False,True,,,,
06036,HK,,,,,,,,,,,,,,,,,,工业,工业工程,,港股;工业;工业工程,akshare_eastmoney_company_profile,2026-06-02T14:23:18.815433,common_stock,False,True,,,,
06038,HK,,,,,,,,,,,,,,,,,,工业,建筑,,港股;工业;建筑,akshare_eastmoney_company_profile,2026-06-02T14:23:18.841101,common_stock,False,True,,,,
06049,HK,,,,,,,,,,,,,,,,,,地产业,地产,,港股;地产业;地产;房地产,akshare_eastmoney_company_profile,2026-06-02T14:23:18.928283,common_stock,False,True,,,,
06051,HK,,,,,,,,,,,,,,,,,,资讯科技业,软件服务,,港股;资讯科技业;软件服务;科技,akshare_eastmoney_company_profile,2026-06-02T14:23:18.862324,common_stock,False,True,,,,
06055,HK,,,,,,,,,,,,,,,,,,必需性消费,食物饮品,,港股;必需性消费;食物饮品,akshare_eastmoney_company_profile,2026-06-02T14:23:18.965804,common_stock,False,True,,,,
06058,HK,,,,,,,,,,,,,,,,,,金融业,其他金融,,港股;金融业;其他金融;金融服务,akshare_eastmoney_company_profile,2026-06-02T14:23:18.891667,common_stock,False,True,,,,
06060,HK,,,,,,,,,,,,,,,,,,金融业,保险,,港股;金融业;保险;金融服务,akshare_eastmoney_company_profile,2026-06-02T14:23:19.000774,common_stock,False,True,,,,
06063,HK,,,,,,,,,,,,,,,,,,工业,建筑,,港股;工业;建筑,akshare_eastmoney_company_profile,2026-06-02T14:23:18.918704,common_stock,False,True,,,,
06066,HK,,,,,,,,,,,,,,,,,,金融业,其他金融,,港股;金融业;其他金融;金融服务,akshare_eastmoney_company_profile,2026-06-02T14:23:18.938602,common_stock,False,True,,,,
06068,HK,,,,,,,,,,,,,,,,,,非必需性消费,支援服务,,港股;非必需性消费;支援服务,akshare_eastmoney_company_profile,2026-06-02T14:23:18.957093,common_stock,False,True,,,,
06069,HK,,,,,,,,,,,,,,,,,,金融业,其他金融,,港股;金融业;其他金融;金融服务,akshare_eastmoney_company_profile,2026-06-02T14:23:19.025462,common_stock,False,True,,,,
06078,HK,,,,,,,,,,,,,,,,,,医疗保健业,其他医疗保健,,港股;医疗保健业;其他医疗保健;医药医疗,akshare_eastmoney_company_profile,2026-06-02T14:23:19.022421,common_stock,False,True,,,,
06080,HK,,,,,,,,,,,,,,,,,,工业,建筑,,港股;工业;建筑,akshare_eastmoney_company_profile,2026-06-02T14:23:19.135214,common_stock,False,True,,,,
06082,HK,,,,,,,,,,,,,,,,,,资讯科技业,软件服务,,港股;资讯科技业;软件服务;科技,akshare_eastmoney_company_profile,2026-06-02T14:23:19.032594,common_stock,False,True,,,,
06083,HK,,,,,,,,,,,,,,,,,,工业,工用支援,,港股;工业;工用支援,akshare_eastmoney_company_profile,2026-06-02T14:23:19.044446,common_stock,False,True,,,,
06086,HK,,,,,,,,,,,,,,,,,,医疗保健业,药品及生物科技,,港股;医疗保健业;药品及生物科技;医药医疗,akshare_eastmoney_company_profile,2026-06-02T14:23:19.065237,common_stock,False,True,,,,
06088,HK,,,,,,,,,,,,,,,,,,工业,工业工程,,港股;工业;工业工程,akshare_eastmoney_company_profile,2026-06-02T14:23:19.056612,common_stock,False,True,,,,
06090,HK,,,,,,,,,,,,,,,,,,非必需性消费,家庭电器及用品,,港股;非必需性消费;家庭电器及用品;消费,akshare_eastmoney_company_profile,2026-06-02T14:23:19.098357,common_stock,False,True,,,,
06093,HK,,,,,,,,,,,,,,,,,,地产业,地产,,港股;地产业;地产;房地产,akshare_eastmoney_company_profile,2026-06-02T14:23:19.180350,common_stock,False,True,,,,
06098,HK,,,,,,,,,,,,,,,,,,地产业,地产,,港股;地产业;地产;房地产,akshare_eastmoney_company_profile,2026-06-02T14:23:19.451657,common_stock,False,True,,,,
06099,HK,,,,,,,,,,,,,,,,,,金融业,其他金融,,港股;金融业;其他金融;金融服务,akshare_eastmoney_company_profile,2026-06-02T14:23:19.190884,common_stock,False,True,,,,
06100,HK,,,,,,,,,,,,,,,,,,非必需性消费,支援服务,,港股;非必需性消费;支援服务,akshare_eastmoney_company_profile,2026-06-02T14:23:19.230786,common_stock,False,True,,,,
06108,HK,,,,,,,,,,,,,,,,,,医疗保健业,药品及生物科技,,港股;医疗保健业;药品及生物科技;医药医疗,akshare_eastmoney_company_profile,2026-06-02T14:23:19.228232,common_stock,False,True,,,,
06110,HK,,,,,,,,,,,,,,,,,,非必需性消费,专业零售,,港股;非必需性消费;专业零售;消费,akshare_eastmoney_company_profile,2026-06-02T14:23:19.270399,common_stock,False,True,,,,
06113,HK,,,,,,,,,,,,,,,,,,非必需性消费,媒体及娱乐,,港股;非必需性消费;媒体及娱乐;消费,akshare_eastmoney_company_profile,2026-06-02T14:23:19.250452,common_stock,False,True,,,,
06117,HK,,,,,,,,,,,,,,,,,,工业,工用运输,,港股;工业;工用运输,akshare_eastmoney_company_profile,2026-06-02T14:23:19.253396,common_stock,False,True,,,,
06118,HK,,,,,,,,,,,,,,,,,,医疗保健业,药品及生物科技,,港股;医疗保健业;药品及生物科技;医药医疗,akshare_eastmoney_company_profile,2026-06-02T14:23:19.272740,common_stock,False,True,,,,
06119,HK,,,,,,,,,,,,,,,,,,工业,工用运输,,港股;工业;工用运输,akshare_eastmoney_company_profile,2026-06-02T14:23:19.311334,common_stock,False,True,,,,
06123,HK,,,,,,,,,,,,,,,,,,工业,工用运输,,港股;工业;工用运输,akshare_eastmoney_company_profile,2026-06-02T14:23:19.398302,common_stock,False,True,,,,
06127,HK,,,,,,,,,,,,,,,,,,医疗保健业,药品及生物科技,,港股;医疗保健业;药品及生物科技;医药医疗,akshare_eastmoney_company_profile,2026-06-02T14:23:19.378555,common_stock,False,True,,,,
06128,HK,,,,,,,,,,,,,,,,,,原材料业,一般金属及矿石,,港股;原材料业;一般金属及矿石;资源材料,akshare_eastmoney_company_profile,2026-06-02T14:23:19.433105,common_stock,False,True,,,,
06133,HK,,,,,,,,,,,,,,,,,,资讯科技业,资讯科技器材,,港股;资讯科技业;资讯科技器材;科技,akshare_eastmoney_company_profile,2026-06-02T14:23:19.449663,common_stock,False,True,,,,
06136,HK,,,,,,,,,,,,,,,,,,公用事业,公用事业,,港股;公用事业;高股息,akshare_eastmoney_company_profile,2026-06-02T14:23:19.445996,common_stock,False,True,,,,
06138,HK,,,,,,,,,,,,,,,,,,金融业,银行,,港股;金融业;银行;金融服务,akshare_eastmoney_company_profile,2026-06-02T14:23:19.443627,common_stock,False,True,,,,
06158,HK,,,,,,,,,,,,,,,,,,地产业,地产,,港股;地产业;地产;房地产,akshare_eastmoney_company_profile,2026-06-02T14:23:19.474780,common_stock,False,True,,,,
06160,HK,,,,,,,,,,,,,,,,,,医疗保健业,药品及生物科技,,港股;医疗保健业;药品及生物科技;医药医疗,akshare_eastmoney_company_profile,2026-06-02T14:23:19.476659,common_stock,False,True,,,,
06162,HK,,,,,,,,,,,,,,,,,,非必需性消费,汽车,,港股;非必需性消费;汽车;消费,akshare_eastmoney_company_profile,2026-06-02T14:23:19.588794,common_stock,False,True,,,,
06163,HK,,,,,,,,,,,,,,,,,,工业,工业工程,,港股;工业;工业工程,akshare_eastmoney_company_profile,2026-06-02T14:23:19.776370,common_stock,False,True,,,,
06166,HK,,,,,,,,,,,,,,,,,,资讯科技业,资讯科技器材,,港股;资讯科技业;资讯科技器材;科技,akshare_eastmoney_company_profile,2026-06-02T14:23:19.570257,common_stock,False,True,,,,
06168,HK,,,,,,,,,,,,,,,,,,非必需性消费,专业零售,,港股;非必需性消费;专业零售;消费,akshare_eastmoney_company_profile,2026-06-02T14:23:19.654095,common_stock,False,True,,,,
06169,HK,,,,,,,,,,,,,,,,,,非必需性消费,支援服务,,港股;非必需性消费;支援服务,akshare_eastmoney_company_profile,2026-06-02T14:23:19.652216,common_stock,False,True,,,,
06178,HK,,,,,,,,,,,,,,,,,,金融业,其他金融,,港股;金融业;其他金融;金融服务,akshare_eastmoney_company_profile,2026-06-02T14:23:19.637628,common_stock,False,True,,,,
06181,HK,,,,,,,,,,,,,,,,,,非必需性消费,纺织及服饰,,港股;非必需性消费;纺织及服饰;消费,akshare_eastmoney_company_profile,2026-06-02T14:23:19.643612,common_stock,False,True,,,,
06182,HK,,,,,,,,,,,,,,,,,,工业,建筑,,港股;工业;建筑,akshare_eastmoney_company_profile,2026-06-02T14:23:19.640389,common_stock,False,True,,,,
06185,HK,,,,,,,,,,,,,,,,,,医疗保健业,药品及生物科技,,港股;医疗保健业;药品及生物科技;医药医疗,akshare_eastmoney_company_profile,2026-06-02T14:23:19.754775,common_stock,False,True,,,,
06186,HK,,,,,,,,,,,,,,,,,,必需性消费,食物饮品,,港股;必需性消费;食物饮品,akshare_eastmoney_company_profile,2026-06-02T14:23:19.693446,common_stock,False,True,,,,
06188,HK,,,,,,,,,,,,,,,,,,资讯科技业,资讯科技器材,,港股;资讯科技业;资讯科技器材;科技,akshare_eastmoney_company_profile,2026-06-02T14:23:19.745667,common_stock,False,True,,,,
06189,HK,,,,,,,,,,,,,,,,,,工业,建筑,,港股;工业;建筑,akshare_eastmoney_company_profile,2026-06-02T14:23:19.805780,common_stock,False,True,,,,
06190,HK,,,,,,,,,,,,,,,,,,金融业,银行,,港股;金融业;银行;金融服务,akshare_eastmoney_company_profile,2026-06-02T14:23:19.808310,common_stock,False,True,,,,
06193,HK,,,,,,,,,,,,,,,,,,工业,建筑,,港股;工业;建筑,akshare_eastmoney_company_profile,2026-06-02T14:23:19.847048,common_stock,False,True,,,,
06196,HK,,,,,,,,,,,,,,,,,,金融业,银行,,港股;金融业;银行;金融服务,akshare_eastmoney_company_profile,2026-06-02T14:23:19.827034,common_stock,False,True,,,,
06198,HK,,,,,,,,,,,,,,,,,,工业,工用运输,,港股;工业;工用运输,akshare_eastmoney_company_profile,2026-06-02T14:23:19.852499,common_stock,False,True,,,,
06199,HK,,,,,,,,,,,,,,,,,,金融业,银行,,港股;金融业;银行;金融服务,akshare_eastmoney_company_profile,2026-06-02T14:23:19.850756,common_stock,False,True,,,,
06288,HK,,,,,,,,,,,,,,,,,,非必需性消费,纺织及服饰,,港股;非必需性消费;纺织及服饰;消费,akshare_eastmoney_company_profile,2026-06-02T14:23:19.870680,common_stock,False,True,,,,
06600,HK,,,,,,,,,,,,,,,,,,非必需性消费,家庭电器及用品,,港股;非必需性消费;家庭电器及用品;消费,akshare_eastmoney_company_profile,2026-06-02T14:23:19.910929,common_stock,False,True,,,,
06601,HK,,,,,,,,,,,,,,,,,,非必需性消费,消费者主要零售商,,港股;非必需性消费;消费者主要零售商;消费,akshare_eastmoney_company_profile,2026-06-02T14:23:19.949767,common_stock,False,True,,,,
06603,HK,,,,,,,,,,,,,,,,,,必需性消费,食物饮品,,港股;必需性消费;食物饮品,akshare_eastmoney_company_profile,2026-06-02T14:23:19.939845,common_stock,False,True,,,,
06606,HK,,,,,,,,,,,,,,,,,,医疗保健业,其他医疗保健,,港股;医疗保健业;其他医疗保健;医药医疗,akshare_eastmoney_company_profile,2026-06-02T14:23:19.951353,common_stock,False,True,,,,
06608,HK,,,,,,,,,,,,,,,,,,资讯科技业,软件服务,,港股;资讯科技业;软件服务;科技,akshare_eastmoney_company_profile,2026-06-02T14:23:19.966436,common_stock,False,True,,,,
06609,HK,,,,,,,,,,,,,,,,,,医疗保健业,其他医疗保健,,港股;医疗保健业;其他医疗保健;医药医疗,akshare_eastmoney_company_profile,2026-06-02T14:23:20.000517,common_stock,False,True,,,,
06610,HK,,,,,,,,,,,,,,,,,,资讯科技业,软件服务,,港股;资讯科技业;软件服务;科技,akshare_eastmoney_company_profile,2026-06-02T14:23:20.003114,common_stock,False,True,,,,
06611,HK,,,,,,,,,,,,,,,,,,地产业,地产,,港股;地产业;地产;房地产,akshare_eastmoney_company_profile,2026-06-02T14:23:20.017779,common_stock,False,True,,,,
06613,HK,,,,,,,,,,,,,,,,,,工业,工业工程,,港股;工业;工业工程,akshare_eastmoney_company_profile,2026-06-02T14:23:20.021041,common_stock,False,True,,,,
06616,HK,,,,,,,,,,,,,,,,,,原材料业,原材料,,港股;原材料业;原材料;资源材料,akshare_eastmoney_company_profile,2026-06-02T14:23:20.051374,common_stock,False,True,,,,
06618,HK,,,,,,,,,,,,,,,,,,医疗保健业,药品及生物科技,,港股;医疗保健业;药品及生物科技;医药医疗,akshare_eastmoney_company_profile,2026-06-02T14:23:20.074233,common_stock,False,True,,,,
06622,HK,,,,,,,,,,,,,,,,,,医疗保健业,药品及生物科技,,港股;医疗保健业;药品及生物科技;医药医疗,akshare_eastmoney_company_profile,2026-06-02T14:23:20.085828,common_stock,False,True,,,,
06623,HK,,,,,,,,,,,,,,,,,,金融业,其他金融,,港股;金融业;其他金融;金融服务,akshare_eastmoney_company_profile,2026-06-02T14:23:20.083997,common_stock,False,True,,,,
06626,HK,,,,,,,,,,,,,,,,,,地产业,地产,,港股;地产业;地产;房地产,akshare_eastmoney_company_profile,2026-06-02T14:23:20.138353,common_stock,False,True,,,,
06628,HK,,,,,,,,,,,,,,,,,,医疗保健业,药品及生物科技,,港股;医疗保健业;药品及生物科技;医药医疗,akshare_eastmoney_company_profile,2026-06-02T14:23:20.163544,common_stock,False,True,,,,
06633,HK,,,,,,,,,,,,,,,,,,资讯科技业,软件服务,,港股;资讯科技业;软件服务;科技,akshare_eastmoney_company_profile,2026-06-02T14:23:20.201762,common_stock,False,True,,,,
06636,HK,,,,,,,,,,,,,,,,,,资讯科技业,软件服务,,港股;资讯科技业;软件服务;科技,akshare_eastmoney_company_profile,2026-06-02T14:23:20.189916,common_stock,False,True,,,,
06638,HK,,,,,,,,,,,,,,,,,,资讯科技业,软件服务,,港股;资讯科技业;软件服务;科技,akshare_eastmoney_company_profile,2026-06-02T14:23:20.227696,common_stock,False,True,,,,
06639,HK,,,,,,,,,,,,,,,,,,医疗保健业,其他医疗保健,,港股;医疗保健业;其他医疗保健;医药医疗,akshare_eastmoney_company_profile,2026-06-02T14:23:20.252783,common_stock,False,True,,,,
06651,HK,,,,,,,,,,,,,,,,,,资讯科技业,软件服务,,港股;资讯科技业;软件服务;科技,akshare_eastmoney_company_profile,2026-06-02T14:23:20.261358,common_stock,False,True,,,,
06655,HK,,,,,,,,,,,,,,,,,,工业,建筑,,港股;工业;建筑,akshare_eastmoney_company_profile,2026-06-02T14:23:20.349098,common_stock,False,True,,,,
06656,HK,,,,,,,,,,,,,,,,,,工业,工业工程,,港股;工业;工业工程,akshare_eastmoney_company_profile,2026-06-02T14:23:20.295208,common_stock,False,True,,,,
06657,HK,,,,,,,,,,,,,,,,,,资讯科技业,软件服务,,港股;资讯科技业;软件服务;科技,akshare_eastmoney_company_profile,2026-06-02T14:23:20.336144,common_stock,False,True,,,,
06660,HK,,,,,,,,,,,,,,,,,,医疗保健业,药品及生物科技,,港股;医疗保健业;药品及生物科技;医药医疗,akshare_eastmoney_company_profile,2026-06-02T14:23:20.326579,common_stock,False,True,,,,
06661,HK,,,,,,,,,,,,,,,,,,公用事业,公用事业,,港股;公用事业;高股息,akshare_eastmoney_company_profile,2026-06-02T14:23:20.368649,common_stock,False,True,,,,
06663,HK,,,,,,,,,,,,,,,,,,非必需性消费,支援服务,,港股;非必需性消费;支援服务,akshare_eastmoney_company_profile,2026-06-02T14:23:20.346735,common_stock,False,True,,,,
06666,HK,,,,,,,,,,,,,,,,,,地产业,地产,,港股;地产业;地产;房地产,akshare_eastmoney_company_profile,2026-06-02T14:23:20.377119,common_stock,False,True,,,,
06667,HK,,,,,,,,,,,,,,,,,,医疗保健业,药品及生物科技,,港股;医疗保健业;药品及生物科技;医药医疗,akshare_eastmoney_company_profile,2026-06-02T14:23:20.532413,common_stock,False,True,,,,
06668,HK,,,,,,,,,,,,,,,,,,地产业,地产,,港股;地产业;地产;房地产,akshare_eastmoney_company_profile,2026-06-02T14:23:20.476194,common_stock,False,True,,,,
06669,HK,,,,,,,,,,,,,,,,,,医疗保健业,其他医疗保健,,港股;医疗保健业;其他医疗保健;医药医疗,akshare_eastmoney_company_profile,2026-06-02T14:23:20.422311,common_stock,False,True,,,,
06676,HK,,,,,,,,,,,,,,,,,,原材料业,一般金属及矿石,,港股;原材料业;一般金属及矿石;资源材料,akshare_eastmoney_company_profile,2026-06-02T14:23:20.497749,common_stock,False,True,,,,
06677,HK,,,,,,,,,,,,,,,,,,地产业,地产,,港股;地产业;地产;房地产,akshare_eastmoney_company_profile,2026-06-02T14:23:20.473254,common_stock,False,True,,,,
06680,HK,,,,,,,,,,,,,,,,,,原材料业,一般金属及矿石,,港股;原材料业;一般金属及矿石;资源材料,akshare_eastmoney_company_profile,2026-06-02T14:23:20.474820,common_stock,False,True,,,,
06681,HK,,,,,,,,,,,,,,,,,,医疗保健业,其他医疗保健,,港股;医疗保健业;其他医疗保健;医药医疗,akshare_eastmoney_company_profile,2026-06-02T14:23:20.554178,common_stock,False,True,,,,
06682,HK,,,,,,,,,,,,,,,,,,资讯科技业,软件服务,,港股;资讯科技业;软件服务;科技,akshare_eastmoney_company_profile,2026-06-02T14:23:20.545316,common_stock,False,True,,,,
06683,HK,,,,,,,,,,,,,,,,,,必需性消费,食物饮品,,港股;必需性消费;食物饮品,akshare_eastmoney_company_profile,2026-06-02T14:23:20.512123,common_stock,False,True,,,,
06686,HK,,,,,,,,,,,,,,,,,,金融业,其他金融,,港股;金融业;其他金融;金融服务,akshare_eastmoney_company_profile,2026-06-02T14:23:20.750165,common_stock,False,True,,,,
06687,HK,,,,,,,,,,,,,,,,,,资讯科技业,软件服务,,港股;资讯科技业;软件服务;科技,akshare_eastmoney_company_profile,2026-06-02T14:23:20.680025,common_stock,False,True,,,,
06690,HK,,,,,,,,,,,,,,,,,,非必需性消费,家庭电器及用品,,港股;非必需性消费;家庭电器及用品;消费,akshare_eastmoney_company_profile,2026-06-02T14:23:20.751571,common_stock,False,True,,,,
06693,HK,,,,,,,,,,,,,,,,,,原材料业,黄金及贵金属,,港股;原材料业;黄金及贵金属;资源材料,akshare_eastmoney_company_profile,2026-06-02T14:23:20.747298,common_stock,False,True,,,,
06696,HK,,,,,,,,,,,,,,,,,,非必需性消费,媒体及娱乐,,港股;非必需性消费;媒体及娱乐;消费,akshare_eastmoney_company_profile,2026-06-02T14:23:20.800723,common_stock,False,True,,,,
06698,HK,,,,,,,,,,,,,,,,,,非必需性消费,媒体及娱乐,,港股;非必需性消费;媒体及娱乐;消费,akshare_eastmoney_company_profile,2026-06-02T14:23:20.816894,common_stock,False,True,,,,
06699,HK,,,,,,,,,,,,,,,,,,医疗保健业,其他医疗保健,,港股;医疗保健业;其他医疗保健;医药医疗,akshare_eastmoney_company_profile,2026-06-02T14:23:20.791731,common_stock,False,True,,,,
06805,HK,,,,,,,,,,,,,,,,,,工业,工业工程,,港股;工业;工业工程,akshare_eastmoney_company_profile,2026-06-02T14:23:20.754424,common_stock,False,True,,,,
06806,HK,,,,,,,,,,,,,,,,,,金融业,其他金融,,港股;金融业;其他金融;金融服务,akshare_eastmoney_company_profile,2026-06-02T14:23:20.783408,common_stock,False,True,,,,
06808,HK,,,,,,,,,,,,,,,,,,非必需性消费,消费者主要零售商,,港股;非必需性消费;消费者主要零售商;消费,akshare_eastmoney_company_profile,2026-06-02T14:23:20.878171,common_stock,False,True,,,,
06809,HK,,,,,,,,,,,,,,,,,,资讯科技业,半导体,,港股;资讯科技业;半导体;科技,akshare_eastmoney_company_profile,2026-06-02T14:23:20.958617,common_stock,False,True,,,,
06810,HK,,,,,,,,,,,,,,,,,,资讯科技业,资讯科技器材,,港股;资讯科技业;资讯科技器材;科技,akshare_eastmoney_company_profile,2026-06-02T14:23:20.949733,common_stock,False,True,,,,
06811,HK,,,,,,,,,,,,,,,,,,非必需性消费,旅游及消闲设施,,港股;非必需性消费;旅游及消闲设施;消费,akshare_eastmoney_company_profile,2026-06-02T14:23:20.967513,common_stock,False,True,,,,
06812,HK,,,,,,,,,,,,,,,,,,非必需性消费,支援服务,,港股;非必需性消费;支援服务,akshare_eastmoney_company_profile,2026-06-02T14:23:21.026353,common_stock,False,True,,,,
06816,HK,,,,,,,,,,,,,,,,,,工业,建筑,,港股;工业;建筑,akshare_eastmoney_company_profile,2026-06-02T14:23:21.000257,common_stock,False,True,,,,
06818,HK,,,,,,,,,,,,,,,,,,金融业,银行,,港股;金融业;银行;金融服务,akshare_eastmoney_company_profile,2026-06-02T14:23:21.066696,common_stock,False,True,,,,
06820,HK,,,,,,,,,,,,,,,,,,资讯科技业,软件服务,,港股;资讯科技业;软件服务;科技,akshare_eastmoney_company_profile,2026-06-02T14:23:21.009762,common_stock,False,True,,,,
06821,HK,,,,,,,,,,,,,,,,,,医疗保健业,药品及生物科技,,港股;医疗保健业;药品及生物科技;医药医疗,akshare_eastmoney_company_profile,2026-06-02T14:23:21.012306,common_stock,False,True,,,,
06822,HK,,,,,,,,,,,,,,,,,,非必需性消费,家庭电器及用品,,港股;非必需性消费;家庭电器及用品;消费,akshare_eastmoney_company_profile,2026-06-02T14:23:21.040477,common_stock,False,True,,,,
06823,HK,,,,,,,,,,,,,,,,,,电讯业,电讯,,港股;电讯业;电讯,akshare_eastmoney_company_profile,2026-06-02T14:23:21.079078,common_stock,False,True,,,,
06826,HK,,,,,,,,,,,,,,,,,,医疗保健业,其他医疗保健,,港股;医疗保健业;其他医疗保健;医药医疗,akshare_eastmoney_company_profile,2026-06-02T14:23:21.075375,common_stock,False,True,,,,
06828,HK,,,,,,,,,,,,,,,,,,公用事业,公用事业,,港股;公用事业;高股息,akshare_eastmoney_company_profile,2026-06-02T14:23:21.283994,common_stock,False,True,,,,
06829,HK,,,,,,,,,,,,,,,,,,工业,建筑,,港股;工业;建筑,akshare_eastmoney_company_profile,2026-06-02T14:23:21.167853,common_stock,False,True,,,,
06830,HK,,,,,,,,,,,,,,,,,,非必需性消费,汽车,,港股;非必需性消费;汽车;消费,akshare_eastmoney_company_profile,2026-06-02T14:23:21.150131,common_stock,False,True,,,,
06831,HK,,,,,,,,,,,,,,,,,,非必需性消费,旅游及消闲设施,,港股;非必需性消费;旅游及消闲设施;消费,akshare_eastmoney_company_profile,2026-06-02T14:23:21.169486,common_stock,False,True,,,,
06833,HK,,,,,,,,,,,,,,,,,,医疗保健业,药品及生物科技,,港股;医疗保健业;药品及生物科技;医药医疗,akshare_eastmoney_company_profile,2026-06-02T14:23:21.200553,common_stock,False,True,,,,
06838,HK,,,,,,,,,,,,,,,,,,非必需性消费,纺织及服饰,,港股;非必需性消费;纺织及服饰;消费,akshare_eastmoney_company_profile,2026-06-02T14:23:21.322698,common_stock,False,True,,,,
06839,HK,,,,,,,,,,,,,,,,,,公用事业,公用事业,,港股;公用事业;高股息,akshare_eastmoney_company_profile,2026-06-02T14:23:21.215182,common_stock,False,True,,,,
06855,HK,,,,,,,,,,,,,,,,,,医疗保健业,药品及生物科技,,港股;医疗保健业;药品及生物科技;医药医疗,akshare_eastmoney_company_profile,2026-06-02T14:23:21.273962,common_stock,False,True,,,,
06858,HK,,,,,,,,,,,,,,,,,,非必需性消费,家庭电器及用品,,港股;非必需性消费;家庭电器及用品;消费,akshare_eastmoney_company_profile,2026-06-02T14:23:21.251158,common_stock,False,True,,,,
06860,HK,,,,,,,,,,,,,,,,,,资讯科技业,软件服务,,港股;资讯科技业;软件服务;科技,akshare_eastmoney_company_profile,2026-06-02T14:23:21.285469,common_stock,False,True,,,,
06862,HK,,,,,,,,,,,,,,,,,,非必需性消费,旅游及消闲设施,,港股;非必需性消费;旅游及消闲设施;消费,akshare_eastmoney_company_profile,2026-06-02T14:23:21.299442,common_stock,False,True,,,,
06865,HK,,,,,,,,,,,,,,,,,,工业,工业工程,,港股;工业;工业工程,akshare_eastmoney_company_profile,2026-06-02T14:23:21.320512,common_stock,False,True,,,,
06866,HK,,,,,,,,,,,,,,,,,,金融业,其他金融,,港股;金融业;其他金融;金融服务,akshare_eastmoney_company_profile,2026-06-02T14:23:21.311386,common_stock,False,True,,,,
06868,HK,,,,,,,,,,,,,,,,,,必需性消费,食物饮品,,港股;必需性消费;食物饮品,akshare_eastmoney_company_profile,2026-06-02T14:23:21.356429,common_stock,False,True,,,,
06869,HK,,,,,,,,,,,,,,,,,,资讯科技业,资讯科技器材,,港股;资讯科技业;资讯科技器材;科技,akshare_eastmoney_company_profile,2026-06-02T14:23:21.385911,common_stock,False,True,,,,
06871,HK,,,,,,,,,,,,,,,,,,工业,工业工程,,港股;工业;工业工程,akshare_eastmoney_company_profile,2026-06-02T14:23:21.428912,common_stock,False,True,,,,
06872,HK,,,,,,,,,,,,,,,,,,医疗保健业,药品及生物科技,,港股;医疗保健业;药品及生物科技;医药医疗,akshare_eastmoney_company_profile,2026-06-02T14:23:21.437511,common_stock,False,True,,,,
06877,HK,,,,,,,,,,,,,,,,,,医疗保健业,药品及生物科技,,港股;医疗保健业;药品及生物科技;医药医疗,akshare_eastmoney_company_profile,2026-06-02T14:23:21.483691,common_stock,False,True,,,,
06878,HK,,,,,,,,,,,,,,,,,,地产业,地产,,港股;地产业;地产;房地产,akshare_eastmoney_company_profile,2026-06-02T14:23:21.509933,common_stock,False,True,,,,
06881,HK,,,,,,,,,,,,,,,,,,金融业,其他金融,,港股;金融业;其他金融;金融服务,akshare_eastmoney_company_profile,2026-06-02T14:23:21.522080,common_stock,False,True,,,,
06882,HK,,,,,,,,,,,,,,,,,,非必需性消费,旅游及消闲设施,,港股;非必需性消费;旅游及消闲设施;消费,akshare_eastmoney_company_profile,2026-06-02T14:23:21.524773,common_stock,False,True,,,,
06883,HK,,,,,,,,,,,,,,,,,,医疗保健业,其他医疗保健,,港股;医疗保健业;其他医疗保健;医药医疗,akshare_eastmoney_company_profile,2026-06-02T14:23:21.546896,common_stock,False,True,,,,
06885,HK,,,,,,,,,,,,,,,,,,能源业,煤炭,,港股;能源业;煤炭;资源能源,akshare_eastmoney_company_profile,2026-06-02T14:23:21.645846,common_stock,False,True,,,,
06886,HK,,,,,,,,,,,,,,,,,,金融业,其他金融,,港股;金融业;其他金融;金融服务,akshare_eastmoney_company_profile,2026-06-02T14:23:21.578333,common_stock,False,True,,,,
06887,HK,,,,,,,,,,,,,,,,,,医疗保健业,药品及生物科技,,港股;医疗保健业;药品及生物科技;医药医疗,akshare_eastmoney_company_profile,2026-06-02T14:23:21.648929,common_stock,False,True,,,,
06888,HK,,,,,,,,,,,,,,,,,,工业,建筑,,港股;工业;建筑,akshare_eastmoney_company_profile,2026-06-02T14:23:21.587410,common_stock,False,True,,,,
06889,HK,,,,,,,,,,,,,,,,,,非必需性消费,旅游及消闲设施,,港股;非必需性消费;旅游及消闲设施;消费,akshare_eastmoney_company_profile,2026-06-02T14:23:21.628960,common_stock,False,True,,,,
06890,HK,,,,,,,,,,,,,,,,,,原材料业,一般金属及矿石,,港股;原材料业;一般金属及矿石;资源材料,akshare_eastmoney_company_profile,2026-06-02T14:23:21.669900,common_stock,False,True,,,,
06893,HK,,,,,,,,,,,,,,,,,,医疗保健业,其他医疗保健,,港股;医疗保健业;其他医疗保健;医药医疗,akshare_eastmoney_company_profile,2026-06-02T14:23:21.627144,common_stock,False,True,,,,
06896,HK,,,,,,,,,,,,,,,,,,医疗保健业,药品及生物科技,,港股;医疗保健业;药品及生物科技;医药医疗,akshare_eastmoney_company_profile,2026-06-02T14:23:21.647156,common_stock,False,True,,,,
06898,HK,,,,,,,,,,,,,,,,,,工业,工用支援,,港股;工业;工用支援,akshare_eastmoney_company_profile,2026-06-02T14:23:21.708658,common_stock,False,True,,,,
06899,HK,,,,,,,,,,,,,,,,,,资讯科技业,软件服务,,港股;资讯科技业;软件服务;科技,akshare_eastmoney_company_profile,2026-06-02T14:23:21.692709,common_stock,False,True,,,,
06900,HK,,,,,,,,,,,,,,,,,,地产业,地产,,港股;地产业;地产;房地产,akshare_eastmoney_company_profile,2026-06-02T14:23:21.770084,common_stock,False,True,,,,
06908,HK,,,,,,,,,,,,,,,,,,资讯科技业,半导体,,港股;资讯科技业;半导体;科技,akshare_eastmoney_company_profile,2026-06-02T14:23:21.854307,common_stock,False,True,,,,
06909,HK,,,,,,,,,,,,,,,,,,非必需性消费,专业零售,,港股;非必需性消费;专业零售;消费,akshare_eastmoney_company_profile,2026-06-02T14:23:21.851720,common_stock,False,True,,,,
06911,HK,,,,,,,,,,,,,,,,,,必需性消费,食物饮品,,港股;必需性消费;食物饮品,akshare_eastmoney_company_profile,2026-06-02T14:23:21.869698,common_stock,False,True,,,,
06913,HK,,,,,,,,,,,,,,,,,,非必需性消费,支援服务,,港股;非必需性消费;支援服务,akshare_eastmoney_company_profile,2026-06-02T14:23:21.871227,common_stock,False,True,,,,
06918,HK,,,,,,,,,,,,,,,,,,非必需性消费,家庭电器及用品,,港股;非必需性消费;家庭电器及用品;消费,akshare_eastmoney_company_profile,2026-06-02T14:23:21.928132,common_stock,False,True,,,,
06919,HK,,,,,,,,,,,,,,,,,,非必需性消费,支援服务,,港股;非必需性消费;支援服务,akshare_eastmoney_company_profile,2026-06-02T14:23:21.885958,common_stock,False,True,,,,
06922,HK,,,,,,,,,,,,,,,,,,医疗保健业,其他医疗保健,,港股;医疗保健业;其他医疗保健;医药医疗,akshare_eastmoney_company_profile,2026-06-02T14:23:21.894560,common_stock,False,True,,,,
06928,HK,,,,,,,,,,,,,,,,,,非必需性消费,汽车,,港股;非必需性消费;汽车;消费,akshare_eastmoney_company_profile,2026-06-02T14:23:21.897239,common_stock,False,True,,,,
06929,HK,,,,,,,,,,,,,,,,,,医疗保健业,其他医疗保健,,港股;医疗保健业;其他医疗保健;医药医疗,akshare_eastmoney_company_profile,2026-06-02T14:23:22.009459,common_stock,False,True,,,,
06933,HK,,,,,,,,,,,,,,,,,,资讯科技业,软件服务,,港股;资讯科技业;软件服务;科技,akshare_eastmoney_company_profile,2026-06-02T14:23:21.996592,common_stock,False,True,,,,
06936,HK,,,,,,,,,,,,,,,,,,工业,工用运输,,港股;工业;工用运输,akshare_eastmoney_company_profile,2026-06-02T14:23:22.077040,common_stock,False,True,,,,
06938,HK,,,,,,,,,,,,,,,,,,医疗保健业,药品及生物科技,,港股;医疗保健业;药品及生物科技;医药医疗,akshare_eastmoney_company_profile,2026-06-02T14:23:22.087500,common_stock,False,True,,,,
06939,HK,,,,,,,,,,,,,,,,,,资讯科技业,半导体,,港股;资讯科技业;半导体;科技,akshare_eastmoney_company_profile,2026-06-02T14:23:22.181072,common_stock,False,True,,,,
06955,HK,,,,,,,,,,,,,,,,,,医疗保健业,药品及生物科技,,港股;医疗保健业;药品及生物科技;医药医疗,akshare_eastmoney_company_profile,2026-06-02T14:23:22.103936,common_stock,False,True,,,,
06958,HK,,,,,,,,,,,,,,,,,,地产业,地产,,港股;地产业;地产;房地产,akshare_eastmoney_company_profile,2026-06-02T14:23:22.101324,common_stock,False,True,,,,
06959,HK,,,,,,,,,,,,,,,,,,非必需性消费,支援服务,,港股;非必需性消费;支援服务,akshare_eastmoney_company_profile,2026-06-02T14:23:22.119344,common_stock,False,True,,,,
06960,HK,,,,,,,,,,,,,,,,,,工业,工业工程,,港股;工业;工业工程,akshare_eastmoney_company_profile,2026-06-02T14:23:22.183624,common_stock,False,True,,,,
06963,HK,,,,,,,,,,,,,,,,,,金融业,保险,,港股;金融业;保险;金融服务,akshare_eastmoney_company_profile,2026-06-02T14:23:22.177686,common_stock,False,True,,,,
06966,HK,,,,,,,,,,,,,,,,,,非必需性消费,支援服务,,港股;非必需性消费;支援服务,akshare_eastmoney_company_profile,2026-06-02T14:23:22.174594,common_stock,False,True,,,,
06968,HK,,,,,,,,,,,,,,,,,,地产业,地产,,港股;地产业;地产;房地产,akshare_eastmoney_company_profile,2026-06-02T14:23:22.353253,common_stock,False,True,,,,
06969,HK,,,,,,,,,,,,,,,,,,非必需性消费,家庭电器及用品,,港股;非必需性消费;家庭电器及用品;消费,akshare_eastmoney_company_profile,2026-06-02T14:23:22.206259,common_stock,False,True,,,,
06978,HK,,,,,,,,,,,,,,,,,,医疗保健业,药品及生物科技,,港股;医疗保健业;药品及生物科技;医药医疗,akshare_eastmoney_company_profile,2026-06-02T14:23:22.204852,common_stock,False,True,,,,
06979,HK,,,,,,,,,,,,,,,,,,必需性消费,食物饮品,,港股;必需性消费;食物饮品,akshare_eastmoney_company_profile,2026-06-02T14:23:22.220484,common_stock,False,True,,,,
06980,HK,,,,,,,,,,,,,,,,,,必需性消费,食物饮品,,港股;必需性消费;食物饮品,akshare_eastmoney_company_profile,2026-06-02T14:23:22.278261,common_stock,False,True,,,,
06988,HK,,,,,,,,,,,,,,,,,,非必需性消费,媒体及娱乐,,港股;非必需性消费;媒体及娱乐;消费,akshare_eastmoney_company_profile,2026-06-02T14:23:22.422839,common_stock,False,True,,,,
06989,HK,,,,,,,,,,,,,,,,,,地产业,地产,,港股;地产业;地产;房地产,akshare_eastmoney_company_profile,2026-06-02T14:23:22.393532,common_stock,False,True,,,,
06990,HK,,,,,,,,,,,,,,,,,,医疗保健业,药品及生物科技,,港股;医疗保健业;药品及生物科技;医药医疗,akshare_eastmoney_company_profile,2026-06-02T14:23:22.380830,common_stock,False,True,,,,
06993,HK,,,,,,,,,,,,,,,,,,非必需性消费,消费者主要零售商,,港股;非必需性消费;消费者主要零售商;消费,akshare_eastmoney_company_profile,2026-06-02T14:23:22.462617,common_stock,False,True,,,,
06996,HK,,,,,,,,,,,,,,,,,,医疗保健业,药品及生物科技,,港股;医疗保健业;药品及生物科技;医药医疗,akshare_eastmoney_company_profile,2026-06-02T14:23:22.404842,common_stock,False,True,,,,
06998,HK,,,,,,,,,,,,,,,,,,医疗保健业,药品及生物科技,,港股;医疗保健业;药品及生物科技;医药医疗,akshare_eastmoney_company_profile,2026-06-02T14:23:22.406336,common_stock,False,True,,,,
06999,HK,,,,,,,,,,,,,,,,,,地产业,地产,,港股;地产业;地产;房地产,akshare_eastmoney_company_profile,2026-06-02T14:23:22.420201,common_stock,False,True,,,,
07200,HK,,,,,,,,,,,,,,,,,,基金,杠杆及反向产品,,港股;ETF;杠杆反向;衍生品;基金;杠杆及反向产品;被动产品,nan+local_taxonomy+local_taxonomy+local_taxonomy;local_registry_enrichment,2026-06-03T07:15:43.584322,fund_like,True,True,local_registry_enrichment,2026-06-03T07:15:43.584322,,
07226,HK,,,,,,,,,,,,,,,,,,基金,杠杆及反向产品,,港股;ETF;杠杆反向;衍生品;基金;杠杆及反向产品;被动产品,nan+local_taxonomy+local_taxonomy+local_taxonomy;local_registry_enrichment,2026-06-03T07:15:43.584322,fund_like,True,True,local_registry_enrichment,2026-06-03T07:15:43.584322,,
07233,HK,,,,,,,,,,,,,,,,,,基金,杠杆及反向产品,,港股;ETF;杠杆反向;衍生品;基金;杠杆及反向产品;被动产品,nan+local_taxonomy+local_taxonomy+local_taxonomy;local_registry_enrichment,2026-06-03T07:15:43.584322,fund_like,True,True,local_registry_enrichment,2026-06-03T07:15:43.584322,,
07234,HK,,,,,,,,,,,,,,,,,,基金,杠杆及反向产品,,港股;ETF;杠杆反向;衍生品;基金;杠杆及反向产品;被动产品,nan+local_taxonomy+local_taxonomy+local_taxonomy;local_registry_enrichment,2026-06-03T07:15:43.584322,fund_like,True,True,local_registry_enrichment,2026-06-03T07:15:43.584322,,
07261,HK,,,,,,,,,,,,,,,,,,基金,杠杆及反向产品,,港股;ETF;杠杆反向;衍生品;基金;杠杆及反向产品;被动产品,nan+local_taxonomy+local_taxonomy+local_taxonomy;local_registry_enrichment,2026-06-03T07:15:43.584322,fund_like,True,True,local_registry_enrichment,2026-06-03T07:15:43.584322,,
07262,HK,,,,,,,,,,,,,,,,,,基金,杠杆及反向产品,,港股;ETF;杠杆反向;衍生品;基金;杠杆及反向产品;被动产品,nan+local_taxonomy+local_taxonomy+local_taxonomy;local_registry_enrichment,2026-06-03T07:15:43.584322,fund_like,True,True,local_registry_enrichment,2026-06-03T07:15:43.584322,,
07266,HK,,,,,,,,,,,,,,,,,,基金,杠杆及反向产品,,港股;ETF;杠杆反向;衍生品;基金;杠杆及反向产品;被动产品,nan+local_taxonomy+local_taxonomy+local_taxonomy;local_registry_enrichment,2026-06-03T07:15:43.584322,fund_like,True,True,local_registry_enrichment,2026-06-03T07:15:43.584322,,
07288,HK,,,,,,,,,,,,,,,,,,基金,杠杆及反向产品,,港股;ETF;杠杆反向;衍生品;基金;杠杆及反向产品;被动产品,nan+local_taxonomy+local_taxonomy+local_taxonomy;local_registry_enrichment,2026-06-03T07:15:43.584322,fund_like,True,True,local_registry_enrichment,2026-06-03T07:15:43.584322,,
07299,HK,,,,,,,,,,,,,,,,,,基金,杠杆及反向产品,,港股;ETF;杠杆反向;衍生品;基金;杠杆及反向产品;被动产品,nan+local_taxonomy+local_taxonomy+local_taxonomy;local_registry_enrichment,2026-06-03T07:15:43.584322,fund_like,True,True,local_registry_enrichment,2026-06-03T07:15:43.584322,,
07300,HK,,,,,,,,,,,,,,,,,,基金,杠杆及反向产品,,港股;ETF;杠杆反向;衍生品;基金;杠杆及反向产品;被动产品,nan+local_taxonomy+local_taxonomy+local_taxonomy;local_registry_enrichment,2026-06-03T07:15:43.584322,fund_like,True,True,local_registry_enrichment,2026-06-03T07:15:43.584322,,
07311,HK,,,,,,,,,,,,,,,,,,基金,杠杆及反向产品,,港股;ETF;杠杆反向;衍生品;基金;杠杆及反向产品;被动产品,nan+local_taxonomy+local_taxonomy+local_taxonomy;local_registry_enrichment,2026-06-03T07:15:43.584322,fund_like,True,True,local_registry_enrichment,2026-06-03T07:15:43.584322,,
07332,HK,,,,,,,,,,,,,,,,,,基金,杠杆及反向产品,,港股;ETF;杠杆反向;衍生品;基金;杠杆及反向产品;被动产品,nan+local_taxonomy+local_taxonomy+local_taxonomy;local_registry_enrichment,2026-06-03T07:15:43.584322,fund_like,True,True,local_registry_enrichment,2026-06-03T07:15:43.584322,,
07347,HK,,,,,,,,,,,,,,,,,,基金,杠杆及反向产品,,港股;ETF;杠杆反向;衍生品;基金;杠杆及反向产品;被动产品,nan+local_taxonomy+local_taxonomy+local_taxonomy;local_registry_enrichment,2026-06-03T07:15:43.584322,fund_like,True,True,local_registry_enrichment,2026-06-03T07:15:43.584322,,
07366,HK,,,,,,,,,,,,,,,,,,基金,杠杆及反向产品,,港股;ETF;杠杆反向;衍生品;基金;杠杆及反向产品;被动产品,nan+local_taxonomy+local_taxonomy+local_taxonomy;local_registry_enrichment,2026-06-03T07:15:43.584322,fund_like,True,True,local_registry_enrichment,2026-06-03T07:15:43.584322,,
07376,HK,,,,,,,,,,,,,,,,,,基金,杠杆及反向产品,,港股;ETF;杠杆反向;衍生品;基金;杠杆及反向产品;被动产品,nan+local_taxonomy+local_taxonomy+local_taxonomy;local_registry_enrichment,2026-06-03T07:15:43.584322,fund_like,True,True,local_registry_enrichment,2026-06-03T07:15:43.584322,,
07388,HK,,,,,,,,,,,,,,,,,,基金,杠杆及反向产品,,港股;ETF;杠杆反向;衍生品;基金;杠杆及反向产品;被动产品,nan+local_taxonomy+local_taxonomy+local_taxonomy;local_registry_enrichment,2026-06-03T07:15:43.584322,fund_like,True,True,local_registry_enrichment,2026-06-03T07:15:43.584322,,
07399,HK,,,,,,,,,,,,,,,,,,基金,杠杆及反向产品,,港股;ETF;杠杆反向;衍生品;基金;杠杆及反向产品;被动产品,nan+local_taxonomy+local_taxonomy+local_taxonomy;local_registry_enrichment,2026-06-03T07:15:43.584322,fund_like,True,True,local_registry_enrichment,2026-06-03T07:15:43.584322,,
07489,HK,,,,,,,,,,,,,,,,,,非必需性消费,汽车,,港股;非必需性消费;汽车;消费,akshare_eastmoney_company_profile,2026-06-02T14:23:23.036226,common_stock,False,True,,,,
07500,HK,,,,,,,,,,,,,,,,,,基金,杠杆及反向产品,,港股;ETF;杠杆反向;衍生品;基金;杠杆及反向产品;被动产品,nan+local_taxonomy+local_taxonomy+local_taxonomy;local_registry_enrichment,2026-06-03T07:15:43.584322,fund_like,True,True,local_registry_enrichment,2026-06-03T07:15:43.584322,,
07515,HK,,,,,,,,,,,,,,,,,,基金,杠杆及反向产品,,港股;ETF;杠杆反向;衍生品;基金;杠杆及反向产品;被动产品,nan+local_taxonomy+local_taxonomy+local_taxonomy;local_registry_enrichment,2026-06-03T07:15:43.584322,fund_like,True,True,local_registry_enrichment,2026-06-03T07:15:43.584322,,
07522,HK,,,,,,,,,,,,,,,,,,基金,杠杆及反向产品,,港股;ETF;杠杆反向;衍生品;基金;杠杆及反向产品;被动产品,nan+local_taxonomy+local_taxonomy+local_taxonomy;local_registry_enrichment,2026-06-03T07:15:43.584322,fund_like,True,True,local_registry_enrichment,2026-06-03T07:15:43.584322,,
07552,HK,,,,,,,,,,,,,,,,,,基金,杠杆及反向产品,,港股;ETF;杠杆反向;衍生品;基金;杠杆及反向产品;被动产品,nan+local_taxonomy+local_taxonomy+local_taxonomy;local_registry_enrichment,2026-06-03T07:15:43.584322,fund_like,True,True,local_registry_enrichment,2026-06-03T07:15:43.584322,,
07568,HK,,,,,,,,,,,,,,,,,,基金,杠杆及反向产品,,港股;ETF;杠杆反向;衍生品;基金;杠杆及反向产品;被动产品,nan+local_taxonomy+local_taxonomy+local_taxonomy;local_registry_enrichment,2026-06-03T07:15:43.584322,fund_like,True,True,local_registry_enrichment,2026-06-03T07:15:43.584322,,
07588,HK,,,,,,,,,,,,,,,,,,基金,杠杆及反向产品,,港股;ETF;杠杆反向;衍生品;基金;杠杆及反向产品;被动产品,nan+local_taxonomy+local_taxonomy+local_taxonomy;local_registry_enrichment,2026-06-03T07:15:43.584322,fund_like,True,True,local_registry_enrichment,2026-06-03T07:15:43.584322,,
07618,HK,,,,,,,,,,,,,,,,,,工业,工用支援,,港股;工业;工用支援,akshare_eastmoney_company_profile,2026-06-02T14:23:23.336884,common_stock,False,True,,,,
07630,HK,,,,,,,,,,,,,,,,,,医疗保健业,药品及生物科技,,港股;医疗保健业;药品及生物科技;医药医疗,akshare_eastmoney_company_profile,2026-06-02T14:23:23.365416,common_stock,False,True,,,,
07666,HK,,,,,,,,,,,,,,,,,,医疗保健业,药品及生物科技,,港股;医疗保健业;药品及生物科技;医药医疗,akshare_eastmoney_company_profile,2026-06-02T14:23:23.478602,common_stock,False,True,,,,
07688,HK,,,,,,,,,,,,,,,,,,工业,工业工程,,港股;工业;工业工程,akshare_eastmoney_company_profile,2026-06-02T14:23:23.468826,common_stock,False,True,,,,
07709,HK,,,,,,,,,,,,,,,,,,基金,杠杆及反向产品,,港股;ETF;杠杆反向;衍生品;基金;杠杆及反向产品;被动产品,nan+local_taxonomy+local_taxonomy+local_taxonomy;local_registry_enrichment,2026-06-03T07:15:43.584322,fund_like,True,True,local_registry_enrichment,2026-06-03T07:15:43.584322,,
07711,HK,,,,,,,,,,,,,,,,,,基金,杠杆及反向产品,,港股;ETF;杠杆反向;衍生品;基金;杠杆及反向产品;被动产品,nan+local_taxonomy+local_taxonomy+local_taxonomy;local_registry_enrichment,2026-06-03T07:15:43.584322,fund_like,True,True,local_registry_enrichment,2026-06-03T07:15:43.584322,,
07747,HK,,,,,,,,,,,,,,,,,,基金,杠杆及反向产品,,港股;ETF;杠杆反向;衍生品;基金;杠杆及反向产品;被动产品,nan+local_taxonomy+local_taxonomy+local_taxonomy;local_registry_enrichment,2026-06-03T07:15:43.584322,fund_like,True,True,local_registry_enrichment,2026-06-03T07:15:43.584322,,
07766,HK,,,,,,,,,,,,,,,,,,基金,杠杆及反向产品,,港股;ETF;杠杆反向;衍生品;基金;杠杆及反向产品;被动产品,nan+local_taxonomy+local_taxonomy+local_taxonomy;local_registry_enrichment,2026-06-03T07:15:43.584322,fund_like,True,True,local_registry_enrichment,2026-06-03T07:15:43.584322,,
07777,HK,,,,,,,,,,,,,,,,,,基金,杠杆及反向产品,,港股;ETF;杠杆反向;衍生品;基金;杠杆及反向产品;被动产品,nan+local_taxonomy+local_taxonomy+local_taxonomy;local_registry_enrichment,2026-06-03T07:15:43.584322,fund_like,True,True,local_registry_enrichment,2026-06-03T07:15:43.584322,,
07788,HK,,,,,,,,,,,,,,,,,,基金,杠杆及反向产品,,港股;ETF;杠杆反向;衍生品;基金;杠杆及反向产品;被动产品,nan+local_taxonomy+local_taxonomy+local_taxonomy;local_registry_enrichment,2026-06-03T07:15:43.584322,fund_like,True,True,local_registry_enrichment,2026-06-03T07:15:43.584322,,
07799,HK,,,,,,,,,,,,,,,,,,基金,杠杆及反向产品,,港股;ETF;杠杆反向;衍生品;基金;杠杆及反向产品;被动产品,nan+local_taxonomy+local_taxonomy+local_taxonomy;local_registry_enrichment,2026-06-03T07:15:43.584322,fund_like,True,True,local_registry_enrichment,2026-06-03T07:15:43.584322,,
08001,HK,,,,,,,,,,,,,,,,,,非必需性消费,媒体及娱乐,,港股;非必需性消费;媒体及娱乐;消费,akshare_eastmoney_company_profile,2026-06-02T14:23:23.586815,common_stock,False,True,,,,
08003,HK,,,,,,,,,,,,,,,,,,非必需性消费,媒体及娱乐,,港股;非必需性消费;媒体及娱乐;消费,akshare_eastmoney_company_profile,2026-06-02T14:23:23.746394,common_stock,False,True,,,,
08005,HK,,,,,,,,,,,,,,,,,,非必需性消费,家庭电器及用品,,港股;非必需性消费;家庭电器及用品;消费,akshare_eastmoney_company_profile,2026-06-02T14:23:23.709711,common_stock,False,True,,,,
08006,HK,,,,,,,,,,,,,,,,,,非必需性消费,媒体及娱乐,,港股;非必需性消费;媒体及娱乐;消费,akshare_eastmoney_company_profile,2026-06-02T14:23:23.744688,common_stock,False,True,,,,
08007,HK,,,,,,,,,,,,,,,,,,公用事业,公用事业,,港股;公用事业;高股息,akshare_eastmoney_company_profile,2026-06-02T14:23:23.784188,common_stock,False,True,,,,
08013,HK,,,,,,,,,,,,,,,,,,工业,建筑,,港股;工业;建筑,akshare_eastmoney_company_profile,2026-06-02T14:23:23.769502,common_stock,False,True,,,,
08017,HK,,,,,,,,,,,,,,,,,,资讯科技业,软件服务,,港股;资讯科技业;软件服务;科技,akshare_eastmoney_company_profile,2026-06-02T14:23:23.766911,common_stock,False,True,,,,
08018,HK,,,,,,,,,,,,,,,,,,资讯科技业,软件服务,,港股;资讯科技业;软件服务;科技,akshare_eastmoney_company_profile,2026-06-02T14:23:23.792823,common_stock,False,True,,,,
08019,HK,,,,,,,,,,,,,,,,,,金融业,其他金融,,港股;金融业;其他金融;金融服务,akshare_eastmoney_company_profile,2026-06-02T14:23:23.810187,common_stock,False,True,,,,
08020,HK,,,,,,,,,,,,,,,,,,工业,工用运输,,港股;工业;工用运输,akshare_eastmoney_company_profile,2026-06-02T14:23:23.883338,common_stock,False,True,,,,
08021,HK,,,,,,,,,,,,,,,,,,金融业,其他金融,,港股;金融业;其他金融;金融服务,akshare_eastmoney_company_profile,2026-06-02T14:23:23.874144,common_stock,False,True,,,,
08023,HK,,,,,,,,,,,,,,,,,,工业,建筑,,港股;工业;建筑,akshare_eastmoney_company_profile,2026-06-02T14:23:23.975314,common_stock,False,True,,,,
08026,HK,,,,,,,,,,,,,,,,,,非必需性消费,纺织及服饰,,港股;非必需性消费;纺织及服饰;消费,akshare_eastmoney_company_profile,2026-06-02T14:23:23.963389,common_stock,False,True,,,,
08027,HK,,,,,,,,,,,,,,,,,,工业,建筑,,港股;工业;建筑,akshare_eastmoney_company_profile,2026-06-02T14:23:23.973209,common_stock,False,True,,,,
08028,HK,,,,,,,,,,,,,,,,,,原材料业,一般金属及矿石,,港股;原材料业;一般金属及矿石;资源材料,akshare_eastmoney_company_profile,2026-06-02T14:23:23.970456,common_stock,False,True,,,,
08029,HK,,,,,,,,,,,,,,,,,,金融业,其他金融,,港股;金融业;其他金融;金融服务,akshare_eastmoney_company_profile,2026-06-02T14:23:24.004802,common_stock,False,True,,,,
08030,HK,,,,,,,,,,,,,,,,,,金融业,其他金融,,港股;金融业;其他金融;金融服务,akshare_eastmoney_company_profile,2026-06-02T14:23:24.002190,common_stock,False,True,,,,
08031,HK,,,,,,,,,,,,,,,,,,非必需性消费,支援服务,,港股;非必需性消费;支援服务,akshare_eastmoney_company_profile,2026-06-02T14:23:23.997867,common_stock,False,True,,,,
08033,HK,,,,,,,,,,,,,,,,,,资讯科技业,软件服务,,港股;资讯科技业;软件服务;科技,akshare_eastmoney_company_profile,2026-06-02T14:23:24.183661,common_stock,False,True,,,,
08035,HK,,,,,,,,,,,,,,,,,,工业,工用运输,,港股;工业;工用运输,akshare_eastmoney_company_profile,2026-06-02T14:23:24.223682,common_stock,False,True,,,,
08036,HK,,,,,,,,,,,,,,,,,,资讯科技业,软件服务,,港股;资讯科技业;软件服务;科技,akshare_eastmoney_company_profile,2026-06-02T14:23:24.225101,common_stock,False,True,,,,
08037,HK,,,,,,,,,,,,,,,,,,医疗保健业,其他医疗保健,,港股;医疗保健业;其他医疗保健;医药医疗,akshare_eastmoney_company_profile,2026-06-02T14:23:24.446128,common_stock,False,True,,,,
08039,HK,,,,,,,,,,,,,,,,,,工业,建筑,,港股;工业;建筑,akshare_eastmoney_company_profile,2026-06-02T14:23:24.249655,common_stock,False,True,,,,
08040,HK,,,,,,,,,,,,,,,,,,工业,建筑,,港股;工业;建筑,akshare_eastmoney_company_profile,2026-06-02T14:23:24.246135,common_stock,False,True,,,,
08041,HK,,,,,,,,,,,,,,,,,,非必需性消费,纺织及服饰,,港股;非必需性消费;纺织及服饰;消费,akshare_eastmoney_company_profile,2026-06-02T14:23:24.251808,common_stock,False,True,,,,
08042,HK,,,,,,,,,,,,,,,,,,非必需性消费,支援服务,,港股;非必需性消费;支援服务,akshare_eastmoney_company_profile,2026-06-02T14:23:24.303504,common_stock,False,True,,,,
08043,HK,,,,,,,,,,,,,,,,,,资讯科技业,资讯科技器材,,港股;资讯科技业;资讯科技器材;科技,akshare_eastmoney_company_profile,2026-06-02T14:23:24.312583,common_stock,False,True,,,,
08047,HK,,,,,,,,,,,,,,,,,,工业,工用支援,,港股;工业;工用支援,akshare_eastmoney_company_profile,2026-06-02T14:23:24.364549,common_stock,False,True,,,,
08048,HK,,,,,,,,,,,,,,,,,,综合企业,综合企业,,港股;综合企业,akshare_eastmoney_company_profile,2026-06-02T14:23:24.341569,common_stock,False,True,,,,
08049,HK,,,,,,,,,,,,,,,,,,医疗保健业,药品及生物科技,,港股;医疗保健业;药品及生物科技;医药医疗,akshare_eastmoney_company_profile,2026-06-02T14:23:24.419200,common_stock,False,True,,,,
08050,HK,,,,,,,,,,,,,,,,,,电讯业,电讯,,港股;电讯业;电讯,akshare_eastmoney_company_profile,2026-06-02T14:23:24.398149,common_stock,False,True,,,,
08051,HK,,,,,,,,,,,,,,,,,,资讯科技业,资讯科技器材,,港股;资讯科技业;资讯科技器材;科技,akshare_eastmoney_company_profile,2026-06-02T14:23:24.396269,common_stock,False,True,,,,
08052,HK,,,,,,,,,,,,,,,,,,非必需性消费,旅游及消闲设施,,港股;非必需性消费;旅游及消闲设施;消费,akshare_eastmoney_company_profile,2026-06-02T14:23:24.415581,common_stock,False,True,,,,
08056,HK,,,,,,,,,,,,,,,,,,非必需性消费,旅游及消闲设施,,港股;非必需性消费;旅游及消闲设施;消费,akshare_eastmoney_company_profile,2026-06-02T14:23:24.417282,common_stock,False,True,,,,
08057,HK,,,,,,,,,,,,,,,,,,金融业,其他金融,,港股;金融业;其他金融;金融服务,akshare_eastmoney_company_profile,2026-06-02T14:23:24.516062,common_stock,False,True,,,,
08059,HK,,,,,,,,,,,,,,,,,,工业,建筑,,港股;工业;建筑,akshare_eastmoney_company_profile,2026-06-02T14:23:24.457366,common_stock,False,True,,,,
08060,HK,,,,,,,,,,,,,,,,,,工业,工业工程,,港股;工业;工业工程,akshare_eastmoney_company_profile,2026-06-02T14:23:24.695809,common_stock,False,True,,,,
08062,HK,,,,,,,,,,,,,,,,,,资讯科技业,软件服务,,港股;资讯科技业;软件服务;科技,akshare_eastmoney_company_profile,2026-06-02T14:23:24.506888,common_stock,False,True,,,,
08063,HK,,,,,,,,,,,,,,,,,,金融业,其他金融,,港股;金融业;其他金融;金融服务,akshare_eastmoney_company_profile,2026-06-02T14:23:24.545299,common_stock,False,True,,,,
08065,HK,,,,,,,,,,,,,,,,,,工业,工业工程,,港股;工业;工业工程,akshare_eastmoney_company_profile,2026-06-02T14:23:24.555568,common_stock,False,True,,,,
08066,HK,,,,,,,,,,,,,,,,,,资讯科技业,资讯科技器材,,港股;资讯科技业;资讯科技器材;科技,akshare_eastmoney_company_profile,2026-06-02T14:23:24.887652,common_stock,False,True,,,,
08067,HK,,,,,,,,,,,,,,,,,,非必需性消费,支援服务,,港股;非必需性消费;支援服务,akshare_eastmoney_company_profile,2026-06-02T14:23:24.621976,common_stock,False,True,,,,
08069,HK,,,,,,,,,,,,,,,,,,非必需性消费,旅游及消闲设施,,港股;非必需性消费;旅游及消闲设施;消费,akshare_eastmoney_company_profile,2026-06-02T14:23:24.752302,common_stock,False,True,,,,
08070,HK,,,,,,,,,,,,,,,,,,工业,工业工程,,港股;工业;工业工程,akshare_eastmoney_company_profile,2026-06-02T14:23:24.686279,common_stock,False,True,,,,
08071,HK,,,,,,,,,,,,,,,,,,资讯科技业,软件服务,,港股;资讯科技业;软件服务;科技,akshare_eastmoney_company_profile,2026-06-02T14:23:24.734503,common_stock,False,True,,,,
08072,HK,,,,,,,,,,,,,,,,,,金融业,其他金融,,港股;金融业;其他金融;金融服务,akshare_eastmoney_company_profile,2026-06-02T14:23:24.646095,common_stock,False,True,,,,
08073,HK,,,,,,,,,,,,,,,,,,工业,工业工程,,港股;工业;工业工程,akshare_eastmoney_company_profile,2026-06-02T14:23:24.675971,common_stock,False,True,,,,
08076,HK,,,,,,,,,,,,,,,,,,资讯科技业,软件服务,,港股;资讯科技业;软件服务;科技,akshare_eastmoney_company_profile,2026-06-02T14:23:24.736290,common_stock,False,True,,,,
08079,HK,,,,,,,,,,,,,,,,,,工业,工用支援,,港股;工业;工用支援,akshare_eastmoney_company_profile,2026-06-02T14:23:24.779963,common_stock,False,True,,,,
08080,HK,,,,,,,,,,,,,,,,,,工业,工业工程,,港股;工业;工业工程,akshare_eastmoney_company_profile,2026-06-02T14:23:24.770509,common_stock,False,True,,,,
08081,HK,,,,,,,,,,,,,,,,,,非必需性消费,旅游及消闲设施,,港股;非必需性消费;旅游及消闲设施;消费,akshare_eastmoney_company_profile,2026-06-02T14:23:24.877983,common_stock,False,True,,,,
08082,HK,,,,,,,,,,,,,,,,,,非必需性消费,媒体及娱乐,,港股;非必需性消费;媒体及娱乐;消费,akshare_eastmoney_company_profile,2026-06-02T14:23:24.788769,common_stock,False,True,,,,
08087,HK,,,,,,,,,,,,,,,,,,金融业,其他金融,,港股;金融业;其他金融;金融服务,akshare_eastmoney_company_profile,2026-06-02T14:23:24.948360,common_stock,False,True,,,,
08091,HK,,,,,,,,,,,,,,,,,,非必需性消费,媒体及娱乐,,港股;非必需性消费;媒体及娱乐;消费,akshare_eastmoney_company_profile,2026-06-02T14:23:24.960935,common_stock,False,True,,,,
08092,HK,,,,,,,,,,,,,,,,,,资讯科技业,软件服务,,港股;资讯科技业;软件服务;科技,akshare_eastmoney_company_profile,2026-06-02T14:23:24.938041,common_stock,False,True,,,,
08093,HK,,,,,,,,,,,,,,,,,,非必需性消费,媒体及娱乐,,港股;非必需性消费;媒体及娱乐;消费,akshare_eastmoney_company_profile,2026-06-02T14:23:24.957853,common_stock,False,True,,,,
08095,HK,,,,,,,,,,,,,,,,,,综合企业,综合企业,,港股;综合企业,akshare_eastmoney_company_profile,2026-06-02T14:23:25.140014,common_stock,False,True,,,,
08096,HK,,,,,,,,,,,,,,,,,,非必需性消费,旅游及消闲设施,,港股;非必需性消费;旅游及消闲设施;消费,akshare_eastmoney_company_profile,2026-06-02T14:23:25.033648,common_stock,False,True,,,,
08098,HK,,,,,,,,,,,,,,,,,,金融业,其他金融,,港股;金融业;其他金融;金融服务,akshare_eastmoney_company_profile,2026-06-02T14:23:24.992182,common_stock,False,True,,,,
08100,HK,,,,,,,,,,,,,,,,,,资讯科技业,软件服务,,港股;资讯科技业;软件服务;科技,akshare_eastmoney_company_profile,2026-06-02T14:23:25.003416,common_stock,False,True,,,,
08103,HK,,,,,,,,,,,,,,,,,,非必需性消费,媒体及娱乐,,港股;非必需性消费;媒体及娱乐;消费,akshare_eastmoney_company_profile,2026-06-02T14:23:25.198579,common_stock,False,True,,,,
08106,HK,,,,,,,,,,,,,,,,,,资讯科技业,软件服务,,港股;资讯科技业;软件服务;科技,akshare_eastmoney_company_profile,2026-06-02T14:23:25.099925,common_stock,False,True,,,,
08107,HK,,,,,,,,,,,,,,,,,,非必需性消费,纺织及服饰,,港股;非必需性消费;纺织及服饰;消费,akshare_eastmoney_company_profile,2026-06-02T14:23:25.123937,common_stock,False,True,,,,
08111,HK,,,,,,,,,,,,,,,,,,工业,工业工程,,港股;工业;工业工程,akshare_eastmoney_company_profile,2026-06-02T14:23:25.121029,common_stock,False,True,,,,
08112,HK,,,,,,,,,,,,,,,,,,非必需性消费,媒体及娱乐,,港股;非必需性消费;媒体及娱乐;消费,akshare_eastmoney_company_profile,2026-06-02T14:23:25.086545,common_stock,False,True,,,,
08113,HK,,,,,,,,,,,,,,,,,,工业,工业工程,,港股;工业;工业工程,akshare_eastmoney_company_profile,2026-06-02T14:23:25.110495,common_stock,False,True,,,,
08115,HK,,,,,,,,,,,,,,,,,,工业,工业工程,,港股;工业;工业工程,akshare_eastmoney_company_profile,2026-06-02T14:23:25.141940,common_stock,False,True,,,,
08117,HK,,,,,,,,,,,,,,,,,,公用事业,公用事业,,港股;公用事业;高股息,akshare_eastmoney_company_profile,2026-06-02T14:23:25.189308,common_stock,False,True,,,,
08118,HK,,,,,,,,,,,,,,,,,,非必需性消费,家庭电器及用品,,港股;非必需性消费;家庭电器及用品;消费,akshare_eastmoney_company_profile,2026-06-02T14:23:25.215660,common_stock,False,True,,,,
08120,HK,,,,,,,,,,,,,,,,,,非必需性消费,旅游及消闲设施,,港股;非必需性消费;旅游及消闲设施;消费,akshare_eastmoney_company_profile,2026-06-02T14:23:25.218863,common_stock,False,True,,,,
08121,HK,,,,,,,,,,,,,,,,,,非必需性消费,媒体及娱乐,,港股;非必需性消费;媒体及娱乐;消费,akshare_eastmoney_company_profile,2026-06-02T14:23:25.225279,common_stock,False,True,,,,
08123,HK,,,,,,,,,,,,,,,,,,非必需性消费,专业零售,,港股;非必需性消费;专业零售;消费,akshare_eastmoney_company_profile,2026-06-02T14:23:25.238360,common_stock,False,True,,,,
08125,HK,,,,,,,,,,,,,,,,,,工业,建筑,,港股;工业;建筑,akshare_eastmoney_company_profile,2026-06-02T14:23:25.236698,common_stock,False,True,,,,
08126,HK,,,,,,,,,,,,,,,,,,非必需性消费,专业零售,,港股;非必需性消费;专业零售;消费,akshare_eastmoney_company_profile,2026-06-02T14:23:25.252270,common_stock,False,True,,,,
08128,HK,,,,,,,,,,,,,,,,,,工业,工业工程,,港股;工业;工业工程,akshare_eastmoney_company_profile,2026-06-02T14:23:25.322118,common_stock,False,True,,,,
08130,HK,,,,,,,,,,,,,,,,,,非必需性消费,支援服务,,港股;非必需性消费;支援服务,akshare_eastmoney_company_profile,2026-06-02T14:23:25.358579,common_stock,False,True,,,,
08131,HK,,,,,,,,,,,,,,,,,,资讯科技业,软件服务,,港股;资讯科技业;软件服务;科技,akshare_eastmoney_company_profile,2026-06-02T14:23:25.327635,common_stock,False,True,,,,
08132,HK,,,,,,,,,,,,,,,,,,能源业,石油及天然气,,港股;能源业;石油及天然气;资源能源,akshare_eastmoney_company_profile,2026-06-02T14:23:25.326377,common_stock,False,True,,,,
08133,HK,,,,,,,,,,,,,,,,,,工业,工业工程,,港股;工业;工业工程,akshare_eastmoney_company_profile,2026-06-02T14:23:25.367626,common_stock,False,True,,,,
08136,HK,,,,,,,,,,,,,,,,,,非必需性消费,家庭电器及用品,,港股;非必需性消费;家庭电器及用品;消费,akshare_eastmoney_company_profile,2026-06-02T14:23:25.382595,common_stock,False,True,,,,
08137,HK,,,,,,,,,,,,,,,,,,工业,工业工程,,港股;工业;工业工程,akshare_eastmoney_company_profile,2026-06-02T14:23:25.397384,common_stock,False,True,,,,
08139,HK,,,,,,,,,,,,,,,,,,原材料业,原材料,,港股;原材料业;原材料;资源材料,akshare_eastmoney_company_profile,2026-06-02T14:23:25.386255,common_stock,False,True,,,,
08140,HK,,,,,,,,,,,,,,,,,,工业,建筑,,港股;工业;建筑,akshare_eastmoney_company_profile,2026-06-02T14:23:25.446506,common_stock,False,True,,,,
08143,HK,,,,,,,,,,,,,,,,,,医疗保健业,其他医疗保健,,港股;医疗保健业;其他医疗保健;医药医疗,akshare_eastmoney_company_profile,2026-06-02T14:23:25.481720,common_stock,False,True,,,,
08146,HK,,,,,,,,,,,,,,,,,,必需性消费,食物饮品,,港股;必需性消费;食物饮品,akshare_eastmoney_company_profile,2026-06-02T14:23:25.498010,common_stock,False,True,,,,
08147,HK,,,,,,,,,,,,,,,,,,非必需性消费,家庭电器及用品,,港股;非必需性消费;家庭电器及用品;消费,akshare_eastmoney_company_profile,2026-06-02T14:23:25.596958,common_stock,False,True,,,,
08148,HK,,,,,,,,,,,,,,,,,,资讯科技业,软件服务,,港股;资讯科技业;软件服务;科技,akshare_eastmoney_company_profile,2026-06-02T14:23:25.573928,common_stock,False,True,,,,
08149,HK,,,,,,,,,,,,,,,,,,金融业,其他金融,,港股;金融业;其他金融;金融服务,akshare_eastmoney_company_profile,2026-06-02T14:23:25.587083,common_stock,False,True,,,,
08152,HK,,,,,,,,,,,,,,,,,,工业,工业工程,,港股;工业;工业工程,akshare_eastmoney_company_profile,2026-06-02T14:23:25.599320,common_stock,False,True,,,,
08153,HK,,,,,,,,,,,,,,,,,,非必需性消费,媒体及娱乐,,港股;非必需性消费;媒体及娱乐;消费,akshare_eastmoney_company_profile,2026-06-02T14:23:25.601030,common_stock,False,True,,,,
08156,HK,,,,,,,,,,,,,,,,,,工业,工用支援,,港股;工业;工用支援,akshare_eastmoney_company_profile,2026-06-02T14:23:25.615876,common_stock,False,True,,,,
08158,HK,,,,,,,,,,,,,,,,,,医疗保健业,其他医疗保健,,港股;医疗保健业;其他医疗保健;医药医疗,akshare_eastmoney_company_profile,2026-06-02T14:23:25.626177,common_stock,False,True,,,,
08159,HK,,,,,,,,,,,,,,,,,,资讯科技业,资讯科技器材,,港股;资讯科技业;资讯科技器材;科技,akshare_eastmoney_company_profile,2026-06-02T14:23:25.635139,common_stock,False,True,,,,
08160,HK,,,,,,,,,,,,,,,,,,非必需性消费,支援服务,,港股;非必需性消费;支援服务,akshare_eastmoney_company_profile,2026-06-02T14:23:25.681763,common_stock,False,True,,,,
08161,HK,,,,,,,,,,,,,,,,,,医疗保健业,其他医疗保健,,港股;医疗保健业;其他医疗保健;医药医疗,akshare_eastmoney_company_profile,2026-06-02T14:23:25.711607,common_stock,False,True,,,,
08162,HK,,,,,,,,,,,,,,,,,,原材料业,黄金及贵金属,,港股;原材料业;黄金及贵金属;资源材料,akshare_eastmoney_company_profile,2026-06-02T14:23:25.761724,common_stock,False,True,,,,
08163,HK,,,,,,,,,,,,,,,,,,金融业,其他金融,,港股;金融业;其他金融;金融服务,akshare_eastmoney_company_profile,2026-06-02T14:23:25.772811,common_stock,False,True,,,,
08168,HK,,,,,,,,,,,,,,,,,,金融业,其他金融,,港股;金融业;其他金融;金融服务,akshare_eastmoney_company_profile,2026-06-02T14:23:25.814694,common_stock,False,True,,,,
08169,HK,,,,,,,,,,,,,,,,,,工业,工业工程,,港股;工业;工业工程,akshare_eastmoney_company_profile,2026-06-02T14:23:25.826179,common_stock,False,True,,,,
08172,HK,,,,,,,,,,,,,,,,,,非必需性消费,媒体及娱乐,,港股;非必需性消费;媒体及娱乐;消费,akshare_eastmoney_company_profile,2026-06-02T14:23:25.834940,common_stock,False,True,,,,
08173,HK,,,,,,,,,,,,,,,,,,工业,建筑,,港股;工业;建筑,akshare_eastmoney_company_profile,2026-06-02T14:23:25.837764,common_stock,False,True,,,,
08176,HK,,,,,,,,,,,,,,,,,,工业,工业工程,,港股;工业;工业工程,akshare_eastmoney_company_profile,2026-06-02T14:23:25.849548,common_stock,False,True,,,,
08178,HK,,,,,,,,,,,,,,,,,,资讯科技业,软件服务,,港股;资讯科技业;软件服务;科技,akshare_eastmoney_company_profile,2026-06-02T14:23:25.847436,common_stock,False,True,,,,
08179,HK,,,,,,,,,,,,,,,,,,必需性消费,食物饮品,,港股;必需性消费;食物饮品,akshare_eastmoney_company_profile,2026-06-02T14:23:25.866807,common_stock,False,True,,,,
08181,HK,,,,,,,,,,,,,,,,,,地产业,地产,,港股;地产业;地产;房地产,akshare_eastmoney_company_profile,2026-06-02T14:23:25.931299,common_stock,False,True,,,,
08186,HK,,,,,,,,,,,,,,,,,,非必需性消费,家庭电器及用品,,港股;非必需性消费;家庭电器及用品;消费,akshare_eastmoney_company_profile,2026-06-02T14:23:25.920514,common_stock,False,True,,,,
08187,HK,,,,,,,,,,,,,,,,,,非必需性消费,纺织及服饰,,港股;非必需性消费;纺织及服饰;消费,akshare_eastmoney_company_profile,2026-06-02T14:23:26.111260,common_stock,False,True,,,,
08188,HK,,,,,,,,,,,,,,,,,,工业,建筑,,港股;工业;建筑,akshare_eastmoney_company_profile,2026-06-02T14:23:25.951902,common_stock,False,True,,,,
08189,HK,,,,,,,,,,,,,,,,,,原材料业,原材料,,港股;原材料业;原材料;资源材料,akshare_eastmoney_company_profile,2026-06-02T14:23:25.941369,common_stock,False,True,,,,
08191,HK,,,,,,,,,,,,,,,,,,原材料业,原材料,,港股;原材料业;原材料;资源材料,akshare_eastmoney_company_profile,2026-06-02T14:23:25.983520,common_stock,False,True,,,,
08193,HK,,,,,,,,,,,,,,,,,,金融业,其他金融,,港股;金融业;其他金融;金融服务,akshare_eastmoney_company_profile,2026-06-02T14:23:26.000825,common_stock,False,True,,,,
08195,HK,,,,,,,,,,,,,,,,,,非必需性消费,支援服务,,港股;非必需性消费;支援服务,akshare_eastmoney_company_profile,2026-06-02T14:23:26.002769,common_stock,False,True,,,,
08196,HK,,,,,,,,,,,,,,,,,,公用事业,公用事业,,港股;公用事业;高股息,akshare_eastmoney_company_profile,2026-06-02T14:23:26.018026,common_stock,False,True,,,,
08198,HK,,,,,,,,,,,,,,,,,,资讯科技业,软件服务,,港股;资讯科技业;软件服务;科技,akshare_eastmoney_company_profile,2026-06-02T14:23:26.030434,common_stock,False,True,,,,
08200,HK,,,,,,,,,,,,,,,,,,非必需性消费,专业零售,,港股;非必需性消费;专业零售;消费,akshare_eastmoney_company_profile,2026-06-02T14:23:26.515547,common_stock,False,True,,,,
08201,HK,,,,,,,,,,,,,,,,,,非必需性消费,支援服务,,港股;非必需性消费;支援服务,akshare_eastmoney_company_profile,2026-06-02T14:23:26.048021,common_stock,False,True,,,,
08203,HK,,,,,,,,,,,,,,,,,,能源业,煤炭,,港股;能源业;煤炭;资源能源,akshare_eastmoney_company_profile,2026-06-02T14:23:26.085876,common_stock,False,True,,,,
08205,HK,,,,,,,,,,,,,,,,,,资讯科技业,软件服务,,港股;资讯科技业;软件服务;科技,akshare_eastmoney_company_profile,2026-06-02T14:23:26.174533,common_stock,False,True,,,,
08206,HK,,,,,,,,,,,,,,,,,,非必需性消费,支援服务,,港股;非必需性消费;支援服务,akshare_eastmoney_company_profile,2026-06-02T14:23:26.142297,common_stock,False,True,,,,
08208,HK,,,,,,,,,,,,,,,,,,工业,建筑,,港股;工业;建筑,akshare_eastmoney_company_profile,2026-06-02T14:23:26.184031,common_stock,False,True,,,,
08210,HK,,,,,,,,,,,,,,,,,,金融业,其他金融,,港股;金融业;其他金融;金融服务,akshare_eastmoney_company_profile,2026-06-02T14:23:26.219328,common_stock,False,True,,,,
08211,HK,,,,,,,,,,,,,,,,,,非必需性消费,纺织及服饰,,港股;非必需性消费;纺织及服饰;消费,akshare_eastmoney_company_profile,2026-06-02T14:23:26.193199,common_stock,False,True,,,,
08213,HK,,,,,,,,,,,,,,,,,,非必需性消费,旅游及消闲设施,,港股;非必需性消费;旅游及消闲设施;消费,akshare_eastmoney_company_profile,2026-06-02T14:23:26.201837,common_stock,False,True,,,,
08217,HK,,,,,,,,,,,,,,,,,,工业,建筑,,港股;工业;建筑,akshare_eastmoney_company_profile,2026-06-02T14:23:26.210694,common_stock,False,True,,,,
08218,HK,,,,,,,,,,,,,,,,,,工业,工业工程,,港股;工业;工业工程,akshare_eastmoney_company_profile,2026-06-02T14:23:26.609114,common_stock,False,True,,,,
08219,HK,,,,,,,,,,,,,,,,,,非必需性消费,纺织及服饰,,港股;非必需性消费;纺织及服饰;消费,akshare_eastmoney_company_profile,2026-06-02T14:23:26.275566,common_stock,False,True,,,,
08220,HK,,,,,,,,,,,,,,,,,,非必需性消费,媒体及娱乐,,港股;非必需性消费;媒体及娱乐;消费,akshare_eastmoney_company_profile,2026-06-02T14:23:26.285537,common_stock,False,True,,,,
08221,HK,,,,,,,,,,,,,,,,,,金融业,其他金融,,港股;金融业;其他金融;金融服务,akshare_eastmoney_company_profile,2026-06-02T14:23:26.314486,common_stock,False,True,,,,
08222,HK,,,,,,,,,,,,,,,,,,非必需性消费,家庭电器及用品,,港股;非必需性消费;家庭电器及用品;消费,akshare_eastmoney_company_profile,2026-06-02T14:23:26.316701,common_stock,False,True,,,,
08223,HK,,,,,,,,,,,,,,,,,,医疗保健业,其他医疗保健,,港股;医疗保健业;其他医疗保健;医药医疗,akshare_eastmoney_company_profile,2026-06-02T14:23:26.329135,common_stock,False,True,,,,
08225,HK,,,,,,,,,,,,,,,,,,医疗保健业,药品及生物科技,,港股;医疗保健业;药品及生物科技;医药医疗,akshare_eastmoney_company_profile,2026-06-02T14:23:26.319603,common_stock,False,True,,,,
08226,HK,,,,,,,,,,,,,,,,,,金融业,其他金融,,港股;金融业;其他金融;金融服务,akshare_eastmoney_company_profile,2026-06-02T14:23:26.374122,common_stock,False,True,,,,
08227,HK,,,,,,,,,,,,,,,,,,资讯科技业,资讯科技器材,,港股;资讯科技业;资讯科技器材;科技,akshare_eastmoney_company_profile,2026-06-02T14:23:26.386604,common_stock,False,True,,,,
08229,HK,,,,,,,,,,,,,,,,,,资讯科技业,软件服务,,港股;资讯科技业;软件服务;科技,akshare_eastmoney_company_profile,2026-06-02T14:23:26.466138,common_stock,False,True,,,,
08232,HK,,,,,,,,,,,,,,,,,,非必需性消费,旅游及消闲设施,,港股;非必需性消费;旅游及消闲设施;消费,akshare_eastmoney_company_profile,2026-06-02T14:23:26.441424,common_stock,False,True,,,,
08237,HK,,,,,,,,,,,,,,,,,,非必需性消费,旅游及消闲设施,,港股;非必需性消费;旅游及消闲设施;消费,akshare_eastmoney_company_profile,2026-06-02T14:23:26.451251,common_stock,False,True,,,,
08238,HK,,,,,,,,,,,,,,,,,,非必需性消费,媒体及娱乐,,港股;非必需性消费;媒体及娱乐;消费,akshare_eastmoney_company_profile,2026-06-02T14:23:26.482622,common_stock,False,True,,,,
08239,HK,,,,,,,,,,,,,,,,,,金融业,其他金融,,港股;金融业;其他金融;金融服务,akshare_eastmoney_company_profile,2026-06-02T14:23:26.680042,common_stock,False,True,,,,
08241,HK,,,,,,,,,,,,,,,,,,必需性消费,食物饮品,,港股;必需性消费;食物饮品,akshare_eastmoney_company_profile,2026-06-02T14:23:26.485975,common_stock,False,True,,,,
08245,HK,,,,,,,,,,,,,,,,,,资讯科技业,资讯科技器材,,港股;资讯科技业;资讯科技器材;科技,akshare_eastmoney_company_profile,2026-06-02T14:23:26.540863,common_stock,False,True,,,,
08246,HK,,,,,,,,,,,,,,,,,,工业,工业工程,,港股;工业;工业工程,akshare_eastmoney_company_profile,2026-06-02T14:23:26.637882,common_stock,False,True,,,,
08247,HK,,,,,,,,,,,,,,,,,,医疗保健业,药品及生物科技,,港股;医疗保健业;药品及生物科技;医药医疗,akshare_eastmoney_company_profile,2026-06-02T14:23:26.595168,common_stock,False,True,,,,
08249,HK,,,,,,,,,,,,,,,,,,工业,工业工程,,港股;工业;工业工程,akshare_eastmoney_company_profile,2026-06-02T14:23:26.581043,common_stock,False,True,,,,
08250,HK,,,,,,,,,,,,,,,,,,必需性消费,农业产品,,港股;必需性消费;农业产品,akshare_eastmoney_company_profile,2026-06-02T14:23:26.682413,common_stock,False,True,,,,
08262,HK,,,,,,,,,,,,,,,,,,工业,建筑,,港股;工业;建筑,akshare_eastmoney_company_profile,2026-06-02T14:23:26.635121,common_stock,False,True,,,,
08267,HK,,,,,,,,,,,,,,,,,,资讯科技业,软件服务,,港股;资讯科技业;软件服务;科技,akshare_eastmoney_company_profile,2026-06-02T14:23:26.652638,common_stock,False,True,,,,
08268,HK,,,,,,,,,,,,,,,,,,工业,建筑,,港股;工业;建筑,akshare_eastmoney_company_profile,2026-06-02T14:23:26.685323,common_stock,False,True,,,,
08269,HK,,,,,,,,,,,,,,,,,,非必需性消费,纺织及服饰,,港股;非必需性消费;纺织及服饰;消费,akshare_eastmoney_company_profile,2026-06-02T14:23:26.844294,common_stock,False,True,,,,
08270,HK,,,,,,,,,,,,,,,,,,能源业,石油及天然气,,港股;能源业;石油及天然气;资源能源,akshare_eastmoney_company_profile,2026-06-02T14:23:26.735422,common_stock,False,True,,,,
08271,HK,,,,,,,,,,,,,,,,,,地产业,地产,,港股;地产业;地产;房地产,akshare_eastmoney_company_profile,2026-06-02T14:23:26.781552,common_stock,False,True,,,,
08275,HK,,,,,,,,,,,,,,,,,,工业,建筑,,港股;工业;建筑,akshare_eastmoney_company_profile,2026-06-02T14:23:26.760549,common_stock,False,True,,,,
08276,HK,,,,,,,,,,,,,,,,,,未分类,待人工确认,,港股;待人工确认;未分类,nan+local_taxonomy+local_taxonomy+local_taxonomy;local_registry_enrichment,2026-06-03T07:15:43.584322,common_stock,False,True,,,,
08277,HK,,,,,,,,,,,,,,,,,,原材料业,原材料,,港股;原材料业;原材料;资源材料,akshare_eastmoney_company_profile,2026-06-02T14:23:26.793667,common_stock,False,True,,,,
08279,HK,,,,,,,,,,,,,,,,,,金融业,其他金融,,港股;金融业;其他金融;金融服务,akshare_eastmoney_company_profile,2026-06-02T14:23:26.811080,common_stock,False,True,,,,
08280,HK,,,,,,,,,,,,,,,,,,非必需性消费,媒体及娱乐,,港股;非必需性消费;媒体及娱乐;消费,akshare_eastmoney_company_profile,2026-06-02T14:23:26.956969,common_stock,False,True,,,,
08281,HK,,,,,,,,,,,,,,,,,,非必需性消费,消费者主要零售商,,港股;非必需性消费;消费者主要零售商;消费,akshare_eastmoney_company_profile,2026-06-02T14:23:26.880807,common_stock,False,True,,,,
08282,HK,,,,,,,,,,,,,,,,,,资讯科技业,软件服务,,港股;资讯科技业;软件服务;科技,akshare_eastmoney_company_profile,2026-06-02T14:23:26.878722,common_stock,False,True,,,,
08283,HK,,,,,,,,,,,,,,,,,,非必需性消费,支援服务,,港股;非必需性消费;支援服务,akshare_eastmoney_company_profile,2026-06-02T14:23:26.883445,common_stock,False,True,,,,
08285,HK,,,,,,,,,,,,,,,,,,非必需性消费,纺织及服饰,,港股;非必需性消费;纺织及服饰;消费,akshare_eastmoney_company_profile,2026-06-02T14:23:26.904221,common_stock,False,True,,,,
08286,HK,,,,,,,,,,,,,,,,,,资讯科技业,资讯科技器材,,港股;资讯科技业;资讯科技器材;科技,akshare_eastmoney_company_profile,2026-06-02T14:23:26.955224,common_stock,False,True,,,,
08290,HK,,,,,,,,,,,,,,,,,,资讯科技业,软件服务,,港股;资讯科技业;软件服务;科技,akshare_eastmoney_company_profile,2026-06-02T14:23:27.044683,common_stock,False,True,,,,
08291,HK,,,,,,,,,,,,,,,,,,工业,工用支援,,港股;工业;工用支援,akshare_eastmoney_company_profile,2026-06-02T14:23:27.056089,common_stock,False,True,,,,
08292,HK,,,,,,,,,,,,,,,,,,工业,工用运输,,港股;工业;工用运输,akshare_eastmoney_company_profile,2026-06-02T14:23:27.054660,common_stock,False,True,,,,
08293,HK,,,,,,,,,,,,,,,,,,非必需性消费,支援服务,,港股;非必需性消费;支援服务,akshare_eastmoney_company_profile,2026-06-02T14:23:27.070016,common_stock,False,True,,,,
08295,HK,,,,,,,,,,,,,,,,,,非必需性消费,支援服务,,港股;非必需性消费;支援服务,akshare_eastmoney_company_profile,2026-06-02T14:23:27.206802,common_stock,False,True,,,,
08296,HK,,,,,,,,,,,,,,,,,,非必需性消费,支援服务,,港股;非必需性消费;支援服务,akshare_eastmoney_company_profile,2026-06-02T14:23:27.201539,common_stock,False,True,,,,
08297,HK,,,,,,,,,,,,,,,,,,非必需性消费,纺织及服饰,,港股;非必需性消费;纺织及服饰;消费,akshare_eastmoney_company_profile,2026-06-02T14:23:27.105157,common_stock,False,True,,,,
08299,HK,,,,,,,,,,,,,,,,,,原材料业,黄金及贵金属,,港股;原材料业;黄金及贵金属;资源材料,akshare_eastmoney_company_profile,2026-06-02T14:23:27.274606,common_stock,False,True,,,,
08300,HK,,,,,,,,,,,,,,,,,,非必需性消费,旅游及消闲设施,,港股;非必需性消费;旅游及消闲设施;消费,akshare_eastmoney_company_profile,2026-06-02T14:23:27.186421,common_stock,False,True,,,,
08305,HK,,,,,,,,,,,,,,,,,,工业,建筑,,港股;工业;建筑,akshare_eastmoney_company_profile,2026-06-02T14:23:27.182638,common_stock,False,True,,,,
08307,HK,,,,,,,,,,,,,,,,,,医疗保健业,其他医疗保健,,港股;医疗保健业;其他医疗保健;医药医疗,akshare_eastmoney_company_profile,2026-06-02T14:23:27.185092,common_stock,False,True,,,,
08308,HK,,,,,,,,,,,,,,,,,,非必需性消费,旅游及消闲设施,,港股;非必需性消费;旅游及消闲设施;消费,akshare_eastmoney_company_profile,2026-06-02T14:23:27.217266,common_stock,False,True,,,,
08309,HK,,,,,,,,,,,,,,,,,,非必需性消费,支援服务,,港股;非必需性消费;支援服务,akshare_eastmoney_company_profile,2026-06-02T14:23:27.273032,common_stock,False,True,,,,
08310,HK,,,,,,,,,,,,,,,,,,工业,工用支援,,港股;工业;工用支援,akshare_eastmoney_company_profile,2026-06-02T14:23:27.573496,common_stock,False,True,,,,
08311,HK,,,,,,,,,,,,,,,,,,资讯科技业,资讯科技器材,,港股;资讯科技业;资讯科技器材;科技,akshare_eastmoney_company_profile,2026-06-02T14:23:27.351470,common_stock,False,True,,,,
08313,HK,,,,,,,,,,,,,,,,,,金融业,其他金融,,港股;金融业;其他金融;金融服务,akshare_eastmoney_company_profile,2026-06-02T14:23:27.425168,common_stock,False,True,,,,
08315,HK,,,,,,,,,,,,,,,,,,非必需性消费,支援服务,,港股;非必需性消费;支援服务,akshare_eastmoney_company_profile,2026-06-02T14:23:27.422999,common_stock,False,True,,,,
08316,HK,,,,,,,,,,,,,,,,,,工业,建筑,,港股;工业;建筑,akshare_eastmoney_company_profile,2026-06-02T14:23:27.409198,common_stock,False,True,,,,
08317,HK,,,,,,,,,,,,,,,,,,非必需性消费,媒体及娱乐,,港股;非必需性消费;媒体及娱乐;消费,akshare_eastmoney_company_profile,2026-06-02T14:23:27.426844,common_stock,False,True,,,,
08319,HK,,,,,,,,,,,,,,,,,,资讯科技业,软件服务,,港股;资讯科技业;软件服务;科技,akshare_eastmoney_company_profile,2026-06-02T14:23:27.447921,common_stock,False,True,,,,
08320,HK,,,,,,,,,,,,,,,,,,非必需性消费,支援服务,,港股;非必需性消费;支援服务,akshare_eastmoney_company_profile,2026-06-02T14:23:27.450168,common_stock,False,True,,,,
08321,HK,,,,,,,,,,,,,,,,,,工业,建筑,,港股;工业;建筑,akshare_eastmoney_company_profile,2026-06-02T14:23:27.451714,common_stock,False,True,,,,
08326,HK,,,,,,,,,,,,,,,,,,工业,工业工程,,港股;工业;工业工程,akshare_eastmoney_company_profile,2026-06-02T14:23:27.528066,common_stock,False,True,,,,
08328,HK,,,,,,,,,,,,,,,,,,工业,工业工程,,港股;工业;工业工程,akshare_eastmoney_company_profile,2026-06-02T14:23:27.729418,common_stock,False,True,,,,
08329,HK,,,,,,,,,,,,,,,,,,医疗保健业,药品及生物科技,,港股;医疗保健业;药品及生物科技;医药医疗,akshare_eastmoney_company_profile,2026-06-02T14:23:27.616696,common_stock,False,True,,,,
08331,HK,,,,,,,,,,,,,,,,,,原材料业,一般金属及矿石,,港股;原材料业;一般金属及矿石;资源材料,akshare_eastmoney_company_profile,2026-06-02T14:23:28.120096,common_stock,False,True,,,,
08333,HK,,,,,,,,,,,,,,,,,,金融业,其他金融,,港股;金融业;其他金融;金融服务,akshare_eastmoney_company_profile,2026-06-02T14:23:27.639798,common_stock,False,True,,,,
08337,HK,,,,,,,,,,,,,,,,,,电讯业,电讯,,港股;电讯业;电讯,akshare_eastmoney_company_profile,2026-06-02T14:23:27.674049,common_stock,False,True,,,,
08340,HK,,,,,,,,,,,,,,,,,,金融业,其他金融,,港股;金融业;其他金融;金融服务,akshare_eastmoney_company_profile,2026-06-02T14:23:27.818377,common_stock,False,True,,,,
08341,HK,,,,,,,,,,,,,,,,,,工业,建筑,,港股;工业;建筑,akshare_eastmoney_company_profile,2026-06-02T14:23:27.844337,common_stock,False,True,,,,
08347,HK,,,,,,,,,,,,,,,,,,能源业,石油及天然气,,港股;能源业;石油及天然气;资源能源,akshare_eastmoney_company_profile,2026-06-02T14:23:27.704715,common_stock,False,True,,,,
08348,HK,,,,,,,,,,,,,,,,,,工业,工用支援,,港股;工业;工用支援,akshare_eastmoney_company_profile,2026-06-02T14:23:27.720093,common_stock,False,True,,,,
08349,HK,,,,,,,,,,,,,,,,,,工业,建筑,,港股;工业;建筑,akshare_eastmoney_company_profile,2026-06-02T14:23:27.749006,common_stock,False,True,,,,
08350,HK,,,,,,,,,,,,,,,,,,金融业,其他金融,,港股;金融业;其他金融;金融服务,akshare_eastmoney_company_profile,2026-06-02T14:23:27.812973,common_stock,False,True,,,,
08356,HK,,,,,,,,,,,,,,,,,,工业,建筑,,港股;工业;建筑,akshare_eastmoney_company_profile,2026-06-02T14:23:27.801103,common_stock,False,True,,,,
08357,HK,,,,,,,,,,,,,,,,,,医疗保健业,其他医疗保健,,港股;医疗保健业;其他医疗保健;医药医疗,akshare_eastmoney_company_profile,2026-06-02T14:23:27.815099,common_stock,False,True,,,,
08360,HK,,,,,,,,,,,,,,,,,,工业,建筑,,港股;工业;建筑,akshare_eastmoney_company_profile,2026-06-02T14:23:27.835752,common_stock,False,True,,,,
08362,HK,,,,,,,,,,,,,,,,,,必需性消费,食物饮品,,港股;必需性消费;食物饮品,akshare_eastmoney_company_profile,2026-06-02T14:23:27.852672,common_stock,False,True,,,,
08365,HK,,,,,,,,,,,,,,,,,,金融业,其他金融,,港股;金融业;其他金融;金融服务,akshare_eastmoney_company_profile,2026-06-02T14:23:28.089924,common_stock,False,True,,,,
08366,HK,,,,,,,,,,,,,,,,,,工业,建筑,,港股;工业;建筑,akshare_eastmoney_company_profile,2026-06-02T14:23:27.973049,common_stock,False,True,,,,
08367,HK,,,,,,,,,,,,,,,,,,非必需性消费,旅游及消闲设施,,港股;非必需性消费;旅游及消闲设施;消费,akshare_eastmoney_company_profile,2026-06-02T14:23:28.061821,common_stock,False,True,,,,
08368,HK,,,,,,,,,,,,,,,,,,非必需性消费,媒体及娱乐,,港股;非必需性消费;媒体及娱乐;消费,akshare_eastmoney_company_profile,2026-06-02T14:23:28.003567,common_stock,False,True,,,,
08370,HK,,,,,,,,,,,,,,,,,,非必需性消费,家庭电器及用品,,港股;非必需性消费;家庭电器及用品;消费,akshare_eastmoney_company_profile,2026-06-02T14:23:28.027665,common_stock,False,True,,,,
08371,HK,,,,,,,,,,,,,,,,,,非必需性消费,旅游及消闲设施,,港股;非必需性消费;旅游及消闲设施;消费,akshare_eastmoney_company_profile,2026-06-02T14:23:28.006490,common_stock,False,True,,,,
08372,HK,,,,,,,,,,,,,,,,,,医疗保健业,其他医疗保健,,港股;医疗保健业;其他医疗保健;医药医疗,akshare_eastmoney_company_profile,2026-06-02T14:23:28.025790,common_stock,False,True,,,,
08373,HK,,,,,,,,,,,,,,,,,,工业,建筑,,港股;工业;建筑,akshare_eastmoney_company_profile,2026-06-02T14:23:28.105768,common_stock,False,True,,,,
08375,HK,,,,,,,,,,,,,,,,,,工业,工业工程,,港股;工业;工业工程,akshare_eastmoney_company_profile,2026-06-02T14:23:28.140113,common_stock,False,True,,,,
08377,HK,,,,,,,,,,,,,,,,,,非必需性消费,纺织及服饰,,港股;非必需性消费;纺织及服饰;消费,akshare_eastmoney_company_profile,2026-06-02T14:23:28.130177,common_stock,False,True,,,,
08379,HK,,,,,,,,,,,,,,,,,,资讯科技业,资讯科技器材,,港股;资讯科技业;资讯科技器材;科技,akshare_eastmoney_company_profile,2026-06-02T14:23:28.170330,common_stock,False,True,,,,
08385,HK,,,,,,,,,,,,,,,,,,非必需性消费,媒体及娱乐,,港股;非必需性消费;媒体及娱乐;消费,akshare_eastmoney_company_profile,2026-06-02T14:23:28.161892,common_stock,False,True,,,,
08391,HK,,,,,,,,,,,,,,,,,,工业,工业工程,,港股;工业;工业工程,akshare_eastmoney_company_profile,2026-06-02T14:23:28.179044,common_stock,False,True,,,,
08392,HK,,,,,,,,,,,,,,,,,,非必需性消费,家庭电器及用品,,港股;非必需性消费;家庭电器及用品;消费,akshare_eastmoney_company_profile,2026-06-02T14:23:28.202200,common_stock,False,True,,,,
08395,HK,,,,,,,,,,,,,,,,,,非必需性消费,家庭电器及用品,,港股;非必需性消费;家庭电器及用品;消费,akshare_eastmoney_company_profile,2026-06-02T14:23:28.454282,common_stock,False,True,,,,
08400,HK,,,,,,,,,,,,,,,,,,非必需性消费,旅游及消闲设施,,港股;非必需性消费;旅游及消闲设施;消费,akshare_eastmoney_company_profile,2026-06-02T14:23:28.263240,common_stock,False,True,,,,
08401,HK,,,,,,,,,,,,,,,,,,非必需性消费,媒体及娱乐,,港股;非必需性消费;媒体及娱乐;消费,akshare_eastmoney_company_profile,2026-06-02T14:23:28.244746,common_stock,False,True,,,,
08402,HK,,,,,,,,,,,,,,,,,,工业,建筑,,港股;工业;建筑,akshare_eastmoney_company_profile,2026-06-02T14:23:28.253727,common_stock,False,True,,,,
08403,HK,,,,,,,,,,,,,,,,,,非必需性消费,媒体及娱乐,,港股;非必需性消费;媒体及娱乐;消费,akshare_eastmoney_company_profile,2026-06-02T14:23:28.265012,common_stock,False,True,,,,
08406,HK,,,,,,,,,,,,,,,,,,非必需性消费,家庭电器及用品,,港股;非必需性消费;家庭电器及用品;消费,akshare_eastmoney_company_profile,2026-06-02T14:23:28.281480,common_stock,False,True,,,,
08411,HK,,,,,,,,,,,,,,,,,,工业,建筑,,港股;工业;建筑,akshare_eastmoney_company_profile,2026-06-02T14:23:28.278774,common_stock,False,True,,,,
08412,HK,,,,,,,,,,,,,,,,,,非必需性消费,旅游及消闲设施,,港股;非必需性消费;旅游及消闲设施;消费,akshare_eastmoney_company_profile,2026-06-02T14:23:28.306465,common_stock,False,True,,,,
08413,HK,,,,,,,,,,,,,,,,,,必需性消费,食物饮品,,港股;必需性消费;食物饮品,akshare_eastmoney_company_profile,2026-06-02T14:23:28.366463,common_stock,False,True,,,,
08416,HK,,,,,,,,,,,,,,,,,,工业,工用支援,,港股;工业;工用支援,akshare_eastmoney_company_profile,2026-06-02T14:23:28.478346,common_stock,False,True,,,,
08417,HK,,,,,,,,,,,,,,,,,,非必需性消费,支援服务,,港股;非必需性消费;支援服务,akshare_eastmoney_company_profile,2026-06-02T14:23:28.456054,common_stock,False,True,,,,
08418,HK,,,,,,,,,,,,,,,,,,非必需性消费,支援服务,,港股;非必需性消费;支援服务,akshare_eastmoney_company_profile,2026-06-02T14:23:28.405117,common_stock,False,True,,,,
08419,HK,,,,,,,,,,,,,,,,,,非必需性消费,家庭电器及用品,,港股;非必需性消费;家庭电器及用品;消费,akshare_eastmoney_company_profile,2026-06-02T14:23:28.550097,common_stock,False,True,,,,
08420,HK,,,,,,,,,,,,,,,,,,资讯科技业,软件服务,,港股;资讯科技业;软件服务;科技,akshare_eastmoney_company_profile,2026-06-02T14:23:28.439675,common_stock,False,True,,,,
08422,HK,,,,,,,,,,,,,,,,,,工业,建筑,,港股;工业;建筑,akshare_eastmoney_company_profile,2026-06-02T14:23:28.449432,common_stock,False,True,,,,
08423,HK,,,,,,,,,,,,,,,,,,工业,建筑,,港股;工业;建筑,akshare_eastmoney_company_profile,2026-06-02T14:23:28.469809,common_stock,False,True,,,,
08425,HK,,,,,,,,,,,,,,,,,,工业,工业工程,,港股;工业;工业工程,akshare_eastmoney_company_profile,2026-06-02T14:23:28.494491,common_stock,False,True,,,,
08426,HK,,,,,,,,,,,,,,,,,,地产业,地产,,港股;地产业;地产;房地产,akshare_eastmoney_company_profile,2026-06-02T14:23:28.674755,common_stock,False,True,,,,
08427,HK,,,,,,,,,,,,,,,,,,工业,建筑,,港股;工业;建筑,akshare_eastmoney_company_profile,2026-06-02T14:23:28.568572,common_stock,False,True,,,,
08428,HK,,,,,,,,,,,,,,,,,,非必需性消费,旅游及消闲设施,,港股;非必需性消费;旅游及消闲设施;消费,akshare_eastmoney_company_profile,2026-06-02T14:23:28.713672,common_stock,False,True,,,,
08429,HK,,,,,,,,,,,,,,,,,,非必需性消费,媒体及娱乐,,港股;非必需性消费;媒体及娱乐;消费,akshare_eastmoney_company_profile,2026-06-02T14:23:28.646656,common_stock,False,True,,,,
08430,HK,,,,,,,,,,,,,,,,,,工业,工用运输,,港股;工业;工用运输,akshare_eastmoney_company_profile,2026-06-02T14:23:28.684214,common_stock,False,True,,,,
08431,HK,,,,,,,,,,,,,,,,,,非必需性消费,旅游及消闲设施,,港股;非必需性消费;旅游及消闲设施;消费,akshare_eastmoney_company_profile,2026-06-02T14:23:28.676987,common_stock,False,True,,,,
08432,HK,,,,,,,,,,,,,,,,,,非必需性消费,旅游及消闲设施,,港股;非必需性消费;旅游及消闲设施;消费,akshare_eastmoney_company_profile,2026-06-02T14:23:28.664558,common_stock,False,True,,,,
08436,HK,,,,,,,,,,,,,,,,,,医疗保健业,其他医疗保健,,港股;医疗保健业;其他医疗保健;医药医疗,akshare_eastmoney_company_profile,2026-06-02T14:23:28.679942,common_stock,False,True,,,,
08437,HK,,,,,,,,,,,,,,,,,,医疗保健业,其他医疗保健,,港股;医疗保健业;其他医疗保健;医药医疗,akshare_eastmoney_company_profile,2026-06-02T14:23:28.685939,common_stock,False,True,,,,
08439,HK,,,,,,,,,,,,,,,,,,金融业,其他金融,,港股;金融业;其他金融;金融服务,akshare_eastmoney_company_profile,2026-06-02T14:23:29.016520,common_stock,False,True,,,,
08445,HK,,,,,,,,,,,,,,,,,,工业,建筑,,港股;工业;建筑,akshare_eastmoney_company_profile,2026-06-02T14:23:28.771693,common_stock,False,True,,,,
08446,HK,,,,,,,,,,,,,,,,,,非必需性消费,媒体及娱乐,,港股;非必需性消费;媒体及娱乐;消费,akshare_eastmoney_company_profile,2026-06-02T14:23:28.840794,common_stock,False,True,,,,
08447,HK,,,,,,,,,,,,,,,,,,非必需性消费,旅游及消闲设施,,港股;非必需性消费;旅游及消闲设施;消费,akshare_eastmoney_company_profile,2026-06-02T14:23:28.837776,common_stock,False,True,,,,
08448,HK,,,,,,,,,,,,,,,,,,工业,工用支援,,港股;工业;工用支援,akshare_eastmoney_company_profile,2026-06-02T14:23:28.926132,common_stock,False,True,,,,
08450,HK,,,,,,,,,,,,,,,,,,工业,工用支援,,港股;工业;工用支援,akshare_eastmoney_company_profile,2026-06-02T14:23:28.888654,common_stock,False,True,,,,
08451,HK,,,,,,,,,,,,,,,,,,非必需性消费,消费者主要零售商,,港股;非必需性消费;消费者主要零售商;消费,akshare_eastmoney_company_profile,2026-06-02T14:23:28.891448,common_stock,False,True,,,,
08452,HK,,,,,,,,,,,,,,,,,,金融业,其他金融,,港股;金融业;其他金融;金融服务,akshare_eastmoney_company_profile,2026-06-02T14:23:28.943760,common_stock,False,True,,,,
08455,HK,,,,,,,,,,,,,,,,,,工业,建筑,,港股;工业;建筑,akshare_eastmoney_company_profile,2026-06-02T14:23:28.895080,common_stock,False,True,,,,
08456,HK,,,,,,,,,,,,,,,,,,非必需性消费,纺织及服饰,,港股;非必需性消费;纺织及服饰;消费,akshare_eastmoney_company_profile,2026-06-02T14:23:28.935311,common_stock,False,True,,,,
08460,HK,,,,,,,,,,,,,,,,,,工业,建筑,,港股;工业;建筑,akshare_eastmoney_company_profile,2026-06-02T14:23:28.957503,common_stock,False,True,,,,
08462,HK,,,,,,,,,,,,,,,,,,非必需性消费,支援服务,,港股;非必需性消费;支援服务,akshare_eastmoney_company_profile,2026-06-02T14:23:29.013561,common_stock,False,True,,,,
08471,HK,,,,,,,,,,,,,,,,,,非必需性消费,纺织及服饰,,港股;非必需性消费;纺织及服饰;消费,akshare_eastmoney_company_profile,2026-06-02T14:23:29.042756,common_stock,False,True,,,,
08472,HK,,,,,,,,,,,,,,,,,,非必需性消费,支援服务,,港股;非必需性消费;支援服务,akshare_eastmoney_company_profile,2026-06-02T14:23:29.045633,common_stock,False,True,,,,
08473,HK,,,,,,,,,,,,,,,,,,医疗保健业,其他医疗保健,,港股;医疗保健业;其他医疗保健;医药医疗,akshare_eastmoney_company_profile,2026-06-02T14:23:29.142356,common_stock,False,True,,,,
08475,HK,,,,,,,,,,,,,,,,,,非必需性消费,旅游及消闲设施,,港股;非必需性消费;旅游及消闲设施;消费,akshare_eastmoney_company_profile,2026-06-02T14:23:29.119744,common_stock,False,True,,,,
08476,HK,,,,,,,,,,,,,,,,,,必需性消费,食物饮品,,港股;必需性消费;食物饮品,akshare_eastmoney_company_profile,2026-06-02T14:23:29.363584,common_stock,False,True,,,,
08480,HK,,,,,,,,,,,,,,,,,,非必需性消费,纺织及服饰,,港股;非必需性消费;纺织及服饰;消费,akshare_eastmoney_company_profile,2026-06-02T14:23:29.183427,common_stock,False,True,,,,
08481,HK,,,,,,,,,,,,,,,,,,工业,工用支援,,港股;工业;工用支援,akshare_eastmoney_company_profile,2026-06-02T14:23:29.169890,common_stock,False,True,,,,
08482,HK,,,,,,,,,,,,,,,,,,工业,工用运输,,港股;工业;工用运输,akshare_eastmoney_company_profile,2026-06-02T14:23:29.876045,common_stock,False,True,,,,
08483,HK,,,,,,,,,,,,,,,,,,非必需性消费,支援服务,,港股;非必需性消费;支援服务,akshare_eastmoney_company_profile,2026-06-02T14:23:29.191462,common_stock,False,True,,,,
08487,HK,,,,,,,,,,,,,,,,,,非必需性消费,专业零售,,港股;非必需性消费;专业零售;消费,akshare_eastmoney_company_profile,2026-06-02T14:23:29.289777,common_stock,False,True,,,,
08489,HK,,,,,,,,,,,,,,,,,,工业,工用运输,,港股;工业;工用运输,akshare_eastmoney_company_profile,2026-06-02T14:23:29.274360,common_stock,False,True,,,,
08490,HK,,,,,,,,,,,,,,,,,,工业,工业工程,,港股;工业;工业工程,akshare_eastmoney_company_profile,2026-06-02T14:23:29.237198,common_stock,False,True,,,,
08491,HK,,,,,,,,,,,,,,,,,,必需性消费,食物饮品,,港股;必需性消费;食物饮品,akshare_eastmoney_company_profile,2026-06-02T14:23:29.264824,common_stock,False,True,,,,
08493,HK,,,,,,,,,,,,,,,,,,非必需性消费,旅游及消闲设施,,港股;非必需性消费;旅游及消闲设施;消费,akshare_eastmoney_company_profile,2026-06-02T14:23:29.277729,common_stock,False,True,,,,
08495,HK,,,,,,,,,,,,,,,,,,非必需性消费,旅游及消闲设施,,港股;非必需性消费;旅游及消闲设施;消费,akshare_eastmoney_company_profile,2026-06-02T14:23:29.284056,common_stock,False,True,,,,
08496,HK,,,,,,,,,,,,,,,,,,必需性消费,食物饮品,,港股;必需性消费;食物饮品,akshare_eastmoney_company_profile,2026-06-02T14:23:29.335643,common_stock,False,True,,,,
08500,HK,,,,,,,,,,,,,,,,,,非必需性消费,媒体及娱乐,,港股;非必需性消费;媒体及娱乐;消费,akshare_eastmoney_company_profile,2026-06-02T14:23:29.372807,common_stock,False,True,,,,
08501,HK,,,,,,,,,,,,,,,,,,工业,建筑,,港股;工业;建筑,akshare_eastmoney_company_profile,2026-06-02T14:23:29.375313,common_stock,False,True,,,,
08502,HK,,,,,,,,,,,,,,,,,,工业,工用运输,,港股;工业;工用运输,akshare_eastmoney_company_profile,2026-06-02T14:23:29.751654,common_stock,False,True,,,,
08507,HK,,,,,,,,,,,,,,,,,,非必需性消费,纺织及服饰,,港股;非必需性消费;纺织及服饰;消费,akshare_eastmoney_company_profile,2026-06-02T14:23:29.412511,common_stock,False,True,,,,
08509,HK,,,,,,,,,,,,,,,,,,必需性消费,食物饮品,,港股;必需性消费;食物饮品,akshare_eastmoney_company_profile,2026-06-02T14:23:29.402902,common_stock,False,True,,,,
08510,HK,,,,,,,,,,,,,,,,,,非必需性消费,旅游及消闲设施,,港股;非必需性消费;旅游及消闲设施;消费,akshare_eastmoney_company_profile,2026-06-02T14:23:29.437762,common_stock,False,True,,,,
08511,HK,,,,,,,,,,,,,,,,,,工业,工业工程,,港股;工业;工业工程,akshare_eastmoney_company_profile,2026-06-02T14:23:29.496351,common_stock,False,True,,,,
08512,HK,,,,,,,,,,,,,,,,,,非必需性消费,消费者主要零售商,,港股;非必需性消费;消费者主要零售商;消费,akshare_eastmoney_company_profile,2026-06-02T14:23:29.498346,common_stock,False,True,,,,
08513,HK,,,,,,,,,,,,,,,,,,医疗保健业,其他医疗保健,,港股;医疗保健业;其他医疗保健;医药医疗,akshare_eastmoney_company_profile,2026-06-02T14:23:29.621961,common_stock,False,True,,,,
08516,HK,,,,,,,,,,,,,,,,,,工业,建筑,,港股;工业;建筑,akshare_eastmoney_company_profile,2026-06-02T14:23:29.500183,common_stock,False,True,,,,
08519,HK,,,,,,,,,,,,,,,,,,非必需性消费,旅游及消闲设施,,港股;非必需性消费;旅游及消闲设施;消费,akshare_eastmoney_company_profile,2026-06-02T14:23:29.651826,common_stock,False,True,,,,
08521,HK,,,,,,,,,,,,,,,,,,非必需性消费,纺织及服饰,,港股;非必需性消费;纺织及服饰;消费,akshare_eastmoney_company_profile,2026-06-02T14:23:29.531062,common_stock,False,True,,,,
08523,HK,,,,,,,,,,,,,,,,,,工业,建筑,,港股;工业;建筑,akshare_eastmoney_company_profile,2026-06-02T14:23:29.660715,common_stock,False,True,,,,
08525,HK,,,,,,,,,,,,,,,,,,工业,工用支援,,港股;工业;工用支援,akshare_eastmoney_company_profile,2026-06-02T14:23:29.658384,common_stock,False,True,,,,
08526,HK,,,,,,,,,,,,,,,,,,工业,建筑,,港股;工业;建筑,akshare_eastmoney_company_profile,2026-06-02T14:23:29.662788,common_stock,False,True,,,,
08527,HK,,,,,,,,,,,,,,,,,,非必需性消费,旅游及消闲设施,,港股;非必需性消费;旅游及消闲设施;消费,akshare_eastmoney_company_profile,2026-06-02T14:23:29.665092,common_stock,False,True,,,,
08529,HK,,,,,,,,,,,,,,,,,,资讯科技业,半导体,,港股;资讯科技业;半导体;科技,akshare_eastmoney_company_profile,2026-06-02T14:23:29.740051,common_stock,False,True,,,,
08532,HK,,,,,,,,,,,,,,,,,,工业,建筑,,港股;工业;建筑,akshare_eastmoney_company_profile,2026-06-02T14:23:29.778069,common_stock,False,True,,,,
08535,HK,,,,,,,,,,,,,,,,,,工业,建筑,,港股;工业;建筑,akshare_eastmoney_company_profile,2026-06-02T14:23:29.804266,common_stock,False,True,,,,
08536,HK,,,,,,,,,,,,,,,,,,能源业,石油及天然气,,港股;能源业;石油及天然气;资源能源,akshare_eastmoney_company_profile,2026-06-02T14:23:29.839366,common_stock,False,True,,,,
08537,HK,,,,,,,,,,,,,,,,,,非必需性消费,纺织及服饰,,港股;非必需性消费;纺织及服饰;消费,akshare_eastmoney_company_profile,2026-06-02T14:23:29.820490,common_stock,False,True,,,,
08540,HK,,,,,,,,,,,,,,,,,,金融业,其他金融,,港股;金融业;其他金融;金融服务,akshare_eastmoney_company_profile,2026-06-02T14:23:29.830113,common_stock,False,True,,,,
08545,HK,,,,,,,,,,,,,,,,,,非必需性消费,家庭电器及用品,,港股;非必需性消费;家庭电器及用品;消费,akshare_eastmoney_company_profile,2026-06-02T14:23:29.840975,common_stock,False,True,,,,
08547,HK,,,,,,,,,,,,,,,,,,非必需性消费,家庭电器及用品,,港股;非必需性消费;家庭电器及用品;消费,akshare_eastmoney_company_profile,2026-06-02T14:23:29.844037,common_stock,False,True,,,,
08549,HK,,,,,,,,,,,,,,,,,,工业,建筑,,港股;工业;建筑,akshare_eastmoney_company_profile,2026-06-02T14:23:29.884417,common_stock,False,True,,,,
08551,HK,,,,,,,,,,,,,,,,,,非必需性消费,专业零售,,港股;非必需性消费;专业零售;消费,akshare_eastmoney_company_profile,2026-06-02T14:23:29.895691,common_stock,False,True,,,,
08552,HK,,,,,,,,,,,,,,,,,,能源业,石油及天然气,,港股;能源业;石油及天然气;资源能源,akshare_eastmoney_company_profile,2026-06-02T14:23:29.918769,common_stock,False,True,,,,
08553,HK,,,,,,,,,,,,,,,,,,金融业,其他金融,,港股;金融业;其他金融;金融服务,akshare_eastmoney_company_profile,2026-06-02T14:23:29.934265,common_stock,False,True,,,,
08555,HK,,,,,,,,,,,,,,,,,,非必需性消费,媒体及娱乐,,港股;非必需性消费;媒体及娱乐;消费,akshare_eastmoney_company_profile,2026-06-02T14:23:29.989062,common_stock,False,True,,,,
08556,HK,,,,,,,,,,,,,,,,,,工业,建筑,,港股;工业;建筑,akshare_eastmoney_company_profile,2026-06-02T14:23:30.210735,common_stock,False,True,,,,
08557,HK,,,,,,,,,,,,,,,,,,非必需性消费,旅游及消闲设施,,港股;非必需性消费;旅游及消闲设施;消费,akshare_eastmoney_company_profile,2026-06-02T14:23:30.015574,common_stock,False,True,,,,
08558,HK,,,,,,,,,,,,,,,,,,金融业,其他金融,,港股;金融业;其他金融;金融服务,akshare_eastmoney_company_profile,2026-06-02T14:23:30.042143,common_stock,False,True,,,,
08559,HK,,,,,,,,,,,,,,,,,,金融业,其他金融,,港股;金融业;其他金融;金融服务,akshare_eastmoney_company_profile,2026-06-02T14:23:30.074213,common_stock,False,True,,,,
08560,HK,,,,,,,,,,,,,,,,,,金融业,其他金融,,港股;金融业;其他金融;金融服务,akshare_eastmoney_company_profile,2026-06-02T14:23:30.098609,common_stock,False,True,,,,
08579,HK,,,,,,,,,,,,,,,,,,资讯科技业,资讯科技器材,,港股;资讯科技业;资讯科技器材;科技,akshare_eastmoney_company_profile,2026-06-02T14:23:30.084224,common_stock,False,True,,,,
08598,HK,,,,,,,,,,,,,,,,,,未分类,待人工确认,,港股;待人工确认;未分类,nan+local_taxonomy+local_taxonomy+local_taxonomy;local_registry_enrichment,2026-06-03T07:15:43.584322,common_stock,False,True,,,,
08600,HK,,,,,,,,,,,,,,,,,,未分类,待人工确认,,港股;待人工确认;未分类,nan+local_taxonomy+local_taxonomy+local_taxonomy;local_registry_enrichment,2026-06-03T07:15:43.584322,common_stock,False,True,,,,
08601,HK,,,,,,,,,,,,,,,,,,工业,建筑,,港股;工业;建筑,akshare_eastmoney_company_profile,2026-06-02T14:23:30.123631,common_stock,False,True,,,,
08603,HK,,,,,,,,,,,,,,,,,,医疗保健业,其他医疗保健,,港股;医疗保健业;其他医疗保健;医药医疗,akshare_eastmoney_company_profile,2026-06-02T14:23:30.140302,common_stock,False,True,,,,
08606,HK,,,,,,,,,,,,,,,,,,资讯科技业,软件服务,,港股;资讯科技业;软件服务;科技,akshare_eastmoney_company_profile,2026-06-02T14:23:30.179678,common_stock,False,True,,,,
08610,HK,,,,,,,,,,,,,,,,,,工业,建筑,,港股;工业;建筑,akshare_eastmoney_company_profile,2026-06-02T14:23:30.236607,common_stock,False,True,,,,
08611,HK,,,,,,,,,,,,,,,,,,资讯科技业,软件服务,,港股;资讯科技业;软件服务;科技,akshare_eastmoney_company_profile,2026-06-02T14:23:30.370031,common_stock,False,True,,,,
08612,HK,,,,,,,,,,,,,,,,,,工业,工业工程,,港股;工业;工业工程,akshare_eastmoney_company_profile,2026-06-02T14:23:30.311571,common_stock,False,True,,,,
08613,HK,,,,,,,,,,,,,,,,,,金融业,其他金融,,港股;金融业;其他金融;金融服务,akshare_eastmoney_company_profile,2026-06-02T14:23:30.308961,common_stock,False,True,,,,
08616,HK,,,,,,,,,,,,,,,,,,工业,建筑,,港股;工业;建筑,akshare_eastmoney_company_profile,2026-06-02T14:23:30.326169,common_stock,False,True,,,,
08619,HK,,,,,,,,,,,,,,,,,,工业,建筑,,港股;工业;建筑,akshare_eastmoney_company_profile,2026-06-02T14:23:30.372068,common_stock,False,True,,,,
08620,HK,,,,,,,,,,,,,,,,,,工业,工用运输,,港股;工业;工用运输,akshare_eastmoney_company_profile,2026-06-02T14:23:30.352648,common_stock,False,True,,,,
08621,HK,,,,,,,,,,,,,,,,,,金融业,其他金融,,港股;金融业;其他金融;金融服务,akshare_eastmoney_company_profile,2026-06-02T14:23:30.354996,common_stock,False,True,,,,
08622,HK,,,,,,,,,,,,,,,,,,医疗保健业,药品及生物科技,,港股;医疗保健业;药品及生物科技;医药医疗,akshare_eastmoney_company_profile,2026-06-02T14:23:30.445137,common_stock,False,True,,,,
08623,HK,,,,,,,,,,,,,,,,,,工业,工业工程,,港股;工业;工业工程,akshare_eastmoney_company_profile,2026-06-02T14:23:30.433894,common_stock,False,True,,,,
08627,HK,,,,,,,,,,,,,,,,,,非必需性消费,媒体及娱乐,,港股;非必需性消费;媒体及娱乐;消费,akshare_eastmoney_company_profile,2026-06-02T14:23:30.471444,common_stock,False,True,,,,
08629,HK,,,,,,,,,,,,,,,,,,工业,建筑,,港股;工业;建筑,akshare_eastmoney_company_profile,2026-06-02T14:23:30.528143,common_stock,False,True,,,,
08631,HK,,,,,,,,,,,,,,,,,,能源业,石油及天然气,,港股;能源业;石油及天然气;资源能源,akshare_eastmoney_company_profile,2026-06-02T14:23:30.622262,common_stock,False,True,,,,
08635,HK,,,,,,,,,,,,,,,,,,资讯科技业,软件服务,,港股;资讯科技业;软件服务;科技,akshare_eastmoney_company_profile,2026-06-02T14:23:30.557571,common_stock,False,True,,,,
08637,HK,,,,,,,,,,,,,,,,,,资讯科技业,半导体,,港股;资讯科技业;半导体;科技,akshare_eastmoney_company_profile,2026-06-02T14:23:30.911434,common_stock,False,True,,,,
08645,HK,,,,,,,,,,,,,,,,,,资讯科技业,软件服务,,港股;资讯科技业;软件服务;科技,akshare_eastmoney_company_profile,2026-06-02T14:23:30.589297,common_stock,False,True,,,,
08646,HK,,,,,,,,,,,,,,,,,,工业,工业工程,,港股;工业;工业工程,akshare_eastmoney_company_profile,2026-06-02T14:23:30.598785,common_stock,False,True,,,,
08657,HK,,,,,,,,,,,,,,,,,,金融业,其他金融,,港股;金融业;其他金融;金融服务,akshare_eastmoney_company_profile,2026-06-02T14:23:30.681162,common_stock,False,True,,,,
08659,HK,,,,,,,,,,,,,,,,,,工业,工用支援,,港股;工业;工用支援,akshare_eastmoney_company_profile,2026-06-02T14:23:30.608012,common_stock,False,True,,,,
08661,HK,,,,,,,,,,,,,,,,,,非必需性消费,纺织及服饰,,港股;非必需性消费;纺织及服饰;消费,akshare_eastmoney_company_profile,2026-06-02T14:23:30.624814,common_stock,False,True,,,,
08668,HK,,,,,,,,,,,,,,,,,,非必需性消费,旅游及消闲设施,,港股;非必需性消费;旅游及消闲设施;消费,akshare_eastmoney_company_profile,2026-06-02T14:23:30.880720,common_stock,False,True,,,,
09001,HK,,,,,,,,,,,,,,,,,,基金,ETF及交易所买卖产品,,港股;ETF;基金;交易所买卖产品;ETF及交易所买卖产品;被动产品,nan+local_taxonomy+local_taxonomy+local_taxonomy;local_registry_enrichment,2026-06-03T07:15:43.584322,fund_like,True,True,,,,
09008,HK,,,,,,,,,,,,,,,,,,基金,ETF及交易所买卖产品,,港股;ETF;基金;交易所买卖产品;ETF及交易所买卖产品;被动产品,nan+local_taxonomy+local_taxonomy+local_taxonomy;local_registry_enrichment,2026-06-03T07:15:43.584322,fund_like,True,True,,,,
09009,HK,,,,,,,,,,,,,,,,,,基金,ETF及交易所买卖产品,,港股;ETF;基金;交易所买卖产品;ETF及交易所买卖产品;被动产品,nan+local_taxonomy+local_taxonomy+local_taxonomy;local_registry_enrichment,2026-06-03T07:15:43.584322,fund_like,True,True,,,,
09010,HK,,,,,,,,,,,,,,,,,,基金,ETF及交易所买卖产品,,港股;ETF;基金;交易所买卖产品;ETF及交易所买卖产品;被动产品,nan+local_taxonomy+local_taxonomy+local_taxonomy;local_registry_enrichment,2026-06-03T07:15:43.584322,fund_like,True,True,,,,
09011,HK,,,,,,,,,,,,,,,,,,基金,ETF及交易所买卖产品,,港股;ETF;基金;交易所买卖产品;ETF及交易所买卖产品;被动产品,nan+local_taxonomy+local_taxonomy+local_taxonomy;local_registry_enrichment,2026-06-03T07:15:43.584322,fund_like,True,True,,,,
09031,HK,,,,,,,,,,,,,,,,,,基金,ETF及交易所买卖产品,,港股;ETF;基金;交易所买卖产品;ETF及交易所买卖产品;被动产品,nan+local_taxonomy+local_taxonomy+local_taxonomy;local_registry_enrichment,2026-06-03T07:15:43.584322,fund_like,True,True,,,,
09040,HK,,,,,,,,,,,,,,,,,,基金,ETF及交易所买卖产品,,港股;ETF;基金;交易所买卖产品;ETF及交易所买卖产品;被动产品,nan+local_taxonomy+local_taxonomy+local_taxonomy;local_registry_enrichment,2026-06-03T07:15:43.584322,fund_like,True,True,,,,
09042,HK,,,,,,,,,,,,,,,,,,基金,ETF及交易所买卖产品,,港股;ETF;基金;交易所买卖产品;ETF及交易所买卖产品;被动产品,nan+local_taxonomy+local_taxonomy+local_taxonomy;local_registry_enrichment,2026-06-03T07:15:43.584322,fund_like,True,True,,,,
09046,HK,,,,,,,,,,,,,,,,,,基金,ETF及交易所买卖产品,,港股;ETF;基金;交易所买卖产品;ETF及交易所买卖产品;被动产品,nan+local_taxonomy+local_taxonomy+local_taxonomy;local_registry_enrichment,2026-06-03T07:15:43.584322,fund_like,True,True,,,,
09047,HK,,,,,,,,,,,,,,,,,,基金,ETF及交易所买卖产品,,港股;ETF;基金;交易所买卖产品;ETF及交易所买卖产品;被动产品,nan+local_taxonomy+local_taxonomy+local_taxonomy;local_registry_enrichment,2026-06-03T07:15:43.584322,fund_like,True,True,,,,
09064,HK,,,,,,,,,,,,,,,,,,基金,ETF及交易所买卖产品,,港股;ETF;基金;交易所买卖产品;ETF及交易所买卖产品;被动产品,nan+local_taxonomy+local_taxonomy+local_taxonomy;local_registry_enrichment,2026-06-03T07:15:43.584322,fund_like,True,True,,,,
09067,HK,,,,,,,,,,,,,,,,,,基金,ETF及交易所买卖产品,,港股;ETF;基金;交易所买卖产品;ETF及交易所买卖产品;被动产品,nan+local_taxonomy+local_taxonomy+local_taxonomy;local_registry_enrichment,2026-06-03T07:15:43.584322,fund_like,True,True,,,,
09069,HK,,,,,,,,,,,,,,,,,,基金,ETF及交易所买卖产品,,港股;ETF;基金;交易所买卖产品;ETF及交易所买卖产品;被动产品,nan+local_taxonomy+local_taxonomy+local_taxonomy;local_registry_enrichment,2026-06-03T07:15:43.584322,fund_like,True,True,,,,
09070,HK,,,,,,,,,,,,,,,,,,基金,ETF及交易所买卖产品,,港股;ETF;基金;交易所买卖产品;ETF及交易所买卖产品;被动产品,nan+local_taxonomy+local_taxonomy+local_taxonomy;local_registry_enrichment,2026-06-03T07:15:43.584322,fund_like,True,True,,,,
09072,HK,,,,,,,,,,,,,,,,,,基金,ETF及交易所买卖产品,,港股;ETF;基金;交易所买卖产品;ETF及交易所买卖产品;被动产品,nan+local_taxonomy+local_taxonomy+local_taxonomy;local_registry_enrichment,2026-06-03T07:15:43.584322,fund_like,True,True,,,,
09074,HK,,,,,,,,,,,,,,,,,,基金,ETF及交易所买卖产品,,港股;ETF;基金;交易所买卖产品;ETF及交易所买卖产品;被动产品,nan+local_taxonomy+local_taxonomy+local_taxonomy;local_registry_enrichment,2026-06-03T07:15:43.584322,fund_like,True,True,,,,
09075,HK,,,,,,,,,,,,,,,,,,基金,ETF及交易所买卖产品,,港股;ETF;基金;交易所买卖产品;ETF及交易所买卖产品;被动产品,nan+local_taxonomy+local_taxonomy+local_taxonomy;local_registry_enrichment,2026-06-03T07:15:43.584322,fund_like,True,True,,,,
09077,HK,,,,,,,,,,,,,,,,,,基金,ETF及交易所买卖产品,,港股;ETF;基金;交易所买卖产品;ETF及交易所买卖产品;被动产品,nan+local_taxonomy+local_taxonomy+local_taxonomy;local_registry_enrichment,2026-06-03T07:15:43.584322,fund_like,True,True,,,,
09078,HK,,,,,,,,,,,,,,,,,,基金,ETF及交易所买卖产品,,港股;ETF;基金;交易所买卖产品;ETF及交易所买卖产品;被动产品,nan+local_taxonomy+local_taxonomy+local_taxonomy;local_registry_enrichment,2026-06-03T07:15:43.584322,fund_like,True,True,,,,
09081,HK,,,,,,,,,,,,,,,,,,基金,ETF及交易所买卖产品,,港股;ETF;基金;交易所买卖产品;ETF及交易所买卖产品;被动产品,nan+local_taxonomy+local_taxonomy+local_taxonomy;local_registry_enrichment,2026-06-03T07:15:43.584322,fund_like,True,True,,,,
09084,HK,,,,,,,,,,,,,,,,,,基金,ETF及交易所买卖产品,,港股;ETF;基金;交易所买卖产品;ETF及交易所买卖产品;被动产品,nan+local_taxonomy+local_taxonomy+local_taxonomy;local_registry_enrichment,2026-06-03T07:15:43.584322,fund_like,True,True,,,,
09086,HK,,,,,,,,,,,,,,,,,,基金,ETF及交易所买卖产品,,港股;ETF;基金;交易所买卖产品;ETF及交易所买卖产品;被动产品,nan+local_taxonomy+local_taxonomy+local_taxonomy;local_registry_enrichment,2026-06-03T07:15:43.584322,fund_like,True,True,,,,
09088,HK,,,,,,,,,,,,,,,,,,基金,ETF及交易所买卖产品,,港股;ETF;基金;交易所买卖产品;ETF及交易所买卖产品;被动产品,nan+local_taxonomy+local_taxonomy+local_taxonomy;local_registry_enrichment,2026-06-03T07:15:43.584322,fund_like,True,True,,,,
09096,HK,,,,,,,,,,,,,,,,,,基金,ETF及交易所买卖产品,,港股;ETF;基金;交易所买卖产品;ETF及交易所买卖产品;被动产品,nan+local_taxonomy+local_taxonomy+local_taxonomy;local_registry_enrichment,2026-06-03T07:15:43.584322,fund_like,True,True,,,,
09102,HK,,,,,,,,,,,,,,,,,,基金,ETF及交易所买卖产品,,港股;ETF;基金;交易所买卖产品;ETF及交易所买卖产品;被动产品,nan+local_taxonomy+local_taxonomy+local_taxonomy;local_registry_enrichment,2026-06-03T07:15:43.584322,fund_like,True,True,,,,
09104,HK,,,,,,,,,,,,,,,,,,基金,ETF及交易所买卖产品,,港股;ETF;基金;交易所买卖产品;ETF及交易所买卖产品;被动产品,nan+local_taxonomy+local_taxonomy+local_taxonomy;local_registry_enrichment,2026-06-03T07:15:43.584322,fund_like,True,True,,,,
09107,HK,,,,,,,,,,,,,,,,,,基金,ETF及交易所买卖产品,,港股;ETF;基金;交易所买卖产品;ETF及交易所买卖产品;被动产品,nan+local_taxonomy+local_taxonomy+local_taxonomy;local_registry_enrichment,2026-06-03T07:15:43.584322,fund_like,True,True,,,,
09115,HK,,,,,,,,,,,,,,,,,,基金,ETF及交易所买卖产品,,港股;ETF;基金;交易所买卖产品;ETF及交易所买卖产品;被动产品,nan+local_taxonomy+local_taxonomy+local_taxonomy;local_registry_enrichment,2026-06-03T07:15:43.584322,fund_like,True,True,,,,
09140,HK,,,,,,,,,,,,,,,,,,基金,ETF及交易所买卖产品,,港股;ETF;基金;交易所买卖产品;ETF及交易所买卖产品;被动产品,nan+local_taxonomy+local_taxonomy+local_taxonomy;local_registry_enrichment,2026-06-03T07:15:43.584322,fund_like,True,True,,,,
09141,HK,,,,,,,,,,,,,,,,,,基金,ETF及交易所买卖产品,,港股;ETF;基金;交易所买卖产品;ETF及交易所买卖产品;被动产品,nan+local_taxonomy+local_taxonomy+local_taxonomy;local_registry_enrichment,2026-06-03T07:15:43.584322,fund_like,True,True,,,,
09146,HK,,,,,,,,,,,,,,,,,,基金,ETF及交易所买卖产品,,港股;ETF;基金;交易所买卖产品;ETF及交易所买卖产品;被动产品,nan+local_taxonomy+local_taxonomy+local_taxonomy;local_registry_enrichment,2026-06-03T07:15:43.584322,fund_like,True,True,,,,
09151,HK,,,,,,,,,,,,,,,,,,基金,ETF及交易所买卖产品,,港股;ETF;基金;交易所买卖产品;ETF及交易所买卖产品;被动产品,nan+local_taxonomy+local_taxonomy+local_taxonomy;local_registry_enrichment,2026-06-03T07:15:43.584322,fund_like,True,True,,,,
09156,HK,,,,,,,,,,,,,,,,,,基金,ETF及交易所买卖产品,,港股;ETF;基金;交易所买卖产品;ETF及交易所买卖产品;被动产品,nan+local_taxonomy+local_taxonomy+local_taxonomy;local_registry_enrichment,2026-06-03T07:15:43.584322,fund_like,True,True,,,,
09159,HK,,,,,,,,,,,,,,,,,,基金,ETF及交易所买卖产品,,港股;ETF;基金;交易所买卖产品;ETF及交易所买卖产品;被动产品,nan+local_taxonomy+local_taxonomy+local_taxonomy;local_registry_enrichment,2026-06-03T07:15:43.584322,fund_like,True,True,,,,
09167,HK,,,,,,,,,,,,,,,,,,基金,ETF及交易所买卖产品,,港股;ETF;基金;交易所买卖产品;ETF及交易所买卖产品;被动产品,nan+local_taxonomy+local_taxonomy+local_taxonomy;local_registry_enrichment,2026-06-03T07:15:43.584322,fund_like,True,True,,,,
09173,HK,,,,,,,,,,,,,,,,,,基金,ETF及交易所买卖产品,,港股;ETF;基金;交易所买卖产品;ETF及交易所买卖产品;被动产品,nan+local_taxonomy+local_taxonomy+local_taxonomy;local_registry_enrichment,2026-06-03T07:15:43.584322,fund_like,True,True,,,,
09176,HK,,,,,,,,,,,,,,,,,,基金,ETF及交易所买卖产品,,港股;ETF;基金;交易所买卖产品;ETF及交易所买卖产品;被动产品,nan+local_taxonomy+local_taxonomy+local_taxonomy;local_registry_enrichment,2026-06-03T07:15:43.584322,fund_like,True,True,,,,
09177,HK,,,,,,,,,,,,,,,,,,基金,ETF及交易所买卖产品,,港股;ETF;基金;交易所买卖产品;ETF及交易所买卖产品;被动产品,nan+local_taxonomy+local_taxonomy+local_taxonomy;local_registry_enrichment,2026-06-03T07:15:43.584322,fund_like,True,True,,,,
09179,HK,,,,,,,,,,,,,,,,,,基金,ETF及交易所买卖产品,,港股;ETF;基金;交易所买卖产品;ETF及交易所买卖产品;被动产品,nan+local_taxonomy+local_taxonomy+local_taxonomy;local_registry_enrichment,2026-06-03T07:15:43.584322,fund_like,True,True,,,,
09181,HK,,,,,,,,,,,,,,,,,,基金,ETF及交易所买卖产品,,港股;ETF;基金;交易所买卖产品;ETF及交易所买卖产品;被动产品,nan+local_taxonomy+local_taxonomy+local_taxonomy;local_registry_enrichment,2026-06-03T07:15:43.584322,fund_like,True,True,,,,
09188,HK,,,,,,,,,,,,,,,,,,基金,ETF及交易所买卖产品,,港股;ETF;基金;交易所买卖产品;ETF及交易所买卖产品;被动产品,nan+local_taxonomy+local_taxonomy+local_taxonomy;local_registry_enrichment,2026-06-03T07:15:43.584322,fund_like,True,True,,,,
09191,HK,,,,,,,,,,,,,,,,,,基金,ETF及交易所买卖产品,,港股;ETF;基金;交易所买卖产品;ETF及交易所买卖产品;被动产品,nan+local_taxonomy+local_taxonomy+local_taxonomy;local_registry_enrichment,2026-06-03T07:15:43.584322,fund_like,True,True,,,,
09195,HK,,,,,,,,,,,,,,,,,,基金,ETF及交易所买卖产品,,港股;ETF;基金;交易所买卖产品;ETF及交易所买卖产品;被动产品,nan+local_taxonomy+local_taxonomy+local_taxonomy;local_registry_enrichment,2026-06-03T07:15:43.584322,fund_like,True,True,,,,
09196,HK,,,,,,,,,,,,,,,,,,基金,ETF及交易所买卖产品,,港股;ETF;基金;交易所买卖产品;ETF及交易所买卖产品;被动产品,nan+local_taxonomy+local_taxonomy+local_taxonomy;local_registry_enrichment,2026-06-03T07:15:43.584322,fund_like,True,True,,,,
09311,HK,,,,,,,,,,,,,,,,,,基金,ETF及交易所买卖产品,,港股;ETF;基金;交易所买卖产品;ETF及交易所买卖产品;被动产品,nan+local_taxonomy+local_taxonomy+local_taxonomy;local_registry_enrichment,2026-06-03T07:15:43.584322,fund_like,True,True,,,,
09347,HK,,,,,,,,,,,,,,,,,,基金,ETF及交易所买卖产品,,港股;ETF;基金;交易所买卖产品;ETF及交易所买卖产品;被动产品,nan+local_taxonomy+local_taxonomy+local_taxonomy;local_registry_enrichment,2026-06-03T07:15:43.584322,fund_like,True,True,,,,
09366,HK,,,,,,,,,,,,,,,,,,基金,ETF及交易所买卖产品,,港股;ETF;基金;交易所买卖产品;ETF及交易所买卖产品;被动产品,nan+local_taxonomy+local_taxonomy+local_taxonomy;local_registry_enrichment,2026-06-03T07:15:43.584322,fund_like,True,True,,,,
09388,HK,,,,,,,,,,,,,,,,,,基金,ETF及交易所买卖产品,,港股;ETF;基金;交易所买卖产品;ETF及交易所买卖产品;被动产品,nan+local_taxonomy+local_taxonomy+local_taxonomy;local_registry_enrichment,2026-06-03T07:15:43.584322,fund_like,True,True,,,,
09399,HK,,,,,,,,,,,,,,,,,,基金,ETF及交易所买卖产品,,港股;ETF;基金;交易所买卖产品;ETF及交易所买卖产品;被动产品,nan+local_taxonomy+local_taxonomy+local_taxonomy;local_registry_enrichment,2026-06-03T07:15:43.584322,fund_like,True,True,,,,
09403,HK,,,,,,,,,,,,,,,,,,基金,ETF及交易所买卖产品,,港股;ETF;基金;交易所买卖产品;ETF及交易所买卖产品;被动产品,nan+local_taxonomy+local_taxonomy+local_taxonomy;local_registry_enrichment,2026-06-03T07:15:43.584322,fund_like,True,True,,,,
09404,HK,,,,,,,,,,,,,,,,,,基金,ETF及交易所买卖产品,,港股;ETF;基金;交易所买卖产品;ETF及交易所买卖产品;被动产品,nan+local_taxonomy+local_taxonomy+local_taxonomy;local_registry_enrichment,2026-06-03T07:15:43.584322,fund_like,True,True,,,,
09406,HK,,,,,,,,,,,,,,,,,,基金,ETF及交易所买卖产品,,港股;ETF;基金;交易所买卖产品;ETF及交易所买卖产品;被动产品,nan+local_taxonomy+local_taxonomy+local_taxonomy;local_registry_enrichment,2026-06-03T07:15:43.584322,fund_like,True,True,,,,
09411,HK,,,,,,,,,,,,,,,,,,基金,ETF及交易所买卖产品,,港股;ETF;基金;交易所买卖产品;ETF及交易所买卖产品;被动产品,nan+local_taxonomy+local_taxonomy+local_taxonomy;local_registry_enrichment,2026-06-03T07:15:43.584322,fund_like,True,True,,,,
09415,HK,,,,,,,,,,,,,,,,,,基金,ETF及交易所买卖产品,,港股;ETF;基金;交易所买卖产品;ETF及交易所买卖产品;被动产品,nan+local_taxonomy+local_taxonomy+local_taxonomy;local_registry_enrichment,2026-06-03T07:15:43.584322,fund_like,True,True,,,,
09416,HK,,,,,,,,,,,,,,,,,,基金,ETF及交易所买卖产品,,港股;ETF;基金;交易所买卖产品;ETF及交易所买卖产品;被动产品,nan+local_taxonomy+local_taxonomy+local_taxonomy;local_registry_enrichment,2026-06-03T07:15:43.584322,fund_like,True,True,,,,
09418,HK,,,,,,,,,,,,,,,,,,基金,ETF及交易所买卖产品,,港股;ETF;基金;交易所买卖产品;ETF及交易所买卖产品;被动产品,nan+local_taxonomy+local_taxonomy+local_taxonomy;local_registry_enrichment,2026-06-03T07:15:43.584322,fund_like,True,True,,,,
09425,HK,,,,,,,,,,,,,,,,,,基金,ETF及交易所买卖产品,,港股;ETF;基金;交易所买卖产品;ETF及交易所买卖产品;被动产品,nan+local_taxonomy+local_taxonomy+local_taxonomy;local_registry_enrichment,2026-06-03T07:15:43.584322,fund_like,True,True,,,,
09428,HK,,,,,,,,,,,,,,,,,,基金,ETF及交易所买卖产品,,港股;ETF;基金;交易所买卖产品;ETF及交易所买卖产品;被动产品,nan+local_taxonomy+local_taxonomy+local_taxonomy;local_registry_enrichment,2026-06-03T07:15:43.584322,fund_like,True,True,,,,
09430,HK,,,,,,,,,,,,,,,,,,基金,ETF及交易所买卖产品,,港股;ETF;基金;交易所买卖产品;ETF及交易所买卖产品;被动产品,nan+local_taxonomy+local_taxonomy+local_taxonomy;local_registry_enrichment,2026-06-03T07:15:43.584322,fund_like,True,True,,,,
09434,HK,,,,,,,,,,,,,,,,,,基金,ETF及交易所买卖产品,,港股;ETF;基金;交易所买卖产品;ETF及交易所买卖产品;被动产品,nan+local_taxonomy+local_taxonomy+local_taxonomy;local_registry_enrichment,2026-06-03T07:15:43.584322,fund_like,True,True,,,,
09437,HK,,,,,,,,,,,,,,,,,,基金,ETF及交易所买卖产品,,港股;ETF;基金;交易所买卖产品;ETF及交易所买卖产品;被动产品,nan+local_taxonomy+local_taxonomy+local_taxonomy;local_registry_enrichment,2026-06-03T07:15:43.584322,fund_like,True,True,,,,
09439,HK,,,,,,,,,,,,,,,,,,基金,ETF及交易所买卖产品,,港股;ETF;基金;交易所买卖产品;ETF及交易所买卖产品;被动产品,nan+local_taxonomy+local_taxonomy+local_taxonomy;local_registry_enrichment,2026-06-03T07:15:43.584322,fund_like,True,True,,,,
09440,HK,,,,,,,,,,,,,,,,,,基金,ETF及交易所买卖产品,,港股;ETF;基金;交易所买卖产品;ETF及交易所买卖产品;被动产品,nan+local_taxonomy+local_taxonomy+local_taxonomy;local_registry_enrichment,2026-06-03T07:15:43.584322,fund_like,True,True,,,,
09446,HK,,,,,,,,,,,,,,,,,,基金,ETF及交易所买卖产品,,港股;ETF;基金;交易所买卖产品;ETF及交易所买卖产品;被动产品,nan+local_taxonomy+local_taxonomy+local_taxonomy;local_registry_enrichment,2026-06-03T07:15:43.584322,fund_like,True,True,,,,
09450,HK,,,,,,,,,,,,,,,,,,基金,ETF及交易所买卖产品,,港股;ETF;基金;交易所买卖产品;ETF及交易所买卖产品;被动产品,nan+local_taxonomy+local_taxonomy+local_taxonomy;local_registry_enrichment,2026-06-03T07:15:43.584322,fund_like,True,True,,,,
09451,HK,,,,,,,,,,,,,,,,,,基金,ETF及交易所买卖产品,,港股;ETF;基金;交易所买卖产品;ETF及交易所买卖产品;被动产品,nan+local_taxonomy+local_taxonomy+local_taxonomy;local_registry_enrichment,2026-06-03T07:15:43.584322,fund_like,True,True,,,,
09455,HK,,,,,,,,,,,,,,,,,,基金,ETF及交易所买卖产品,,港股;ETF;基金;交易所买卖产品;ETF及交易所买卖产品;被动产品,nan+local_taxonomy+local_taxonomy+local_taxonomy;local_registry_enrichment,2026-06-03T07:15:43.584322,fund_like,True,True,,,,
09460,HK,,,,,,,,,,,,,,,,,,基金,ETF及交易所买卖产品,,港股;ETF;基金;交易所买卖产品;ETF及交易所买卖产品;被动产品,nan+local_taxonomy+local_taxonomy+local_taxonomy;local_registry_enrichment,2026-06-03T07:15:43.584322,fund_like,True,True,,,,
09472,HK,,,,,,,,,,,,,,,,,,基金,ETF及交易所买卖产品,,港股;ETF;基金;交易所买卖产品;ETF及交易所买卖产品;被动产品,nan+local_taxonomy+local_taxonomy+local_taxonomy;local_registry_enrichment,2026-06-03T07:15:43.584322,fund_like,True,True,,,,
09477,HK,,,,,,,,,,,,,,,,,,基金,ETF及交易所买卖产品,,港股;ETF;基金;交易所买卖产品;ETF及交易所买卖产品;被动产品,nan+local_taxonomy+local_taxonomy+local_taxonomy;local_registry_enrichment,2026-06-03T07:15:43.584322,fund_like,True,True,,,,
09478,HK,,,,,,,,,,,,,,,,,,基金,ETF及交易所买卖产品,,港股;ETF;基金;交易所买卖产品;ETF及交易所买卖产品;被动产品,nan+local_taxonomy+local_taxonomy+local_taxonomy;local_registry_enrichment,2026-06-03T07:15:43.584322,fund_like,True,True,,,,
09480,HK,,,,,,,,,,,,,,,,,,基金,ETF及交易所买卖产品,,港股;ETF;基金;交易所买卖产品;ETF及交易所买卖产品;被动产品,nan+local_taxonomy+local_taxonomy+local_taxonomy;local_registry_enrichment,2026-06-03T07:15:43.584322,fund_like,True,True,,,,
09483,HK,,,,,,,,,,,,,,,,,,基金,ETF及交易所买卖产品,,港股;ETF;基金;交易所买卖产品;ETF及交易所买卖产品;被动产品,nan+local_taxonomy+local_taxonomy+local_taxonomy;local_registry_enrichment,2026-06-03T07:15:43.584322,fund_like,True,True,,,,
09489,HK,,,,,,,,,,,,,,,,,,基金,ETF及交易所买卖产品,,港股;ETF;基金;交易所买卖产品;ETF及交易所买卖产品;被动产品,nan+local_taxonomy+local_taxonomy+local_taxonomy;local_registry_enrichment,2026-06-03T07:15:43.584322,fund_like,True,True,,,,
09600,HK,,,,,,,,,,,,,,,,,,资讯科技业,软件服务,,港股;资讯科技业;软件服务;科技,akshare_eastmoney_company_profile,2026-06-02T14:23:33.783064,fund_like,False,True,,,,
09606,HK,,,,,,,,,,,,,,,,,,医疗保健业,药品及生物科技,,港股;医疗保健业;药品及生物科技;医药医疗,akshare_eastmoney_company_profile,2026-06-02T14:23:33.822614,fund_like,False,True,,,,
09608,HK,,,,,,,,,,,,,,,,,,地产业,地产,,港股;地产业;地产;房地产,akshare_eastmoney_company_profile,2026-06-02T14:23:33.946475,fund_like,False,True,,,,
09609,HK,,,,,,,,,,,,,,,,,,工业,工业工程,,港股;工业;工业工程,akshare_eastmoney_company_profile,2026-06-02T14:23:33.996776,fund_like,False,True,,,,
09611,HK,,,,,,,,,,,,,,,,,,资讯科技业,资讯科技器材,,港股;资讯科技业;资讯科技器材;科技,akshare_eastmoney_company_profile,2026-06-02T14:23:33.892523,fund_like,False,True,,,,
09616,HK,,,,,,,,,,,,,,,,,,非必需性消费,支援服务,,港股;非必需性消费;支援服务,akshare_eastmoney_company_profile,2026-06-02T14:23:33.926600,fund_like,False,True,,,,
09618,HK,,,,,,,,,,,,,,,,,,非必需性消费,专业零售,,港股;非必需性消费;专业零售;消费,akshare_eastmoney_company_profile,2026-06-02T14:23:33.944823,fund_like,False,True,,,,
09626,HK,,,,,,,,,,,,,,,,,,非必需性消费,媒体及娱乐,,港股;非必需性消费;媒体及娱乐;消费,akshare_eastmoney_company_profile,2026-06-02T14:23:33.928541,fund_like,False,True,,,,
09633,HK,,,,,,,,,,,,,,,,,,必需性消费,食物饮品,,港股;必需性消费;食物饮品,akshare_eastmoney_company_profile,2026-06-02T14:23:33.952720,fund_like,False,True,,,,
09636,HK,,,,,,,,,,,,,,,,,,资讯科技业,软件服务,,港股;资讯科技业;软件服务;科技,akshare_eastmoney_company_profile,2026-06-02T14:23:33.949412,fund_like,False,True,,,,
09638,HK,,,,,,,,,,,,,,,,,,工业,工业工程,,港股;工业;工业工程,akshare_eastmoney_company_profile,2026-06-02T14:23:34.023961,fund_like,False,True,,,,
09639,HK,,,,,,,,,,,,,,,,,,工业,建筑,,港股;工业;建筑,akshare_eastmoney_company_profile,2026-06-02T14:23:34.042220,fund_like,False,True,,,,
09658,HK,,,,,,,,,,,,,,,,,,非必需性消费,旅游及消闲设施,,港股;非必需性消费;旅游及消闲设施;消费,akshare_eastmoney_company_profile,2026-06-02T14:23:34.032850,fund_like,False,True,,,,
09660,HK,,,,,,,,,,,,,,,,,,资讯科技业,软件服务,,港股;资讯科技业;软件服务;科技,akshare_eastmoney_company_profile,2026-06-02T14:23:34.090988,fund_like,False,True,,,,
09663,HK,,,,,,,,,,,,,,,,,,工业,工业工程,,港股;工业;工业工程,akshare_eastmoney_company_profile,2026-06-02T14:23:34.209898,fund_like,False,True,,,,
09666,HK,,,,,,,,,,,,,,,,,,地产业,地产,,港股;地产业;地产;房地产,akshare_eastmoney_company_profile,2026-06-02T14:23:34.149803,fund_like,False,True,,,,
09668,HK,,,,,,,,,,,,,,,,,,金融业,银行,,港股;金融业;银行;金融服务,akshare_eastmoney_company_profile,2026-06-02T14:23:34.113483,fund_like,False,True,,,,
09669,HK,,,,,,,,,,,,,,,,,,资讯科技业,软件服务,,港股;资讯科技业;软件服务;科技,akshare_eastmoney_company_profile,2026-06-02T14:23:34.159038,fund_like,False,True,,,,
09676,HK,,,,,,,,,,,,,,,,,,必需性消费,农业产品,,港股;必需性消费;农业产品,akshare_eastmoney_company_profile,2026-06-02T14:23:34.189000,fund_like,False,True,,,,
09677,HK,,,,,,,,,,,,,,,,,,金融业,银行,,港股;金融业;银行;金融服务,akshare_eastmoney_company_profile,2026-06-02T14:23:34.186225,fund_like,False,True,,,,
09678,HK,,,,,,,,,,,,,,,,,,资讯科技业,软件服务,,港股;资讯科技业;软件服务;科技,akshare_eastmoney_company_profile,2026-06-02T14:23:34.276981,fund_like,False,True,,,,
09680,HK,,,,,,,,,,,,,,,,,,非必需性消费,旅游及消闲设施,,港股;非必需性消费;旅游及消闲设施;消费,akshare_eastmoney_company_profile,2026-06-02T14:23:34.329121,fund_like,False,True,,,,
09686,HK,,,,,,,,,,,,,,,,,,医疗保健业,其他医疗保健,,港股;医疗保健业;其他医疗保健;医药医疗,akshare_eastmoney_company_profile,2026-06-02T14:23:34.307642,fund_like,False,True,,,,
09688,HK,,,,,,,,,,,,,,,,,,医疗保健业,药品及生物科技,,港股;医疗保健业;药品及生物科技;医药医疗,akshare_eastmoney_company_profile,2026-06-02T14:23:34.244357,fund_like,False,True,,,,
09689,HK,,,,,,,,,,,,,,,,,,能源业,石油及天然气,,港股;能源业;石油及天然气;资源能源,akshare_eastmoney_company_profile,2026-06-02T14:23:34.262019,fund_like,False,True,,,,
09690,HK,,,,,,,,,,,,,,,,,,非必需性消费,专业零售,,港股;非必需性消费;专业零售;消费,akshare_eastmoney_company_profile,2026-06-02T14:23:34.694321,fund_like,False,True,,,,
09696,HK,,,,,,,,,,,,,,,,,,原材料业,一般金属及矿石,,港股;原材料业;一般金属及矿石;资源材料,akshare_eastmoney_company_profile,2026-06-02T14:23:34.297443,fund_like,False,True,,,,
09698,HK,,,,,,,,,,,,,,,,,,资讯科技业,软件服务,,港股;资讯科技业;软件服务;科技,akshare_eastmoney_company_profile,2026-06-02T14:23:34.309498,fund_like,False,True,,,,
09699,HK,,,,,,,,,,,,,,,,,,工业,工用运输,,港股;工业;工用运输,akshare_eastmoney_company_profile,2026-06-02T14:23:34.350108,fund_like,False,True,,,,
09711,HK,,,,,,,,,,,,,,,,,,基金,ETF及交易所买卖产品,,港股;ETF;基金;交易所买卖产品;ETF及交易所买卖产品;被动产品,nan+local_taxonomy+local_taxonomy+local_taxonomy;local_registry_enrichment,2026-06-03T07:15:43.584322,fund_like,True,True,,,,
09747,HK,,,,,,,,,,,,,,,,,,基金,ETF及交易所买卖产品,,港股;ETF;基金;交易所买卖产品;ETF及交易所买卖产品;被动产品,nan+local_taxonomy+local_taxonomy+local_taxonomy;local_registry_enrichment,2026-06-03T07:15:43.584322,fund_like,True,True,,,,
09766,HK,,,,,,,,,,,,,,,,,,基金,ETF及交易所买卖产品,,港股;ETF;基金;交易所买卖产品;ETF及交易所买卖产品;被动产品,nan+local_taxonomy+local_taxonomy+local_taxonomy;local_registry_enrichment,2026-06-03T07:15:43.584322,fund_like,True,True,,,,
09777,HK,,,,,,,,,,,,,,,,,,基金,ETF及交易所买卖产品,,港股;ETF;基金;交易所买卖产品;ETF及交易所买卖产品;被动产品,nan+local_taxonomy+local_taxonomy+local_taxonomy;local_registry_enrichment,2026-06-03T07:15:43.584322,fund_like,True,True,,,,
09788,HK,,,,,,,,,,,,,,,,,,基金,ETF及交易所买卖产品,,港股;ETF;基金;交易所买卖产品;ETF及交易所买卖产品;被动产品,nan+local_taxonomy+local_taxonomy+local_taxonomy;local_registry_enrichment,2026-06-03T07:15:43.584322,fund_like,True,True,,,,
09799,HK,,,,,,,,,,,,,,,,,,基金,ETF及交易所买卖产品,,港股;ETF;基金;交易所买卖产品;ETF及交易所买卖产品;被动产品,nan+local_taxonomy+local_taxonomy+local_taxonomy;local_registry_enrichment,2026-06-03T07:15:43.584322,fund_like,True,True,,,,
09801,HK,,,,,,,,,,,,,,,,,,基金,ETF及交易所买卖产品,,港股;ETF;基金;交易所买卖产品;ETF及交易所买卖产品;被动产品,nan+local_taxonomy+local_taxonomy+local_taxonomy;local_registry_enrichment,2026-06-03T07:15:43.584322,fund_like,True,True,,,,
09803,HK,,,,,,,,,,,,,,,,,,基金,ETF及交易所买卖产品,,港股;ETF;基金;交易所买卖产品;ETF及交易所买卖产品;被动产品,nan+local_taxonomy+local_taxonomy+local_taxonomy;local_registry_enrichment,2026-06-03T07:15:43.584322,fund_like,True,True,,,,
09804,HK,,,,,,,,,,,,,,,,,,基金,ETF及交易所买卖产品,,港股;ETF;基金;交易所买卖产品;ETF及交易所买卖产品;被动产品,nan+local_taxonomy+local_taxonomy+local_taxonomy;local_registry_enrichment,2026-06-03T07:15:43.584322,fund_like,True,True,,,,
09805,HK,,,,,,,,,,,,,,,,,,基金,ETF及交易所买卖产品,,港股;ETF;基金;交易所买卖产品;ETF及交易所买卖产品;被动产品,nan+local_taxonomy+local_taxonomy+local_taxonomy;local_registry_enrichment,2026-06-03T07:15:43.584322,fund_like,True,True,,,,
09806,HK,,,,,,,,,,,,,,,,,,基金,ETF及交易所买卖产品,,港股;ETF;基金;交易所买卖产品;ETF及交易所买卖产品;被动产品,nan+local_taxonomy+local_taxonomy+local_taxonomy;local_registry_enrichment,2026-06-03T07:15:43.584322,fund_like,True,True,,,,
09807,HK,,,,,,,,,,,,,,,,,,基金,ETF及交易所买卖产品,,港股;ETF;基金;交易所买卖产品;ETF及交易所买卖产品;被动产品,nan+local_taxonomy+local_taxonomy+local_taxonomy;local_registry_enrichment,2026-06-03T07:15:43.584322,fund_like,True,True,,,,
09809,HK,,,,,,,,,,,,,,,,,,基金,ETF及交易所买卖产品,,港股;ETF;基金;交易所买卖产品;ETF及交易所买卖产品;被动产品,nan+local_taxonomy+local_taxonomy+local_taxonomy;local_registry_enrichment,2026-06-03T07:15:43.584322,fund_like,True,True,,,,
09810,HK,,,,,,,,,,,,,,,,,,基金,ETF及交易所买卖产品,,港股;ETF;基金;交易所买卖产品;ETF及交易所买卖产品;被动产品,nan+local_taxonomy+local_taxonomy+local_taxonomy;local_registry_enrichment,2026-06-03T07:15:43.584322,fund_like,True,True,,,,
09812,HK,,,,,,,,,,,,,,,,,,基金,ETF及交易所买卖产品,,港股;ETF;基金;交易所买卖产品;ETF及交易所买卖产品;被动产品,nan+local_taxonomy+local_taxonomy+local_taxonomy;local_registry_enrichment,2026-06-03T07:15:43.584322,fund_like,True,True,,,,
09814,HK,,,,,,,,,,,,,,,,,,基金,ETF及交易所买卖产品,,港股;ETF;基金;交易所买卖产品;ETF及交易所买卖产品;被动产品,nan+local_taxonomy+local_taxonomy+local_taxonomy;local_registry_enrichment,2026-06-03T07:15:43.584322,fund_like,True,True,,,,
09817,HK,,,,,,,,,,,,,,,,,,基金,ETF及交易所买卖产品,,港股;ETF;基金;交易所买卖产品;ETF及交易所买卖产品;被动产品,nan+local_taxonomy+local_taxonomy+local_taxonomy;local_registry_enrichment,2026-06-03T07:15:43.584322,fund_like,True,True,,,,
09820,HK,,,,,,,,,,,,,,,,,,基金,ETF及交易所买卖产品,,港股;ETF;基金;交易所买卖产品;ETF及交易所买卖产品;被动产品,nan+local_taxonomy+local_taxonomy+local_taxonomy;local_registry_enrichment,2026-06-03T07:15:43.584322,fund_like,True,True,,,,
09824,HK,,,,,,,,,,,,,,,,,,基金,ETF及交易所买卖产品,,港股;ETF;基金;交易所买卖产品;ETF及交易所买卖产品;被动产品,nan+local_taxonomy+local_taxonomy+local_taxonomy;local_registry_enrichment,2026-06-03T07:15:43.584322,fund_like,True,True,,,,
09826,HK,,,,,,,,,,,,,,,,,,基金,ETF及交易所买卖产品,,港股;ETF;基金;交易所买卖产品;ETF及交易所买卖产品;被动产品,nan+local_taxonomy+local_taxonomy+local_taxonomy;local_registry_enrichment,2026-06-03T07:15:43.584322,fund_like,True,True,,,,
09829,HK,,,,,,,,,,,,,,,,,,基金,ETF及交易所买卖产品,,港股;ETF;基金;交易所买卖产品;ETF及交易所买卖产品;被动产品,nan+local_taxonomy+local_taxonomy+local_taxonomy;local_registry_enrichment,2026-06-03T07:15:43.584322,fund_like,True,True,,,,
09834,HK,,,,,,,,,,,,,,,,,,基金,ETF及交易所买卖产品,,港股;ETF;基金;交易所买卖产品;ETF及交易所买卖产品;被动产品,nan+local_taxonomy+local_taxonomy+local_taxonomy;local_registry_enrichment,2026-06-03T07:15:43.584322,fund_like,True,True,,,,
09836,HK,,,,,,,,,,,,,,,,,,基金,ETF及交易所买卖产品,,港股;ETF;基金;交易所买卖产品;ETF及交易所买卖产品;被动产品,nan+local_taxonomy+local_taxonomy+local_taxonomy;local_registry_enrichment,2026-06-03T07:15:43.584322,fund_like,True,True,,,,
09839,HK,,,,,,,,,,,,,,,,,,基金,ETF及交易所买卖产品,,港股;ETF;基金;交易所买卖产品;ETF及交易所买卖产品;被动产品,nan+local_taxonomy+local_taxonomy+local_taxonomy;local_registry_enrichment,2026-06-03T07:15:43.584322,fund_like,True,True,,,,
09840,HK,,,,,,,,,,,,,,,,,,基金,ETF及交易所买卖产品,,港股;ETF;基金;交易所买卖产品;ETF及交易所买卖产品;被动产品,nan+local_taxonomy+local_taxonomy+local_taxonomy;local_registry_enrichment,2026-06-03T07:15:43.584322,fund_like,True,True,,,,
09845,HK,,,,,,,,,,,,,,,,,,基金,ETF及交易所买卖产品,,港股;ETF;基金;交易所买卖产品;ETF及交易所买卖产品;被动产品,nan+local_taxonomy+local_taxonomy+local_taxonomy;local_registry_enrichment,2026-06-03T07:15:43.584322,fund_like,True,True,,,,
09846,HK,,,,,,,,,,,,,,,,,,基金,ETF及交易所买卖产品,,港股;ETF;基金;交易所买卖产品;ETF及交易所买卖产品;被动产品,nan+local_taxonomy+local_taxonomy+local_taxonomy;local_registry_enrichment,2026-06-03T07:15:43.584322,fund_like,True,True,,,,
09857,HK,,,,,,,,,,,,,,,,,,非必需性消费,媒体及娱乐,,港股;非必需性消费;媒体及娱乐;消费,akshare_eastmoney_company_profile,2026-06-02T14:23:35.388592,fund_like,False,True,,,,
09858,HK,,,,,,,,,,,,,,,,,,必需性消费,食物饮品,,港股;必需性消费;食物饮品,akshare_eastmoney_company_profile,2026-06-02T14:23:35.416639,fund_like,False,True,,,,
09860,HK,,,,,,,,,,,,,,,,,,医疗保健业,其他医疗保健,,港股;医疗保健业;其他医疗保健;医药医疗,akshare_eastmoney_company_profile,2026-06-02T14:23:35.405916,fund_like,False,True,,,,
09863,HK,,,,,,,,,,,,,,,,,,非必需性消费,汽车,,港股;非必需性消费;汽车;消费,akshare_eastmoney_company_profile,2026-06-02T14:23:35.492752,fund_like,False,True,,,,
09866,HK,,,,,,,,,,,,,,,,,,非必需性消费,汽车,,港股;非必需性消费;汽车;消费,akshare_eastmoney_company_profile,2026-06-02T14:23:35.495726,fund_like,False,True,,,,
09868,HK,,,,,,,,,,,,,,,,,,非必需性消费,汽车,,港股;非必需性消费;汽车;消费,akshare_eastmoney_company_profile,2026-06-02T14:23:35.508676,fund_like,False,True,,,,
09869,HK,,,,,,,,,,,,,,,,,,非必需性消费,旅游及消闲设施,,港股;非必需性消费;旅游及消闲设施;消费,akshare_eastmoney_company_profile,2026-06-02T14:23:35.539408,fund_like,False,True,,,,
09876,HK,,,,,,,,,,,,,,,,,,必需性消费,食物饮品,,港股;必需性消费;食物饮品,akshare_eastmoney_company_profile,2026-06-02T14:23:35.537538,fund_like,False,True,,,,
09877,HK,,,,,,,,,,,,,,,,,,医疗保健业,其他医疗保健,,港股;医疗保健业;其他医疗保健;医药医疗,akshare_eastmoney_company_profile,2026-06-02T14:23:35.553676,fund_like,False,True,,,,
09878,HK,,,,,,,,,,,,,,,,,,非必需性消费,专业零售,,港股;非必需性消费;专业零售;消费,akshare_eastmoney_company_profile,2026-06-02T14:23:35.566673,fund_like,False,True,,,,
09879,HK,,,,,,,,,,,,,,,,,,原材料业,原材料,,港股;原材料业;原材料;资源材料,akshare_eastmoney_company_profile,2026-06-02T14:23:35.597842,fund_like,False,True,,,,
09880,HK,,,,,,,,,,,,,,,,,,资讯科技业,软件服务,,港股;资讯科技业;软件服务;科技,akshare_eastmoney_company_profile,2026-06-02T14:23:35.600750,fund_like,False,True,,,,
09881,HK,,,,,,,,,,,,,,,,,,资讯科技业,资讯科技器材,,港股;资讯科技业;资讯科技器材;科技,akshare_eastmoney_company_profile,2026-06-02T14:23:35.614522,fund_like,False,True,,,,
09882,HK,,,,,,,,,,,,,,,,,,工业,工业工程,,港股;工业;工业工程,akshare_eastmoney_company_profile,2026-06-02T14:23:35.616040,fund_like,False,True,,,,
09885,HK,,,,,,,,,,,,,,,,,,医疗保健业,药品及生物科技,,港股;医疗保健业;药品及生物科技;医药医疗,akshare_eastmoney_company_profile,2026-06-02T14:23:35.690015,fund_like,False,True,,,,
09886,HK,,,,,,,,,,,,,,,,,,医疗保健业,药品及生物科技,,港股;医疗保健业;药品及生物科技;医药医疗,akshare_eastmoney_company_profile,2026-06-02T14:23:35.701599,fund_like,False,True,,,,
09887,HK,,,,,,,,,,,,,,,,,,医疗保健业,药品及生物科技,,港股;医疗保健业;药品及生物科技;医药医疗,akshare_eastmoney_company_profile,2026-06-02T14:23:35.703264,fund_like,False,True,,,,
09888,HK,,,,,,,,,,,,,,,,,,非必需性消费,媒体及娱乐,,港股;非必需性消费;媒体及娱乐;消费,akshare_eastmoney_company_profile,2026-06-02T14:23:35.728724,fund_like,False,True,,,,
09889,HK,,,,,,,,,,,,,,,,,,金融业,银行,,港股;金融业;银行;金融服务,akshare_eastmoney_company_profile,2026-06-02T14:23:35.767844,fund_like,False,True,,,,
09890,HK,,,,,,,,,,,,,,,,,,资讯科技业,软件服务,,港股;资讯科技业;软件服务;科技,akshare_eastmoney_company_profile,2026-06-02T14:23:35.903118,fund_like,False,True,,,,
09893,HK,,,,,,,,,,,,,,,,,,原材料业,一般金属及矿石,,港股;原材料业;一般金属及矿石;资源材料,akshare_eastmoney_company_profile,2026-06-02T14:23:35.795531,fund_like,False,True,,,,
09896,HK,,,,,,,,,,,,,,,,,,非必需性消费,专业零售,,港股;非必需性消费;专业零售;消费,akshare_eastmoney_company_profile,2026-06-02T14:23:35.792491,fund_like,False,True,,,,
09898,HK,,,,,,,,,,,,,,,,,,非必需性消费,媒体及娱乐,,港股;非必需性消费;媒体及娱乐;消费,akshare_eastmoney_company_profile,2026-06-02T14:23:35.856194,fund_like,False,True,,,,
09899,HK,,,,,,,,,,,,,,,,,,非必需性消费,媒体及娱乐,,港股;非必需性消费;媒体及娱乐;消费,akshare_eastmoney_company_profile,2026-06-02T14:23:36.094357,fund_like,False,True,,,,
09900,HK,,,,,,,,,,,,,,,,,,工业,建筑,,港股;工业;建筑,akshare_eastmoney_company_profile,2026-06-02T14:23:35.866305,fund_like,False,True,,,,
09901,HK,,,,,,,,,,,,,,,,,,非必需性消费,支援服务,,港股;非必需性消费;支援服务,akshare_eastmoney_company_profile,2026-06-02T14:23:35.874904,fund_like,False,True,,,,
09903,HK,,,,,,,,,,,,,,,,,,资讯科技业,半导体,,港股;资讯科技业;半导体;科技,akshare_eastmoney_company_profile,2026-06-02T14:23:35.893079,fund_like,False,True,,,,
09906,HK,,,,,,,,,,,,,,,,,,医疗保健业,其他医疗保健,,港股;医疗保健业;其他医疗保健;医药医疗,akshare_eastmoney_company_profile,2026-06-02T14:23:35.904547,fund_like,False,True,,,,
09908,HK,,,,,,,,,,,,,,,,,,公用事业,公用事业,,港股;公用事业;高股息,akshare_eastmoney_company_profile,2026-06-02T14:23:35.919821,fund_like,False,True,,,,
09909,HK,,,,,,,,,,,,,,,,,,地产业,地产,,港股;地产业;地产;房地产,akshare_eastmoney_company_profile,2026-06-02T14:23:35.949352,fund_like,False,True,,,,
09911,HK,,,,,,,,,,,,,,,,,,非必需性消费,媒体及娱乐,,港股;非必需性消费;媒体及娱乐;消费,akshare_eastmoney_company_profile,2026-06-02T14:23:35.958127,fund_like,False,True,,,,
09913,HK,,,,,,,,,,,,,,,,,,工业,建筑,,港股;工业;建筑,akshare_eastmoney_company_profile,2026-06-02T14:23:35.974764,fund_like,False,True,,,,
09916,HK,,,,,,,,,,,,,,,,,,地产业,地产,,港股;地产业;地产;房地产,akshare_eastmoney_company_profile,2026-06-02T14:23:35.994297,fund_like,False,True,,,,
09918,HK,,,,,,,,,,,,,,,,,,非必需性消费,家庭电器及用品,,港股;非必需性消费;家庭电器及用品;消费,akshare_eastmoney_company_profile,2026-06-02T14:23:36.032785,fund_like,False,True,,,,
09919,HK,,,,,,,,,,,,,,,,,,非必需性消费,媒体及娱乐,,港股;非必需性消费;媒体及娱乐;消费,akshare_eastmoney_company_profile,2026-06-02T14:23:36.031768,fund_like,False,True,,,,
09922,HK,,,,,,,,,,,,,,,,,,非必需性消费,旅游及消闲设施,,港股;非必需性消费;旅游及消闲设施;消费,akshare_eastmoney_company_profile,2026-06-02T14:23:36.047261,fund_like,False,True,,,,
09923,HK,,,,,,,,,,,,,,,,,,金融业,其他金融,,港股;金融业;其他金融;金融服务,akshare_eastmoney_company_profile,2026-06-02T14:23:36.065048,fund_like,False,True,,,,
09926,HK,,,,,,,,,,,,,,,,,,医疗保健业,药品及生物科技,,港股;医疗保健业;药品及生物科技;医药医疗,akshare_eastmoney_company_profile,2026-06-02T14:23:36.063609,fund_like,False,True,,,,
09927,HK,,,,,,,,,,,,,,,,,,非必需性消费,汽车,,港股;非必需性消费;汽车;消费,akshare_eastmoney_company_profile,2026-06-02T14:23:36.079373,fund_like,False,True,,,,
09928,HK,,,,,,,,,,,,,,,,,,地产业,地产,,港股;地产业;地产;房地产,akshare_eastmoney_company_profile,2026-06-02T14:23:36.494401,fund_like,False,True,,,,
09929,HK,,,,,,,,,,,,,,,,,,工业,建筑,,港股;工业;建筑,akshare_eastmoney_company_profile,2026-06-02T14:23:36.164274,fund_like,False,True,,,,
09930,HK,,,,,,,,,,,,,,,,,,工业,工业工程,,港股;工业;工业工程,akshare_eastmoney_company_profile,2026-06-02T14:23:36.176278,fund_like,False,True,,,,
09933,HK,,,,,,,,,,,,,,,,,,原材料业,原材料,,港股;原材料业;原材料;资源材料,akshare_eastmoney_company_profile,2026-06-02T14:23:36.208638,fund_like,False,True,,,,
09936,HK,,,,,,,,,,,,,,,,,,原材料业,原材料,,港股;原材料业;原材料;资源材料,akshare_eastmoney_company_profile,2026-06-02T14:23:36.250749,fund_like,False,True,,,,
09938,HK,,,,,,,,,,,,,,,,,,工业,建筑,,港股;工业;建筑,akshare_eastmoney_company_profile,2026-06-02T14:23:36.240770,fund_like,False,True,,,,
09939,HK,,,,,,,,,,,,,,,,,,医疗保健业,药品及生物科技,,港股;医疗保健业;药品及生物科技;医药医疗,akshare_eastmoney_company_profile,2026-06-02T14:23:36.252468,fund_like,False,True,,,,
09955,HK,,,,,,,,,,,,,,,,,,医疗保健业,其他医疗保健,,港股;医疗保健业;其他医疗保健;医药医疗,akshare_eastmoney_company_profile,2026-06-02T14:23:36.255146,fund_like,False,True,,,,
09958,HK,,,,,,,,,,,,,,,,,,非必需性消费,媒体及娱乐,,港股;非必需性消费;媒体及娱乐;消费,akshare_eastmoney_company_profile,2026-06-02T14:23:36.293812,fund_like,False,True,,,,
09959,HK,,,,,,,,,,,,,,,,,,资讯科技业,软件服务,,港股;资讯科技业;软件服务;科技,akshare_eastmoney_company_profile,2026-06-02T14:23:36.272201,fund_like,False,True,,,,
09960,HK,,,,,,,,,,,,,,,,,,医疗保健业,其他医疗保健,,港股;医疗保健业;其他医疗保健;医药医疗,akshare_eastmoney_company_profile,2026-06-02T14:23:36.302139,fund_like,False,True,,,,
09961,HK,,,,,,,,,,,,,,,,,,非必需性消费,旅游及消闲设施,,港股;非必需性消费;旅游及消闲设施;消费,akshare_eastmoney_company_profile,2026-06-02T14:23:36.327784,fund_like,False,True,,,,
09963,HK,,,,,,,,,,,,,,,,,,资讯科技业,资讯科技器材,,港股;资讯科技业;资讯科技器材;科技,akshare_eastmoney_company_profile,2026-06-02T14:23:36.343800,fund_like,False,True,,,,
09966,HK,,,,,,,,,,,,,,,,,,医疗保健业,药品及生物科技,,港股;医疗保健业;药品及生物科技;医药医疗,akshare_eastmoney_company_profile,2026-06-02T14:23:36.400761,fund_like,False,True,,,,
09968,HK,,,,,,,,,,,,,,,,,,地产业,地产,,港股;地产业;地产;房地产,akshare_eastmoney_company_profile,2026-06-02T14:23:36.428462,fund_like,False,True,,,,
09969,HK,,,,,,,,,,,,,,,,,,医疗保健业,药品及生物科技,,港股;医疗保健业;药品及生物科技;医药医疗,akshare_eastmoney_company_profile,2026-06-02T14:23:36.443573,fund_like,False,True,,,,
09973,HK,,,,,,,,,,,,,,,,,,非必需性消费,汽车,,港股;非必需性消费;汽车;消费,akshare_eastmoney_company_profile,2026-06-02T14:23:36.458978,fund_like,False,True,,,,
09978,HK,,,,,,,,,,,,,,,,,,地产业,地产,,港股;地产业;地产;房地产,akshare_eastmoney_company_profile,2026-06-02T14:23:36.471340,fund_like,False,True,,,,
09979,HK,,,,,,,,,,,,,,,,,,地产业,地产,,港股;地产业;地产;房地产,akshare_eastmoney_company_profile,2026-06-02T14:23:36.467723,fund_like,False,True,,,,
09980,HK,,,,,,,,,,,,,,,,,,必需性消费,食物饮品,,港股;必需性消费;食物饮品,akshare_eastmoney_company_profile,2026-06-02T14:23:36.484692,fund_like,False,True,,,,
09981,HK,,,,,,,,,,,,,,,,,,工业,工业工程,,港股;工业;工业工程,akshare_eastmoney_company_profile,2026-06-02T14:23:36.503467,fund_like,False,True,,,,
09982,HK,,,,,,,,,,,,,,,,,,工业,建筑,,港股;工业;建筑,akshare_eastmoney_company_profile,2026-06-02T14:23:36.522849,fund_like,False,True,,,,
09983,HK,,,,,,,,,,,,,,,,,,地产业,地产,,港股;地产业;地产;房地产,akshare_eastmoney_company_profile,2026-06-02T14:23:36.692144,fund_like,False,True,,,,
09985,HK,,,,,,,,,,,,,,,,,,必需性消费,食物饮品,,港股;必需性消费;食物饮品,akshare_eastmoney_company_profile,2026-06-02T14:23:36.580086,fund_like,False,True,,,,
09986,HK,,,,,,,,,,,,,,,,,,非必需性消费,支援服务,,港股;非必需性消费;支援服务,akshare_eastmoney_company_profile,2026-06-02T14:23:36.569149,fund_like,False,True,,,,
09987,HK,,,,,,,,,,,,,,,,,,非必需性消费,旅游及消闲设施,,港股;非必需性消费;旅游及消闲设施;消费,akshare_eastmoney_company_profile,2026-06-02T14:23:36.602949,fund_like,False,True,,,,
09988,HK,,,,,,,,,,,,,,,,,,非必需性消费,专业零售,,港股;非必需性消费;专业零售;消费,akshare_eastmoney_company_profile,2026-06-02T14:23:36.763060,fund_like,False,True,,,,
09989,HK,,,,,,,,,,,,,,,,,,医疗保健业,药品及生物科技,,港股;医疗保健业;药品及生物科技;医药医疗,akshare_eastmoney_company_profile,2026-06-02T14:23:36.591483,fund_like,False,True,,,,
09990,HK,,,,,,,,,,,,,,,,,,资讯科技业,软件服务,,港股;资讯科技业;软件服务;科技,akshare_eastmoney_company_profile,2026-06-02T14:23:36.601170,fund_like,False,True,,,,
09991,HK,,,,,,,,,,,,,,,,,,非必需性消费,专业零售,,港股;非必需性消费;专业零售;消费,akshare_eastmoney_company_profile,2026-06-02T14:23:36.631591,fund_like,False,True,,,,
09992,HK,,,,,,,,,,,,,,,,,,非必需性消费,家庭电器及用品,,港股;非必需性消费;家庭电器及用品;消费,akshare_eastmoney_company_profile,2026-06-02T14:23:36.674094,fund_like,False,True,,,,
09993,HK,,,,,,,,,,,,,,,,,,地产业,地产,,港股;地产业;地产;房地产,akshare_eastmoney_company_profile,2026-06-02T14:23:36.683264,fund_like,False,True,,,,
09995,HK,,,,,,,,,,,,,,,,,,医疗保健业,药品及生物科技,,港股;医疗保健业;药品及生物科技;医药医疗,akshare_eastmoney_company_profile,2026-06-02T14:23:36.702301,fund_like,False,True,,,,
09996,HK,,,,,,,,,,,,,,,,,,医疗保健业,其他医疗保健,,港股;医疗保健业;其他医疗保健;医药医疗,akshare_eastmoney_company_profile,2026-06-02T14:23:36.729414,fund_like,False,True,,,,
09998,HK,,,,,,,,,,,,,,,,,,工业,建筑,,港股;工业;建筑,akshare_eastmoney_company_profile,2026-06-02T14:23:36.791543,fund_like,False,True,,,,
09999,HK,,,,,,,,,,,,,,,,,,资讯科技业,软件服务,,港股;资讯科技业;软件服务;科技,akshare_eastmoney_company_profile,2026-06-02T14:23:36.720545,fund_like,False,True,,,,
80016,HK,,,,,,,,,,,,,,,,,,地产业,地产,,港股;地产业;地产;房地产,akshare_eastmoney_company_profile,2026-06-02T14:23:36.772110,common_stock,False,True,,,,
80020,HK,,,,,,,,,,,,,,,,,,资讯科技业,软件服务,,港股;资讯科技业;软件服务;科技,akshare_eastmoney_company_profile,2026-06-02T14:23:36.774660,common_stock,False,True,,,,
80175,HK,,,,,,,,,,,,,,,,,,非必需性消费,汽车,,港股;非必需性消费;汽车;消费,akshare_eastmoney_company_profile,2026-06-02T14:23:36.810054,common_stock,False,True,,,,
80291,HK,,,,,,,,,,,,,,,,,,必需性消费,食物饮品,,港股;必需性消费;食物饮品,akshare_eastmoney_company_profile,2026-06-02T14:23:36.943886,common_stock,False,True,,,,
80388,HK,,,,,,,,,,,,,,,,,,金融业,其他金融,,港股;金融业;其他金融;金融服务,akshare_eastmoney_company_profile,2026-06-02T14:23:36.815727,common_stock,False,True,,,,
80700,HK,,,,,,,,,,,,,,,,,,资讯科技业,软件服务,,港股;资讯科技业;软件服务;科技,akshare_eastmoney_company_profile,2026-06-02T14:23:36.812810,common_stock,False,True,,,,
80737,HK,,,,,,,,,,,,,,,,,,工业,工用运输,,港股;工业;工用运输,akshare_eastmoney_company_profile,2026-06-02T14:23:36.861752,common_stock,False,True,,,,
80883,HK,,,,,,,,,,,,,,,,,,能源业,石油及天然气,,港股;能源业;石油及天然气;资源能源,akshare_eastmoney_company_profile,2026-06-02T14:23:36.870250,common_stock,False,True,,,,
80941,HK,,,,,,,,,,,,,,,,,,电讯业,电讯,,港股;电讯业;电讯,akshare_eastmoney_company_profile,2026-06-02T14:23:36.902824,common_stock,False,True,,,,
80992,HK,,,,,,,,,,,,,,,,,,资讯科技业,资讯科技器材,,港股;资讯科技业;资讯科技器材;科技,akshare_eastmoney_company_profile,2026-06-02T14:23:36.894479,common_stock,False,True,,,,
81024,HK,,,,,,,,,,,,,,,,,,非必需性消费,媒体及娱乐,,港股;非必需性消费;媒体及娱乐;消费,akshare_eastmoney_company_profile,2026-06-02T14:23:36.911390,common_stock,False,True,,,,
81211,HK,,,,,,,,,,,,,,,,,,非必需性消费,汽车,,港股;非必需性消费;汽车;消费,akshare_eastmoney_company_profile,2026-06-02T14:23:36.922874,common_stock,False,True,,,,
81299,HK,,,,,,,,,,,,,,,,,,金融业,保险,,港股;金融业;保险;金融服务,akshare_eastmoney_company_profile,2026-06-02T14:23:36.931292,common_stock,False,True,,,,
81810,HK,,,,,,,,,,,,,,,,,,资讯科技业,资讯科技器材,,港股;资讯科技业;资讯科技器材;科技,akshare_eastmoney_company_profile,2026-06-02T14:23:36.985888,common_stock,False,True,,,,
82020,HK,,,,,,,,,,,,,,,,,,非必需性消费,纺织及服饰,,港股;非必需性消费;纺织及服饰;消费,akshare_eastmoney_company_profile,2026-06-02T14:23:36.961160,common_stock,False,True,,,,
82318,HK,,,,,,,,,,,,,,,,,,金融业,保险,,港股;金融业;保险;金融服务,akshare_eastmoney_company_profile,2026-06-02T14:23:36.996481,common_stock,False,True,,,,
82331,HK,,,,,,,,,,,,,,,,,,非必需性消费,纺织及服饰,,港股;非必需性消费;纺织及服饰;消费,akshare_eastmoney_company_profile,2026-06-02T14:23:37.007075,common_stock,False,True,,,,
82333,HK,,,,,,,,,,,,,,,,,,非必需性消费,汽车,,港股;非必需性消费;汽车;消费,akshare_eastmoney_company_profile,2026-06-02T14:23:36.998974,common_stock,False,True,,,,
82388,HK,,,,,,,,,,,,,,,,,,金融业,银行,,港股;金融业;银行;金融服务,akshare_eastmoney_company_profile,2026-06-02T14:23:37.030572,common_stock,False,True,,,,
83690,HK,,,,,,,,,,,,,,,,,,非必需性消费,专业零售,,港股;非必需性消费;专业零售;消费,akshare_eastmoney_company_profile,2026-06-02T14:23:37.038131,common_stock,False,True,,,,
86618,HK,,,,,,,,,,,,,,,,,,医疗保健业,药品及生物科技,,港股;医疗保健业;药品及生物科技;医药医疗,akshare_eastmoney_company_profile,2026-06-02T14:23:37.034449,common_stock,False,True,,,,
89618,HK,,,,,,,,,,,,,,,,,,非必需性消费,专业零售,,港股;非必需性消费;专业零售;消费,akshare_eastmoney_company_profile,2026-06-02T14:23:37.068480,common_stock,False,True,,,,
89888,HK,,,,,,,,,,,,,,,,,,非必需性消费,媒体及娱乐,,港股;非必需性消费;媒体及娱乐;消费,akshare_eastmoney_company_profile,2026-06-02T14:23:37.081744,common_stock,False,True,,,,
89988,HK,,,,,,,,,,,,,,,,,,非必需性消费,专业零售,,港股;非必需性消费;专业零售;消费,akshare_eastmoney_company_profile,2026-06-02T14:23:37.102125,common_stock,False,True,,,,
